{"time": "2026-04-18 11:53:13.275276", "level": "INFO", "message": "env env using shared MonitorProxy (PID: 100) not_server", "file": "worker.py", "line": "178", "module": "env", "process": "worker", "function": "worker_start_up", "stack": "", "pid": 94}
{"time": "2026-04-18 11:53:13.276628", "level": "INFO", "message": "env timeit enabled: False", "file": "env_core.py", "line": "132", "module": "env", "process": "env_core", "function": "init_data_handler", "stack": "", "pid": 94}
{"time": "2026-04-18 11:53:13.386158", "level": "INFO", "message": "env KaiwuDataHandler init success, KaiwuDataHandler class is environments.robot_vacuum.data_handler.KaiwuDataHandler", "file": "env_core.py", "line": "139", "module": "env", "process": "env_core", "function": "init_data_handler", "stack": "", "pid": 94}
{"time": "2026-04-18 11:53:13.386914", "level": "INFO", "message": "env timeit enabled: False", "file": "env_core.py", "line": "46", "module": "env", "process": "env_core", "function": "init_env_adapter", "stack": "", "pid": 94}
{"time": "2026-04-18 11:53:13.419740", "level": "INFO", "message": "env EnvAdapter init success, EnvAdapter class is environments.robot_vacuum.env_adapter.EnvAdapter", "file": "env_core.py", "line": "53", "module": "env", "process": "env_core", "function": "init_env_adapter", "stack": "", "pid": 94}
{"time": "2026-04-18 11:53:13.423281", "level": "INFO", "message": "env env_wrapper, zmq_server aisrv <--> env or entity <--> env, start at 172.19.0.9:5566 success", "file": "inter_process_communication.py", "line": "68", "module": "env", "process": "inter_process_communication", "function": "create_server", "stack": "", "pid": 94}
{"time": "2026-04-18 11:53:46.192806", "level": "INFO", "message": "env env recv reset message", "file": "remote_env_server.py", "line": "282", "module": "env", "process": "remote_env_server", "function": "run_once", "stack": "", "pid": 94}
{"time": "2026-04-18 11:53:46.193865", "level": "INFO", "message": "env Select map in order: episode=0, map_id=1 from map_list=[1, 2, 3, 4, 5, 6, 7, 8, 9, 10]", "file": "data_handler.py", "line": "148", "module": "env", "process": "data_handler", "function": "handle_usr_conf", "stack": "", "pid": 94}
{"time": "2026-04-18 11:53:54.463370", "level": "INFO", "message": "env finish monitor_data is {'total_score': 834, 'clean_score': 834, 'total_map': 10, 'map_random': 0, 'map_code': 1, 'max_steps': 1000, 'finished_steps': 1000, 'total_charger': 4, 'charge_count': 9, 'remaining_charge': 114}", "file": "monitor_helper.py", "line": "95", "module": "env", "process": "monitor_helper", "function": "finish", "stack": "", "pid": 94}
{"time": "2026-04-18 11:53:54.464143", "level": "INFO", "message": "env data_handler finish success", "file": "data_handler.py", "line": "189", "module": "env", "process": "data_handler", "function": "finish", "stack": "", "pid": 94}
{"time": "2026-04-18 11:53:54.464853", "level": "INFO", "message": "env env run once episode done, process_run_count is 1001", "file": "remote_env_server.py", "line": "298", "module": "env", "process": "remote_env_server", "function": "run_once", "stack": "", "pid": 94}
{"time": "2026-04-18 11:53:54.536198", "level": "INFO", "message": "env env recv reset message", "file": "remote_env_server.py", "line": "282", "module": "env", "process": "remote_env_server", "function": "run_once", "stack": "", "pid": 94}
{"time": "2026-04-18 11:53:54.536970", "level": "INFO", "message": "env Select map in order: episode=1, map_id=2 from map_list=[1, 2, 3, 4, 5, 6, 7, 8, 9, 10]", "file": "data_handler.py", "line": "148", "module": "env", "process": "data_handler", "function": "handle_usr_conf", "stack": "", "pid": 94}
{"time": "2026-04-18 11:54:03.498990", "level": "INFO", "message": "env data_handler finish success", "file": "data_handler.py", "line": "189", "module": "env", "process": "data_handler", "function": "finish", "stack": "", "pid": 94}
{"time": "2026-04-18 11:54:03.499755", "level": "INFO", "message": "env env run once episode done, process_run_count is 1753", "file": "remote_env_server.py", "line": "298", "module": "env", "process": "remote_env_server", "function": "run_once", "stack": "", "pid": 94}
{"time": "2026-04-18 11:54:03.540593", "level": "INFO", "message": "env env recv reset message", "file": "remote_env_server.py", "line": "282", "module": "env", "process": "remote_env_server", "function": "run_once", "stack": "", "pid": 94}
{"time": "2026-04-18 11:54:03.541589", "level": "INFO", "message": "env Select map in order: episode=2, map_id=3 from map_list=[1, 2, 3, 4, 5, 6, 7, 8, 9, 10]", "file": "data_handler.py", "line": "148", "module": "env", "process": "data_handler", "function": "handle_usr_conf", "stack": "", "pid": 94}
{"time": "2026-04-18 11:54:15.876979", "level": "INFO", "message": "env data_handler finish success", "file": "data_handler.py", "line": "189", "module": "env", "process": "data_handler", "function": "finish", "stack": "", "pid": 94}
{"time": "2026-04-18 11:54:15.878664", "level": "INFO", "message": "env env run once episode done, process_run_count is 2702", "file": "remote_env_server.py", "line": "298", "module": "env", "process": "remote_env_server", "function": "run_once", "stack": "", "pid": 94}
{"time": "2026-04-18 11:54:15.938771", "level": "INFO", "message": "env env recv reset message", "file": "remote_env_server.py", "line": "282", "module": "env", "process": "remote_env_server", "function": "run_once", "stack": "", "pid": 94}
{"time": "2026-04-18 11:54:15.940318", "level": "INFO", "message": "env Select map in order: episode=3, map_id=4 from map_list=[1, 2, 3, 4, 5, 6, 7, 8, 9, 10]", "file": "data_handler.py", "line": "148", "module": "env", "process": "data_handler", "function": "handle_usr_conf", "stack": "", "pid": 94}
{"time": "2026-04-18 11:54:24.944457", "level": "INFO", "message": "env data_handler finish success", "file": "data_handler.py", "line": "189", "module": "env", "process": "data_handler", "function": "finish", "stack": "", "pid": 94}
{"time": "2026-04-18 11:54:24.945665", "level": "INFO", "message": "env env run once episode done, process_run_count is 3703", "file": "remote_env_server.py", "line": "298", "module": "env", "process": "remote_env_server", "function": "run_once", "stack": "", "pid": 94}
{"time": "2026-04-18 11:54:25.010680", "level": "INFO", "message": "env env recv reset message", "file": "remote_env_server.py", "line": "282", "module": "env", "process": "remote_env_server", "function": "run_once", "stack": "", "pid": 94}
{"time": "2026-04-18 11:54:25.011969", "level": "INFO", "message": "env Select map in order: episode=4, map_id=5 from map_list=[1, 2, 3, 4, 5, 6, 7, 8, 9, 10]", "file": "data_handler.py", "line": "148", "module": "env", "process": "data_handler", "function": "handle_usr_conf", "stack": "", "pid": 94}
{"time": "2026-04-18 11:54:31.078052", "level": "INFO", "message": "env data_handler finish success", "file": "data_handler.py", "line": "189", "module": "env", "process": "data_handler", "function": "finish", "stack": "", "pid": 94}
{"time": "2026-04-18 11:54:31.078723", "level": "INFO", "message": "env env run once episode done, process_run_count is 4288", "file": "remote_env_server.py", "line": "298", "module": "env", "process": "remote_env_server", "function": "run_once", "stack": "", "pid": 94}
{"time": "2026-04-18 11:54:31.107991", "level": "INFO", "message": "env env recv reset message", "file": "remote_env_server.py", "line": "282", "module": "env", "process": "remote_env_server", "function": "run_once", "stack": "", "pid": 94}
{"time": "2026-04-18 11:54:31.108790", "level": "INFO", "message": "env Select map in order: episode=5, map_id=6 from map_list=[1, 2, 3, 4, 5, 6, 7, 8, 9, 10]", "file": "data_handler.py", "line": "148", "module": "env", "process": "data_handler", "function": "handle_usr_conf", "stack": "", "pid": 94}
{"time": "2026-04-18 11:54:40.647753", "level": "INFO", "message": "env data_handler finish success", "file": "data_handler.py", "line": "189", "module": "env", "process": "data_handler", "function": "finish", "stack": "", "pid": 94}
{"time": "2026-04-18 11:54:40.648364", "level": "INFO", "message": "env env run once episode done, process_run_count is 5289", "file": "remote_env_server.py", "line": "298", "module": "env", "process": "remote_env_server", "function": "run_once", "stack": "", "pid": 94}
{"time": "2026-04-18 11:54:40.688952", "level": "INFO", "message": "env env recv reset message", "file": "remote_env_server.py", "line": "282", "module": "env", "process": "remote_env_server", "function": "run_once", "stack": "", "pid": 94}
{"time": "2026-04-18 11:54:40.689872", "level": "INFO", "message": "env Select map in order: episode=6, map_id=7 from map_list=[1, 2, 3, 4, 5, 6, 7, 8, 9, 10]", "file": "data_handler.py", "line": "148", "module": "env", "process": "data_handler", "function": "handle_usr_conf", "stack": "", "pid": 94}
{"time": "2026-04-18 11:54:48.541175", "level": "INFO", "message": "env data_handler finish success", "file": "data_handler.py", "line": "189", "module": "env", "process": "data_handler", "function": "finish", "stack": "", "pid": 94}
{"time": "2026-04-18 11:54:48.542472", "level": "INFO", "message": "env env run once episode done, process_run_count is 6152", "file": "remote_env_server.py", "line": "298", "module": "env", "process": "remote_env_server", "function": "run_once", "stack": "", "pid": 94}
{"time": "2026-04-18 11:54:48.599981", "level": "INFO", "message": "env env recv reset message", "file": "remote_env_server.py", "line": "282", "module": "env", "process": "remote_env_server", "function": "run_once", "stack": "", "pid": 94}
{"time": "2026-04-18 11:54:48.600819", "level": "INFO", "message": "env Select map in order: episode=7, map_id=8 from map_list=[1, 2, 3, 4, 5, 6, 7, 8, 9, 10]", "file": "data_handler.py", "line": "148", "module": "env", "process": "data_handler", "function": "handle_usr_conf", "stack": "", "pid": 94}
{"time": "2026-04-18 11:54:56.874782", "level": "INFO", "message": "env finish monitor_data is {'total_score': 878, 'clean_score': 878, 'total_map': 10, 'map_random': 0, 'map_code': 8, 'max_steps': 1000, 'finished_steps': 1000, 'total_charger': 4, 'charge_count': 8, 'remaining_charge': 106}", "file": "monitor_helper.py", "line": "95", "module": "env", "process": "monitor_helper", "function": "finish", "stack": "", "pid": 94}
{"time": "2026-04-18 11:54:56.878565", "level": "INFO", "message": "env data_handler finish success", "file": "data_handler.py", "line": "189", "module": "env", "process": "data_handler", "function": "finish", "stack": "", "pid": 94}
{"time": "2026-04-18 11:54:56.879527", "level": "INFO", "message": "env env run once episode done, process_run_count is 7153", "file": "remote_env_server.py", "line": "298", "module": "env", "process": "remote_env_server", "function": "run_once", "stack": "", "pid": 94}
{"time": "2026-04-18 11:54:56.921340", "level": "INFO", "message": "env env recv reset message", "file": "remote_env_server.py", "line": "282", "module": "env", "process": "remote_env_server", "function": "run_once", "stack": "", "pid": 94}
{"time": "2026-04-18 11:54:56.922286", "level": "INFO", "message": "env Select map in order: episode=8, map_id=9 from map_list=[1, 2, 3, 4, 5, 6, 7, 8, 9, 10]", "file": "data_handler.py", "line": "148", "module": "env", "process": "data_handler", "function": "handle_usr_conf", "stack": "", "pid": 94}
{"time": "2026-04-18 11:55:06.207987", "level": "INFO", "message": "env data_handler finish success", "file": "data_handler.py", "line": "189", "module": "env", "process": "data_handler", "function": "finish", "stack": "", "pid": 94}
{"time": "2026-04-18 11:55:06.208693", "level": "INFO", "message": "env env run once episode done, process_run_count is 8154", "file": "remote_env_server.py", "line": "298", "module": "env", "process": "remote_env_server", "function": "run_once", "stack": "", "pid": 94}
{"time": "2026-04-18 11:55:06.250805", "level": "INFO", "message": "env env recv reset message", "file": "remote_env_server.py", "line": "282", "module": "env", "process": "remote_env_server", "function": "run_once", "stack": "", "pid": 94}
{"time": "2026-04-18 11:55:06.251510", "level": "INFO", "message": "env Select map in order: episode=9, map_id=10 from map_list=[1, 2, 3, 4, 5, 6, 7, 8, 9, 10]", "file": "data_handler.py", "line": "148", "module": "env", "process": "data_handler", "function": "handle_usr_conf", "stack": "", "pid": 94}
{"time": "2026-04-18 11:55:15.360212", "level": "INFO", "message": "env data_handler finish success", "file": "data_handler.py", "line": "189", "module": "env", "process": "data_handler", "function": "finish", "stack": "", "pid": 94}
{"time": "2026-04-18 11:55:15.360871", "level": "INFO", "message": "env env run once episode done, process_run_count is 9155", "file": "remote_env_server.py", "line": "298", "module": "env", "process": "remote_env_server", "function": "run_once", "stack": "", "pid": 94}
{"time": "2026-04-18 11:55:15.406891", "level": "INFO", "message": "env env recv reset message", "file": "remote_env_server.py", "line": "282", "module": "env", "process": "remote_env_server", "function": "run_once", "stack": "", "pid": 94}
{"time": "2026-04-18 11:55:15.412354", "level": "INFO", "message": "env Select map in order: episode=10, map_id=1 from map_list=[1, 2, 3, 4, 5, 6, 7, 8, 9, 10]", "file": "data_handler.py", "line": "148", "module": "env", "process": "data_handler", "function": "handle_usr_conf", "stack": "", "pid": 94}
{"time": "2026-04-18 11:55:23.601579", "level": "INFO", "message": "env data_handler finish success", "file": "data_handler.py", "line": "189", "module": "env", "process": "data_handler", "function": "finish", "stack": "", "pid": 94}
{"time": "2026-04-18 11:55:23.602202", "level": "INFO", "message": "env env run once episode done, process_run_count is 10156", "file": "remote_env_server.py", "line": "298", "module": "env", "process": "remote_env_server", "function": "run_once", "stack": "", "pid": 94}
{"time": "2026-04-18 11:55:23.642635", "level": "INFO", "message": "env env recv reset message", "file": "remote_env_server.py", "line": "282", "module": "env", "process": "remote_env_server", "function": "run_once", "stack": "", "pid": 94}
{"time": "2026-04-18 11:55:23.643548", "level": "INFO", "message": "env Select map in order: episode=11, map_id=2 from map_list=[1, 2, 3, 4, 5, 6, 7, 8, 9, 10]", "file": "data_handler.py", "line": "148", "module": "env", "process": "data_handler", "function": "handle_usr_conf", "stack": "", "pid": 94}
{"time": "2026-04-18 11:55:31.229316", "level": "INFO", "message": "env data_handler finish success", "file": "data_handler.py", "line": "189", "module": "env", "process": "data_handler", "function": "finish", "stack": "", "pid": 94}
{"time": "2026-04-18 11:55:31.229980", "level": "INFO", "message": "env env run once episode done, process_run_count is 10943", "file": "remote_env_server.py", "line": "298", "module": "env", "process": "remote_env_server", "function": "run_once", "stack": "", "pid": 94}
{"time": "2026-04-18 11:55:31.272497", "level": "INFO", "message": "env env recv reset message", "file": "remote_env_server.py", "line": "282", "module": "env", "process": "remote_env_server", "function": "run_once", "stack": "", "pid": 94}
{"time": "2026-04-18 11:55:31.273943", "level": "INFO", "message": "env Select map in order: episode=12, map_id=3 from map_list=[1, 2, 3, 4, 5, 6, 7, 8, 9, 10]", "file": "data_handler.py", "line": "148", "module": "env", "process": "data_handler", "function": "handle_usr_conf", "stack": "", "pid": 94}
{"time": "2026-04-18 11:55:40.476566", "level": "INFO", "message": "env data_handler finish success", "file": "data_handler.py", "line": "189", "module": "env", "process": "data_handler", "function": "finish", "stack": "", "pid": 94}
{"time": "2026-04-18 11:55:40.477278", "level": "INFO", "message": "env env run once episode done, process_run_count is 11944", "file": "remote_env_server.py", "line": "298", "module": "env", "process": "remote_env_server", "function": "run_once", "stack": "", "pid": 94}
{"time": "2026-04-18 11:55:40.524122", "level": "INFO", "message": "env env recv reset message", "file": "remote_env_server.py", "line": "282", "module": "env", "process": "remote_env_server", "function": "run_once", "stack": "", "pid": 94}
{"time": "2026-04-18 11:55:40.525118", "level": "INFO", "message": "env Select map in order: episode=13, map_id=4 from map_list=[1, 2, 3, 4, 5, 6, 7, 8, 9, 10]", "file": "data_handler.py", "line": "148", "module": "env", "process": "data_handler", "function": "handle_usr_conf", "stack": "", "pid": 94}
{"time": "2026-04-18 11:55:42.138750", "level": "INFO", "message": "env data_handler finish success", "file": "data_handler.py", "line": "189", "module": "env", "process": "data_handler", "function": "finish", "stack": "", "pid": 94}
{"time": "2026-04-18 11:55:42.139773", "level": "INFO", "message": "env env run once episode done, process_run_count is 12102", "file": "remote_env_server.py", "line": "298", "module": "env", "process": "remote_env_server", "function": "run_once", "stack": "", "pid": 94}
{"time": "2026-04-18 11:55:42.155750", "level": "INFO", "message": "env env recv reset message", "file": "remote_env_server.py", "line": "282", "module": "env", "process": "remote_env_server", "function": "run_once", "stack": "", "pid": 94}
{"time": "2026-04-18 11:55:42.159856", "level": "INFO", "message": "env Select map in order: episode=14, map_id=5 from map_list=[1, 2, 3, 4, 5, 6, 7, 8, 9, 10]", "file": "data_handler.py", "line": "148", "module": "env", "process": "data_handler", "function": "handle_usr_conf", "stack": "", "pid": 94}
{"time": "2026-04-18 11:55:43.315858", "level": "INFO", "message": "env data_handler finish success", "file": "data_handler.py", "line": "189", "module": "env", "process": "data_handler", "function": "finish", "stack": "", "pid": 94}
{"time": "2026-04-18 11:55:43.316399", "level": "INFO", "message": "env env run once episode done, process_run_count is 12213", "file": "remote_env_server.py", "line": "298", "module": "env", "process": "remote_env_server", "function": "run_once", "stack": "", "pid": 94}
{"time": "2026-04-18 11:55:43.322134", "level": "INFO", "message": "env env recv reset message", "file": "remote_env_server.py", "line": "282", "module": "env", "process": "remote_env_server", "function": "run_once", "stack": "", "pid": 94}
{"time": "2026-04-18 11:55:43.323099", "level": "INFO", "message": "env Select map in order: episode=15, map_id=6 from map_list=[1, 2, 3, 4, 5, 6, 7, 8, 9, 10]", "file": "data_handler.py", "line": "148", "module": "env", "process": "data_handler", "function": "handle_usr_conf", "stack": "", "pid": 94}
{"time": "2026-04-18 11:55:45.233166", "level": "INFO", "message": "env data_handler finish success", "file": "data_handler.py", "line": "189", "module": "env", "process": "data_handler", "function": "finish", "stack": "", "pid": 94}
{"time": "2026-04-18 11:55:45.233897", "level": "INFO", "message": "env env run once episode done, process_run_count is 12414", "file": "remote_env_server.py", "line": "298", "module": "env", "process": "remote_env_server", "function": "run_once", "stack": "", "pid": 94}
{"time": "2026-04-18 11:55:45.244022", "level": "INFO", "message": "env env recv reset message", "file": "remote_env_server.py", "line": "282", "module": "env", "process": "remote_env_server", "function": "run_once", "stack": "", "pid": 94}
{"time": "2026-04-18 11:55:45.244999", "level": "INFO", "message": "env Select map in order: episode=16, map_id=7 from map_list=[1, 2, 3, 4, 5, 6, 7, 8, 9, 10]", "file": "data_handler.py", "line": "148", "module": "env", "process": "data_handler", "function": "handle_usr_conf", "stack": "", "pid": 94}
{"time": "2026-04-18 11:55:53.201102", "level": "INFO", "message": "env data_handler finish success", "file": "data_handler.py", "line": "189", "module": "env", "process": "data_handler", "function": "finish", "stack": "", "pid": 94}
{"time": "2026-04-18 11:55:53.202767", "level": "INFO", "message": "env env run once episode done, process_run_count is 13377", "file": "remote_env_server.py", "line": "298", "module": "env", "process": "remote_env_server", "function": "run_once", "stack": "", "pid": 94}
{"time": "2026-04-18 11:55:53.270671", "level": "INFO", "message": "env env recv reset message", "file": "remote_env_server.py", "line": "282", "module": "env", "process": "remote_env_server", "function": "run_once", "stack": "", "pid": 94}
{"time": "2026-04-18 11:55:53.271580", "level": "INFO", "message": "env Select map in order: episode=17, map_id=8 from map_list=[1, 2, 3, 4, 5, 6, 7, 8, 9, 10]", "file": "data_handler.py", "line": "148", "module": "env", "process": "data_handler", "function": "handle_usr_conf", "stack": "", "pid": 94}
{"time": "2026-04-18 11:56:02.329081", "level": "INFO", "message": "env finish monitor_data is {'total_score': 757, 'clean_score': 757, 'total_map': 10, 'map_random': 0, 'map_code': 8, 'max_steps': 1000, 'finished_steps': 998, 'total_charger': 4, 'charge_count': 8, 'remaining_charge': 0}", "file": "monitor_helper.py", "line": "95", "module": "env", "process": "monitor_helper", "function": "finish", "stack": "", "pid": 94}
{"time": "2026-04-18 11:56:02.329926", "level": "INFO", "message": "env data_handler finish success", "file": "data_handler.py", "line": "189", "module": "env", "process": "data_handler", "function": "finish", "stack": "", "pid": 94}
{"time": "2026-04-18 11:56:02.330699", "level": "INFO", "message": "env env run once episode done, process_run_count is 14376", "file": "remote_env_server.py", "line": "298", "module": "env", "process": "remote_env_server", "function": "run_once", "stack": "", "pid": 94}
{"time": "2026-04-18 11:56:02.373132", "level": "INFO", "message": "env env recv reset message", "file": "remote_env_server.py", "line": "282", "module": "env", "process": "remote_env_server", "function": "run_once", "stack": "", "pid": 94}
{"time": "2026-04-18 11:56:02.373997", "level": "INFO", "message": "env Select map in order: episode=18, map_id=9 from map_list=[1, 2, 3, 4, 5, 6, 7, 8, 9, 10]", "file": "data_handler.py", "line": "148", "module": "env", "process": "data_handler", "function": "handle_usr_conf", "stack": "", "pid": 94}
{"time": "2026-04-18 11:56:11.556349", "level": "INFO", "message": "env data_handler finish success", "file": "data_handler.py", "line": "189", "module": "env", "process": "data_handler", "function": "finish", "stack": "", "pid": 94}
{"time": "2026-04-18 11:56:11.556971", "level": "INFO", "message": "env env run once episode done, process_run_count is 15377", "file": "remote_env_server.py", "line": "298", "module": "env", "process": "remote_env_server", "function": "run_once", "stack": "", "pid": 94}
{"time": "2026-04-18 11:56:11.599133", "level": "INFO", "message": "env env recv reset message", "file": "remote_env_server.py", "line": "282", "module": "env", "process": "remote_env_server", "function": "run_once", "stack": "", "pid": 94}
{"time": "2026-04-18 11:56:11.600053", "level": "INFO", "message": "env Select map in order: episode=19, map_id=10 from map_list=[1, 2, 3, 4, 5, 6, 7, 8, 9, 10]", "file": "data_handler.py", "line": "148", "module": "env", "process": "data_handler", "function": "handle_usr_conf", "stack": "", "pid": 94}
{"time": "2026-04-18 11:56:18.594450", "level": "INFO", "message": "env data_handler finish success", "file": "data_handler.py", "line": "189", "module": "env", "process": "data_handler", "function": "finish", "stack": "", "pid": 94}
{"time": "2026-04-18 11:56:18.598144", "level": "INFO", "message": "env env run once episode done, process_run_count is 16130", "file": "remote_env_server.py", "line": "298", "module": "env", "process": "remote_env_server", "function": "run_once", "stack": "", "pid": 94}
{"time": "2026-04-18 11:56:18.641233", "level": "INFO", "message": "env env recv reset message", "file": "remote_env_server.py", "line": "282", "module": "env", "process": "remote_env_server", "function": "run_once", "stack": "", "pid": 94}
{"time": "2026-04-18 11:56:18.641989", "level": "INFO", "message": "env Select map in order: episode=20, map_id=1 from map_list=[1, 2, 3, 4, 5, 6, 7, 8, 9, 10]", "file": "data_handler.py", "line": "148", "module": "env", "process": "data_handler", "function": "handle_usr_conf", "stack": "", "pid": 94}
{"time": "2026-04-18 11:56:26.664387", "level": "INFO", "message": "env data_handler finish success", "file": "data_handler.py", "line": "189", "module": "env", "process": "data_handler", "function": "finish", "stack": "", "pid": 94}
{"time": "2026-04-18 11:56:26.665677", "level": "INFO", "message": "env env run once episode done, process_run_count is 17131", "file": "remote_env_server.py", "line": "298", "module": "env", "process": "remote_env_server", "function": "run_once", "stack": "", "pid": 94}
{"time": "2026-04-18 11:56:26.712723", "level": "INFO", "message": "env env recv reset message", "file": "remote_env_server.py", "line": "282", "module": "env", "process": "remote_env_server", "function": "run_once", "stack": "", "pid": 94}
{"time": "2026-04-18 11:56:26.713657", "level": "INFO", "message": "env Select map in order: episode=21, map_id=2 from map_list=[1, 2, 3, 4, 5, 6, 7, 8, 9, 10]", "file": "data_handler.py", "line": "148", "module": "env", "process": "data_handler", "function": "handle_usr_conf", "stack": "", "pid": 94}
{"time": "2026-04-18 11:56:35.827255", "level": "INFO", "message": "env data_handler finish success", "file": "data_handler.py", "line": "189", "module": "env", "process": "data_handler", "function": "finish", "stack": "", "pid": 94}
{"time": "2026-04-18 11:56:35.827935", "level": "INFO", "message": "env env run once episode done, process_run_count is 18132", "file": "remote_env_server.py", "line": "298", "module": "env", "process": "remote_env_server", "function": "run_once", "stack": "", "pid": 94}
{"time": "2026-04-18 11:56:35.870521", "level": "INFO", "message": "env env recv reset message", "file": "remote_env_server.py", "line": "282", "module": "env", "process": "remote_env_server", "function": "run_once", "stack": "", "pid": 94}
{"time": "2026-04-18 11:56:35.871293", "level": "INFO", "message": "env Select map in order: episode=22, map_id=3 from map_list=[1, 2, 3, 4, 5, 6, 7, 8, 9, 10]", "file": "data_handler.py", "line": "148", "module": "env", "process": "data_handler", "function": "handle_usr_conf", "stack": "", "pid": 94}
{"time": "2026-04-18 11:56:41.943257", "level": "INFO", "message": "env data_handler finish success", "file": "data_handler.py", "line": "189", "module": "env", "process": "data_handler", "function": "finish", "stack": "", "pid": 94}
{"time": "2026-04-18 11:56:41.943782", "level": "INFO", "message": "env env run once episode done, process_run_count is 18783", "file": "remote_env_server.py", "line": "298", "module": "env", "process": "remote_env_server", "function": "run_once", "stack": "", "pid": 94}
{"time": "2026-04-18 11:56:41.971299", "level": "INFO", "message": "env env recv reset message", "file": "remote_env_server.py", "line": "282", "module": "env", "process": "remote_env_server", "function": "run_once", "stack": "", "pid": 94}
{"time": "2026-04-18 11:56:41.972150", "level": "INFO", "message": "env Select map in order: episode=23, map_id=4 from map_list=[1, 2, 3, 4, 5, 6, 7, 8, 9, 10]", "file": "data_handler.py", "line": "148", "module": "env", "process": "data_handler", "function": "handle_usr_conf", "stack": "", "pid": 94}
{"time": "2026-04-18 11:56:50.192194", "level": "INFO", "message": "env data_handler finish success", "file": "data_handler.py", "line": "189", "module": "env", "process": "data_handler", "function": "finish", "stack": "", "pid": 94}
{"time": "2026-04-18 11:56:50.192783", "level": "INFO", "message": "env env run once episode done, process_run_count is 19784", "file": "remote_env_server.py", "line": "298", "module": "env", "process": "remote_env_server", "function": "run_once", "stack": "", "pid": 94}
{"time": "2026-04-18 11:56:50.239142", "level": "INFO", "message": "env env recv reset message", "file": "remote_env_server.py", "line": "282", "module": "env", "process": "remote_env_server", "function": "run_once", "stack": "", "pid": 94}
{"time": "2026-04-18 11:56:50.240293", "level": "INFO", "message": "env Select map in order: episode=24, map_id=5 from map_list=[1, 2, 3, 4, 5, 6, 7, 8, 9, 10]", "file": "data_handler.py", "line": "148", "module": "env", "process": "data_handler", "function": "handle_usr_conf", "stack": "", "pid": 94}
{"time": "2026-04-18 11:56:59.398710", "level": "INFO", "message": "env data_handler finish success", "file": "data_handler.py", "line": "189", "module": "env", "process": "data_handler", "function": "finish", "stack": "", "pid": 94}
{"time": "2026-04-18 11:56:59.399430", "level": "INFO", "message": "env env run once episode done, process_run_count is 20785", "file": "remote_env_server.py", "line": "298", "module": "env", "process": "remote_env_server", "function": "run_once", "stack": "", "pid": 94}
{"time": "2026-04-18 11:56:59.470579", "level": "INFO", "message": "env env recv reset message", "file": "remote_env_server.py", "line": "282", "module": "env", "process": "remote_env_server", "function": "run_once", "stack": "", "pid": 94}
{"time": "2026-04-18 11:56:59.471378", "level": "INFO", "message": "env Select map in order: episode=25, map_id=6 from map_list=[1, 2, 3, 4, 5, 6, 7, 8, 9, 10]", "file": "data_handler.py", "line": "148", "module": "env", "process": "data_handler", "function": "handle_usr_conf", "stack": "", "pid": 94}
{"time": "2026-04-18 11:57:06.925189", "level": "INFO", "message": "env finish monitor_data is {'total_score': 698, 'clean_score': 698, 'total_map': 10, 'map_random': 0, 'map_code': 6, 'max_steps': 1000, 'finished_steps': 805, 'total_charger': 4, 'charge_count': 7, 'remaining_charge': 0}", "file": "monitor_helper.py", "line": "95", "module": "env", "process": "monitor_helper", "function": "finish", "stack": "", "pid": 94}
{"time": "2026-04-18 11:57:06.926202", "level": "INFO", "message": "env data_handler finish success", "file": "data_handler.py", "line": "189", "module": "env", "process": "data_handler", "function": "finish", "stack": "", "pid": 94}
{"time": "2026-04-18 11:57:06.926775", "level": "INFO", "message": "env env run once episode done, process_run_count is 21591", "file": "remote_env_server.py", "line": "298", "module": "env", "process": "remote_env_server", "function": "run_once", "stack": "", "pid": 94}
{"time": "2026-04-18 11:57:06.957795", "level": "INFO", "message": "env env recv reset message", "file": "remote_env_server.py", "line": "282", "module": "env", "process": "remote_env_server", "function": "run_once", "stack": "", "pid": 94}
{"time": "2026-04-18 11:57:06.958522", "level": "INFO", "message": "env Select map in order: episode=26, map_id=7 from map_list=[1, 2, 3, 4, 5, 6, 7, 8, 9, 10]", "file": "data_handler.py", "line": "148", "module": "env", "process": "data_handler", "function": "handle_usr_conf", "stack": "", "pid": 94}
{"time": "2026-04-18 11:57:10.612800", "level": "INFO", "message": "env data_handler finish success", "file": "data_handler.py", "line": "189", "module": "env", "process": "data_handler", "function": "finish", "stack": "", "pid": 94}
{"time": "2026-04-18 11:57:10.613514", "level": "INFO", "message": "env env run once episode done, process_run_count is 21973", "file": "remote_env_server.py", "line": "298", "module": "env", "process": "remote_env_server", "function": "run_once", "stack": "", "pid": 94}
{"time": "2026-04-18 11:57:10.633019", "level": "INFO", "message": "env env recv reset message", "file": "remote_env_server.py", "line": "282", "module": "env", "process": "remote_env_server", "function": "run_once", "stack": "", "pid": 94}
{"time": "2026-04-18 11:57:10.633746", "level": "INFO", "message": "env Select map in order: episode=27, map_id=8 from map_list=[1, 2, 3, 4, 5, 6, 7, 8, 9, 10]", "file": "data_handler.py", "line": "148", "module": "env", "process": "data_handler", "function": "handle_usr_conf", "stack": "", "pid": 94}
{"time": "2026-04-18 11:57:18.818362", "level": "INFO", "message": "env data_handler finish success", "file": "data_handler.py", "line": "189", "module": "env", "process": "data_handler", "function": "finish", "stack": "", "pid": 94}
{"time": "2026-04-18 11:57:18.819034", "level": "INFO", "message": "env env run once episode done, process_run_count is 22974", "file": "remote_env_server.py", "line": "298", "module": "env", "process": "remote_env_server", "function": "run_once", "stack": "", "pid": 94}
{"time": "2026-04-18 11:57:18.859534", "level": "INFO", "message": "env env recv reset message", "file": "remote_env_server.py", "line": "282", "module": "env", "process": "remote_env_server", "function": "run_once", "stack": "", "pid": 94}
{"time": "2026-04-18 11:57:18.861517", "level": "INFO", "message": "env Select map in order: episode=28, map_id=9 from map_list=[1, 2, 3, 4, 5, 6, 7, 8, 9, 10]", "file": "data_handler.py", "line": "148", "module": "env", "process": "data_handler", "function": "handle_usr_conf", "stack": "", "pid": 94}
{"time": "2026-04-18 11:57:28.047019", "level": "INFO", "message": "env data_handler finish success", "file": "data_handler.py", "line": "189", "module": "env", "process": "data_handler", "function": "finish", "stack": "", "pid": 94}
{"time": "2026-04-18 11:57:28.047744", "level": "INFO", "message": "env env run once episode done, process_run_count is 23975", "file": "remote_env_server.py", "line": "298", "module": "env", "process": "remote_env_server", "function": "run_once", "stack": "", "pid": 94}
{"time": "2026-04-18 11:57:28.090331", "level": "INFO", "message": "env env recv reset message", "file": "remote_env_server.py", "line": "282", "module": "env", "process": "remote_env_server", "function": "run_once", "stack": "", "pid": 94}
{"time": "2026-04-18 11:57:28.091283", "level": "INFO", "message": "env Select map in order: episode=29, map_id=10 from map_list=[1, 2, 3, 4, 5, 6, 7, 8, 9, 10]", "file": "data_handler.py", "line": "148", "module": "env", "process": "data_handler", "function": "handle_usr_conf", "stack": "", "pid": 94}
{"time": "2026-04-18 11:57:37.159141", "level": "INFO", "message": "env data_handler finish success", "file": "data_handler.py", "line": "189", "module": "env", "process": "data_handler", "function": "finish", "stack": "", "pid": 94}
{"time": "2026-04-18 11:57:37.159920", "level": "INFO", "message": "env env run once episode done, process_run_count is 24976", "file": "remote_env_server.py", "line": "298", "module": "env", "process": "remote_env_server", "function": "run_once", "stack": "", "pid": 94}
{"time": "2026-04-18 11:57:37.206199", "level": "INFO", "message": "env env recv reset message", "file": "remote_env_server.py", "line": "282", "module": "env", "process": "remote_env_server", "function": "run_once", "stack": "", "pid": 94}
{"time": "2026-04-18 11:57:37.206998", "level": "INFO", "message": "env Select map in order: episode=30, map_id=1 from map_list=[1, 2, 3, 4, 5, 6, 7, 8, 9, 10]", "file": "data_handler.py", "line": "148", "module": "env", "process": "data_handler", "function": "handle_usr_conf", "stack": "", "pid": 94}
{"time": "2026-04-18 11:57:39.240453", "level": "INFO", "message": "env data_handler finish success", "file": "data_handler.py", "line": "189", "module": "env", "process": "data_handler", "function": "finish", "stack": "", "pid": 94}
{"time": "2026-04-18 11:57:39.241110", "level": "INFO", "message": "env env run once episode done, process_run_count is 25177", "file": "remote_env_server.py", "line": "298", "module": "env", "process": "remote_env_server", "function": "run_once", "stack": "", "pid": 94}
{"time": "2026-04-18 11:57:39.253743", "level": "INFO", "message": "env env recv reset message", "file": "remote_env_server.py", "line": "282", "module": "env", "process": "remote_env_server", "function": "run_once", "stack": "", "pid": 94}
{"time": "2026-04-18 11:57:39.254610", "level": "INFO", "message": "env Select map in order: episode=31, map_id=2 from map_list=[1, 2, 3, 4, 5, 6, 7, 8, 9, 10]", "file": "data_handler.py", "line": "148", "module": "env", "process": "data_handler", "function": "handle_usr_conf", "stack": "", "pid": 94}
{"time": "2026-04-18 11:57:46.755554", "level": "INFO", "message": "env data_handler finish success", "file": "data_handler.py", "line": "189", "module": "env", "process": "data_handler", "function": "finish", "stack": "", "pid": 94}
{"time": "2026-04-18 11:57:46.757481", "level": "INFO", "message": "env env run once episode done, process_run_count is 26108", "file": "remote_env_server.py", "line": "298", "module": "env", "process": "remote_env_server", "function": "run_once", "stack": "", "pid": 94}
{"time": "2026-04-18 11:57:46.794195", "level": "INFO", "message": "env env recv reset message", "file": "remote_env_server.py", "line": "282", "module": "env", "process": "remote_env_server", "function": "run_once", "stack": "", "pid": 94}
{"time": "2026-04-18 11:57:46.795041", "level": "INFO", "message": "env Select map in order: episode=32, map_id=3 from map_list=[1, 2, 3, 4, 5, 6, 7, 8, 9, 10]", "file": "data_handler.py", "line": "148", "module": "env", "process": "data_handler", "function": "handle_usr_conf", "stack": "", "pid": 94}
{"time": "2026-04-18 11:57:55.924564", "level": "INFO", "message": "env data_handler finish success", "file": "data_handler.py", "line": "189", "module": "env", "process": "data_handler", "function": "finish", "stack": "", "pid": 94}
{"time": "2026-04-18 11:57:55.925266", "level": "INFO", "message": "env env run once episode done, process_run_count is 27109", "file": "remote_env_server.py", "line": "298", "module": "env", "process": "remote_env_server", "function": "run_once", "stack": "", "pid": 94}
{"time": "2026-04-18 11:57:55.977877", "level": "INFO", "message": "env env recv reset message", "file": "remote_env_server.py", "line": "282", "module": "env", "process": "remote_env_server", "function": "run_once", "stack": "", "pid": 94}
{"time": "2026-04-18 11:57:55.978823", "level": "INFO", "message": "env Select map in order: episode=33, map_id=4 from map_list=[1, 2, 3, 4, 5, 6, 7, 8, 9, 10]", "file": "data_handler.py", "line": "148", "module": "env", "process": "data_handler", "function": "handle_usr_conf", "stack": "", "pid": 94}
{"time": "2026-04-18 11:58:04.023320", "level": "INFO", "message": "env data_handler finish success", "file": "data_handler.py", "line": "189", "module": "env", "process": "data_handler", "function": "finish", "stack": "", "pid": 94}
{"time": "2026-04-18 11:58:04.024057", "level": "INFO", "message": "env env run once episode done, process_run_count is 27959", "file": "remote_env_server.py", "line": "298", "module": "env", "process": "remote_env_server", "function": "run_once", "stack": "", "pid": 94}
{"time": "2026-04-18 11:58:04.102576", "level": "INFO", "message": "env env recv reset message", "file": "remote_env_server.py", "line": "282", "module": "env", "process": "remote_env_server", "function": "run_once", "stack": "", "pid": 94}
{"time": "2026-04-18 11:58:04.103346", "level": "INFO", "message": "env Select map in order: episode=34, map_id=5 from map_list=[1, 2, 3, 4, 5, 6, 7, 8, 9, 10]", "file": "data_handler.py", "line": "148", "module": "env", "process": "data_handler", "function": "handle_usr_conf", "stack": "", "pid": 94}
{"time": "2026-04-18 11:58:13.323067", "level": "INFO", "message": "env finish monitor_data is {'total_score': 874, 'clean_score': 874, 'total_map': 10, 'map_random': 0, 'map_code': 5, 'max_steps': 1000, 'finished_steps': 1000, 'total_charger': 4, 'charge_count': 10, 'remaining_charge': 194}", "file": "monitor_helper.py", "line": "95", "module": "env", "process": "monitor_helper", "function": "finish", "stack": "", "pid": 94}
{"time": "2026-04-18 11:58:13.323815", "level": "INFO", "message": "env data_handler finish success", "file": "data_handler.py", "line": "189", "module": "env", "process": "data_handler", "function": "finish", "stack": "", "pid": 94}
{"time": "2026-04-18 11:58:13.324432", "level": "INFO", "message": "env env run once episode done, process_run_count is 28960", "file": "remote_env_server.py", "line": "298", "module": "env", "process": "remote_env_server", "function": "run_once", "stack": "", "pid": 94}
{"time": "2026-04-18 11:58:13.365510", "level": "INFO", "message": "env env recv reset message", "file": "remote_env_server.py", "line": "282", "module": "env", "process": "remote_env_server", "function": "run_once", "stack": "", "pid": 94}
{"time": "2026-04-18 11:58:13.366398", "level": "INFO", "message": "env Select map in order: episode=35, map_id=6 from map_list=[1, 2, 3, 4, 5, 6, 7, 8, 9, 10]", "file": "data_handler.py", "line": "148", "module": "env", "process": "data_handler", "function": "handle_usr_conf", "stack": "", "pid": 94}
{"time": "2026-04-18 11:58:21.857399", "level": "INFO", "message": "env data_handler finish success", "file": "data_handler.py", "line": "189", "module": "env", "process": "data_handler", "function": "finish", "stack": "", "pid": 94}
{"time": "2026-04-18 11:58:21.858032", "level": "INFO", "message": "env env run once episode done, process_run_count is 29961", "file": "remote_env_server.py", "line": "298", "module": "env", "process": "remote_env_server", "function": "run_once", "stack": "", "pid": 94}
{"time": "2026-04-18 11:58:21.900843", "level": "INFO", "message": "env env recv reset message", "file": "remote_env_server.py", "line": "282", "module": "env", "process": "remote_env_server", "function": "run_once", "stack": "", "pid": 94}
{"time": "2026-04-18 11:58:21.901766", "level": "INFO", "message": "env Select map in order: episode=36, map_id=7 from map_list=[1, 2, 3, 4, 5, 6, 7, 8, 9, 10]", "file": "data_handler.py", "line": "148", "module": "env", "process": "data_handler", "function": "handle_usr_conf", "stack": "", "pid": 94}
{"time": "2026-04-18 11:58:31.528918", "level": "INFO", "message": "env data_handler finish success", "file": "data_handler.py", "line": "189", "module": "env", "process": "data_handler", "function": "finish", "stack": "", "pid": 94}
{"time": "2026-04-18 11:58:31.532592", "level": "INFO", "message": "env env run once episode done, process_run_count is 30962", "file": "remote_env_server.py", "line": "298", "module": "env", "process": "remote_env_server", "function": "run_once", "stack": "", "pid": 94}
{"time": "2026-04-18 11:58:31.579908", "level": "INFO", "message": "env env recv reset message", "file": "remote_env_server.py", "line": "282", "module": "env", "process": "remote_env_server", "function": "run_once", "stack": "", "pid": 94}
{"time": "2026-04-18 11:58:31.580803", "level": "INFO", "message": "env Select map in order: episode=37, map_id=8 from map_list=[1, 2, 3, 4, 5, 6, 7, 8, 9, 10]", "file": "data_handler.py", "line": "148", "module": "env", "process": "data_handler", "function": "handle_usr_conf", "stack": "", "pid": 94}
{"time": "2026-04-18 11:58:40.870005", "level": "INFO", "message": "env data_handler finish success", "file": "data_handler.py", "line": "189", "module": "env", "process": "data_handler", "function": "finish", "stack": "", "pid": 94}
{"time": "2026-04-18 11:58:40.870741", "level": "INFO", "message": "env env run once episode done, process_run_count is 31963", "file": "remote_env_server.py", "line": "298", "module": "env", "process": "remote_env_server", "function": "run_once", "stack": "", "pid": 94}
{"time": "2026-04-18 11:58:40.951962", "level": "INFO", "message": "env env recv reset message", "file": "remote_env_server.py", "line": "282", "module": "env", "process": "remote_env_server", "function": "run_once", "stack": "", "pid": 94}
{"time": "2026-04-18 11:58:40.952963", "level": "INFO", "message": "env Select map in order: episode=38, map_id=9 from map_list=[1, 2, 3, 4, 5, 6, 7, 8, 9, 10]", "file": "data_handler.py", "line": "148", "module": "env", "process": "data_handler", "function": "handle_usr_conf", "stack": "", "pid": 94}
{"time": "2026-04-18 11:58:49.207541", "level": "INFO", "message": "env data_handler finish success", "file": "data_handler.py", "line": "189", "module": "env", "process": "data_handler", "function": "finish", "stack": "", "pid": 94}
{"time": "2026-04-18 11:58:49.208775", "level": "INFO", "message": "env env run once episode done, process_run_count is 32964", "file": "remote_env_server.py", "line": "298", "module": "env", "process": "remote_env_server", "function": "run_once", "stack": "", "pid": 94}
{"time": "2026-04-18 11:58:49.284886", "level": "INFO", "message": "env env recv reset message", "file": "remote_env_server.py", "line": "282", "module": "env", "process": "remote_env_server", "function": "run_once", "stack": "", "pid": 94}
{"time": "2026-04-18 11:58:49.286173", "level": "INFO", "message": "env Select map in order: episode=39, map_id=10 from map_list=[1, 2, 3, 4, 5, 6, 7, 8, 9, 10]", "file": "data_handler.py", "line": "148", "module": "env", "process": "data_handler", "function": "handle_usr_conf", "stack": "", "pid": 94}
{"time": "2026-04-18 11:58:58.476041", "level": "INFO", "message": "env data_handler finish success", "file": "data_handler.py", "line": "189", "module": "env", "process": "data_handler", "function": "finish", "stack": "", "pid": 94}
{"time": "2026-04-18 11:58:58.476725", "level": "INFO", "message": "env env run once episode done, process_run_count is 33965", "file": "remote_env_server.py", "line": "298", "module": "env", "process": "remote_env_server", "function": "run_once", "stack": "", "pid": 94}
{"time": "2026-04-18 11:58:58.520504", "level": "INFO", "message": "env env recv reset message", "file": "remote_env_server.py", "line": "282", "module": "env", "process": "remote_env_server", "function": "run_once", "stack": "", "pid": 94}
{"time": "2026-04-18 11:58:58.521522", "level": "INFO", "message": "env Select map in order: episode=40, map_id=1 from map_list=[1, 2, 3, 4, 5, 6, 7, 8, 9, 10]", "file": "data_handler.py", "line": "148", "module": "env", "process": "data_handler", "function": "handle_usr_conf", "stack": "", "pid": 94}
{"time": "2026-04-18 11:59:00.536320", "level": "INFO", "message": "env data_handler finish success", "file": "data_handler.py", "line": "189", "module": "env", "process": "data_handler", "function": "finish", "stack": "", "pid": 94}
{"time": "2026-04-18 11:59:00.538113", "level": "INFO", "message": "env env run once episode done, process_run_count is 34166", "file": "remote_env_server.py", "line": "298", "module": "env", "process": "remote_env_server", "function": "run_once", "stack": "", "pid": 94}
{"time": "2026-04-18 11:59:00.548616", "level": "INFO", "message": "env env recv reset message", "file": "remote_env_server.py", "line": "282", "module": "env", "process": "remote_env_server", "function": "run_once", "stack": "", "pid": 94}
{"time": "2026-04-18 11:59:00.549597", "level": "INFO", "message": "env Select map in order: episode=41, map_id=2 from map_list=[1, 2, 3, 4, 5, 6, 7, 8, 9, 10]", "file": "data_handler.py", "line": "148", "module": "env", "process": "data_handler", "function": "handle_usr_conf", "stack": "", "pid": 94}
{"time": "2026-04-18 11:59:05.126799", "level": "INFO", "message": "env data_handler finish success", "file": "data_handler.py", "line": "189", "module": "env", "process": "data_handler", "function": "finish", "stack": "", "pid": 94}
{"time": "2026-04-18 11:59:05.127464", "level": "INFO", "message": "env env run once episode done, process_run_count is 34623", "file": "remote_env_server.py", "line": "298", "module": "env", "process": "remote_env_server", "function": "run_once", "stack": "", "pid": 94}
{"time": "2026-04-18 11:59:05.175049", "level": "INFO", "message": "env env recv reset message", "file": "remote_env_server.py", "line": "282", "module": "env", "process": "remote_env_server", "function": "run_once", "stack": "", "pid": 94}
{"time": "2026-04-18 11:59:05.176303", "level": "INFO", "message": "env Select map in order: episode=42, map_id=3 from map_list=[1, 2, 3, 4, 5, 6, 7, 8, 9, 10]", "file": "data_handler.py", "line": "148", "module": "env", "process": "data_handler", "function": "handle_usr_conf", "stack": "", "pid": 94}
{"time": "2026-04-18 11:59:13.433361", "level": "INFO", "message": "env finish monitor_data is {'total_score': 894, 'clean_score': 894, 'total_map': 10, 'map_random': 0, 'map_code': 3, 'max_steps': 1000, 'finished_steps': 1000, 'total_charger': 4, 'charge_count': 9, 'remaining_charge': 121}", "file": "monitor_helper.py", "line": "95", "module": "env", "process": "monitor_helper", "function": "finish", "stack": "", "pid": 94}
{"time": "2026-04-18 11:59:13.434184", "level": "INFO", "message": "env data_handler finish success", "file": "data_handler.py", "line": "189", "module": "env", "process": "data_handler", "function": "finish", "stack": "", "pid": 94}
{"time": "2026-04-18 11:59:13.434770", "level": "INFO", "message": "env env run once episode done, process_run_count is 35624", "file": "remote_env_server.py", "line": "298", "module": "env", "process": "remote_env_server", "function": "run_once", "stack": "", "pid": 94}
{"time": "2026-04-18 11:59:13.488404", "level": "INFO", "message": "env env recv reset message", "file": "remote_env_server.py", "line": "282", "module": "env", "process": "remote_env_server", "function": "run_once", "stack": "", "pid": 94}
{"time": "2026-04-18 11:59:13.489270", "level": "INFO", "message": "env Select map in order: episode=43, map_id=4 from map_list=[1, 2, 3, 4, 5, 6, 7, 8, 9, 10]", "file": "data_handler.py", "line": "148", "module": "env", "process": "data_handler", "function": "handle_usr_conf", "stack": "", "pid": 94}
{"time": "2026-04-18 11:59:15.316658", "level": "INFO", "message": "env data_handler finish success", "file": "data_handler.py", "line": "189", "module": "env", "process": "data_handler", "function": "finish", "stack": "", "pid": 94}
{"time": "2026-04-18 11:59:15.317431", "level": "INFO", "message": "env env run once episode done, process_run_count is 35802", "file": "remote_env_server.py", "line": "298", "module": "env", "process": "remote_env_server", "function": "run_once", "stack": "", "pid": 94}
{"time": "2026-04-18 11:59:15.331484", "level": "INFO", "message": "env env recv reset message", "file": "remote_env_server.py", "line": "282", "module": "env", "process": "remote_env_server", "function": "run_once", "stack": "", "pid": 94}
{"time": "2026-04-18 11:59:15.332327", "level": "INFO", "message": "env Select map in order: episode=44, map_id=5 from map_list=[1, 2, 3, 4, 5, 6, 7, 8, 9, 10]", "file": "data_handler.py", "line": "148", "module": "env", "process": "data_handler", "function": "handle_usr_conf", "stack": "", "pid": 94}
{"time": "2026-04-18 11:59:21.997539", "level": "INFO", "message": "env data_handler finish success", "file": "data_handler.py", "line": "189", "module": "env", "process": "data_handler", "function": "finish", "stack": "", "pid": 94}
{"time": "2026-04-18 11:59:21.998189", "level": "INFO", "message": "env env run once episode done, process_run_count is 36534", "file": "remote_env_server.py", "line": "298", "module": "env", "process": "remote_env_server", "function": "run_once", "stack": "", "pid": 94}
{"time": "2026-04-18 11:59:22.026471", "level": "INFO", "message": "env env recv reset message", "file": "remote_env_server.py", "line": "282", "module": "env", "process": "remote_env_server", "function": "run_once", "stack": "", "pid": 94}
{"time": "2026-04-18 11:59:22.027245", "level": "INFO", "message": "env Select map in order: episode=45, map_id=6 from map_list=[1, 2, 3, 4, 5, 6, 7, 8, 9, 10]", "file": "data_handler.py", "line": "148", "module": "env", "process": "data_handler", "function": "handle_usr_conf", "stack": "", "pid": 94}
{"time": "2026-04-18 11:59:29.057949", "level": "INFO", "message": "env data_handler finish success", "file": "data_handler.py", "line": "189", "module": "env", "process": "data_handler", "function": "finish", "stack": "", "pid": 94}
{"time": "2026-04-18 11:59:29.058603", "level": "INFO", "message": "env env run once episode done, process_run_count is 37294", "file": "remote_env_server.py", "line": "298", "module": "env", "process": "remote_env_server", "function": "run_once", "stack": "", "pid": 94}
{"time": "2026-04-18 11:59:29.097269", "level": "INFO", "message": "env env recv reset message", "file": "remote_env_server.py", "line": "282", "module": "env", "process": "remote_env_server", "function": "run_once", "stack": "", "pid": 94}
{"time": "2026-04-18 11:59:29.098311", "level": "INFO", "message": "env Select map in order: episode=46, map_id=7 from map_list=[1, 2, 3, 4, 5, 6, 7, 8, 9, 10]", "file": "data_handler.py", "line": "148", "module": "env", "process": "data_handler", "function": "handle_usr_conf", "stack": "", "pid": 94}
{"time": "2026-04-18 11:59:31.065370", "level": "INFO", "message": "env data_handler finish success", "file": "data_handler.py", "line": "189", "module": "env", "process": "data_handler", "function": "finish", "stack": "", "pid": 94}
{"time": "2026-04-18 11:59:31.068280", "level": "INFO", "message": "env env run once episode done, process_run_count is 37495", "file": "remote_env_server.py", "line": "298", "module": "env", "process": "remote_env_server", "function": "run_once", "stack": "", "pid": 94}
{"time": "2026-04-18 11:59:31.076454", "level": "INFO", "message": "env env recv reset message", "file": "remote_env_server.py", "line": "282", "module": "env", "process": "remote_env_server", "function": "run_once", "stack": "", "pid": 94}
{"time": "2026-04-18 11:59:31.077311", "level": "INFO", "message": "env Select map in order: episode=47, map_id=8 from map_list=[1, 2, 3, 4, 5, 6, 7, 8, 9, 10]", "file": "data_handler.py", "line": "148", "module": "env", "process": "data_handler", "function": "handle_usr_conf", "stack": "", "pid": 94}
{"time": "2026-04-18 11:59:40.158208", "level": "INFO", "message": "env data_handler finish success", "file": "data_handler.py", "line": "189", "module": "env", "process": "data_handler", "function": "finish", "stack": "", "pid": 94}
{"time": "2026-04-18 11:59:40.158957", "level": "INFO", "message": "env env run once episode done, process_run_count is 38496", "file": "remote_env_server.py", "line": "298", "module": "env", "process": "remote_env_server", "function": "run_once", "stack": "", "pid": 94}
{"time": "2026-04-18 11:59:40.211784", "level": "INFO", "message": "env env recv reset message", "file": "remote_env_server.py", "line": "282", "module": "env", "process": "remote_env_server", "function": "run_once", "stack": "", "pid": 94}
{"time": "2026-04-18 11:59:40.212716", "level": "INFO", "message": "env Select map in order: episode=48, map_id=9 from map_list=[1, 2, 3, 4, 5, 6, 7, 8, 9, 10]", "file": "data_handler.py", "line": "148", "module": "env", "process": "data_handler", "function": "handle_usr_conf", "stack": "", "pid": 94}
{"time": "2026-04-18 11:59:48.699399", "level": "INFO", "message": "env data_handler finish success", "file": "data_handler.py", "line": "189", "module": "env", "process": "data_handler", "function": "finish", "stack": "", "pid": 94}
{"time": "2026-04-18 11:59:48.700086", "level": "INFO", "message": "env env run once episode done, process_run_count is 39497", "file": "remote_env_server.py", "line": "298", "module": "env", "process": "remote_env_server", "function": "run_once", "stack": "", "pid": 94}
{"time": "2026-04-18 11:59:48.744557", "level": "INFO", "message": "env env recv reset message", "file": "remote_env_server.py", "line": "282", "module": "env", "process": "remote_env_server", "function": "run_once", "stack": "", "pid": 94}
{"time": "2026-04-18 11:59:48.749944", "level": "INFO", "message": "env Select map in order: episode=49, map_id=10 from map_list=[1, 2, 3, 4, 5, 6, 7, 8, 9, 10]", "file": "data_handler.py", "line": "148", "module": "env", "process": "data_handler", "function": "handle_usr_conf", "stack": "", "pid": 94}
{"time": "2026-04-18 11:59:56.884382", "level": "INFO", "message": "env data_handler finish success", "file": "data_handler.py", "line": "189", "module": "env", "process": "data_handler", "function": "finish", "stack": "", "pid": 94}
{"time": "2026-04-18 11:59:56.887796", "level": "INFO", "message": "env env run once episode done, process_run_count is 40359", "file": "remote_env_server.py", "line": "298", "module": "env", "process": "remote_env_server", "function": "run_once", "stack": "", "pid": 94}
{"time": "2026-04-18 11:59:56.919169", "level": "INFO", "message": "env env recv reset message", "file": "remote_env_server.py", "line": "282", "module": "env", "process": "remote_env_server", "function": "run_once", "stack": "", "pid": 94}
{"time": "2026-04-18 11:59:56.919928", "level": "INFO", "message": "env Select map in order: episode=50, map_id=1 from map_list=[1, 2, 3, 4, 5, 6, 7, 8, 9, 10]", "file": "data_handler.py", "line": "148", "module": "env", "process": "data_handler", "function": "handle_usr_conf", "stack": "", "pid": 94}
{"time": "2026-04-18 12:00:06.552645", "level": "INFO", "message": "env data_handler finish success", "file": "data_handler.py", "line": "189", "module": "env", "process": "data_handler", "function": "finish", "stack": "", "pid": 94}
{"time": "2026-04-18 12:00:06.553273", "level": "INFO", "message": "env env run once episode done, process_run_count is 41360", "file": "remote_env_server.py", "line": "298", "module": "env", "process": "remote_env_server", "function": "run_once", "stack": "", "pid": 94}
{"time": "2026-04-18 12:00:06.647381", "level": "INFO", "message": "env env recv reset message", "file": "remote_env_server.py", "line": "282", "module": "env", "process": "remote_env_server", "function": "run_once", "stack": "", "pid": 94}
{"time": "2026-04-18 12:00:06.648134", "level": "INFO", "message": "env Select map in order: episode=51, map_id=2 from map_list=[1, 2, 3, 4, 5, 6, 7, 8, 9, 10]", "file": "data_handler.py", "line": "148", "module": "env", "process": "data_handler", "function": "handle_usr_conf", "stack": "", "pid": 94}
{"time": "2026-04-18 12:00:08.667861", "level": "INFO", "message": "env data_handler finish success", "file": "data_handler.py", "line": "189", "module": "env", "process": "data_handler", "function": "finish", "stack": "", "pid": 94}
{"time": "2026-04-18 12:00:08.668605", "level": "INFO", "message": "env env run once episode done, process_run_count is 41561", "file": "remote_env_server.py", "line": "298", "module": "env", "process": "remote_env_server", "function": "run_once", "stack": "", "pid": 94}
{"time": "2026-04-18 12:00:08.682077", "level": "INFO", "message": "env env recv reset message", "file": "remote_env_server.py", "line": "282", "module": "env", "process": "remote_env_server", "function": "run_once", "stack": "", "pid": 94}
{"time": "2026-04-18 12:00:08.683004", "level": "INFO", "message": "env Select map in order: episode=52, map_id=3 from map_list=[1, 2, 3, 4, 5, 6, 7, 8, 9, 10]", "file": "data_handler.py", "line": "148", "module": "env", "process": "data_handler", "function": "handle_usr_conf", "stack": "", "pid": 94}
{"time": "2026-04-18 12:00:15.232225", "level": "INFO", "message": "env finish monitor_data is {'total_score': 629, 'clean_score': 629, 'total_map': 10, 'map_random': 0, 'map_code': 3, 'max_steps': 1000, 'finished_steps': 775, 'total_charger': 4, 'charge_count': 5, 'remaining_charge': 0}", "file": "monitor_helper.py", "line": "95", "module": "env", "process": "monitor_helper", "function": "finish", "stack": "", "pid": 94}
{"time": "2026-04-18 12:00:15.238158", "level": "INFO", "message": "env data_handler finish success", "file": "data_handler.py", "line": "189", "module": "env", "process": "data_handler", "function": "finish", "stack": "", "pid": 94}
{"time": "2026-04-18 12:00:15.238889", "level": "INFO", "message": "env env run once episode done, process_run_count is 42337", "file": "remote_env_server.py", "line": "298", "module": "env", "process": "remote_env_server", "function": "run_once", "stack": "", "pid": 94}
{"time": "2026-04-18 12:00:15.272609", "level": "INFO", "message": "env env recv reset message", "file": "remote_env_server.py", "line": "282", "module": "env", "process": "remote_env_server", "function": "run_once", "stack": "", "pid": 94}
{"time": "2026-04-18 12:00:15.278360", "level": "INFO", "message": "env Select map in order: episode=53, map_id=4 from map_list=[1, 2, 3, 4, 5, 6, 7, 8, 9, 10]", "file": "data_handler.py", "line": "148", "module": "env", "process": "data_handler", "function": "handle_usr_conf", "stack": "", "pid": 94}
{"time": "2026-04-18 12:00:17.887061", "level": "INFO", "message": "env data_handler finish success", "file": "data_handler.py", "line": "189", "module": "env", "process": "data_handler", "function": "finish", "stack": "", "pid": 94}
{"time": "2026-04-18 12:00:17.887755", "level": "INFO", "message": "env env run once episode done, process_run_count is 42600", "file": "remote_env_server.py", "line": "298", "module": "env", "process": "remote_env_server", "function": "run_once", "stack": "", "pid": 94}
{"time": "2026-04-18 12:00:17.902438", "level": "INFO", "message": "env env recv reset message", "file": "remote_env_server.py", "line": "282", "module": "env", "process": "remote_env_server", "function": "run_once", "stack": "", "pid": 94}
{"time": "2026-04-18 12:00:17.904592", "level": "INFO", "message": "env Select map in order: episode=54, map_id=5 from map_list=[1, 2, 3, 4, 5, 6, 7, 8, 9, 10]", "file": "data_handler.py", "line": "148", "module": "env", "process": "data_handler", "function": "handle_usr_conf", "stack": "", "pid": 94}
{"time": "2026-04-18 12:00:27.061751", "level": "INFO", "message": "env data_handler finish success", "file": "data_handler.py", "line": "189", "module": "env", "process": "data_handler", "function": "finish", "stack": "", "pid": 94}
{"time": "2026-04-18 12:00:27.062508", "level": "INFO", "message": "env env run once episode done, process_run_count is 43601", "file": "remote_env_server.py", "line": "298", "module": "env", "process": "remote_env_server", "function": "run_once", "stack": "", "pid": 94}
{"time": "2026-04-18 12:00:27.106185", "level": "INFO", "message": "env env recv reset message", "file": "remote_env_server.py", "line": "282", "module": "env", "process": "remote_env_server", "function": "run_once", "stack": "", "pid": 94}
{"time": "2026-04-18 12:00:27.108877", "level": "INFO", "message": "env Select map in order: episode=55, map_id=6 from map_list=[1, 2, 3, 4, 5, 6, 7, 8, 9, 10]", "file": "data_handler.py", "line": "148", "module": "env", "process": "data_handler", "function": "handle_usr_conf", "stack": "", "pid": 94}
{"time": "2026-04-18 12:00:36.258266", "level": "INFO", "message": "env data_handler finish success", "file": "data_handler.py", "line": "189", "module": "env", "process": "data_handler", "function": "finish", "stack": "", "pid": 94}
{"time": "2026-04-18 12:00:36.260661", "level": "INFO", "message": "env env run once episode done, process_run_count is 44602", "file": "remote_env_server.py", "line": "298", "module": "env", "process": "remote_env_server", "function": "run_once", "stack": "", "pid": 94}
{"time": "2026-04-18 12:00:36.307285", "level": "INFO", "message": "env env recv reset message", "file": "remote_env_server.py", "line": "282", "module": "env", "process": "remote_env_server", "function": "run_once", "stack": "", "pid": 94}
{"time": "2026-04-18 12:00:36.309031", "level": "INFO", "message": "env Select map in order: episode=56, map_id=7 from map_list=[1, 2, 3, 4, 5, 6, 7, 8, 9, 10]", "file": "data_handler.py", "line": "148", "module": "env", "process": "data_handler", "function": "handle_usr_conf", "stack": "", "pid": 94}
{"time": "2026-04-18 12:00:44.459027", "level": "INFO", "message": "env data_handler finish success", "file": "data_handler.py", "line": "189", "module": "env", "process": "data_handler", "function": "finish", "stack": "", "pid": 94}
{"time": "2026-04-18 12:00:44.459884", "level": "INFO", "message": "env env run once episode done, process_run_count is 45603", "file": "remote_env_server.py", "line": "298", "module": "env", "process": "remote_env_server", "function": "run_once", "stack": "", "pid": 94}
{"time": "2026-04-18 12:00:44.504015", "level": "INFO", "message": "env env recv reset message", "file": "remote_env_server.py", "line": "282", "module": "env", "process": "remote_env_server", "function": "run_once", "stack": "", "pid": 94}
{"time": "2026-04-18 12:00:44.504900", "level": "INFO", "message": "env Select map in order: episode=57, map_id=8 from map_list=[1, 2, 3, 4, 5, 6, 7, 8, 9, 10]", "file": "data_handler.py", "line": "148", "module": "env", "process": "data_handler", "function": "handle_usr_conf", "stack": "", "pid": 94}
{"time": "2026-04-18 12:00:53.641889", "level": "INFO", "message": "env data_handler finish success", "file": "data_handler.py", "line": "189", "module": "env", "process": "data_handler", "function": "finish", "stack": "", "pid": 94}
{"time": "2026-04-18 12:00:53.642588", "level": "INFO", "message": "env env run once episode done, process_run_count is 46604", "file": "remote_env_server.py", "line": "298", "module": "env", "process": "remote_env_server", "function": "run_once", "stack": "", "pid": 94}
{"time": "2026-04-18 12:00:53.686383", "level": "INFO", "message": "env env recv reset message", "file": "remote_env_server.py", "line": "282", "module": "env", "process": "remote_env_server", "function": "run_once", "stack": "", "pid": 94}
{"time": "2026-04-18 12:00:53.687314", "level": "INFO", "message": "env Select map in order: episode=58, map_id=9 from map_list=[1, 2, 3, 4, 5, 6, 7, 8, 9, 10]", "file": "data_handler.py", "line": "148", "module": "env", "process": "data_handler", "function": "handle_usr_conf", "stack": "", "pid": 94}
{"time": "2026-04-18 12:01:03.059176", "level": "INFO", "message": "env data_handler finish success", "file": "data_handler.py", "line": "189", "module": "env", "process": "data_handler", "function": "finish", "stack": "", "pid": 94}
{"time": "2026-04-18 12:01:03.059860", "level": "INFO", "message": "env env run once episode done, process_run_count is 47605", "file": "remote_env_server.py", "line": "298", "module": "env", "process": "remote_env_server", "function": "run_once", "stack": "", "pid": 94}
{"time": "2026-04-18 12:01:03.102574", "level": "INFO", "message": "env env recv reset message", "file": "remote_env_server.py", "line": "282", "module": "env", "process": "remote_env_server", "function": "run_once", "stack": "", "pid": 94}
{"time": "2026-04-18 12:01:03.103464", "level": "INFO", "message": "env Select map in order: episode=59, map_id=10 from map_list=[1, 2, 3, 4, 5, 6, 7, 8, 9, 10]", "file": "data_handler.py", "line": "148", "module": "env", "process": "data_handler", "function": "handle_usr_conf", "stack": "", "pid": 94}
{"time": "2026-04-18 12:01:11.292422", "level": "INFO", "message": "env data_handler finish success", "file": "data_handler.py", "line": "189", "module": "env", "process": "data_handler", "function": "finish", "stack": "", "pid": 94}
{"time": "2026-04-18 12:01:11.293029", "level": "INFO", "message": "env env run once episode done, process_run_count is 48606", "file": "remote_env_server.py", "line": "298", "module": "env", "process": "remote_env_server", "function": "run_once", "stack": "", "pid": 94}
{"time": "2026-04-18 12:01:11.368185", "level": "INFO", "message": "env env recv reset message", "file": "remote_env_server.py", "line": "282", "module": "env", "process": "remote_env_server", "function": "run_once", "stack": "", "pid": 94}
{"time": "2026-04-18 12:01:11.369071", "level": "INFO", "message": "env Select map in order: episode=60, map_id=1 from map_list=[1, 2, 3, 4, 5, 6, 7, 8, 9, 10]", "file": "data_handler.py", "line": "148", "module": "env", "process": "data_handler", "function": "handle_usr_conf", "stack": "", "pid": 94}
{"time": "2026-04-18 12:01:20.504647", "level": "INFO", "message": "env finish monitor_data is {'total_score': 890, 'clean_score': 890, 'total_map': 10, 'map_random': 0, 'map_code': 1, 'max_steps': 1000, 'finished_steps': 1000, 'total_charger': 4, 'charge_count': 9, 'remaining_charge': 102}", "file": "monitor_helper.py", "line": "95", "module": "env", "process": "monitor_helper", "function": "finish", "stack": "", "pid": 94}
{"time": "2026-04-18 12:01:20.505312", "level": "INFO", "message": "env data_handler finish success", "file": "data_handler.py", "line": "189", "module": "env", "process": "data_handler", "function": "finish", "stack": "", "pid": 94}
{"time": "2026-04-18 12:01:20.506002", "level": "INFO", "message": "env env run once episode done, process_run_count is 49607", "file": "remote_env_server.py", "line": "298", "module": "env", "process": "remote_env_server", "function": "run_once", "stack": "", "pid": 94}
{"time": "2026-04-18 12:01:20.545943", "level": "INFO", "message": "env env recv reset message", "file": "remote_env_server.py", "line": "282", "module": "env", "process": "remote_env_server", "function": "run_once", "stack": "", "pid": 94}
{"time": "2026-04-18 12:01:20.546886", "level": "INFO", "message": "env Select map in order: episode=61, map_id=2 from map_list=[1, 2, 3, 4, 5, 6, 7, 8, 9, 10]", "file": "data_handler.py", "line": "148", "module": "env", "process": "data_handler", "function": "handle_usr_conf", "stack": "", "pid": 94}
{"time": "2026-04-18 12:01:30.216119", "level": "INFO", "message": "env data_handler finish success", "file": "data_handler.py", "line": "189", "module": "env", "process": "data_handler", "function": "finish", "stack": "", "pid": 94}
{"time": "2026-04-18 12:01:30.216834", "level": "INFO", "message": "env env run once episode done, process_run_count is 50608", "file": "remote_env_server.py", "line": "298", "module": "env", "process": "remote_env_server", "function": "run_once", "stack": "", "pid": 94}
{"time": "2026-04-18 12:01:30.260203", "level": "INFO", "message": "env env recv reset message", "file": "remote_env_server.py", "line": "282", "module": "env", "process": "remote_env_server", "function": "run_once", "stack": "", "pid": 94}
{"time": "2026-04-18 12:01:30.261108", "level": "INFO", "message": "env Select map in order: episode=62, map_id=3 from map_list=[1, 2, 3, 4, 5, 6, 7, 8, 9, 10]", "file": "data_handler.py", "line": "148", "module": "env", "process": "data_handler", "function": "handle_usr_conf", "stack": "", "pid": 94}
{"time": "2026-04-18 12:01:38.846579", "level": "INFO", "message": "env data_handler finish success", "file": "data_handler.py", "line": "189", "module": "env", "process": "data_handler", "function": "finish", "stack": "", "pid": 94}
{"time": "2026-04-18 12:01:38.847368", "level": "INFO", "message": "env env run once episode done, process_run_count is 51609", "file": "remote_env_server.py", "line": "298", "module": "env", "process": "remote_env_server", "function": "run_once", "stack": "", "pid": 94}
{"time": "2026-04-18 12:01:38.914035", "level": "INFO", "message": "env env recv reset message", "file": "remote_env_server.py", "line": "282", "module": "env", "process": "remote_env_server", "function": "run_once", "stack": "", "pid": 94}
{"time": "2026-04-18 12:01:38.914973", "level": "INFO", "message": "env Select map in order: episode=63, map_id=4 from map_list=[1, 2, 3, 4, 5, 6, 7, 8, 9, 10]", "file": "data_handler.py", "line": "148", "module": "env", "process": "data_handler", "function": "handle_usr_conf", "stack": "", "pid": 94}
{"time": "2026-04-18 12:01:48.549220", "level": "INFO", "message": "env data_handler finish success", "file": "data_handler.py", "line": "189", "module": "env", "process": "data_handler", "function": "finish", "stack": "", "pid": 94}
{"time": "2026-04-18 12:01:48.553175", "level": "INFO", "message": "env env run once episode done, process_run_count is 52583", "file": "remote_env_server.py", "line": "298", "module": "env", "process": "remote_env_server", "function": "run_once", "stack": "", "pid": 94}
{"time": "2026-04-18 12:01:48.594601", "level": "INFO", "message": "env env recv reset message", "file": "remote_env_server.py", "line": "282", "module": "env", "process": "remote_env_server", "function": "run_once", "stack": "", "pid": 94}
{"time": "2026-04-18 12:01:48.595595", "level": "INFO", "message": "env Select map in order: episode=64, map_id=5 from map_list=[1, 2, 3, 4, 5, 6, 7, 8, 9, 10]", "file": "data_handler.py", "line": "148", "module": "env", "process": "data_handler", "function": "handle_usr_conf", "stack": "", "pid": 94}
{"time": "2026-04-18 12:01:58.733575", "level": "INFO", "message": "env data_handler finish success", "file": "data_handler.py", "line": "189", "module": "env", "process": "data_handler", "function": "finish", "stack": "", "pid": 94}
{"time": "2026-04-18 12:01:58.735630", "level": "INFO", "message": "env env run once episode done, process_run_count is 53584", "file": "remote_env_server.py", "line": "298", "module": "env", "process": "remote_env_server", "function": "run_once", "stack": "", "pid": 94}
{"time": "2026-04-18 12:01:58.783261", "level": "INFO", "message": "env env recv reset message", "file": "remote_env_server.py", "line": "282", "module": "env", "process": "remote_env_server", "function": "run_once", "stack": "", "pid": 94}
{"time": "2026-04-18 12:01:58.784575", "level": "INFO", "message": "env Select map in order: episode=65, map_id=6 from map_list=[1, 2, 3, 4, 5, 6, 7, 8, 9, 10]", "file": "data_handler.py", "line": "148", "module": "env", "process": "data_handler", "function": "handle_usr_conf", "stack": "", "pid": 94}
{"time": "2026-04-18 12:02:07.334973", "level": "INFO", "message": "env data_handler finish success", "file": "data_handler.py", "line": "189", "module": "env", "process": "data_handler", "function": "finish", "stack": "", "pid": 94}
{"time": "2026-04-18 12:02:07.335720", "level": "INFO", "message": "env env run once episode done, process_run_count is 54585", "file": "remote_env_server.py", "line": "298", "module": "env", "process": "remote_env_server", "function": "run_once", "stack": "", "pid": 94}
{"time": "2026-04-18 12:02:07.382366", "level": "INFO", "message": "env env recv reset message", "file": "remote_env_server.py", "line": "282", "module": "env", "process": "remote_env_server", "function": "run_once", "stack": "", "pid": 94}
{"time": "2026-04-18 12:02:07.383303", "level": "INFO", "message": "env Select map in order: episode=66, map_id=7 from map_list=[1, 2, 3, 4, 5, 6, 7, 8, 9, 10]", "file": "data_handler.py", "line": "148", "module": "env", "process": "data_handler", "function": "handle_usr_conf", "stack": "", "pid": 94}
{"time": "2026-04-18 12:02:16.983912", "level": "INFO", "message": "env data_handler finish success", "file": "data_handler.py", "line": "189", "module": "env", "process": "data_handler", "function": "finish", "stack": "", "pid": 94}
{"time": "2026-04-18 12:02:16.984566", "level": "INFO", "message": "env env run once episode done, process_run_count is 55586", "file": "remote_env_server.py", "line": "298", "module": "env", "process": "remote_env_server", "function": "run_once", "stack": "", "pid": 94}
{"time": "2026-04-18 12:02:17.063890", "level": "INFO", "message": "env env recv reset message", "file": "remote_env_server.py", "line": "282", "module": "env", "process": "remote_env_server", "function": "run_once", "stack": "", "pid": 94}
{"time": "2026-04-18 12:02:17.064823", "level": "INFO", "message": "env Select map in order: episode=67, map_id=8 from map_list=[1, 2, 3, 4, 5, 6, 7, 8, 9, 10]", "file": "data_handler.py", "line": "148", "module": "env", "process": "data_handler", "function": "handle_usr_conf", "stack": "", "pid": 94}
{"time": "2026-04-18 12:02:24.846177", "level": "INFO", "message": "env finish monitor_data is {'total_score': 736, 'clean_score': 736, 'total_map': 10, 'map_random': 0, 'map_code': 8, 'max_steps': 1000, 'finished_steps': 819, 'total_charger': 4, 'charge_count': 6, 'remaining_charge': 0}", "file": "monitor_helper.py", "line": "95", "module": "env", "process": "monitor_helper", "function": "finish", "stack": "", "pid": 94}
{"time": "2026-04-18 12:02:24.846966", "level": "INFO", "message": "env data_handler finish success", "file": "data_handler.py", "line": "189", "module": "env", "process": "data_handler", "function": "finish", "stack": "", "pid": 94}
{"time": "2026-04-18 12:02:24.847720", "level": "INFO", "message": "env env run once episode done, process_run_count is 56406", "file": "remote_env_server.py", "line": "298", "module": "env", "process": "remote_env_server", "function": "run_once", "stack": "", "pid": 94}
{"time": "2026-04-18 12:02:24.889588", "level": "INFO", "message": "env env recv reset message", "file": "remote_env_server.py", "line": "282", "module": "env", "process": "remote_env_server", "function": "run_once", "stack": "", "pid": 94}
{"time": "2026-04-18 12:02:24.890536", "level": "INFO", "message": "env Select map in order: episode=68, map_id=9 from map_list=[1, 2, 3, 4, 5, 6, 7, 8, 9, 10]", "file": "data_handler.py", "line": "148", "module": "env", "process": "data_handler", "function": "handle_usr_conf", "stack": "", "pid": 94}
{"time": "2026-04-18 12:02:34.547607", "level": "INFO", "message": "env data_handler finish success", "file": "data_handler.py", "line": "189", "module": "env", "process": "data_handler", "function": "finish", "stack": "", "pid": 94}
{"time": "2026-04-18 12:02:34.548515", "level": "INFO", "message": "env env run once episode done, process_run_count is 57407", "file": "remote_env_server.py", "line": "298", "module": "env", "process": "remote_env_server", "function": "run_once", "stack": "", "pid": 94}
{"time": "2026-04-18 12:02:34.641136", "level": "INFO", "message": "env env recv reset message", "file": "remote_env_server.py", "line": "282", "module": "env", "process": "remote_env_server", "function": "run_once", "stack": "", "pid": 94}
{"time": "2026-04-18 12:02:34.642324", "level": "INFO", "message": "env Select map in order: episode=69, map_id=10 from map_list=[1, 2, 3, 4, 5, 6, 7, 8, 9, 10]", "file": "data_handler.py", "line": "148", "module": "env", "process": "data_handler", "function": "handle_usr_conf", "stack": "", "pid": 94}
{"time": "2026-04-18 12:02:43.415493", "level": "INFO", "message": "env data_handler finish success", "file": "data_handler.py", "line": "189", "module": "env", "process": "data_handler", "function": "finish", "stack": "", "pid": 94}
{"time": "2026-04-18 12:02:43.418760", "level": "INFO", "message": "env env run once episode done, process_run_count is 58408", "file": "remote_env_server.py", "line": "298", "module": "env", "process": "remote_env_server", "function": "run_once", "stack": "", "pid": 94}
{"time": "2026-04-18 12:02:43.492417", "level": "INFO", "message": "env env recv reset message", "file": "remote_env_server.py", "line": "282", "module": "env", "process": "remote_env_server", "function": "run_once", "stack": "", "pid": 94}
{"time": "2026-04-18 12:02:43.494371", "level": "INFO", "message": "env Select map in order: episode=70, map_id=1 from map_list=[1, 2, 3, 4, 5, 6, 7, 8, 9, 10]", "file": "data_handler.py", "line": "148", "module": "env", "process": "data_handler", "function": "handle_usr_conf", "stack": "", "pid": 94}
{"time": "2026-04-18 12:02:52.788513", "level": "INFO", "message": "env data_handler finish success", "file": "data_handler.py", "line": "189", "module": "env", "process": "data_handler", "function": "finish", "stack": "", "pid": 94}
{"time": "2026-04-18 12:02:52.789133", "level": "INFO", "message": "env env run once episode done, process_run_count is 59409", "file": "remote_env_server.py", "line": "298", "module": "env", "process": "remote_env_server", "function": "run_once", "stack": "", "pid": 94}
{"time": "2026-04-18 12:02:52.830831", "level": "INFO", "message": "env env recv reset message", "file": "remote_env_server.py", "line": "282", "module": "env", "process": "remote_env_server", "function": "run_once", "stack": "", "pid": 94}
{"time": "2026-04-18 12:02:52.831701", "level": "INFO", "message": "env Select map in order: episode=71, map_id=2 from map_list=[1, 2, 3, 4, 5, 6, 7, 8, 9, 10]", "file": "data_handler.py", "line": "148", "module": "env", "process": "data_handler", "function": "handle_usr_conf", "stack": "", "pid": 94}
{"time": "2026-04-18 12:03:00.987568", "level": "INFO", "message": "env data_handler finish success", "file": "data_handler.py", "line": "189", "module": "env", "process": "data_handler", "function": "finish", "stack": "", "pid": 94}
{"time": "2026-04-18 12:03:00.988488", "level": "INFO", "message": "env env run once episode done, process_run_count is 60302", "file": "remote_env_server.py", "line": "298", "module": "env", "process": "remote_env_server", "function": "run_once", "stack": "", "pid": 94}
{"time": "2026-04-18 12:03:01.027672", "level": "INFO", "message": "env env recv reset message", "file": "remote_env_server.py", "line": "282", "module": "env", "process": "remote_env_server", "function": "run_once", "stack": "", "pid": 94}
{"time": "2026-04-18 12:03:01.028468", "level": "INFO", "message": "env Select map in order: episode=72, map_id=3 from map_list=[1, 2, 3, 4, 5, 6, 7, 8, 9, 10]", "file": "data_handler.py", "line": "148", "module": "env", "process": "data_handler", "function": "handle_usr_conf", "stack": "", "pid": 94}
{"time": "2026-04-18 12:03:09.708059", "level": "INFO", "message": "env data_handler finish success", "file": "data_handler.py", "line": "189", "module": "env", "process": "data_handler", "function": "finish", "stack": "", "pid": 94}
{"time": "2026-04-18 12:03:09.708732", "level": "INFO", "message": "env env run once episode done, process_run_count is 61303", "file": "remote_env_server.py", "line": "298", "module": "env", "process": "remote_env_server", "function": "run_once", "stack": "", "pid": 94}
{"time": "2026-04-18 12:03:09.750932", "level": "INFO", "message": "env env recv reset message", "file": "remote_env_server.py", "line": "282", "module": "env", "process": "remote_env_server", "function": "run_once", "stack": "", "pid": 94}
{"time": "2026-04-18 12:03:09.751895", "level": "INFO", "message": "env Select map in order: episode=73, map_id=4 from map_list=[1, 2, 3, 4, 5, 6, 7, 8, 9, 10]", "file": "data_handler.py", "line": "148", "module": "env", "process": "data_handler", "function": "handle_usr_conf", "stack": "", "pid": 94}
{"time": "2026-04-18 12:03:19.742153", "level": "INFO", "message": "env data_handler finish success", "file": "data_handler.py", "line": "189", "module": "env", "process": "data_handler", "function": "finish", "stack": "", "pid": 94}
{"time": "2026-04-18 12:03:19.742805", "level": "INFO", "message": "env env run once episode done, process_run_count is 62304", "file": "remote_env_server.py", "line": "298", "module": "env", "process": "remote_env_server", "function": "run_once", "stack": "", "pid": 94}
{"time": "2026-04-18 12:03:19.849513", "level": "INFO", "message": "env env recv reset message", "file": "remote_env_server.py", "line": "282", "module": "env", "process": "remote_env_server", "function": "run_once", "stack": "", "pid": 94}
{"time": "2026-04-18 12:03:19.850376", "level": "INFO", "message": "env Select map in order: episode=74, map_id=5 from map_list=[1, 2, 3, 4, 5, 6, 7, 8, 9, 10]", "file": "data_handler.py", "line": "148", "module": "env", "process": "data_handler", "function": "handle_usr_conf", "stack": "", "pid": 94}
{"time": "2026-04-18 12:03:29.518997", "level": "INFO", "message": "env finish monitor_data is {'total_score': 781, 'clean_score': 781, 'total_map': 10, 'map_random': 0, 'map_code': 5, 'max_steps': 1000, 'finished_steps': 961, 'total_charger': 4, 'charge_count': 7, 'remaining_charge': 0}", "file": "monitor_helper.py", "line": "95", "module": "env", "process": "monitor_helper", "function": "finish", "stack": "", "pid": 94}
{"time": "2026-04-18 12:03:29.522154", "level": "INFO", "message": "env data_handler finish success", "file": "data_handler.py", "line": "189", "module": "env", "process": "data_handler", "function": "finish", "stack": "", "pid": 94}
{"time": "2026-04-18 12:03:29.522763", "level": "INFO", "message": "env env run once episode done, process_run_count is 63266", "file": "remote_env_server.py", "line": "298", "module": "env", "process": "remote_env_server", "function": "run_once", "stack": "", "pid": 94}
{"time": "2026-04-18 12:03:29.569564", "level": "INFO", "message": "env env recv reset message", "file": "remote_env_server.py", "line": "282", "module": "env", "process": "remote_env_server", "function": "run_once", "stack": "", "pid": 94}
{"time": "2026-04-18 12:03:29.571576", "level": "INFO", "message": "env Select map in order: episode=75, map_id=6 from map_list=[1, 2, 3, 4, 5, 6, 7, 8, 9, 10]", "file": "data_handler.py", "line": "148", "module": "env", "process": "data_handler", "function": "handle_usr_conf", "stack": "", "pid": 94}
{"time": "2026-04-18 12:03:38.882818", "level": "INFO", "message": "env data_handler finish success", "file": "data_handler.py", "line": "189", "module": "env", "process": "data_handler", "function": "finish", "stack": "", "pid": 94}
{"time": "2026-04-18 12:03:38.886412", "level": "INFO", "message": "env env run once episode done, process_run_count is 64267", "file": "remote_env_server.py", "line": "298", "module": "env", "process": "remote_env_server", "function": "run_once", "stack": "", "pid": 94}
{"time": "2026-04-18 12:03:38.934986", "level": "INFO", "message": "env env recv reset message", "file": "remote_env_server.py", "line": "282", "module": "env", "process": "remote_env_server", "function": "run_once", "stack": "", "pid": 94}
{"time": "2026-04-18 12:03:38.935848", "level": "INFO", "message": "env Select map in order: episode=76, map_id=7 from map_list=[1, 2, 3, 4, 5, 6, 7, 8, 9, 10]", "file": "data_handler.py", "line": "148", "module": "env", "process": "data_handler", "function": "handle_usr_conf", "stack": "", "pid": 94}
{"time": "2026-04-18 12:03:40.976911", "level": "INFO", "message": "env data_handler finish success", "file": "data_handler.py", "line": "189", "module": "env", "process": "data_handler", "function": "finish", "stack": "", "pid": 94}
{"time": "2026-04-18 12:03:40.977540", "level": "INFO", "message": "env env run once episode done, process_run_count is 64468", "file": "remote_env_server.py", "line": "298", "module": "env", "process": "remote_env_server", "function": "run_once", "stack": "", "pid": 94}
{"time": "2026-04-18 12:03:40.988813", "level": "INFO", "message": "env env recv reset message", "file": "remote_env_server.py", "line": "282", "module": "env", "process": "remote_env_server", "function": "run_once", "stack": "", "pid": 94}
{"time": "2026-04-18 12:03:40.989612", "level": "INFO", "message": "env Select map in order: episode=77, map_id=8 from map_list=[1, 2, 3, 4, 5, 6, 7, 8, 9, 10]", "file": "data_handler.py", "line": "148", "module": "env", "process": "data_handler", "function": "handle_usr_conf", "stack": "", "pid": 94}
{"time": "2026-04-18 12:03:42.908324", "level": "INFO", "message": "env data_handler finish success", "file": "data_handler.py", "line": "189", "module": "env", "process": "data_handler", "function": "finish", "stack": "", "pid": 94}
{"time": "2026-04-18 12:03:42.909100", "level": "INFO", "message": "env env run once episode done, process_run_count is 64669", "file": "remote_env_server.py", "line": "298", "module": "env", "process": "remote_env_server", "function": "run_once", "stack": "", "pid": 94}
{"time": "2026-04-18 12:03:42.919646", "level": "INFO", "message": "env env recv reset message", "file": "remote_env_server.py", "line": "282", "module": "env", "process": "remote_env_server", "function": "run_once", "stack": "", "pid": 94}
{"time": "2026-04-18 12:03:42.920590", "level": "INFO", "message": "env Select map in order: episode=78, map_id=9 from map_list=[1, 2, 3, 4, 5, 6, 7, 8, 9, 10]", "file": "data_handler.py", "line": "148", "module": "env", "process": "data_handler", "function": "handle_usr_conf", "stack": "", "pid": 94}
{"time": "2026-04-18 12:03:51.174757", "level": "INFO", "message": "env data_handler finish success", "file": "data_handler.py", "line": "189", "module": "env", "process": "data_handler", "function": "finish", "stack": "", "pid": 94}
{"time": "2026-04-18 12:03:51.175408", "level": "INFO", "message": "env env run once episode done, process_run_count is 65670", "file": "remote_env_server.py", "line": "298", "module": "env", "process": "remote_env_server", "function": "run_once", "stack": "", "pid": 94}
{"time": "2026-04-18 12:03:51.249646", "level": "INFO", "message": "env env recv reset message", "file": "remote_env_server.py", "line": "282", "module": "env", "process": "remote_env_server", "function": "run_once", "stack": "", "pid": 94}
{"time": "2026-04-18 12:03:51.250541", "level": "INFO", "message": "env Select map in order: episode=79, map_id=10 from map_list=[1, 2, 3, 4, 5, 6, 7, 8, 9, 10]", "file": "data_handler.py", "line": "148", "module": "env", "process": "data_handler", "function": "handle_usr_conf", "stack": "", "pid": 94}
{"time": "2026-04-18 12:04:00.437661", "level": "INFO", "message": "env data_handler finish success", "file": "data_handler.py", "line": "189", "module": "env", "process": "data_handler", "function": "finish", "stack": "", "pid": 94}
{"time": "2026-04-18 12:04:00.441892", "level": "INFO", "message": "env env run once episode done, process_run_count is 66671", "file": "remote_env_server.py", "line": "298", "module": "env", "process": "remote_env_server", "function": "run_once", "stack": "", "pid": 94}
{"time": "2026-04-18 12:04:00.487236", "level": "INFO", "message": "env env recv reset message", "file": "remote_env_server.py", "line": "282", "module": "env", "process": "remote_env_server", "function": "run_once", "stack": "", "pid": 94}
{"time": "2026-04-18 12:04:00.490522", "level": "INFO", "message": "env Select map in order: episode=80, map_id=1 from map_list=[1, 2, 3, 4, 5, 6, 7, 8, 9, 10]", "file": "data_handler.py", "line": "148", "module": "env", "process": "data_handler", "function": "handle_usr_conf", "stack": "", "pid": 94}
{"time": "2026-04-18 12:04:09.302854", "level": "INFO", "message": "env data_handler finish success", "file": "data_handler.py", "line": "189", "module": "env", "process": "data_handler", "function": "finish", "stack": "", "pid": 94}
{"time": "2026-04-18 12:04:09.303730", "level": "INFO", "message": "env env run once episode done, process_run_count is 67672", "file": "remote_env_server.py", "line": "298", "module": "env", "process": "remote_env_server", "function": "run_once", "stack": "", "pid": 94}
{"time": "2026-04-18 12:04:09.337934", "level": "INFO", "message": "env env recv reset message", "file": "remote_env_server.py", "line": "282", "module": "env", "process": "remote_env_server", "function": "run_once", "stack": "", "pid": 94}
{"time": "2026-04-18 12:04:09.338603", "level": "INFO", "message": "env Select map in order: episode=81, map_id=2 from map_list=[1, 2, 3, 4, 5, 6, 7, 8, 9, 10]", "file": "data_handler.py", "line": "148", "module": "env", "process": "data_handler", "function": "handle_usr_conf", "stack": "", "pid": 94}
{"time": "2026-04-18 12:04:18.530809", "level": "INFO", "message": "env data_handler finish success", "file": "data_handler.py", "line": "189", "module": "env", "process": "data_handler", "function": "finish", "stack": "", "pid": 94}
{"time": "2026-04-18 12:04:18.531528", "level": "INFO", "message": "env env run once episode done, process_run_count is 68673", "file": "remote_env_server.py", "line": "298", "module": "env", "process": "remote_env_server", "function": "run_once", "stack": "", "pid": 94}
{"time": "2026-04-18 12:04:18.571493", "level": "INFO", "message": "env env recv reset message", "file": "remote_env_server.py", "line": "282", "module": "env", "process": "remote_env_server", "function": "run_once", "stack": "", "pid": 94}
{"time": "2026-04-18 12:04:18.572673", "level": "INFO", "message": "env Select map in order: episode=82, map_id=3 from map_list=[1, 2, 3, 4, 5, 6, 7, 8, 9, 10]", "file": "data_handler.py", "line": "148", "module": "env", "process": "data_handler", "function": "handle_usr_conf", "stack": "", "pid": 94}
{"time": "2026-04-18 12:04:28.271361", "level": "INFO", "message": "env data_handler finish success", "file": "data_handler.py", "line": "189", "module": "env", "process": "data_handler", "function": "finish", "stack": "", "pid": 94}
{"time": "2026-04-18 12:04:28.272726", "level": "INFO", "message": "env env run once episode done, process_run_count is 69674", "file": "remote_env_server.py", "line": "298", "module": "env", "process": "remote_env_server", "function": "run_once", "stack": "", "pid": 94}
{"time": "2026-04-18 12:04:28.339765", "level": "INFO", "message": "env env recv reset message", "file": "remote_env_server.py", "line": "282", "module": "env", "process": "remote_env_server", "function": "run_once", "stack": "", "pid": 94}
{"time": "2026-04-18 12:04:28.340599", "level": "INFO", "message": "env Select map in order: episode=83, map_id=4 from map_list=[1, 2, 3, 4, 5, 6, 7, 8, 9, 10]", "file": "data_handler.py", "line": "148", "module": "env", "process": "data_handler", "function": "handle_usr_conf", "stack": "", "pid": 94}
{"time": "2026-04-18 12:04:37.258441", "level": "INFO", "message": "env finish monitor_data is {'total_score': 805, 'clean_score': 805, 'total_map': 10, 'map_random': 0, 'map_code': 4, 'max_steps': 1000, 'finished_steps': 1000, 'total_charger': 4, 'charge_count': 7, 'remaining_charge': 169}", "file": "monitor_helper.py", "line": "95", "module": "env", "process": "monitor_helper", "function": "finish", "stack": "", "pid": 94}
{"time": "2026-04-18 12:04:37.259522", "level": "INFO", "message": "env data_handler finish success", "file": "data_handler.py", "line": "189", "module": "env", "process": "data_handler", "function": "finish", "stack": "", "pid": 94}
{"time": "2026-04-18 12:04:37.260213", "level": "INFO", "message": "env env run once episode done, process_run_count is 70675", "file": "remote_env_server.py", "line": "298", "module": "env", "process": "remote_env_server", "function": "run_once", "stack": "", "pid": 94}
{"time": "2026-04-18 12:04:37.307401", "level": "INFO", "message": "env env recv reset message", "file": "remote_env_server.py", "line": "282", "module": "env", "process": "remote_env_server", "function": "run_once", "stack": "", "pid": 94}
{"time": "2026-04-18 12:04:37.308211", "level": "INFO", "message": "env Select map in order: episode=84, map_id=5 from map_list=[1, 2, 3, 4, 5, 6, 7, 8, 9, 10]", "file": "data_handler.py", "line": "148", "module": "env", "process": "data_handler", "function": "handle_usr_conf", "stack": "", "pid": 94}
{"time": "2026-04-18 12:04:47.108773", "level": "INFO", "message": "env data_handler finish success", "file": "data_handler.py", "line": "189", "module": "env", "process": "data_handler", "function": "finish", "stack": "", "pid": 94}
{"time": "2026-04-18 12:04:47.112254", "level": "INFO", "message": "env env run once episode done, process_run_count is 71676", "file": "remote_env_server.py", "line": "298", "module": "env", "process": "remote_env_server", "function": "run_once", "stack": "", "pid": 94}
{"time": "2026-04-18 12:04:47.151650", "level": "INFO", "message": "env env recv reset message", "file": "remote_env_server.py", "line": "282", "module": "env", "process": "remote_env_server", "function": "run_once", "stack": "", "pid": 94}
{"time": "2026-04-18 12:04:47.152636", "level": "INFO", "message": "env Select map in order: episode=85, map_id=6 from map_list=[1, 2, 3, 4, 5, 6, 7, 8, 9, 10]", "file": "data_handler.py", "line": "148", "module": "env", "process": "data_handler", "function": "handle_usr_conf", "stack": "", "pid": 94}
{"time": "2026-04-18 12:04:55.530767", "level": "INFO", "message": "env data_handler finish success", "file": "data_handler.py", "line": "189", "module": "env", "process": "data_handler", "function": "finish", "stack": "", "pid": 94}
{"time": "2026-04-18 12:04:55.531364", "level": "INFO", "message": "env env run once episode done, process_run_count is 72677", "file": "remote_env_server.py", "line": "298", "module": "env", "process": "remote_env_server", "function": "run_once", "stack": "", "pid": 94}
{"time": "2026-04-18 12:04:55.569060", "level": "INFO", "message": "env env recv reset message", "file": "remote_env_server.py", "line": "282", "module": "env", "process": "remote_env_server", "function": "run_once", "stack": "", "pid": 94}
{"time": "2026-04-18 12:04:55.572323", "level": "INFO", "message": "env Select map in order: episode=86, map_id=7 from map_list=[1, 2, 3, 4, 5, 6, 7, 8, 9, 10]", "file": "data_handler.py", "line": "148", "module": "env", "process": "data_handler", "function": "handle_usr_conf", "stack": "", "pid": 94}
{"time": "2026-04-18 12:05:02.674048", "level": "INFO", "message": "env data_handler finish success", "file": "data_handler.py", "line": "189", "module": "env", "process": "data_handler", "function": "finish", "stack": "", "pid": 94}
{"time": "2026-04-18 12:05:02.674530", "level": "INFO", "message": "env env run once episode done, process_run_count is 73678", "file": "remote_env_server.py", "line": "298", "module": "env", "process": "remote_env_server", "function": "run_once", "stack": "", "pid": 94}
{"time": "2026-04-18 12:05:02.712032", "level": "INFO", "message": "env env recv reset message", "file": "remote_env_server.py", "line": "282", "module": "env", "process": "remote_env_server", "function": "run_once", "stack": "", "pid": 94}
{"time": "2026-04-18 12:05:02.712856", "level": "INFO", "message": "env Select map in order: episode=87, map_id=8 from map_list=[1, 2, 3, 4, 5, 6, 7, 8, 9, 10]", "file": "data_handler.py", "line": "148", "module": "env", "process": "data_handler", "function": "handle_usr_conf", "stack": "", "pid": 94}
{"time": "2026-04-18 12:05:10.979791", "level": "INFO", "message": "env data_handler finish success", "file": "data_handler.py", "line": "189", "module": "env", "process": "data_handler", "function": "finish", "stack": "", "pid": 94}
{"time": "2026-04-18 12:05:10.980523", "level": "INFO", "message": "env env run once episode done, process_run_count is 74679", "file": "remote_env_server.py", "line": "298", "module": "env", "process": "remote_env_server", "function": "run_once", "stack": "", "pid": 94}
{"time": "2026-04-18 12:05:11.023555", "level": "INFO", "message": "env env recv reset message", "file": "remote_env_server.py", "line": "282", "module": "env", "process": "remote_env_server", "function": "run_once", "stack": "", "pid": 94}
{"time": "2026-04-18 12:05:11.024342", "level": "INFO", "message": "env Select map in order: episode=88, map_id=9 from map_list=[1, 2, 3, 4, 5, 6, 7, 8, 9, 10]", "file": "data_handler.py", "line": "148", "module": "env", "process": "data_handler", "function": "handle_usr_conf", "stack": "", "pid": 94}
{"time": "2026-04-18 12:05:19.291692", "level": "INFO", "message": "env data_handler finish success", "file": "data_handler.py", "line": "189", "module": "env", "process": "data_handler", "function": "finish", "stack": "", "pid": 94}
{"time": "2026-04-18 12:05:19.292286", "level": "INFO", "message": "env env run once episode done, process_run_count is 75680", "file": "remote_env_server.py", "line": "298", "module": "env", "process": "remote_env_server", "function": "run_once", "stack": "", "pid": 94}
{"time": "2026-04-18 12:05:19.333643", "level": "INFO", "message": "env env recv reset message", "file": "remote_env_server.py", "line": "282", "module": "env", "process": "remote_env_server", "function": "run_once", "stack": "", "pid": 94}
{"time": "2026-04-18 12:05:19.334553", "level": "INFO", "message": "env Select map in order: episode=89, map_id=10 from map_list=[1, 2, 3, 4, 5, 6, 7, 8, 9, 10]", "file": "data_handler.py", "line": "148", "module": "env", "process": "data_handler", "function": "handle_usr_conf", "stack": "", "pid": 94}
{"time": "2026-04-18 12:05:27.682174", "level": "INFO", "message": "env data_handler finish success", "file": "data_handler.py", "line": "189", "module": "env", "process": "data_handler", "function": "finish", "stack": "", "pid": 94}
{"time": "2026-04-18 12:05:27.682884", "level": "INFO", "message": "env env run once episode done, process_run_count is 76681", "file": "remote_env_server.py", "line": "298", "module": "env", "process": "remote_env_server", "function": "run_once", "stack": "", "pid": 94}
{"time": "2026-04-18 12:05:27.722657", "level": "INFO", "message": "env env recv reset message", "file": "remote_env_server.py", "line": "282", "module": "env", "process": "remote_env_server", "function": "run_once", "stack": "", "pid": 94}
{"time": "2026-04-18 12:05:27.723593", "level": "INFO", "message": "env Select map in order: episode=90, map_id=1 from map_list=[1, 2, 3, 4, 5, 6, 7, 8, 9, 10]", "file": "data_handler.py", "line": "148", "module": "env", "process": "data_handler", "function": "handle_usr_conf", "stack": "", "pid": 94}
{"time": "2026-04-18 12:05:29.573457", "level": "INFO", "message": "env data_handler finish success", "file": "data_handler.py", "line": "189", "module": "env", "process": "data_handler", "function": "finish", "stack": "", "pid": 94}
{"time": "2026-04-18 12:05:29.573955", "level": "INFO", "message": "env env run once episode done, process_run_count is 76882", "file": "remote_env_server.py", "line": "298", "module": "env", "process": "remote_env_server", "function": "run_once", "stack": "", "pid": 94}
{"time": "2026-04-18 12:05:29.595722", "level": "INFO", "message": "env env recv reset message", "file": "remote_env_server.py", "line": "282", "module": "env", "process": "remote_env_server", "function": "run_once", "stack": "", "pid": 94}
{"time": "2026-04-18 12:05:29.596391", "level": "INFO", "message": "env Select map in order: episode=91, map_id=2 from map_list=[1, 2, 3, 4, 5, 6, 7, 8, 9, 10]", "file": "data_handler.py", "line": "148", "module": "env", "process": "data_handler", "function": "handle_usr_conf", "stack": "", "pid": 94}
{"time": "2026-04-18 12:05:34.140458", "level": "INFO", "message": "env data_handler finish success", "file": "data_handler.py", "line": "189", "module": "env", "process": "data_handler", "function": "finish", "stack": "", "pid": 94}
{"time": "2026-04-18 12:05:34.141001", "level": "INFO", "message": "env env run once episode done, process_run_count is 77529", "file": "remote_env_server.py", "line": "298", "module": "env", "process": "remote_env_server", "function": "run_once", "stack": "", "pid": 94}
{"time": "2026-04-18 12:05:34.169202", "level": "INFO", "message": "env env recv reset message", "file": "remote_env_server.py", "line": "282", "module": "env", "process": "remote_env_server", "function": "run_once", "stack": "", "pid": 94}
{"time": "2026-04-18 12:05:34.169985", "level": "INFO", "message": "env Select map in order: episode=92, map_id=3 from map_list=[1, 2, 3, 4, 5, 6, 7, 8, 9, 10]", "file": "data_handler.py", "line": "148", "module": "env", "process": "data_handler", "function": "handle_usr_conf", "stack": "", "pid": 94}
{"time": "2026-04-18 12:05:42.379590", "level": "INFO", "message": "env finish monitor_data is {'total_score': 899, 'clean_score': 899, 'total_map': 10, 'map_random': 0, 'map_code': 3, 'max_steps': 1000, 'finished_steps': 1000, 'total_charger': 4, 'charge_count': 9, 'remaining_charge': 143}", "file": "monitor_helper.py", "line": "95", "module": "env", "process": "monitor_helper", "function": "finish", "stack": "", "pid": 94}
{"time": "2026-04-18 12:05:42.380439", "level": "INFO", "message": "env data_handler finish success", "file": "data_handler.py", "line": "189", "module": "env", "process": "data_handler", "function": "finish", "stack": "", "pid": 94}
{"time": "2026-04-18 12:05:42.383479", "level": "INFO", "message": "env env run once episode done, process_run_count is 78530", "file": "remote_env_server.py", "line": "298", "module": "env", "process": "remote_env_server", "function": "run_once", "stack": "", "pid": 94}
{"time": "2026-04-18 12:05:42.420609", "level": "INFO", "message": "env env recv reset message", "file": "remote_env_server.py", "line": "282", "module": "env", "process": "remote_env_server", "function": "run_once", "stack": "", "pid": 94}
{"time": "2026-04-18 12:05:42.421391", "level": "INFO", "message": "env Select map in order: episode=93, map_id=4 from map_list=[1, 2, 3, 4, 5, 6, 7, 8, 9, 10]", "file": "data_handler.py", "line": "148", "module": "env", "process": "data_handler", "function": "handle_usr_conf", "stack": "", "pid": 94}
{"time": "2026-04-18 12:05:45.383492", "level": "INFO", "message": "env data_handler finish success", "file": "data_handler.py", "line": "189", "module": "env", "process": "data_handler", "function": "finish", "stack": "", "pid": 94}
{"time": "2026-04-18 12:05:45.384002", "level": "INFO", "message": "env env run once episode done, process_run_count is 78866", "file": "remote_env_server.py", "line": "298", "module": "env", "process": "remote_env_server", "function": "run_once", "stack": "", "pid": 94}
{"time": "2026-04-18 12:05:45.397915", "level": "INFO", "message": "env env recv reset message", "file": "remote_env_server.py", "line": "282", "module": "env", "process": "remote_env_server", "function": "run_once", "stack": "", "pid": 94}
{"time": "2026-04-18 12:05:45.398656", "level": "INFO", "message": "env Select map in order: episode=94, map_id=5 from map_list=[1, 2, 3, 4, 5, 6, 7, 8, 9, 10]", "file": "data_handler.py", "line": "148", "module": "env", "process": "data_handler", "function": "handle_usr_conf", "stack": "", "pid": 94}
{"time": "2026-04-18 12:05:53.714181", "level": "INFO", "message": "env data_handler finish success", "file": "data_handler.py", "line": "189", "module": "env", "process": "data_handler", "function": "finish", "stack": "", "pid": 94}
{"time": "2026-04-18 12:05:53.714874", "level": "INFO", "message": "env env run once episode done, process_run_count is 79867", "file": "remote_env_server.py", "line": "298", "module": "env", "process": "remote_env_server", "function": "run_once", "stack": "", "pid": 94}
{"time": "2026-04-18 12:05:53.763441", "level": "INFO", "message": "env env recv reset message", "file": "remote_env_server.py", "line": "282", "module": "env", "process": "remote_env_server", "function": "run_once", "stack": "", "pid": 94}
{"time": "2026-04-18 12:05:53.764118", "level": "INFO", "message": "env Select map in order: episode=95, map_id=6 from map_list=[1, 2, 3, 4, 5, 6, 7, 8, 9, 10]", "file": "data_handler.py", "line": "148", "module": "env", "process": "data_handler", "function": "handle_usr_conf", "stack": "", "pid": 94}
{"time": "2026-04-18 12:06:01.594429", "level": "INFO", "message": "env data_handler finish success", "file": "data_handler.py", "line": "189", "module": "env", "process": "data_handler", "function": "finish", "stack": "", "pid": 94}
{"time": "2026-04-18 12:06:01.595207", "level": "INFO", "message": "env env run once episode done, process_run_count is 80868", "file": "remote_env_server.py", "line": "298", "module": "env", "process": "remote_env_server", "function": "run_once", "stack": "", "pid": 94}
{"time": "2026-04-18 12:06:01.646449", "level": "INFO", "message": "env env recv reset message", "file": "remote_env_server.py", "line": "282", "module": "env", "process": "remote_env_server", "function": "run_once", "stack": "", "pid": 94}
{"time": "2026-04-18 12:06:01.647129", "level": "INFO", "message": "env Select map in order: episode=96, map_id=7 from map_list=[1, 2, 3, 4, 5, 6, 7, 8, 9, 10]", "file": "data_handler.py", "line": "148", "module": "env", "process": "data_handler", "function": "handle_usr_conf", "stack": "", "pid": 94}
{"time": "2026-04-18 12:06:03.478359", "level": "INFO", "message": "env data_handler finish success", "file": "data_handler.py", "line": "189", "module": "env", "process": "data_handler", "function": "finish", "stack": "", "pid": 94}
{"time": "2026-04-18 12:06:03.478882", "level": "INFO", "message": "env env run once episode done, process_run_count is 81069", "file": "remote_env_server.py", "line": "298", "module": "env", "process": "remote_env_server", "function": "run_once", "stack": "", "pid": 94}
{"time": "2026-04-18 12:06:03.487585", "level": "INFO", "message": "env env recv reset message", "file": "remote_env_server.py", "line": "282", "module": "env", "process": "remote_env_server", "function": "run_once", "stack": "", "pid": 94}
{"time": "2026-04-18 12:06:03.488476", "level": "INFO", "message": "env Select map in order: episode=97, map_id=8 from map_list=[1, 2, 3, 4, 5, 6, 7, 8, 9, 10]", "file": "data_handler.py", "line": "148", "module": "env", "process": "data_handler", "function": "handle_usr_conf", "stack": "", "pid": 94}
{"time": "2026-04-18 12:06:11.714686", "level": "INFO", "message": "env data_handler finish success", "file": "data_handler.py", "line": "189", "module": "env", "process": "data_handler", "function": "finish", "stack": "", "pid": 94}
{"time": "2026-04-18 12:06:11.715227", "level": "INFO", "message": "env env run once episode done, process_run_count is 82070", "file": "remote_env_server.py", "line": "298", "module": "env", "process": "remote_env_server", "function": "run_once", "stack": "", "pid": 94}
{"time": "2026-04-18 12:06:11.762119", "level": "INFO", "message": "env env recv reset message", "file": "remote_env_server.py", "line": "282", "module": "env", "process": "remote_env_server", "function": "run_once", "stack": "", "pid": 94}
{"time": "2026-04-18 12:06:11.762800", "level": "INFO", "message": "env Select map in order: episode=98, map_id=9 from map_list=[1, 2, 3, 4, 5, 6, 7, 8, 9, 10]", "file": "data_handler.py", "line": "148", "module": "env", "process": "data_handler", "function": "handle_usr_conf", "stack": "", "pid": 94}
{"time": "2026-04-18 12:06:19.007140", "level": "INFO", "message": "env data_handler finish success", "file": "data_handler.py", "line": "189", "module": "env", "process": "data_handler", "function": "finish", "stack": "", "pid": 94}
{"time": "2026-04-18 12:06:19.007978", "level": "INFO", "message": "env env run once episode done, process_run_count is 83071", "file": "remote_env_server.py", "line": "298", "module": "env", "process": "remote_env_server", "function": "run_once", "stack": "", "pid": 94}
{"time": "2026-04-18 12:06:19.051774", "level": "INFO", "message": "env env recv reset message", "file": "remote_env_server.py", "line": "282", "module": "env", "process": "remote_env_server", "function": "run_once", "stack": "", "pid": 94}
{"time": "2026-04-18 12:06:19.052601", "level": "INFO", "message": "env Select map in order: episode=99, map_id=10 from map_list=[1, 2, 3, 4, 5, 6, 7, 8, 9, 10]", "file": "data_handler.py", "line": "148", "module": "env", "process": "data_handler", "function": "handle_usr_conf", "stack": "", "pid": 94}
{"time": "2026-04-18 12:06:27.332998", "level": "INFO", "message": "env data_handler finish success", "file": "data_handler.py", "line": "189", "module": "env", "process": "data_handler", "function": "finish", "stack": "", "pid": 94}
{"time": "2026-04-18 12:06:27.333608", "level": "INFO", "message": "env env run once episode done, process_run_count is 84072", "file": "remote_env_server.py", "line": "298", "module": "env", "process": "remote_env_server", "function": "run_once", "stack": "", "pid": 94}
{"time": "2026-04-18 12:06:27.377785", "level": "INFO", "message": "env env recv reset message", "file": "remote_env_server.py", "line": "282", "module": "env", "process": "remote_env_server", "function": "run_once", "stack": "", "pid": 94}
{"time": "2026-04-18 12:06:27.378634", "level": "INFO", "message": "env Select map in order: episode=100, map_id=1 from map_list=[1, 2, 3, 4, 5, 6, 7, 8, 9, 10]", "file": "data_handler.py", "line": "148", "module": "env", "process": "data_handler", "function": "handle_usr_conf", "stack": "", "pid": 94}
{"time": "2026-04-18 12:06:35.220486", "level": "INFO", "message": "env data_handler finish success", "file": "data_handler.py", "line": "189", "module": "env", "process": "data_handler", "function": "finish", "stack": "", "pid": 94}
{"time": "2026-04-18 12:06:35.221141", "level": "INFO", "message": "env env run once episode done, process_run_count is 85073", "file": "remote_env_server.py", "line": "298", "module": "env", "process": "remote_env_server", "function": "run_once", "stack": "", "pid": 94}
{"time": "2026-04-18 12:06:35.272196", "level": "INFO", "message": "env env recv reset message", "file": "remote_env_server.py", "line": "282", "module": "env", "process": "remote_env_server", "function": "run_once", "stack": "", "pid": 94}
{"time": "2026-04-18 12:06:35.272785", "level": "INFO", "message": "env Select map in order: episode=101, map_id=2 from map_list=[1, 2, 3, 4, 5, 6, 7, 8, 9, 10]", "file": "data_handler.py", "line": "148", "module": "env", "process": "data_handler", "function": "handle_usr_conf", "stack": "", "pid": 94}
{"time": "2026-04-18 12:06:43.198415", "level": "INFO", "message": "env finish monitor_data is {'total_score': 728, 'clean_score': 728, 'total_map': 10, 'map_random': 0, 'map_code': 2, 'max_steps': 1000, 'finished_steps': 1000, 'total_charger': 4, 'charge_count': 8, 'remaining_charge': 145}", "file": "monitor_helper.py", "line": "95", "module": "env", "process": "monitor_helper", "function": "finish", "stack": "", "pid": 94}
{"time": "2026-04-18 12:06:43.199103", "level": "INFO", "message": "env data_handler finish success", "file": "data_handler.py", "line": "189", "module": "env", "process": "data_handler", "function": "finish", "stack": "", "pid": 94}
{"time": "2026-04-18 12:06:43.199856", "level": "INFO", "message": "env env run once episode done, process_run_count is 86074", "file": "remote_env_server.py", "line": "298", "module": "env", "process": "remote_env_server", "function": "run_once", "stack": "", "pid": 94}
{"time": "2026-04-18 12:06:43.250796", "level": "INFO", "message": "env env recv reset message", "file": "remote_env_server.py", "line": "282", "module": "env", "process": "remote_env_server", "function": "run_once", "stack": "", "pid": 94}
{"time": "2026-04-18 12:06:43.251749", "level": "INFO", "message": "env Select map in order: episode=102, map_id=3 from map_list=[1, 2, 3, 4, 5, 6, 7, 8, 9, 10]", "file": "data_handler.py", "line": "148", "module": "env", "process": "data_handler", "function": "handle_usr_conf", "stack": "", "pid": 94}
{"time": "2026-04-18 12:06:44.945877", "level": "INFO", "message": "env data_handler finish success", "file": "data_handler.py", "line": "189", "module": "env", "process": "data_handler", "function": "finish", "stack": "", "pid": 94}
{"time": "2026-04-18 12:06:44.946498", "level": "INFO", "message": "env env run once episode done, process_run_count is 86275", "file": "remote_env_server.py", "line": "298", "module": "env", "process": "remote_env_server", "function": "run_once", "stack": "", "pid": 94}
{"time": "2026-04-18 12:06:44.961347", "level": "INFO", "message": "env env recv reset message", "file": "remote_env_server.py", "line": "282", "module": "env", "process": "remote_env_server", "function": "run_once", "stack": "", "pid": 94}
{"time": "2026-04-18 12:06:44.962261", "level": "INFO", "message": "env Select map in order: episode=103, map_id=4 from map_list=[1, 2, 3, 4, 5, 6, 7, 8, 9, 10]", "file": "data_handler.py", "line": "148", "module": "env", "process": "data_handler", "function": "handle_usr_conf", "stack": "", "pid": 94}
{"time": "2026-04-18 12:06:46.384864", "level": "INFO", "message": "env data_handler finish success", "file": "data_handler.py", "line": "189", "module": "env", "process": "data_handler", "function": "finish", "stack": "", "pid": 94}
{"time": "2026-04-18 12:06:46.385708", "level": "INFO", "message": "env env run once episode done, process_run_count is 86431", "file": "remote_env_server.py", "line": "298", "module": "env", "process": "remote_env_server", "function": "run_once", "stack": "", "pid": 94}
{"time": "2026-04-18 12:06:46.398416", "level": "INFO", "message": "env env recv reset message", "file": "remote_env_server.py", "line": "282", "module": "env", "process": "remote_env_server", "function": "run_once", "stack": "", "pid": 94}
{"time": "2026-04-18 12:06:46.399351", "level": "INFO", "message": "env Select map in order: episode=104, map_id=5 from map_list=[1, 2, 3, 4, 5, 6, 7, 8, 9, 10]", "file": "data_handler.py", "line": "148", "module": "env", "process": "data_handler", "function": "handle_usr_conf", "stack": "", "pid": 94}
{"time": "2026-04-18 12:06:51.695516", "level": "INFO", "message": "env data_handler finish success", "file": "data_handler.py", "line": "189", "module": "env", "process": "data_handler", "function": "finish", "stack": "", "pid": 94}
{"time": "2026-04-18 12:06:51.696102", "level": "INFO", "message": "env env run once episode done, process_run_count is 87113", "file": "remote_env_server.py", "line": "298", "module": "env", "process": "remote_env_server", "function": "run_once", "stack": "", "pid": 94}
{"time": "2026-04-18 12:06:51.728713", "level": "INFO", "message": "env env recv reset message", "file": "remote_env_server.py", "line": "282", "module": "env", "process": "remote_env_server", "function": "run_once", "stack": "", "pid": 94}
{"time": "2026-04-18 12:06:51.729458", "level": "INFO", "message": "env Select map in order: episode=105, map_id=6 from map_list=[1, 2, 3, 4, 5, 6, 7, 8, 9, 10]", "file": "data_handler.py", "line": "148", "module": "env", "process": "data_handler", "function": "handle_usr_conf", "stack": "", "pid": 94}
{"time": "2026-04-18 12:06:58.344715", "level": "INFO", "message": "env data_handler finish success", "file": "data_handler.py", "line": "189", "module": "env", "process": "data_handler", "function": "finish", "stack": "", "pid": 94}
{"time": "2026-04-18 12:06:58.345480", "level": "INFO", "message": "env env run once episode done, process_run_count is 88114", "file": "remote_env_server.py", "line": "298", "module": "env", "process": "remote_env_server", "function": "run_once", "stack": "", "pid": 94}
{"time": "2026-04-18 12:06:58.396056", "level": "INFO", "message": "env env recv reset message", "file": "remote_env_server.py", "line": "282", "module": "env", "process": "remote_env_server", "function": "run_once", "stack": "", "pid": 94}
{"time": "2026-04-18 12:06:58.396962", "level": "INFO", "message": "env Select map in order: episode=106, map_id=7 from map_list=[1, 2, 3, 4, 5, 6, 7, 8, 9, 10]", "file": "data_handler.py", "line": "148", "module": "env", "process": "data_handler", "function": "handle_usr_conf", "stack": "", "pid": 94}
{"time": "2026-04-18 12:07:06.118174", "level": "INFO", "message": "env data_handler finish success", "file": "data_handler.py", "line": "189", "module": "env", "process": "data_handler", "function": "finish", "stack": "", "pid": 94}
{"time": "2026-04-18 12:07:06.118919", "level": "INFO", "message": "env env run once episode done, process_run_count is 89115", "file": "remote_env_server.py", "line": "298", "module": "env", "process": "remote_env_server", "function": "run_once", "stack": "", "pid": 94}
{"time": "2026-04-18 12:07:06.163418", "level": "INFO", "message": "env env recv reset message", "file": "remote_env_server.py", "line": "282", "module": "env", "process": "remote_env_server", "function": "run_once", "stack": "", "pid": 94}
{"time": "2026-04-18 12:07:06.164258", "level": "INFO", "message": "env Select map in order: episode=107, map_id=8 from map_list=[1, 2, 3, 4, 5, 6, 7, 8, 9, 10]", "file": "data_handler.py", "line": "148", "module": "env", "process": "data_handler", "function": "handle_usr_conf", "stack": "", "pid": 94}
{"time": "2026-04-18 12:07:10.413069", "level": "INFO", "message": "env data_handler finish success", "file": "data_handler.py", "line": "189", "module": "env", "process": "data_handler", "function": "finish", "stack": "", "pid": 94}
{"time": "2026-04-18 12:07:10.413908", "level": "INFO", "message": "env env run once episode done, process_run_count is 89629", "file": "remote_env_server.py", "line": "298", "module": "env", "process": "remote_env_server", "function": "run_once", "stack": "", "pid": 94}
{"time": "2026-04-18 12:07:10.431870", "level": "INFO", "message": "env env recv reset message", "file": "remote_env_server.py", "line": "282", "module": "env", "process": "remote_env_server", "function": "run_once", "stack": "", "pid": 94}
{"time": "2026-04-18 12:07:10.438505", "level": "INFO", "message": "env Select map in order: episode=108, map_id=9 from map_list=[1, 2, 3, 4, 5, 6, 7, 8, 9, 10]", "file": "data_handler.py", "line": "148", "module": "env", "process": "data_handler", "function": "handle_usr_conf", "stack": "", "pid": 94}
{"time": "2026-04-18 12:07:18.343083", "level": "INFO", "message": "env data_handler finish success", "file": "data_handler.py", "line": "189", "module": "env", "process": "data_handler", "function": "finish", "stack": "", "pid": 94}
{"time": "2026-04-18 12:07:18.343735", "level": "INFO", "message": "env env run once episode done, process_run_count is 90630", "file": "remote_env_server.py", "line": "298", "module": "env", "process": "remote_env_server", "function": "run_once", "stack": "", "pid": 94}
{"time": "2026-04-18 12:07:18.389970", "level": "INFO", "message": "env env recv reset message", "file": "remote_env_server.py", "line": "282", "module": "env", "process": "remote_env_server", "function": "run_once", "stack": "", "pid": 94}
{"time": "2026-04-18 12:07:18.393202", "level": "INFO", "message": "env Select map in order: episode=109, map_id=10 from map_list=[1, 2, 3, 4, 5, 6, 7, 8, 9, 10]", "file": "data_handler.py", "line": "148", "module": "env", "process": "data_handler", "function": "handle_usr_conf", "stack": "", "pid": 94}
{"time": "2026-04-18 12:07:25.779728", "level": "INFO", "message": "env data_handler finish success", "file": "data_handler.py", "line": "189", "module": "env", "process": "data_handler", "function": "finish", "stack": "", "pid": 94}
{"time": "2026-04-18 12:07:25.780388", "level": "INFO", "message": "env env run once episode done, process_run_count is 91631", "file": "remote_env_server.py", "line": "298", "module": "env", "process": "remote_env_server", "function": "run_once", "stack": "", "pid": 94}
{"time": "2026-04-18 12:07:25.826896", "level": "INFO", "message": "env env recv reset message", "file": "remote_env_server.py", "line": "282", "module": "env", "process": "remote_env_server", "function": "run_once", "stack": "", "pid": 94}
{"time": "2026-04-18 12:07:25.827628", "level": "INFO", "message": "env Select map in order: episode=110, map_id=1 from map_list=[1, 2, 3, 4, 5, 6, 7, 8, 9, 10]", "file": "data_handler.py", "line": "148", "module": "env", "process": "data_handler", "function": "handle_usr_conf", "stack": "", "pid": 94}
{"time": "2026-04-18 12:07:27.004541", "level": "INFO", "message": "env data_handler finish success", "file": "data_handler.py", "line": "189", "module": "env", "process": "data_handler", "function": "finish", "stack": "", "pid": 94}
{"time": "2026-04-18 12:07:27.005255", "level": "INFO", "message": "env env run once episode done, process_run_count is 91832", "file": "remote_env_server.py", "line": "298", "module": "env", "process": "remote_env_server", "function": "run_once", "stack": "", "pid": 94}
{"time": "2026-04-18 12:07:27.014481", "level": "INFO", "message": "env env recv reset message", "file": "remote_env_server.py", "line": "282", "module": "env", "process": "remote_env_server", "function": "run_once", "stack": "", "pid": 94}
{"time": "2026-04-18 12:07:27.015340", "level": "INFO", "message": "env Select map in order: episode=111, map_id=2 from map_list=[1, 2, 3, 4, 5, 6, 7, 8, 9, 10]", "file": "data_handler.py", "line": "148", "module": "env", "process": "data_handler", "function": "handle_usr_conf", "stack": "", "pid": 94}
{"time": "2026-04-18 12:07:34.786235", "level": "INFO", "message": "env data_handler finish success", "file": "data_handler.py", "line": "189", "module": "env", "process": "data_handler", "function": "finish", "stack": "", "pid": 94}
{"time": "2026-04-18 12:07:34.786942", "level": "INFO", "message": "env env run once episode done, process_run_count is 92833", "file": "remote_env_server.py", "line": "298", "module": "env", "process": "remote_env_server", "function": "run_once", "stack": "", "pid": 94}
{"time": "2026-04-18 12:07:34.837804", "level": "INFO", "message": "env env recv reset message", "file": "remote_env_server.py", "line": "282", "module": "env", "process": "remote_env_server", "function": "run_once", "stack": "", "pid": 94}
{"time": "2026-04-18 12:07:34.838667", "level": "INFO", "message": "env Select map in order: episode=112, map_id=3 from map_list=[1, 2, 3, 4, 5, 6, 7, 8, 9, 10]", "file": "data_handler.py", "line": "148", "module": "env", "process": "data_handler", "function": "handle_usr_conf", "stack": "", "pid": 94}
{"time": "2026-04-18 12:07:38.873047", "level": "INFO", "message": "env data_handler finish success", "file": "data_handler.py", "line": "189", "module": "env", "process": "data_handler", "function": "finish", "stack": "", "pid": 94}
{"time": "2026-04-18 12:07:38.873706", "level": "INFO", "message": "env env run once episode done, process_run_count is 93344", "file": "remote_env_server.py", "line": "298", "module": "env", "process": "remote_env_server", "function": "run_once", "stack": "", "pid": 94}
{"time": "2026-04-18 12:07:38.899752", "level": "INFO", "message": "env env recv reset message", "file": "remote_env_server.py", "line": "282", "module": "env", "process": "remote_env_server", "function": "run_once", "stack": "", "pid": 94}
{"time": "2026-04-18 12:07:38.900458", "level": "INFO", "message": "env Select map in order: episode=113, map_id=4 from map_list=[1, 2, 3, 4, 5, 6, 7, 8, 9, 10]", "file": "data_handler.py", "line": "148", "module": "env", "process": "data_handler", "function": "handle_usr_conf", "stack": "", "pid": 94}
{"time": "2026-04-18 12:07:44.091357", "level": "INFO", "message": "env finish monitor_data is {'total_score': 547, 'clean_score': 547, 'total_map': 10, 'map_random': 0, 'map_code': 4, 'max_steps': 1000, 'finished_steps': 616, 'total_charger': 4, 'charge_count': 3, 'remaining_charge': 0}", "file": "monitor_helper.py", "line": "95", "module": "env", "process": "monitor_helper", "function": "finish", "stack": "", "pid": 94}
{"time": "2026-04-18 12:07:44.092961", "level": "INFO", "message": "env data_handler finish success", "file": "data_handler.py", "line": "189", "module": "env", "process": "data_handler", "function": "finish", "stack": "", "pid": 94}
{"time": "2026-04-18 12:07:44.093703", "level": "INFO", "message": "env env run once episode done, process_run_count is 93961", "file": "remote_env_server.py", "line": "298", "module": "env", "process": "remote_env_server", "function": "run_once", "stack": "", "pid": 94}
{"time": "2026-04-18 12:07:44.121698", "level": "INFO", "message": "env env recv reset message", "file": "remote_env_server.py", "line": "282", "module": "env", "process": "remote_env_server", "function": "run_once", "stack": "", "pid": 94}
{"time": "2026-04-18 12:07:44.122525", "level": "INFO", "message": "env Select map in order: episode=114, map_id=5 from map_list=[1, 2, 3, 4, 5, 6, 7, 8, 9, 10]", "file": "data_handler.py", "line": "148", "module": "env", "process": "data_handler", "function": "handle_usr_conf", "stack": "", "pid": 94}
{"time": "2026-04-18 12:07:50.592031", "level": "INFO", "message": "env data_handler finish success", "file": "data_handler.py", "line": "189", "module": "env", "process": "data_handler", "function": "finish", "stack": "", "pid": 94}
{"time": "2026-04-18 12:07:50.593140", "level": "INFO", "message": "env env run once episode done, process_run_count is 94787", "file": "remote_env_server.py", "line": "298", "module": "env", "process": "remote_env_server", "function": "run_once", "stack": "", "pid": 94}
{"time": "2026-04-18 12:07:50.634498", "level": "INFO", "message": "env env recv reset message", "file": "remote_env_server.py", "line": "282", "module": "env", "process": "remote_env_server", "function": "run_once", "stack": "", "pid": 94}
{"time": "2026-04-18 12:07:50.635198", "level": "INFO", "message": "env Select map in order: episode=115, map_id=6 from map_list=[1, 2, 3, 4, 5, 6, 7, 8, 9, 10]", "file": "data_handler.py", "line": "148", "module": "env", "process": "data_handler", "function": "handle_usr_conf", "stack": "", "pid": 94}
{"time": "2026-04-18 12:07:55.314444", "level": "INFO", "message": "env data_handler finish success", "file": "data_handler.py", "line": "189", "module": "env", "process": "data_handler", "function": "finish", "stack": "", "pid": 94}
{"time": "2026-04-18 12:07:55.315007", "level": "INFO", "message": "env env run once episode done, process_run_count is 95513", "file": "remote_env_server.py", "line": "298", "module": "env", "process": "remote_env_server", "function": "run_once", "stack": "", "pid": 94}
{"time": "2026-04-18 12:07:55.346790", "level": "INFO", "message": "env env recv reset message", "file": "remote_env_server.py", "line": "282", "module": "env", "process": "remote_env_server", "function": "run_once", "stack": "", "pid": 94}
{"time": "2026-04-18 12:07:55.347600", "level": "INFO", "message": "env Select map in order: episode=116, map_id=7 from map_list=[1, 2, 3, 4, 5, 6, 7, 8, 9, 10]", "file": "data_handler.py", "line": "148", "module": "env", "process": "data_handler", "function": "handle_usr_conf", "stack": "", "pid": 94}
{"time": "2026-04-18 12:08:03.007262", "level": "INFO", "message": "env data_handler finish success", "file": "data_handler.py", "line": "189", "module": "env", "process": "data_handler", "function": "finish", "stack": "", "pid": 94}
{"time": "2026-04-18 12:08:03.007840", "level": "INFO", "message": "env env run once episode done, process_run_count is 96514", "file": "remote_env_server.py", "line": "298", "module": "env", "process": "remote_env_server", "function": "run_once", "stack": "", "pid": 94}
{"time": "2026-04-18 12:08:03.057140", "level": "INFO", "message": "env env recv reset message", "file": "remote_env_server.py", "line": "282", "module": "env", "process": "remote_env_server", "function": "run_once", "stack": "", "pid": 94}
{"time": "2026-04-18 12:08:03.057728", "level": "INFO", "message": "env Select map in order: episode=117, map_id=8 from map_list=[1, 2, 3, 4, 5, 6, 7, 8, 9, 10]", "file": "data_handler.py", "line": "148", "module": "env", "process": "data_handler", "function": "handle_usr_conf", "stack": "", "pid": 94}
{"time": "2026-04-18 12:08:04.675347", "level": "INFO", "message": "env data_handler finish success", "file": "data_handler.py", "line": "189", "module": "env", "process": "data_handler", "function": "finish", "stack": "", "pid": 94}
{"time": "2026-04-18 12:08:04.676404", "level": "INFO", "message": "env env run once episode done, process_run_count is 96715", "file": "remote_env_server.py", "line": "298", "module": "env", "process": "remote_env_server", "function": "run_once", "stack": "", "pid": 94}
{"time": "2026-04-18 12:08:04.685525", "level": "INFO", "message": "env env recv reset message", "file": "remote_env_server.py", "line": "282", "module": "env", "process": "remote_env_server", "function": "run_once", "stack": "", "pid": 94}
{"time": "2026-04-18 12:08:04.686365", "level": "INFO", "message": "env Select map in order: episode=118, map_id=9 from map_list=[1, 2, 3, 4, 5, 6, 7, 8, 9, 10]", "file": "data_handler.py", "line": "148", "module": "env", "process": "data_handler", "function": "handle_usr_conf", "stack": "", "pid": 94}
{"time": "2026-04-18 12:08:12.510330", "level": "INFO", "message": "env data_handler finish success", "file": "data_handler.py", "line": "189", "module": "env", "process": "data_handler", "function": "finish", "stack": "", "pid": 94}
{"time": "2026-04-18 12:08:12.511093", "level": "INFO", "message": "env env run once episode done, process_run_count is 97716", "file": "remote_env_server.py", "line": "298", "module": "env", "process": "remote_env_server", "function": "run_once", "stack": "", "pid": 94}
{"time": "2026-04-18 12:08:12.560574", "level": "INFO", "message": "env env recv reset message", "file": "remote_env_server.py", "line": "282", "module": "env", "process": "remote_env_server", "function": "run_once", "stack": "", "pid": 94}
{"time": "2026-04-18 12:08:12.561250", "level": "INFO", "message": "env Select map in order: episode=119, map_id=10 from map_list=[1, 2, 3, 4, 5, 6, 7, 8, 9, 10]", "file": "data_handler.py", "line": "148", "module": "env", "process": "data_handler", "function": "handle_usr_conf", "stack": "", "pid": 94}
{"time": "2026-04-18 12:08:17.043477", "level": "INFO", "message": "env data_handler finish success", "file": "data_handler.py", "line": "189", "module": "env", "process": "data_handler", "function": "finish", "stack": "", "pid": 94}
{"time": "2026-04-18 12:08:17.044187", "level": "INFO", "message": "env env run once episode done, process_run_count is 98283", "file": "remote_env_server.py", "line": "298", "module": "env", "process": "remote_env_server", "function": "run_once", "stack": "", "pid": 94}
{"time": "2026-04-18 12:08:17.075112", "level": "INFO", "message": "env env recv reset message", "file": "remote_env_server.py", "line": "282", "module": "env", "process": "remote_env_server", "function": "run_once", "stack": "", "pid": 94}
{"time": "2026-04-18 12:08:17.076133", "level": "INFO", "message": "env Select map in order: episode=120, map_id=1 from map_list=[1, 2, 3, 4, 5, 6, 7, 8, 9, 10]", "file": "data_handler.py", "line": "148", "module": "env", "process": "data_handler", "function": "handle_usr_conf", "stack": "", "pid": 94}
{"time": "2026-04-18 12:08:22.495436", "level": "INFO", "message": "env data_handler finish success", "file": "data_handler.py", "line": "189", "module": "env", "process": "data_handler", "function": "finish", "stack": "", "pid": 94}
{"time": "2026-04-18 12:08:22.496084", "level": "INFO", "message": "env env run once episode done, process_run_count is 98974", "file": "remote_env_server.py", "line": "298", "module": "env", "process": "remote_env_server", "function": "run_once", "stack": "", "pid": 94}
{"time": "2026-04-18 12:08:22.523391", "level": "INFO", "message": "env env recv reset message", "file": "remote_env_server.py", "line": "282", "module": "env", "process": "remote_env_server", "function": "run_once", "stack": "", "pid": 94}
{"time": "2026-04-18 12:08:22.524344", "level": "INFO", "message": "env Select map in order: episode=121, map_id=2 from map_list=[1, 2, 3, 4, 5, 6, 7, 8, 9, 10]", "file": "data_handler.py", "line": "148", "module": "env", "process": "data_handler", "function": "handle_usr_conf", "stack": "", "pid": 94}
{"time": "2026-04-18 12:08:28.386512", "level": "INFO", "message": "env data_handler finish success", "file": "data_handler.py", "line": "189", "module": "env", "process": "data_handler", "function": "finish", "stack": "", "pid": 94}
{"time": "2026-04-18 12:08:28.387160", "level": "INFO", "message": "env env run once episode done, process_run_count is 99860", "file": "remote_env_server.py", "line": "298", "module": "env", "process": "remote_env_server", "function": "run_once", "stack": "", "pid": 94}
{"time": "2026-04-18 12:08:28.426936", "level": "INFO", "message": "env env recv reset message", "file": "remote_env_server.py", "line": "282", "module": "env", "process": "remote_env_server", "function": "run_once", "stack": "", "pid": 94}
{"time": "2026-04-18 12:08:28.427623", "level": "INFO", "message": "env Select map in order: episode=122, map_id=3 from map_list=[1, 2, 3, 4, 5, 6, 7, 8, 9, 10]", "file": "data_handler.py", "line": "148", "module": "env", "process": "data_handler", "function": "handle_usr_conf", "stack": "", "pid": 94}
{"time": "2026-04-18 12:08:31.333370", "level": "INFO", "message": "env data_handler finish success", "file": "data_handler.py", "line": "189", "module": "env", "process": "data_handler", "function": "finish", "stack": "", "pid": 94}
{"time": "2026-04-18 12:08:31.333906", "level": "INFO", "message": "env env run once episode done, process_run_count is 100211", "file": "remote_env_server.py", "line": "298", "module": "env", "process": "remote_env_server", "function": "run_once", "stack": "", "pid": 94}
{"time": "2026-04-18 12:08:31.350650", "level": "INFO", "message": "env env recv reset message", "file": "remote_env_server.py", "line": "282", "module": "env", "process": "remote_env_server", "function": "run_once", "stack": "", "pid": 94}
{"time": "2026-04-18 12:08:31.351351", "level": "INFO", "message": "env Select map in order: episode=123, map_id=4 from map_list=[1, 2, 3, 4, 5, 6, 7, 8, 9, 10]", "file": "data_handler.py", "line": "148", "module": "env", "process": "data_handler", "function": "handle_usr_conf", "stack": "", "pid": 94}
{"time": "2026-04-18 12:08:39.184417", "level": "INFO", "message": "env data_handler finish success", "file": "data_handler.py", "line": "189", "module": "env", "process": "data_handler", "function": "finish", "stack": "", "pid": 94}
{"time": "2026-04-18 12:08:39.185080", "level": "INFO", "message": "env env run once episode done, process_run_count is 101212", "file": "remote_env_server.py", "line": "298", "module": "env", "process": "remote_env_server", "function": "run_once", "stack": "", "pid": 94}
{"time": "2026-04-18 12:08:39.245427", "level": "INFO", "message": "env env recv reset message", "file": "remote_env_server.py", "line": "282", "module": "env", "process": "remote_env_server", "function": "run_once", "stack": "", "pid": 94}
{"time": "2026-04-18 12:08:39.246190", "level": "INFO", "message": "env Select map in order: episode=124, map_id=5 from map_list=[1, 2, 3, 4, 5, 6, 7, 8, 9, 10]", "file": "data_handler.py", "line": "148", "module": "env", "process": "data_handler", "function": "handle_usr_conf", "stack": "", "pid": 94}
{"time": "2026-04-18 12:08:47.048646", "level": "INFO", "message": "env finish monitor_data is {'total_score': 907, 'clean_score': 907, 'total_map': 10, 'map_random': 0, 'map_code': 5, 'max_steps': 1000, 'finished_steps': 1000, 'total_charger': 4, 'charge_count': 9, 'remaining_charge': 66}", "file": "monitor_helper.py", "line": "95", "module": "env", "process": "monitor_helper", "function": "finish", "stack": "", "pid": 94}
{"time": "2026-04-18 12:08:47.049396", "level": "INFO", "message": "env data_handler finish success", "file": "data_handler.py", "line": "189", "module": "env", "process": "data_handler", "function": "finish", "stack": "", "pid": 94}
{"time": "2026-04-18 12:08:47.049894", "level": "INFO", "message": "env env run once episode done, process_run_count is 102213", "file": "remote_env_server.py", "line": "298", "module": "env", "process": "remote_env_server", "function": "run_once", "stack": "", "pid": 94}
{"time": "2026-04-18 12:08:47.095056", "level": "INFO", "message": "env env recv reset message", "file": "remote_env_server.py", "line": "282", "module": "env", "process": "remote_env_server", "function": "run_once", "stack": "", "pid": 94}
{"time": "2026-04-18 12:08:47.096245", "level": "INFO", "message": "env Select map in order: episode=125, map_id=6 from map_list=[1, 2, 3, 4, 5, 6, 7, 8, 9, 10]", "file": "data_handler.py", "line": "148", "module": "env", "process": "data_handler", "function": "handle_usr_conf", "stack": "", "pid": 94}
{"time": "2026-04-18 12:08:54.569540", "level": "INFO", "message": "env data_handler finish success", "file": "data_handler.py", "line": "189", "module": "env", "process": "data_handler", "function": "finish", "stack": "", "pid": 94}
{"time": "2026-04-18 12:08:54.570256", "level": "INFO", "message": "env env run once episode done, process_run_count is 103214", "file": "remote_env_server.py", "line": "298", "module": "env", "process": "remote_env_server", "function": "run_once", "stack": "", "pid": 94}
{"time": "2026-04-18 12:08:54.621641", "level": "INFO", "message": "env env recv reset message", "file": "remote_env_server.py", "line": "282", "module": "env", "process": "remote_env_server", "function": "run_once", "stack": "", "pid": 94}
{"time": "2026-04-18 12:08:54.622277", "level": "INFO", "message": "env Select map in order: episode=126, map_id=7 from map_list=[1, 2, 3, 4, 5, 6, 7, 8, 9, 10]", "file": "data_handler.py", "line": "148", "module": "env", "process": "data_handler", "function": "handle_usr_conf", "stack": "", "pid": 94}
{"time": "2026-04-18 12:09:02.481135", "level": "INFO", "message": "env data_handler finish success", "file": "data_handler.py", "line": "189", "module": "env", "process": "data_handler", "function": "finish", "stack": "", "pid": 94}
{"time": "2026-04-18 12:09:02.481749", "level": "INFO", "message": "env env run once episode done, process_run_count is 104215", "file": "remote_env_server.py", "line": "298", "module": "env", "process": "remote_env_server", "function": "run_once", "stack": "", "pid": 94}
{"time": "2026-04-18 12:09:02.530909", "level": "INFO", "message": "env env recv reset message", "file": "remote_env_server.py", "line": "282", "module": "env", "process": "remote_env_server", "function": "run_once", "stack": "", "pid": 94}
{"time": "2026-04-18 12:09:02.531738", "level": "INFO", "message": "env Select map in order: episode=127, map_id=8 from map_list=[1, 2, 3, 4, 5, 6, 7, 8, 9, 10]", "file": "data_handler.py", "line": "148", "module": "env", "process": "data_handler", "function": "handle_usr_conf", "stack": "", "pid": 94}
{"time": "2026-04-18 12:09:07.025346", "level": "INFO", "message": "env data_handler finish success", "file": "data_handler.py", "line": "189", "module": "env", "process": "data_handler", "function": "finish", "stack": "", "pid": 94}
{"time": "2026-04-18 12:09:07.025891", "level": "INFO", "message": "env env run once episode done, process_run_count is 104783", "file": "remote_env_server.py", "line": "298", "module": "env", "process": "remote_env_server", "function": "run_once", "stack": "", "pid": 94}
{"time": "2026-04-18 12:09:07.052164", "level": "INFO", "message": "env env recv reset message", "file": "remote_env_server.py", "line": "282", "module": "env", "process": "remote_env_server", "function": "run_once", "stack": "", "pid": 94}
{"time": "2026-04-18 12:09:07.052836", "level": "INFO", "message": "env Select map in order: episode=128, map_id=9 from map_list=[1, 2, 3, 4, 5, 6, 7, 8, 9, 10]", "file": "data_handler.py", "line": "148", "module": "env", "process": "data_handler", "function": "handle_usr_conf", "stack": "", "pid": 94}
{"time": "2026-04-18 12:09:13.802991", "level": "INFO", "message": "env data_handler finish success", "file": "data_handler.py", "line": "189", "module": "env", "process": "data_handler", "function": "finish", "stack": "", "pid": 94}
{"time": "2026-04-18 12:09:13.803538", "level": "INFO", "message": "env env run once episode done, process_run_count is 105784", "file": "remote_env_server.py", "line": "298", "module": "env", "process": "remote_env_server", "function": "run_once", "stack": "", "pid": 94}
{"time": "2026-04-18 12:09:13.852424", "level": "INFO", "message": "env env recv reset message", "file": "remote_env_server.py", "line": "282", "module": "env", "process": "remote_env_server", "function": "run_once", "stack": "", "pid": 94}
{"time": "2026-04-18 12:09:13.853168", "level": "INFO", "message": "env Select map in order: episode=129, map_id=10 from map_list=[1, 2, 3, 4, 5, 6, 7, 8, 9, 10]", "file": "data_handler.py", "line": "148", "module": "env", "process": "data_handler", "function": "handle_usr_conf", "stack": "", "pid": 94}
{"time": "2026-04-18 12:09:21.587317", "level": "INFO", "message": "env data_handler finish success", "file": "data_handler.py", "line": "189", "module": "env", "process": "data_handler", "function": "finish", "stack": "", "pid": 94}
{"time": "2026-04-18 12:09:21.587799", "level": "INFO", "message": "env env run once episode done, process_run_count is 106785", "file": "remote_env_server.py", "line": "298", "module": "env", "process": "remote_env_server", "function": "run_once", "stack": "", "pid": 94}
{"time": "2026-04-18 12:09:21.636946", "level": "INFO", "message": "env env recv reset message", "file": "remote_env_server.py", "line": "282", "module": "env", "process": "remote_env_server", "function": "run_once", "stack": "", "pid": 94}
{"time": "2026-04-18 12:09:21.637942", "level": "INFO", "message": "env Select map in order: episode=130, map_id=1 from map_list=[1, 2, 3, 4, 5, 6, 7, 8, 9, 10]", "file": "data_handler.py", "line": "148", "module": "env", "process": "data_handler", "function": "handle_usr_conf", "stack": "", "pid": 94}
{"time": "2026-04-18 12:09:21.609327", "level": "INFO", "message": "env data_handler finish success", "file": "data_handler.py", "line": "189", "module": "env", "process": "data_handler", "function": "finish", "stack": "", "pid": 94}
{"time": "2026-04-18 12:09:21.609864", "level": "INFO", "message": "env env run once episode done, process_run_count is 106822", "file": "remote_env_server.py", "line": "298", "module": "env", "process": "remote_env_server", "function": "run_once", "stack": "", "pid": 94}
{"time": "2026-04-18 12:09:21.614143", "level": "INFO", "message": "env env recv reset message", "file": "remote_env_server.py", "line": "282", "module": "env", "process": "remote_env_server", "function": "run_once", "stack": "", "pid": 94}
{"time": "2026-04-18 12:09:21.616696", "level": "INFO", "message": "env Select map in order: episode=131, map_id=2 from map_list=[1, 2, 3, 4, 5, 6, 7, 8, 9, 10]", "file": "data_handler.py", "line": "148", "module": "env", "process": "data_handler", "function": "handle_usr_conf", "stack": "", "pid": 94}
{"time": "2026-04-18 12:09:29.294310", "level": "INFO", "message": "env data_handler finish success", "file": "data_handler.py", "line": "189", "module": "env", "process": "data_handler", "function": "finish", "stack": "", "pid": 94}
{"time": "2026-04-18 12:09:29.294853", "level": "INFO", "message": "env env run once episode done, process_run_count is 107812", "file": "remote_env_server.py", "line": "298", "module": "env", "process": "remote_env_server", "function": "run_once", "stack": "", "pid": 94}
{"time": "2026-04-18 12:09:29.338617", "level": "INFO", "message": "env env recv reset message", "file": "remote_env_server.py", "line": "282", "module": "env", "process": "remote_env_server", "function": "run_once", "stack": "", "pid": 94}
{"time": "2026-04-18 12:09:29.339362", "level": "INFO", "message": "env Select map in order: episode=132, map_id=3 from map_list=[1, 2, 3, 4, 5, 6, 7, 8, 9, 10]", "file": "data_handler.py", "line": "148", "module": "env", "process": "data_handler", "function": "handle_usr_conf", "stack": "", "pid": 94}
{"time": "2026-04-18 12:09:37.111784", "level": "INFO", "message": "env data_handler finish success", "file": "data_handler.py", "line": "189", "module": "env", "process": "data_handler", "function": "finish", "stack": "", "pid": 94}
{"time": "2026-04-18 12:09:37.112501", "level": "INFO", "message": "env env run once episode done, process_run_count is 108813", "file": "remote_env_server.py", "line": "298", "module": "env", "process": "remote_env_server", "function": "run_once", "stack": "", "pid": 94}
{"time": "2026-04-18 12:09:37.157350", "level": "INFO", "message": "env env recv reset message", "file": "remote_env_server.py", "line": "282", "module": "env", "process": "remote_env_server", "function": "run_once", "stack": "", "pid": 94}
{"time": "2026-04-18 12:09:37.158457", "level": "INFO", "message": "env Select map in order: episode=133, map_id=4 from map_list=[1, 2, 3, 4, 5, 6, 7, 8, 9, 10]", "file": "data_handler.py", "line": "148", "module": "env", "process": "data_handler", "function": "handle_usr_conf", "stack": "", "pid": 94}
{"time": "2026-04-18 12:09:45.050821", "level": "INFO", "message": "env data_handler finish success", "file": "data_handler.py", "line": "189", "module": "env", "process": "data_handler", "function": "finish", "stack": "", "pid": 94}
{"time": "2026-04-18 12:09:45.051392", "level": "INFO", "message": "env env run once episode done, process_run_count is 109814", "file": "remote_env_server.py", "line": "298", "module": "env", "process": "remote_env_server", "function": "run_once", "stack": "", "pid": 94}
{"time": "2026-04-18 12:09:45.101453", "level": "INFO", "message": "env env recv reset message", "file": "remote_env_server.py", "line": "282", "module": "env", "process": "remote_env_server", "function": "run_once", "stack": "", "pid": 94}
{"time": "2026-04-18 12:09:45.102204", "level": "INFO", "message": "env Select map in order: episode=134, map_id=5 from map_list=[1, 2, 3, 4, 5, 6, 7, 8, 9, 10]", "file": "data_handler.py", "line": "148", "module": "env", "process": "data_handler", "function": "handle_usr_conf", "stack": "", "pid": 94}
{"time": "2026-04-18 12:09:51.601882", "level": "INFO", "message": "env finish monitor_data is {'total_score': 786, 'clean_score': 786, 'total_map': 10, 'map_random': 0, 'map_code': 5, 'max_steps': 1000, 'finished_steps': 960, 'total_charger': 4, 'charge_count': 7, 'remaining_charge': 0}", "file": "monitor_helper.py", "line": "95", "module": "env", "process": "monitor_helper", "function": "finish", "stack": "", "pid": 94}
{"time": "2026-04-18 12:09:51.602563", "level": "INFO", "message": "env data_handler finish success", "file": "data_handler.py", "line": "189", "module": "env", "process": "data_handler", "function": "finish", "stack": "", "pid": 94}
{"time": "2026-04-18 12:09:51.603303", "level": "INFO", "message": "env env run once episode done, process_run_count is 110775", "file": "remote_env_server.py", "line": "298", "module": "env", "process": "remote_env_server", "function": "run_once", "stack": "", "pid": 94}
{"time": "2026-04-18 12:09:51.655465", "level": "INFO", "message": "env env recv reset message", "file": "remote_env_server.py", "line": "282", "module": "env", "process": "remote_env_server", "function": "run_once", "stack": "", "pid": 94}
{"time": "2026-04-18 12:09:51.656304", "level": "INFO", "message": "env Select map in order: episode=135, map_id=6 from map_list=[1, 2, 3, 4, 5, 6, 7, 8, 9, 10]", "file": "data_handler.py", "line": "148", "module": "env", "process": "data_handler", "function": "handle_usr_conf", "stack": "", "pid": 94}
{"time": "2026-04-18 12:09:56.814179", "level": "INFO", "message": "env data_handler finish success", "file": "data_handler.py", "line": "189", "module": "env", "process": "data_handler", "function": "finish", "stack": "", "pid": 94}
{"time": "2026-04-18 12:09:56.814929", "level": "INFO", "message": "env env run once episode done, process_run_count is 111428", "file": "remote_env_server.py", "line": "298", "module": "env", "process": "remote_env_server", "function": "run_once", "stack": "", "pid": 94}
{"time": "2026-04-18 12:09:56.842695", "level": "INFO", "message": "env env recv reset message", "file": "remote_env_server.py", "line": "282", "module": "env", "process": "remote_env_server", "function": "run_once", "stack": "", "pid": 94}
{"time": "2026-04-18 12:09:56.843446", "level": "INFO", "message": "env Select map in order: episode=136, map_id=7 from map_list=[1, 2, 3, 4, 5, 6, 7, 8, 9, 10]", "file": "data_handler.py", "line": "148", "module": "env", "process": "data_handler", "function": "handle_usr_conf", "stack": "", "pid": 94}
{"time": "2026-04-18 12:10:04.530194", "level": "INFO", "message": "env data_handler finish success", "file": "data_handler.py", "line": "189", "module": "env", "process": "data_handler", "function": "finish", "stack": "", "pid": 94}
{"time": "2026-04-18 12:10:04.530775", "level": "INFO", "message": "env env run once episode done, process_run_count is 112429", "file": "remote_env_server.py", "line": "298", "module": "env", "process": "remote_env_server", "function": "run_once", "stack": "", "pid": 94}
{"time": "2026-04-18 12:10:04.583919", "level": "INFO", "message": "env env recv reset message", "file": "remote_env_server.py", "line": "282", "module": "env", "process": "remote_env_server", "function": "run_once", "stack": "", "pid": 94}
{"time": "2026-04-18 12:10:04.584640", "level": "INFO", "message": "env Select map in order: episode=137, map_id=8 from map_list=[1, 2, 3, 4, 5, 6, 7, 8, 9, 10]", "file": "data_handler.py", "line": "148", "module": "env", "process": "data_handler", "function": "handle_usr_conf", "stack": "", "pid": 94}
{"time": "2026-04-18 12:10:12.458058", "level": "INFO", "message": "env data_handler finish success", "file": "data_handler.py", "line": "189", "module": "env", "process": "data_handler", "function": "finish", "stack": "", "pid": 94}
{"time": "2026-04-18 12:10:12.459290", "level": "INFO", "message": "env env run once episode done, process_run_count is 113430", "file": "remote_env_server.py", "line": "298", "module": "env", "process": "remote_env_server", "function": "run_once", "stack": "", "pid": 94}
{"time": "2026-04-18 12:10:12.503792", "level": "INFO", "message": "env env recv reset message", "file": "remote_env_server.py", "line": "282", "module": "env", "process": "remote_env_server", "function": "run_once", "stack": "", "pid": 94}
{"time": "2026-04-18 12:10:12.507492", "level": "INFO", "message": "env Select map in order: episode=138, map_id=9 from map_list=[1, 2, 3, 4, 5, 6, 7, 8, 9, 10]", "file": "data_handler.py", "line": "148", "module": "env", "process": "data_handler", "function": "handle_usr_conf", "stack": "", "pid": 94}
{"time": "2026-04-18 12:10:20.295339", "level": "INFO", "message": "env data_handler finish success", "file": "data_handler.py", "line": "189", "module": "env", "process": "data_handler", "function": "finish", "stack": "", "pid": 94}
{"time": "2026-04-18 12:10:20.295962", "level": "INFO", "message": "env env run once episode done, process_run_count is 114431", "file": "remote_env_server.py", "line": "298", "module": "env", "process": "remote_env_server", "function": "run_once", "stack": "", "pid": 94}
{"time": "2026-04-18 12:10:19.865357", "level": "INFO", "message": "env env recv reset message", "file": "remote_env_server.py", "line": "282", "module": "env", "process": "remote_env_server", "function": "run_once", "stack": "", "pid": 94}
{"time": "2026-04-18 12:10:19.866304", "level": "INFO", "message": "env Select map in order: episode=139, map_id=10 from map_list=[1, 2, 3, 4, 5, 6, 7, 8, 9, 10]", "file": "data_handler.py", "line": "148", "module": "env", "process": "data_handler", "function": "handle_usr_conf", "stack": "", "pid": 94}
{"time": "2026-04-18 12:10:27.074292", "level": "INFO", "message": "env data_handler finish success", "file": "data_handler.py", "line": "189", "module": "env", "process": "data_handler", "function": "finish", "stack": "", "pid": 94}
{"time": "2026-04-18 12:10:27.074951", "level": "INFO", "message": "env env run once episode done, process_run_count is 115432", "file": "remote_env_server.py", "line": "298", "module": "env", "process": "remote_env_server", "function": "run_once", "stack": "", "pid": 94}
{"time": "2026-04-18 12:10:27.120472", "level": "INFO", "message": "env env recv reset message", "file": "remote_env_server.py", "line": "282", "module": "env", "process": "remote_env_server", "function": "run_once", "stack": "", "pid": 94}
{"time": "2026-04-18 12:10:27.121190", "level": "INFO", "message": "env Select map in order: episode=140, map_id=1 from map_list=[1, 2, 3, 4, 5, 6, 7, 8, 9, 10]", "file": "data_handler.py", "line": "148", "module": "env", "process": "data_handler", "function": "handle_usr_conf", "stack": "", "pid": 94}
{"time": "2026-04-18 12:10:34.958719", "level": "INFO", "message": "env data_handler finish success", "file": "data_handler.py", "line": "189", "module": "env", "process": "data_handler", "function": "finish", "stack": "", "pid": 94}
{"time": "2026-04-18 12:10:34.959327", "level": "INFO", "message": "env env run once episode done, process_run_count is 116433", "file": "remote_env_server.py", "line": "298", "module": "env", "process": "remote_env_server", "function": "run_once", "stack": "", "pid": 94}
{"time": "2026-04-18 12:10:35.004365", "level": "INFO", "message": "env env recv reset message", "file": "remote_env_server.py", "line": "282", "module": "env", "process": "remote_env_server", "function": "run_once", "stack": "", "pid": 94}
{"time": "2026-04-18 12:10:35.005040", "level": "INFO", "message": "env Select map in order: episode=141, map_id=2 from map_list=[1, 2, 3, 4, 5, 6, 7, 8, 9, 10]", "file": "data_handler.py", "line": "148", "module": "env", "process": "data_handler", "function": "handle_usr_conf", "stack": "", "pid": 94}
{"time": "2026-04-18 12:10:42.951872", "level": "INFO", "message": "env data_handler finish success", "file": "data_handler.py", "line": "189", "module": "env", "process": "data_handler", "function": "finish", "stack": "", "pid": 94}
{"time": "2026-04-18 12:10:42.952703", "level": "INFO", "message": "env env run once episode done, process_run_count is 117423", "file": "remote_env_server.py", "line": "298", "module": "env", "process": "remote_env_server", "function": "run_once", "stack": "", "pid": 94}
{"time": "2026-04-18 12:10:43.005032", "level": "INFO", "message": "env env recv reset message", "file": "remote_env_server.py", "line": "282", "module": "env", "process": "remote_env_server", "function": "run_once", "stack": "", "pid": 94}
{"time": "2026-04-18 12:10:43.006876", "level": "INFO", "message": "env Select map in order: episode=142, map_id=3 from map_list=[1, 2, 3, 4, 5, 6, 7, 8, 9, 10]", "file": "data_handler.py", "line": "148", "module": "env", "process": "data_handler", "function": "handle_usr_conf", "stack": "", "pid": 94}
{"time": "2026-04-18 12:10:50.166309", "level": "INFO", "message": "env data_handler finish success", "file": "data_handler.py", "line": "189", "module": "env", "process": "data_handler", "function": "finish", "stack": "", "pid": 94}
{"time": "2026-04-18 12:10:50.167000", "level": "INFO", "message": "env env run once episode done, process_run_count is 118424", "file": "remote_env_server.py", "line": "298", "module": "env", "process": "remote_env_server", "function": "run_once", "stack": "", "pid": 94}
{"time": "2026-04-18 12:10:50.219762", "level": "INFO", "message": "env env recv reset message", "file": "remote_env_server.py", "line": "282", "module": "env", "process": "remote_env_server", "function": "run_once", "stack": "", "pid": 94}
{"time": "2026-04-18 12:10:50.220427", "level": "INFO", "message": "env Select map in order: episode=143, map_id=4 from map_list=[1, 2, 3, 4, 5, 6, 7, 8, 9, 10]", "file": "data_handler.py", "line": "148", "module": "env", "process": "data_handler", "function": "handle_usr_conf", "stack": "", "pid": 94}
{"time": "2026-04-18 12:10:51.860152", "level": "INFO", "message": "env finish monitor_data is {'total_score': 1, 'clean_score': 1, 'total_map': 10, 'map_random': 0, 'map_code': 4, 'max_steps': 1000, 'finished_steps': 200, 'total_charger': 4, 'charge_count': 0, 'remaining_charge': 0}", "file": "monitor_helper.py", "line": "95", "module": "env", "process": "monitor_helper", "function": "finish", "stack": "", "pid": 94}
{"time": "2026-04-18 12:10:51.860873", "level": "INFO", "message": "env data_handler finish success", "file": "data_handler.py", "line": "189", "module": "env", "process": "data_handler", "function": "finish", "stack": "", "pid": 94}
{"time": "2026-04-18 12:10:51.861506", "level": "INFO", "message": "env env run once episode done, process_run_count is 118625", "file": "remote_env_server.py", "line": "298", "module": "env", "process": "remote_env_server", "function": "run_once", "stack": "", "pid": 94}
{"time": "2026-04-18 12:10:51.871096", "level": "INFO", "message": "env env recv reset message", "file": "remote_env_server.py", "line": "282", "module": "env", "process": "remote_env_server", "function": "run_once", "stack": "", "pid": 94}
{"time": "2026-04-18 12:10:51.871864", "level": "INFO", "message": "env Select map in order: episode=144, map_id=5 from map_list=[1, 2, 3, 4, 5, 6, 7, 8, 9, 10]", "file": "data_handler.py", "line": "148", "module": "env", "process": "data_handler", "function": "handle_usr_conf", "stack": "", "pid": 94}
{"time": "2026-04-18 12:10:59.660515", "level": "INFO", "message": "env data_handler finish success", "file": "data_handler.py", "line": "189", "module": "env", "process": "data_handler", "function": "finish", "stack": "", "pid": 94}
{"time": "2026-04-18 12:10:59.661101", "level": "INFO", "message": "env env run once episode done, process_run_count is 119626", "file": "remote_env_server.py", "line": "298", "module": "env", "process": "remote_env_server", "function": "run_once", "stack": "", "pid": 94}
{"time": "2026-04-18 12:10:59.705690", "level": "INFO", "message": "env env recv reset message", "file": "remote_env_server.py", "line": "282", "module": "env", "process": "remote_env_server", "function": "run_once", "stack": "", "pid": 94}
{"time": "2026-04-18 12:10:59.706631", "level": "INFO", "message": "env Select map in order: episode=145, map_id=6 from map_list=[1, 2, 3, 4, 5, 6, 7, 8, 9, 10]", "file": "data_handler.py", "line": "148", "module": "env", "process": "data_handler", "function": "handle_usr_conf", "stack": "", "pid": 94}
{"time": "2026-04-18 12:11:04.786511", "level": "INFO", "message": "env data_handler finish success", "file": "data_handler.py", "line": "189", "module": "env", "process": "data_handler", "function": "finish", "stack": "", "pid": 94}
{"time": "2026-04-18 12:11:04.787209", "level": "INFO", "message": "env env run once episode done, process_run_count is 120276", "file": "remote_env_server.py", "line": "298", "module": "env", "process": "remote_env_server", "function": "run_once", "stack": "", "pid": 94}
{"time": "2026-04-18 12:11:04.825741", "level": "INFO", "message": "env env recv reset message", "file": "remote_env_server.py", "line": "282", "module": "env", "process": "remote_env_server", "function": "run_once", "stack": "", "pid": 94}
{"time": "2026-04-18 12:11:04.826514", "level": "INFO", "message": "env Select map in order: episode=146, map_id=7 from map_list=[1, 2, 3, 4, 5, 6, 7, 8, 9, 10]", "file": "data_handler.py", "line": "148", "module": "env", "process": "data_handler", "function": "handle_usr_conf", "stack": "", "pid": 94}
{"time": "2026-04-18 12:11:12.564414", "level": "INFO", "message": "env data_handler finish success", "file": "data_handler.py", "line": "189", "module": "env", "process": "data_handler", "function": "finish", "stack": "", "pid": 94}
{"time": "2026-04-18 12:11:12.565018", "level": "INFO", "message": "env env run once episode done, process_run_count is 121277", "file": "remote_env_server.py", "line": "298", "module": "env", "process": "remote_env_server", "function": "run_once", "stack": "", "pid": 94}
{"time": "2026-04-18 12:11:12.614969", "level": "INFO", "message": "env env recv reset message", "file": "remote_env_server.py", "line": "282", "module": "env", "process": "remote_env_server", "function": "run_once", "stack": "", "pid": 94}
{"time": "2026-04-18 12:11:12.615649", "level": "INFO", "message": "env Select map in order: episode=147, map_id=8 from map_list=[1, 2, 3, 4, 5, 6, 7, 8, 9, 10]", "file": "data_handler.py", "line": "148", "module": "env", "process": "data_handler", "function": "handle_usr_conf", "stack": "", "pid": 94}
{"time": "2026-04-18 12:11:19.321103", "level": "INFO", "message": "env data_handler finish success", "file": "data_handler.py", "line": "189", "module": "env", "process": "data_handler", "function": "finish", "stack": "", "pid": 94}
{"time": "2026-04-18 12:11:19.321810", "level": "INFO", "message": "env env run once episode done, process_run_count is 122278", "file": "remote_env_server.py", "line": "298", "module": "env", "process": "remote_env_server", "function": "run_once", "stack": "", "pid": 94}
{"time": "2026-04-18 12:11:19.375761", "level": "INFO", "message": "env env recv reset message", "file": "remote_env_server.py", "line": "282", "module": "env", "process": "remote_env_server", "function": "run_once", "stack": "", "pid": 94}
{"time": "2026-04-18 12:11:19.376539", "level": "INFO", "message": "env Select map in order: episode=148, map_id=9 from map_list=[1, 2, 3, 4, 5, 6, 7, 8, 9, 10]", "file": "data_handler.py", "line": "148", "module": "env", "process": "data_handler", "function": "handle_usr_conf", "stack": "", "pid": 94}
{"time": "2026-04-18 12:11:19.720993", "level": "INFO", "message": "env data_handler finish success", "file": "data_handler.py", "line": "189", "module": "env", "process": "data_handler", "function": "finish", "stack": "", "pid": 94}
{"time": "2026-04-18 12:11:19.722377", "level": "INFO", "message": "env env run once episode done, process_run_count is 122303", "file": "remote_env_server.py", "line": "298", "module": "env", "process": "remote_env_server", "function": "run_once", "stack": "", "pid": 94}
{"time": "2026-04-18 12:11:19.724488", "level": "INFO", "message": "env env recv reset message", "file": "remote_env_server.py", "line": "282", "module": "env", "process": "remote_env_server", "function": "run_once", "stack": "", "pid": 94}
{"time": "2026-04-18 12:11:19.725093", "level": "INFO", "message": "env Select map in order: episode=149, map_id=10 from map_list=[1, 2, 3, 4, 5, 6, 7, 8, 9, 10]", "file": "data_handler.py", "line": "148", "module": "env", "process": "data_handler", "function": "handle_usr_conf", "stack": "", "pid": 94}
{"time": "2026-04-18 12:11:26.424806", "level": "INFO", "message": "env data_handler finish success", "file": "data_handler.py", "line": "189", "module": "env", "process": "data_handler", "function": "finish", "stack": "", "pid": 94}
{"time": "2026-04-18 12:11:26.425304", "level": "INFO", "message": "env env run once episode done, process_run_count is 123170", "file": "remote_env_server.py", "line": "298", "module": "env", "process": "remote_env_server", "function": "run_once", "stack": "", "pid": 94}
{"time": "2026-04-18 12:11:26.471884", "level": "INFO", "message": "env env recv reset message", "file": "remote_env_server.py", "line": "282", "module": "env", "process": "remote_env_server", "function": "run_once", "stack": "", "pid": 94}
{"time": "2026-04-18 12:11:26.472570", "level": "INFO", "message": "env Select map in order: episode=150, map_id=1 from map_list=[1, 2, 3, 4, 5, 6, 7, 8, 9, 10]", "file": "data_handler.py", "line": "148", "module": "env", "process": "data_handler", "function": "handle_usr_conf", "stack": "", "pid": 94}
{"time": "2026-04-18 12:11:34.244001", "level": "INFO", "message": "env data_handler finish success", "file": "data_handler.py", "line": "189", "module": "env", "process": "data_handler", "function": "finish", "stack": "", "pid": 94}
{"time": "2026-04-18 12:11:34.246459", "level": "INFO", "message": "env env run once episode done, process_run_count is 124171", "file": "remote_env_server.py", "line": "298", "module": "env", "process": "remote_env_server", "function": "run_once", "stack": "", "pid": 94}
{"time": "2026-04-18 12:11:34.303549", "level": "INFO", "message": "env env recv reset message", "file": "remote_env_server.py", "line": "282", "module": "env", "process": "remote_env_server", "function": "run_once", "stack": "", "pid": 94}
{"time": "2026-04-18 12:11:34.304189", "level": "INFO", "message": "env Select map in order: episode=151, map_id=2 from map_list=[1, 2, 3, 4, 5, 6, 7, 8, 9, 10]", "file": "data_handler.py", "line": "148", "module": "env", "process": "data_handler", "function": "handle_usr_conf", "stack": "", "pid": 94}
{"time": "2026-04-18 12:11:41.520939", "level": "INFO", "message": "env data_handler finish success", "file": "data_handler.py", "line": "189", "module": "env", "process": "data_handler", "function": "finish", "stack": "", "pid": 94}
{"time": "2026-04-18 12:11:41.521586", "level": "INFO", "message": "env env run once episode done, process_run_count is 125103", "file": "remote_env_server.py", "line": "298", "module": "env", "process": "remote_env_server", "function": "run_once", "stack": "", "pid": 94}
{"time": "2026-04-18 12:11:41.564407", "level": "INFO", "message": "env env recv reset message", "file": "remote_env_server.py", "line": "282", "module": "env", "process": "remote_env_server", "function": "run_once", "stack": "", "pid": 94}
{"time": "2026-04-18 12:11:41.565111", "level": "INFO", "message": "env Select map in order: episode=152, map_id=3 from map_list=[1, 2, 3, 4, 5, 6, 7, 8, 9, 10]", "file": "data_handler.py", "line": "148", "module": "env", "process": "data_handler", "function": "handle_usr_conf", "stack": "", "pid": 94}
{"time": "2026-04-18 12:11:46.368368", "level": "INFO", "message": "env data_handler finish success", "file": "data_handler.py", "line": "189", "module": "env", "process": "data_handler", "function": "finish", "stack": "", "pid": 94}
{"time": "2026-04-18 12:11:46.368860", "level": "INFO", "message": "env env run once episode done, process_run_count is 125739", "file": "remote_env_server.py", "line": "298", "module": "env", "process": "remote_env_server", "function": "run_once", "stack": "", "pid": 94}
{"time": "2026-04-18 12:11:46.395067", "level": "INFO", "message": "env env recv reset message", "file": "remote_env_server.py", "line": "282", "module": "env", "process": "remote_env_server", "function": "run_once", "stack": "", "pid": 94}
{"time": "2026-04-18 12:11:46.395829", "level": "INFO", "message": "env Select map in order: episode=153, map_id=4 from map_list=[1, 2, 3, 4, 5, 6, 7, 8, 9, 10]", "file": "data_handler.py", "line": "148", "module": "env", "process": "data_handler", "function": "handle_usr_conf", "stack": "", "pid": 94}
{"time": "2026-04-18 12:11:48.857027", "level": "INFO", "message": "env data_handler finish success", "file": "data_handler.py", "line": "189", "module": "env", "process": "data_handler", "function": "finish", "stack": "", "pid": 94}
{"time": "2026-04-18 12:11:48.857600", "level": "INFO", "message": "env env run once episode done, process_run_count is 126201", "file": "remote_env_server.py", "line": "298", "module": "env", "process": "remote_env_server", "function": "run_once", "stack": "", "pid": 94}
{"time": "2026-04-18 12:11:48.877261", "level": "INFO", "message": "env env recv reset message", "file": "remote_env_server.py", "line": "282", "module": "env", "process": "remote_env_server", "function": "run_once", "stack": "", "pid": 94}
{"time": "2026-04-18 12:11:48.878032", "level": "INFO", "message": "env Select map in order: episode=154, map_id=5 from map_list=[1, 2, 3, 4, 5, 6, 7, 8, 9, 10]", "file": "data_handler.py", "line": "148", "module": "env", "process": "data_handler", "function": "handle_usr_conf", "stack": "", "pid": 94}
{"time": "2026-04-18 12:11:56.190222", "level": "INFO", "message": "env finish monitor_data is {'total_score': 879, 'clean_score': 879, 'total_map': 10, 'map_random': 0, 'map_code': 5, 'max_steps': 1000, 'finished_steps': 1000, 'total_charger': 4, 'charge_count': 10, 'remaining_charge': 194}", "file": "monitor_helper.py", "line": "95", "module": "env", "process": "monitor_helper", "function": "finish", "stack": "", "pid": 94}
{"time": "2026-04-18 12:11:56.190969", "level": "INFO", "message": "env data_handler finish success", "file": "data_handler.py", "line": "189", "module": "env", "process": "data_handler", "function": "finish", "stack": "", "pid": 94}
{"time": "2026-04-18 12:11:56.191510", "level": "INFO", "message": "env env run once episode done, process_run_count is 127202", "file": "remote_env_server.py", "line": "298", "module": "env", "process": "remote_env_server", "function": "run_once", "stack": "", "pid": 94}
{"time": "2026-04-18 12:11:56.235013", "level": "INFO", "message": "env env recv reset message", "file": "remote_env_server.py", "line": "282", "module": "env", "process": "remote_env_server", "function": "run_once", "stack": "", "pid": 94}
{"time": "2026-04-18 12:11:56.235623", "level": "INFO", "message": "env Select map in order: episode=155, map_id=6 from map_list=[1, 2, 3, 4, 5, 6, 7, 8, 9, 10]", "file": "data_handler.py", "line": "148", "module": "env", "process": "data_handler", "function": "handle_usr_conf", "stack": "", "pid": 94}
{"time": "2026-04-18 12:12:03.595724", "level": "INFO", "message": "env data_handler finish success", "file": "data_handler.py", "line": "189", "module": "env", "process": "data_handler", "function": "finish", "stack": "", "pid": 94}
{"time": "2026-04-18 12:12:03.596330", "level": "INFO", "message": "env env run once episode done, process_run_count is 128203", "file": "remote_env_server.py", "line": "298", "module": "env", "process": "remote_env_server", "function": "run_once", "stack": "", "pid": 94}
{"time": "2026-04-18 12:12:03.640418", "level": "INFO", "message": "env env recv reset message", "file": "remote_env_server.py", "line": "282", "module": "env", "process": "remote_env_server", "function": "run_once", "stack": "", "pid": 94}
{"time": "2026-04-18 12:12:03.641077", "level": "INFO", "message": "env Select map in order: episode=156, map_id=7 from map_list=[1, 2, 3, 4, 5, 6, 7, 8, 9, 10]", "file": "data_handler.py", "line": "148", "module": "env", "process": "data_handler", "function": "handle_usr_conf", "stack": "", "pid": 94}
{"time": "2026-04-18 12:12:09.046729", "level": "INFO", "message": "env data_handler finish success", "file": "data_handler.py", "line": "189", "module": "env", "process": "data_handler", "function": "finish", "stack": "", "pid": 94}
{"time": "2026-04-18 12:12:09.049134", "level": "INFO", "message": "env env run once episode done, process_run_count is 128926", "file": "remote_env_server.py", "line": "298", "module": "env", "process": "remote_env_server", "function": "run_once", "stack": "", "pid": 94}
{"time": "2026-04-18 12:12:09.078315", "level": "INFO", "message": "env env recv reset message", "file": "remote_env_server.py", "line": "282", "module": "env", "process": "remote_env_server", "function": "run_once", "stack": "", "pid": 94}
{"time": "2026-04-18 12:12:09.082300", "level": "INFO", "message": "env Select map in order: episode=157, map_id=8 from map_list=[1, 2, 3, 4, 5, 6, 7, 8, 9, 10]", "file": "data_handler.py", "line": "148", "module": "env", "process": "data_handler", "function": "handle_usr_conf", "stack": "", "pid": 94}
{"time": "2026-04-18 12:12:15.784901", "level": "INFO", "message": "env data_handler finish success", "file": "data_handler.py", "line": "189", "module": "env", "process": "data_handler", "function": "finish", "stack": "", "pid": 94}
{"time": "2026-04-18 12:12:15.785566", "level": "INFO", "message": "env env run once episode done, process_run_count is 129818", "file": "remote_env_server.py", "line": "298", "module": "env", "process": "remote_env_server", "function": "run_once", "stack": "", "pid": 94}
{"time": "2026-04-18 12:12:15.820220", "level": "INFO", "message": "env env recv reset message", "file": "remote_env_server.py", "line": "282", "module": "env", "process": "remote_env_server", "function": "run_once", "stack": "", "pid": 94}
{"time": "2026-04-18 12:12:15.821093", "level": "INFO", "message": "env Select map in order: episode=158, map_id=9 from map_list=[1, 2, 3, 4, 5, 6, 7, 8, 9, 10]", "file": "data_handler.py", "line": "148", "module": "env", "process": "data_handler", "function": "handle_usr_conf", "stack": "", "pid": 94}
{"time": "2026-04-18 12:12:22.302871", "level": "INFO", "message": "env data_handler finish success", "file": "data_handler.py", "line": "189", "module": "env", "process": "data_handler", "function": "finish", "stack": "", "pid": 94}
{"time": "2026-04-18 12:12:22.303462", "level": "INFO", "message": "env env run once episode done, process_run_count is 130819", "file": "remote_env_server.py", "line": "298", "module": "env", "process": "remote_env_server", "function": "run_once", "stack": "", "pid": 94}
{"time": "2026-04-18 12:12:22.340609", "level": "INFO", "message": "env env recv reset message", "file": "remote_env_server.py", "line": "282", "module": "env", "process": "remote_env_server", "function": "run_once", "stack": "", "pid": 94}
{"time": "2026-04-18 12:12:22.341169", "level": "INFO", "message": "env Select map in order: episode=159, map_id=10 from map_list=[1, 2, 3, 4, 5, 6, 7, 8, 9, 10]", "file": "data_handler.py", "line": "148", "module": "env", "process": "data_handler", "function": "handle_usr_conf", "stack": "", "pid": 94}
{"time": "2026-04-18 12:12:29.784901", "level": "INFO", "message": "env data_handler finish success", "file": "data_handler.py", "line": "189", "module": "env", "process": "data_handler", "function": "finish", "stack": "", "pid": 94}
{"time": "2026-04-18 12:12:29.785481", "level": "INFO", "message": "env env run once episode done, process_run_count is 131820", "file": "remote_env_server.py", "line": "298", "module": "env", "process": "remote_env_server", "function": "run_once", "stack": "", "pid": 94}
{"time": "2026-04-18 12:12:29.823487", "level": "INFO", "message": "env env recv reset message", "file": "remote_env_server.py", "line": "282", "module": "env", "process": "remote_env_server", "function": "run_once", "stack": "", "pid": 94}
{"time": "2026-04-18 12:12:29.824250", "level": "INFO", "message": "env Select map in order: episode=160, map_id=1 from map_list=[1, 2, 3, 4, 5, 6, 7, 8, 9, 10]", "file": "data_handler.py", "line": "148", "module": "env", "process": "data_handler", "function": "handle_usr_conf", "stack": "", "pid": 94}
{"time": "2026-04-18 12:12:31.414188", "level": "INFO", "message": "env data_handler finish success", "file": "data_handler.py", "line": "189", "module": "env", "process": "data_handler", "function": "finish", "stack": "", "pid": 94}
{"time": "2026-04-18 12:12:31.415099", "level": "INFO", "message": "env env run once episode done, process_run_count is 132021", "file": "remote_env_server.py", "line": "298", "module": "env", "process": "remote_env_server", "function": "run_once", "stack": "", "pid": 94}
{"time": "2026-04-18 12:12:31.424284", "level": "INFO", "message": "env env recv reset message", "file": "remote_env_server.py", "line": "282", "module": "env", "process": "remote_env_server", "function": "run_once", "stack": "", "pid": 94}
{"time": "2026-04-18 12:12:31.425162", "level": "INFO", "message": "env Select map in order: episode=161, map_id=2 from map_list=[1, 2, 3, 4, 5, 6, 7, 8, 9, 10]", "file": "data_handler.py", "line": "148", "module": "env", "process": "data_handler", "function": "handle_usr_conf", "stack": "", "pid": 94}
{"time": "2026-04-18 12:12:38.494332", "level": "INFO", "message": "env data_handler finish success", "file": "data_handler.py", "line": "189", "module": "env", "process": "data_handler", "function": "finish", "stack": "", "pid": 94}
{"time": "2026-04-18 12:12:38.495136", "level": "INFO", "message": "env env run once episode done, process_run_count is 132967", "file": "remote_env_server.py", "line": "298", "module": "env", "process": "remote_env_server", "function": "run_once", "stack": "", "pid": 94}
{"time": "2026-04-18 12:12:38.530393", "level": "INFO", "message": "env env recv reset message", "file": "remote_env_server.py", "line": "282", "module": "env", "process": "remote_env_server", "function": "run_once", "stack": "", "pid": 94}
{"time": "2026-04-18 12:12:38.531359", "level": "INFO", "message": "env Select map in order: episode=162, map_id=3 from map_list=[1, 2, 3, 4, 5, 6, 7, 8, 9, 10]", "file": "data_handler.py", "line": "148", "module": "env", "process": "data_handler", "function": "handle_usr_conf", "stack": "", "pid": 94}
{"time": "2026-04-18 12:12:40.989426", "level": "INFO", "message": "env data_handler finish success", "file": "data_handler.py", "line": "189", "module": "env", "process": "data_handler", "function": "finish", "stack": "", "pid": 94}
{"time": "2026-04-18 12:12:40.992174", "level": "INFO", "message": "env env run once episode done, process_run_count is 133272", "file": "remote_env_server.py", "line": "298", "module": "env", "process": "remote_env_server", "function": "run_once", "stack": "", "pid": 94}
{"time": "2026-04-18 12:12:41.003143", "level": "INFO", "message": "env env recv reset message", "file": "remote_env_server.py", "line": "282", "module": "env", "process": "remote_env_server", "function": "run_once", "stack": "", "pid": 94}
{"time": "2026-04-18 12:12:41.003982", "level": "INFO", "message": "env Select map in order: episode=163, map_id=4 from map_list=[1, 2, 3, 4, 5, 6, 7, 8, 9, 10]", "file": "data_handler.py", "line": "148", "module": "env", "process": "data_handler", "function": "handle_usr_conf", "stack": "", "pid": 94}
{"time": "2026-04-18 12:12:44.661083", "level": "INFO", "message": "env data_handler finish success", "file": "data_handler.py", "line": "189", "module": "env", "process": "data_handler", "function": "finish", "stack": "", "pid": 94}
{"time": "2026-04-18 12:12:44.661642", "level": "INFO", "message": "env env run once episode done, process_run_count is 133880", "file": "remote_env_server.py", "line": "298", "module": "env", "process": "remote_env_server", "function": "run_once", "stack": "", "pid": 94}
{"time": "2026-04-18 12:12:44.687396", "level": "INFO", "message": "env env recv reset message", "file": "remote_env_server.py", "line": "282", "module": "env", "process": "remote_env_server", "function": "run_once", "stack": "", "pid": 94}
{"time": "2026-04-18 12:12:44.688206", "level": "INFO", "message": "env Select map in order: episode=164, map_id=5 from map_list=[1, 2, 3, 4, 5, 6, 7, 8, 9, 10]", "file": "data_handler.py", "line": "148", "module": "env", "process": "data_handler", "function": "handle_usr_conf", "stack": "", "pid": 94}
{"time": "2026-04-18 12:12:51.682083", "level": "INFO", "message": "env data_handler finish success", "file": "data_handler.py", "line": "189", "module": "env", "process": "data_handler", "function": "finish", "stack": "", "pid": 94}
{"time": "2026-04-18 12:12:51.682846", "level": "INFO", "message": "env env run once episode done, process_run_count is 134823", "file": "remote_env_server.py", "line": "298", "module": "env", "process": "remote_env_server", "function": "run_once", "stack": "", "pid": 94}
{"time": "2026-04-18 12:12:51.715998", "level": "INFO", "message": "env env recv reset message", "file": "remote_env_server.py", "line": "282", "module": "env", "process": "remote_env_server", "function": "run_once", "stack": "", "pid": 94}
{"time": "2026-04-18 12:12:51.716735", "level": "INFO", "message": "env Select map in order: episode=165, map_id=6 from map_list=[1, 2, 3, 4, 5, 6, 7, 8, 9, 10]", "file": "data_handler.py", "line": "148", "module": "env", "process": "data_handler", "function": "handle_usr_conf", "stack": "", "pid": 94}
{"time": "2026-04-18 12:12:59.191112", "level": "INFO", "message": "env finish monitor_data is {'total_score': 889, 'clean_score': 889, 'total_map': 10, 'map_random': 0, 'map_code': 6, 'max_steps': 1000, 'finished_steps': 1000, 'total_charger': 4, 'charge_count': 9, 'remaining_charge': 175}", "file": "monitor_helper.py", "line": "95", "module": "env", "process": "monitor_helper", "function": "finish", "stack": "", "pid": 94}
{"time": "2026-04-18 12:12:59.191738", "level": "INFO", "message": "env data_handler finish success", "file": "data_handler.py", "line": "189", "module": "env", "process": "data_handler", "function": "finish", "stack": "", "pid": 94}
{"time": "2026-04-18 12:12:59.192304", "level": "INFO", "message": "env env run once episode done, process_run_count is 135824", "file": "remote_env_server.py", "line": "298", "module": "env", "process": "remote_env_server", "function": "run_once", "stack": "", "pid": 94}
{"time": "2026-04-18 12:12:59.234901", "level": "INFO", "message": "env env recv reset message", "file": "remote_env_server.py", "line": "282", "module": "env", "process": "remote_env_server", "function": "run_once", "stack": "", "pid": 94}
{"time": "2026-04-18 12:12:59.235489", "level": "INFO", "message": "env Select map in order: episode=166, map_id=7 from map_list=[1, 2, 3, 4, 5, 6, 7, 8, 9, 10]", "file": "data_handler.py", "line": "148", "module": "env", "process": "data_handler", "function": "handle_usr_conf", "stack": "", "pid": 94}
{"time": "2026-04-18 12:13:06.629097", "level": "INFO", "message": "env data_handler finish success", "file": "data_handler.py", "line": "189", "module": "env", "process": "data_handler", "function": "finish", "stack": "", "pid": 94}
{"time": "2026-04-18 12:13:06.629758", "level": "INFO", "message": "env env run once episode done, process_run_count is 136825", "file": "remote_env_server.py", "line": "298", "module": "env", "process": "remote_env_server", "function": "run_once", "stack": "", "pid": 94}
{"time": "2026-04-18 12:13:06.669907", "level": "INFO", "message": "env env recv reset message", "file": "remote_env_server.py", "line": "282", "module": "env", "process": "remote_env_server", "function": "run_once", "stack": "", "pid": 94}
{"time": "2026-04-18 12:13:06.670807", "level": "INFO", "message": "env Select map in order: episode=167, map_id=8 from map_list=[1, 2, 3, 4, 5, 6, 7, 8, 9, 10]", "file": "data_handler.py", "line": "148", "module": "env", "process": "data_handler", "function": "handle_usr_conf", "stack": "", "pid": 94}
{"time": "2026-04-18 12:13:14.267554", "level": "INFO", "message": "env data_handler finish success", "file": "data_handler.py", "line": "189", "module": "env", "process": "data_handler", "function": "finish", "stack": "", "pid": 94}
{"time": "2026-04-18 12:13:14.268177", "level": "INFO", "message": "env env run once episode done, process_run_count is 137826", "file": "remote_env_server.py", "line": "298", "module": "env", "process": "remote_env_server", "function": "run_once", "stack": "", "pid": 94}
{"time": "2026-04-18 12:13:14.312526", "level": "INFO", "message": "env env recv reset message", "file": "remote_env_server.py", "line": "282", "module": "env", "process": "remote_env_server", "function": "run_once", "stack": "", "pid": 94}
{"time": "2026-04-18 12:13:14.313273", "level": "INFO", "message": "env Select map in order: episode=168, map_id=9 from map_list=[1, 2, 3, 4, 5, 6, 7, 8, 9, 10]", "file": "data_handler.py", "line": "148", "module": "env", "process": "data_handler", "function": "handle_usr_conf", "stack": "", "pid": 94}
{"time": "2026-04-18 12:13:20.951711", "level": "INFO", "message": "env data_handler finish success", "file": "data_handler.py", "line": "189", "module": "env", "process": "data_handler", "function": "finish", "stack": "", "pid": 94}
{"time": "2026-04-18 12:13:20.955492", "level": "INFO", "message": "env env run once episode done, process_run_count is 138827", "file": "remote_env_server.py", "line": "298", "module": "env", "process": "remote_env_server", "function": "run_once", "stack": "", "pid": 94}
{"time": "2026-04-18 12:13:20.994663", "level": "INFO", "message": "env env recv reset message", "file": "remote_env_server.py", "line": "282", "module": "env", "process": "remote_env_server", "function": "run_once", "stack": "", "pid": 94}
{"time": "2026-04-18 12:13:20.995547", "level": "INFO", "message": "env Select map in order: episode=169, map_id=10 from map_list=[1, 2, 3, 4, 5, 6, 7, 8, 9, 10]", "file": "data_handler.py", "line": "148", "module": "env", "process": "data_handler", "function": "handle_usr_conf", "stack": "", "pid": 94}
{"time": "2026-04-18 12:13:28.425463", "level": "INFO", "message": "env data_handler finish success", "file": "data_handler.py", "line": "189", "module": "env", "process": "data_handler", "function": "finish", "stack": "", "pid": 94}
{"time": "2026-04-18 12:13:28.426006", "level": "INFO", "message": "env env run once episode done, process_run_count is 139828", "file": "remote_env_server.py", "line": "298", "module": "env", "process": "remote_env_server", "function": "run_once", "stack": "", "pid": 94}
{"time": "2026-04-18 12:13:28.466462", "level": "INFO", "message": "env env recv reset message", "file": "remote_env_server.py", "line": "282", "module": "env", "process": "remote_env_server", "function": "run_once", "stack": "", "pid": 94}
{"time": "2026-04-18 12:13:28.467462", "level": "INFO", "message": "env Select map in order: episode=170, map_id=1 from map_list=[1, 2, 3, 4, 5, 6, 7, 8, 9, 10]", "file": "data_handler.py", "line": "148", "module": "env", "process": "data_handler", "function": "handle_usr_conf", "stack": "", "pid": 94}
{"time": "2026-04-18 12:13:32.949409", "level": "INFO", "message": "env data_handler finish success", "file": "data_handler.py", "line": "189", "module": "env", "process": "data_handler", "function": "finish", "stack": "", "pid": 94}
{"time": "2026-04-18 12:13:32.949867", "level": "INFO", "message": "env env run once episode done, process_run_count is 140432", "file": "remote_env_server.py", "line": "298", "module": "env", "process": "remote_env_server", "function": "run_once", "stack": "", "pid": 94}
{"time": "2026-04-18 12:13:32.976648", "level": "INFO", "message": "env env recv reset message", "file": "remote_env_server.py", "line": "282", "module": "env", "process": "remote_env_server", "function": "run_once", "stack": "", "pid": 94}
{"time": "2026-04-18 12:13:32.977361", "level": "INFO", "message": "env Select map in order: episode=171, map_id=2 from map_list=[1, 2, 3, 4, 5, 6, 7, 8, 9, 10]", "file": "data_handler.py", "line": "148", "module": "env", "process": "data_handler", "function": "handle_usr_conf", "stack": "", "pid": 94}
{"time": "2026-04-18 12:13:40.013029", "level": "INFO", "message": "env data_handler finish success", "file": "data_handler.py", "line": "189", "module": "env", "process": "data_handler", "function": "finish", "stack": "", "pid": 94}
{"time": "2026-04-18 12:13:40.013665", "level": "INFO", "message": "env env run once episode done, process_run_count is 141433", "file": "remote_env_server.py", "line": "298", "module": "env", "process": "remote_env_server", "function": "run_once", "stack": "", "pid": 94}
{"time": "2026-04-18 12:13:40.048587", "level": "INFO", "message": "env env recv reset message", "file": "remote_env_server.py", "line": "282", "module": "env", "process": "remote_env_server", "function": "run_once", "stack": "", "pid": 94}
{"time": "2026-04-18 12:13:40.049439", "level": "INFO", "message": "env Select map in order: episode=172, map_id=3 from map_list=[1, 2, 3, 4, 5, 6, 7, 8, 9, 10]", "file": "data_handler.py", "line": "148", "module": "env", "process": "data_handler", "function": "handle_usr_conf", "stack": "", "pid": 94}
{"time": "2026-04-18 12:13:43.808716", "level": "INFO", "message": "env data_handler finish success", "file": "data_handler.py", "line": "189", "module": "env", "process": "data_handler", "function": "finish", "stack": "", "pid": 94}
{"time": "2026-04-18 12:13:43.809312", "level": "INFO", "message": "env env run once episode done, process_run_count is 142063", "file": "remote_env_server.py", "line": "298", "module": "env", "process": "remote_env_server", "function": "run_once", "stack": "", "pid": 94}
{"time": "2026-04-18 12:13:43.835868", "level": "INFO", "message": "env env recv reset message", "file": "remote_env_server.py", "line": "282", "module": "env", "process": "remote_env_server", "function": "run_once", "stack": "", "pid": 94}
{"time": "2026-04-18 12:13:43.836687", "level": "INFO", "message": "env Select map in order: episode=173, map_id=4 from map_list=[1, 2, 3, 4, 5, 6, 7, 8, 9, 10]", "file": "data_handler.py", "line": "148", "module": "env", "process": "data_handler", "function": "handle_usr_conf", "stack": "", "pid": 94}
{"time": "2026-04-18 12:13:46.728267", "level": "INFO", "message": "env data_handler finish success", "file": "data_handler.py", "line": "189", "module": "env", "process": "data_handler", "function": "finish", "stack": "", "pid": 94}
{"time": "2026-04-18 12:13:46.728820", "level": "INFO", "message": "env env run once episode done, process_run_count is 142454", "file": "remote_env_server.py", "line": "298", "module": "env", "process": "remote_env_server", "function": "run_once", "stack": "", "pid": 94}
{"time": "2026-04-18 12:13:46.745493", "level": "INFO", "message": "env env recv reset message", "file": "remote_env_server.py", "line": "282", "module": "env", "process": "remote_env_server", "function": "run_once", "stack": "", "pid": 94}
{"time": "2026-04-18 12:13:46.746138", "level": "INFO", "message": "env Select map in order: episode=174, map_id=5 from map_list=[1, 2, 3, 4, 5, 6, 7, 8, 9, 10]", "file": "data_handler.py", "line": "148", "module": "env", "process": "data_handler", "function": "handle_usr_conf", "stack": "", "pid": 94}
{"time": "2026-04-18 12:13:53.681403", "level": "INFO", "message": "env data_handler finish success", "file": "data_handler.py", "line": "189", "module": "env", "process": "data_handler", "function": "finish", "stack": "", "pid": 94}
{"time": "2026-04-18 12:13:53.681914", "level": "INFO", "message": "env env run once episode done, process_run_count is 143455", "file": "remote_env_server.py", "line": "298", "module": "env", "process": "remote_env_server", "function": "run_once", "stack": "", "pid": 94}
{"time": "2026-04-18 12:13:53.716931", "level": "INFO", "message": "env env recv reset message", "file": "remote_env_server.py", "line": "282", "module": "env", "process": "remote_env_server", "function": "run_once", "stack": "", "pid": 94}
{"time": "2026-04-18 12:13:53.717746", "level": "INFO", "message": "env Select map in order: episode=175, map_id=6 from map_list=[1, 2, 3, 4, 5, 6, 7, 8, 9, 10]", "file": "data_handler.py", "line": "148", "module": "env", "process": "data_handler", "function": "handle_usr_conf", "stack": "", "pid": 94}
{"time": "2026-04-18 12:13:57.270790", "level": "INFO", "message": "env data_handler finish success", "file": "data_handler.py", "line": "189", "module": "env", "process": "data_handler", "function": "finish", "stack": "", "pid": 94}
{"time": "2026-04-18 12:13:57.271276", "level": "INFO", "message": "env env run once episode done, process_run_count is 143950", "file": "remote_env_server.py", "line": "298", "module": "env", "process": "remote_env_server", "function": "run_once", "stack": "", "pid": 94}
{"time": "2026-04-18 12:13:57.292106", "level": "INFO", "message": "env env recv reset message", "file": "remote_env_server.py", "line": "282", "module": "env", "process": "remote_env_server", "function": "run_once", "stack": "", "pid": 94}
{"time": "2026-04-18 12:13:57.292837", "level": "INFO", "message": "env Select map in order: episode=176, map_id=7 from map_list=[1, 2, 3, 4, 5, 6, 7, 8, 9, 10]", "file": "data_handler.py", "line": "148", "module": "env", "process": "data_handler", "function": "handle_usr_conf", "stack": "", "pid": 94}
{"time": "2026-04-18 12:14:03.828373", "level": "INFO", "message": "env finish monitor_data is {'total_score': 771, 'clean_score': 771, 'total_map': 10, 'map_random': 0, 'map_code': 7, 'max_steps': 1000, 'finished_steps': 939, 'total_charger': 4, 'charge_count': 7, 'remaining_charge': 0}", "file": "monitor_helper.py", "line": "95", "module": "env", "process": "monitor_helper", "function": "finish", "stack": "", "pid": 94}
{"time": "2026-04-18 12:14:03.829411", "level": "INFO", "message": "env data_handler finish success", "file": "data_handler.py", "line": "189", "module": "env", "process": "data_handler", "function": "finish", "stack": "", "pid": 94}
{"time": "2026-04-18 12:14:03.830067", "level": "INFO", "message": "env env run once episode done, process_run_count is 144890", "file": "remote_env_server.py", "line": "298", "module": "env", "process": "remote_env_server", "function": "run_once", "stack": "", "pid": 94}
{"time": "2026-04-18 12:14:03.867957", "level": "INFO", "message": "env env recv reset message", "file": "remote_env_server.py", "line": "282", "module": "env", "process": "remote_env_server", "function": "run_once", "stack": "", "pid": 94}
{"time": "2026-04-18 12:14:03.868671", "level": "INFO", "message": "env Select map in order: episode=177, map_id=8 from map_list=[1, 2, 3, 4, 5, 6, 7, 8, 9, 10]", "file": "data_handler.py", "line": "148", "module": "env", "process": "data_handler", "function": "handle_usr_conf", "stack": "", "pid": 94}
{"time": "2026-04-18 12:14:09.182109", "level": "INFO", "message": "env data_handler finish success", "file": "data_handler.py", "line": "189", "module": "env", "process": "data_handler", "function": "finish", "stack": "", "pid": 94}
{"time": "2026-04-18 12:14:09.182964", "level": "INFO", "message": "env env run once episode done, process_run_count is 145653", "file": "remote_env_server.py", "line": "298", "module": "env", "process": "remote_env_server", "function": "run_once", "stack": "", "pid": 94}
{"time": "2026-04-18 12:14:09.210190", "level": "INFO", "message": "env env recv reset message", "file": "remote_env_server.py", "line": "282", "module": "env", "process": "remote_env_server", "function": "run_once", "stack": "", "pid": 94}
{"time": "2026-04-18 12:14:09.211017", "level": "INFO", "message": "env Select map in order: episode=178, map_id=9 from map_list=[1, 2, 3, 4, 5, 6, 7, 8, 9, 10]", "file": "data_handler.py", "line": "148", "module": "env", "process": "data_handler", "function": "handle_usr_conf", "stack": "", "pid": 94}
{"time": "2026-04-18 12:14:15.093809", "level": "INFO", "message": "env data_handler finish success", "file": "data_handler.py", "line": "189", "module": "env", "process": "data_handler", "function": "finish", "stack": "", "pid": 94}
{"time": "2026-04-18 12:14:15.094443", "level": "INFO", "message": "env env run once episode done, process_run_count is 146654", "file": "remote_env_server.py", "line": "298", "module": "env", "process": "remote_env_server", "function": "run_once", "stack": "", "pid": 94}
{"time": "2026-04-18 12:14:15.134757", "level": "INFO", "message": "env env recv reset message", "file": "remote_env_server.py", "line": "282", "module": "env", "process": "remote_env_server", "function": "run_once", "stack": "", "pid": 94}
{"time": "2026-04-18 12:14:15.135587", "level": "INFO", "message": "env Select map in order: episode=179, map_id=10 from map_list=[1, 2, 3, 4, 5, 6, 7, 8, 9, 10]", "file": "data_handler.py", "line": "148", "module": "env", "process": "data_handler", "function": "handle_usr_conf", "stack": "", "pid": 94}
{"time": "2026-04-18 12:14:22.129092", "level": "INFO", "message": "env data_handler finish success", "file": "data_handler.py", "line": "189", "module": "env", "process": "data_handler", "function": "finish", "stack": "", "pid": 94}
{"time": "2026-04-18 12:14:22.129633", "level": "INFO", "message": "env env run once episode done, process_run_count is 147655", "file": "remote_env_server.py", "line": "298", "module": "env", "process": "remote_env_server", "function": "run_once", "stack": "", "pid": 94}
{"time": "2026-04-18 12:14:22.163972", "level": "INFO", "message": "env env recv reset message", "file": "remote_env_server.py", "line": "282", "module": "env", "process": "remote_env_server", "function": "run_once", "stack": "", "pid": 94}
{"time": "2026-04-18 12:14:22.164643", "level": "INFO", "message": "env Select map in order: episode=180, map_id=1 from map_list=[1, 2, 3, 4, 5, 6, 7, 8, 9, 10]", "file": "data_handler.py", "line": "148", "module": "env", "process": "data_handler", "function": "handle_usr_conf", "stack": "", "pid": 94}
{"time": "2026-04-18 12:14:29.107634", "level": "INFO", "message": "env data_handler finish success", "file": "data_handler.py", "line": "189", "module": "env", "process": "data_handler", "function": "finish", "stack": "", "pid": 94}
{"time": "2026-04-18 12:14:29.108443", "level": "INFO", "message": "env env run once episode done, process_run_count is 148656", "file": "remote_env_server.py", "line": "298", "module": "env", "process": "remote_env_server", "function": "run_once", "stack": "", "pid": 94}
{"time": "2026-04-18 12:14:29.142943", "level": "INFO", "message": "env env recv reset message", "file": "remote_env_server.py", "line": "282", "module": "env", "process": "remote_env_server", "function": "run_once", "stack": "", "pid": 94}
{"time": "2026-04-18 12:14:29.143973", "level": "INFO", "message": "env Select map in order: episode=181, map_id=2 from map_list=[1, 2, 3, 4, 5, 6, 7, 8, 9, 10]", "file": "data_handler.py", "line": "148", "module": "env", "process": "data_handler", "function": "handle_usr_conf", "stack": "", "pid": 94}
{"time": "2026-04-18 12:14:36.042013", "level": "INFO", "message": "env data_handler finish success", "file": "data_handler.py", "line": "189", "module": "env", "process": "data_handler", "function": "finish", "stack": "", "pid": 94}
{"time": "2026-04-18 12:14:36.042544", "level": "INFO", "message": "env env run once episode done, process_run_count is 149657", "file": "remote_env_server.py", "line": "298", "module": "env", "process": "remote_env_server", "function": "run_once", "stack": "", "pid": 94}
{"time": "2026-04-18 12:14:36.078180", "level": "INFO", "message": "env env recv reset message", "file": "remote_env_server.py", "line": "282", "module": "env", "process": "remote_env_server", "function": "run_once", "stack": "", "pid": 94}
{"time": "2026-04-18 12:14:36.078844", "level": "INFO", "message": "env Select map in order: episode=182, map_id=3 from map_list=[1, 2, 3, 4, 5, 6, 7, 8, 9, 10]", "file": "data_handler.py", "line": "148", "module": "env", "process": "data_handler", "function": "handle_usr_conf", "stack": "", "pid": 94}
{"time": "2026-04-18 12:14:41.812923", "level": "INFO", "message": "env data_handler finish success", "file": "data_handler.py", "line": "189", "module": "env", "process": "data_handler", "function": "finish", "stack": "", "pid": 94}
{"time": "2026-04-18 12:14:41.813563", "level": "INFO", "message": "env env run once episode done, process_run_count is 150658", "file": "remote_env_server.py", "line": "298", "module": "env", "process": "remote_env_server", "function": "run_once", "stack": "", "pid": 94}
{"time": "2026-04-18 12:14:41.847283", "level": "INFO", "message": "env env recv reset message", "file": "remote_env_server.py", "line": "282", "module": "env", "process": "remote_env_server", "function": "run_once", "stack": "", "pid": 94}
{"time": "2026-04-18 12:14:41.848393", "level": "INFO", "message": "env Select map in order: episode=183, map_id=4 from map_list=[1, 2, 3, 4, 5, 6, 7, 8, 9, 10]", "file": "data_handler.py", "line": "148", "module": "env", "process": "data_handler", "function": "handle_usr_conf", "stack": "", "pid": 94}
{"time": "2026-04-18 12:14:49.012875", "level": "INFO", "message": "env data_handler finish success", "file": "data_handler.py", "line": "189", "module": "env", "process": "data_handler", "function": "finish", "stack": "", "pid": 94}
{"time": "2026-04-18 12:14:49.013506", "level": "INFO", "message": "env env run once episode done, process_run_count is 151659", "file": "remote_env_server.py", "line": "298", "module": "env", "process": "remote_env_server", "function": "run_once", "stack": "", "pid": 94}
{"time": "2026-04-18 12:14:49.050425", "level": "INFO", "message": "env env recv reset message", "file": "remote_env_server.py", "line": "282", "module": "env", "process": "remote_env_server", "function": "run_once", "stack": "", "pid": 94}
{"time": "2026-04-18 12:14:49.051019", "level": "INFO", "message": "env Select map in order: episode=184, map_id=5 from map_list=[1, 2, 3, 4, 5, 6, 7, 8, 9, 10]", "file": "data_handler.py", "line": "148", "module": "env", "process": "data_handler", "function": "handle_usr_conf", "stack": "", "pid": 94}
{"time": "2026-04-18 12:14:55.182029", "level": "INFO", "message": "env data_handler finish success", "file": "data_handler.py", "line": "189", "module": "env", "process": "data_handler", "function": "finish", "stack": "", "pid": 94}
{"time": "2026-04-18 12:14:55.182745", "level": "INFO", "message": "env env run once episode done, process_run_count is 152533", "file": "remote_env_server.py", "line": "298", "module": "env", "process": "remote_env_server", "function": "run_once", "stack": "", "pid": 94}
{"time": "2026-04-18 12:14:55.212842", "level": "INFO", "message": "env env recv reset message", "file": "remote_env_server.py", "line": "282", "module": "env", "process": "remote_env_server", "function": "run_once", "stack": "", "pid": 94}
{"time": "2026-04-18 12:14:55.213523", "level": "INFO", "message": "env Select map in order: episode=185, map_id=6 from map_list=[1, 2, 3, 4, 5, 6, 7, 8, 9, 10]", "file": "data_handler.py", "line": "148", "module": "env", "process": "data_handler", "function": "handle_usr_conf", "stack": "", "pid": 94}
{"time": "2026-04-18 12:15:02.113858", "level": "INFO", "message": "env data_handler finish success", "file": "data_handler.py", "line": "189", "module": "env", "process": "data_handler", "function": "finish", "stack": "", "pid": 94}
{"time": "2026-04-18 12:15:02.114437", "level": "INFO", "message": "env env run once episode done, process_run_count is 153534", "file": "remote_env_server.py", "line": "298", "module": "env", "process": "remote_env_server", "function": "run_once", "stack": "", "pid": 94}
{"time": "2026-04-18 12:15:02.151735", "level": "INFO", "message": "env env recv reset message", "file": "remote_env_server.py", "line": "282", "module": "env", "process": "remote_env_server", "function": "run_once", "stack": "", "pid": 94}
{"time": "2026-04-18 12:15:02.152597", "level": "INFO", "message": "env Select map in order: episode=186, map_id=7 from map_list=[1, 2, 3, 4, 5, 6, 7, 8, 9, 10]", "file": "data_handler.py", "line": "148", "module": "env", "process": "data_handler", "function": "handle_usr_conf", "stack": "", "pid": 94}
{"time": "2026-04-18 12:15:09.063416", "level": "INFO", "message": "env finish monitor_data is {'total_score': 816, 'clean_score': 816, 'total_map': 10, 'map_random': 0, 'map_code': 7, 'max_steps': 1000, 'finished_steps': 1000, 'total_charger': 4, 'charge_count': 8, 'remaining_charge': 137}", "file": "monitor_helper.py", "line": "95", "module": "env", "process": "monitor_helper", "function": "finish", "stack": "", "pid": 94}
{"time": "2026-04-18 12:15:09.063994", "level": "INFO", "message": "env data_handler finish success", "file": "data_handler.py", "line": "189", "module": "env", "process": "data_handler", "function": "finish", "stack": "", "pid": 94}
{"time": "2026-04-18 12:15:09.064689", "level": "INFO", "message": "env env run once episode done, process_run_count is 154535", "file": "remote_env_server.py", "line": "298", "module": "env", "process": "remote_env_server", "function": "run_once", "stack": "", "pid": 94}
{"time": "2026-04-18 12:15:09.107000", "level": "INFO", "message": "env env recv reset message", "file": "remote_env_server.py", "line": "282", "module": "env", "process": "remote_env_server", "function": "run_once", "stack": "", "pid": 94}
{"time": "2026-04-18 12:15:09.107655", "level": "INFO", "message": "env Select map in order: episode=187, map_id=8 from map_list=[1, 2, 3, 4, 5, 6, 7, 8, 9, 10]", "file": "data_handler.py", "line": "148", "module": "env", "process": "data_handler", "function": "handle_usr_conf", "stack": "", "pid": 94}
{"time": "2026-04-18 12:15:13.577909", "level": "INFO", "message": "env data_handler finish success", "file": "data_handler.py", "line": "189", "module": "env", "process": "data_handler", "function": "finish", "stack": "", "pid": 94}
{"time": "2026-04-18 12:15:13.578384", "level": "INFO", "message": "env env run once episode done, process_run_count is 155270", "file": "remote_env_server.py", "line": "298", "module": "env", "process": "remote_env_server", "function": "run_once", "stack": "", "pid": 94}
{"time": "2026-04-18 12:15:13.606988", "level": "INFO", "message": "env env recv reset message", "file": "remote_env_server.py", "line": "282", "module": "env", "process": "remote_env_server", "function": "run_once", "stack": "", "pid": 94}
{"time": "2026-04-18 12:15:13.607679", "level": "INFO", "message": "env Select map in order: episode=188, map_id=9 from map_list=[1, 2, 3, 4, 5, 6, 7, 8, 9, 10]", "file": "data_handler.py", "line": "148", "module": "env", "process": "data_handler", "function": "handle_usr_conf", "stack": "", "pid": 94}
{"time": "2026-04-18 12:15:20.549745", "level": "INFO", "message": "env data_handler finish success", "file": "data_handler.py", "line": "189", "module": "env", "process": "data_handler", "function": "finish", "stack": "", "pid": 94}
{"time": "2026-04-18 12:15:20.550333", "level": "INFO", "message": "env env run once episode done, process_run_count is 156271", "file": "remote_env_server.py", "line": "298", "module": "env", "process": "remote_env_server", "function": "run_once", "stack": "", "pid": 94}
{"time": "2026-04-18 12:15:20.587165", "level": "INFO", "message": "env env recv reset message", "file": "remote_env_server.py", "line": "282", "module": "env", "process": "remote_env_server", "function": "run_once", "stack": "", "pid": 94}
{"time": "2026-04-18 12:15:20.587902", "level": "INFO", "message": "env Select map in order: episode=189, map_id=10 from map_list=[1, 2, 3, 4, 5, 6, 7, 8, 9, 10]", "file": "data_handler.py", "line": "148", "module": "env", "process": "data_handler", "function": "handle_usr_conf", "stack": "", "pid": 94}
{"time": "2026-04-18 12:15:27.214359", "level": "INFO", "message": "env data_handler finish success", "file": "data_handler.py", "line": "189", "module": "env", "process": "data_handler", "function": "finish", "stack": "", "pid": 94}
{"time": "2026-04-18 12:15:27.214913", "level": "INFO", "message": "env env run once episode done, process_run_count is 157224", "file": "remote_env_server.py", "line": "298", "module": "env", "process": "remote_env_server", "function": "run_once", "stack": "", "pid": 94}
{"time": "2026-04-18 12:15:27.251618", "level": "INFO", "message": "env env recv reset message", "file": "remote_env_server.py", "line": "282", "module": "env", "process": "remote_env_server", "function": "run_once", "stack": "", "pid": 94}
{"time": "2026-04-18 12:15:27.252563", "level": "INFO", "message": "env Select map in order: episode=190, map_id=1 from map_list=[1, 2, 3, 4, 5, 6, 7, 8, 9, 10]", "file": "data_handler.py", "line": "148", "module": "env", "process": "data_handler", "function": "handle_usr_conf", "stack": "", "pid": 94}
{"time": "2026-04-18 12:15:27.791397", "level": "INFO", "message": "env data_handler finish success", "file": "data_handler.py", "line": "189", "module": "env", "process": "data_handler", "function": "finish", "stack": "", "pid": 94}
{"time": "2026-04-18 12:15:27.792269", "level": "INFO", "message": "env env run once episode done, process_run_count is 157284", "file": "remote_env_server.py", "line": "298", "module": "env", "process": "remote_env_server", "function": "run_once", "stack": "", "pid": 94}
{"time": "2026-04-18 12:15:27.800191", "level": "INFO", "message": "env env recv reset message", "file": "remote_env_server.py", "line": "282", "module": "env", "process": "remote_env_server", "function": "run_once", "stack": "", "pid": 94}
{"time": "2026-04-18 12:15:27.802836", "level": "INFO", "message": "env Select map in order: episode=191, map_id=2 from map_list=[1, 2, 3, 4, 5, 6, 7, 8, 9, 10]", "file": "data_handler.py", "line": "148", "module": "env", "process": "data_handler", "function": "handle_usr_conf", "stack": "", "pid": 94}
{"time": "2026-04-18 12:15:33.341937", "level": "INFO", "message": "env data_handler finish success", "file": "data_handler.py", "line": "189", "module": "env", "process": "data_handler", "function": "finish", "stack": "", "pid": 94}
{"time": "2026-04-18 12:15:33.342453", "level": "INFO", "message": "env env run once episode done, process_run_count is 158080", "file": "remote_env_server.py", "line": "298", "module": "env", "process": "remote_env_server", "function": "run_once", "stack": "", "pid": 94}
{"time": "2026-04-18 12:15:33.370676", "level": "INFO", "message": "env env recv reset message", "file": "remote_env_server.py", "line": "282", "module": "env", "process": "remote_env_server", "function": "run_once", "stack": "", "pid": 94}
{"time": "2026-04-18 12:15:33.371386", "level": "INFO", "message": "env Select map in order: episode=192, map_id=3 from map_list=[1, 2, 3, 4, 5, 6, 7, 8, 9, 10]", "file": "data_handler.py", "line": "148", "module": "env", "process": "data_handler", "function": "handle_usr_conf", "stack": "", "pid": 94}
{"time": "2026-04-18 12:15:39.319992", "level": "INFO", "message": "env data_handler finish success", "file": "data_handler.py", "line": "189", "module": "env", "process": "data_handler", "function": "finish", "stack": "", "pid": 94}
{"time": "2026-04-18 12:15:39.320686", "level": "INFO", "message": "env env run once episode done, process_run_count is 159081", "file": "remote_env_server.py", "line": "298", "module": "env", "process": "remote_env_server", "function": "run_once", "stack": "", "pid": 94}
{"time": "2026-04-18 12:15:39.357187", "level": "INFO", "message": "env env recv reset message", "file": "remote_env_server.py", "line": "282", "module": "env", "process": "remote_env_server", "function": "run_once", "stack": "", "pid": 94}
{"time": "2026-04-18 12:15:39.357944", "level": "INFO", "message": "env Select map in order: episode=193, map_id=4 from map_list=[1, 2, 3, 4, 5, 6, 7, 8, 9, 10]", "file": "data_handler.py", "line": "148", "module": "env", "process": "data_handler", "function": "handle_usr_conf", "stack": "", "pid": 94}
{"time": "2026-04-18 12:15:40.189801", "level": "INFO", "message": "env data_handler finish success", "file": "data_handler.py", "line": "189", "module": "env", "process": "data_handler", "function": "finish", "stack": "", "pid": 94}
{"time": "2026-04-18 12:15:40.193647", "level": "INFO", "message": "env env run once episode done, process_run_count is 159181", "file": "remote_env_server.py", "line": "298", "module": "env", "process": "remote_env_server", "function": "run_once", "stack": "", "pid": 94}
{"time": "2026-04-18 12:15:40.197442", "level": "INFO", "message": "env env recv reset message", "file": "remote_env_server.py", "line": "282", "module": "env", "process": "remote_env_server", "function": "run_once", "stack": "", "pid": 94}
{"time": "2026-04-18 12:15:40.199712", "level": "INFO", "message": "env Select map in order: episode=194, map_id=5 from map_list=[1, 2, 3, 4, 5, 6, 7, 8, 9, 10]", "file": "data_handler.py", "line": "148", "module": "env", "process": "data_handler", "function": "handle_usr_conf", "stack": "", "pid": 94}
{"time": "2026-04-18 12:15:44.342206", "level": "INFO", "message": "env data_handler finish success", "file": "data_handler.py", "line": "189", "module": "env", "process": "data_handler", "function": "finish", "stack": "", "pid": 94}
{"time": "2026-04-18 12:15:44.342742", "level": "INFO", "message": "env env run once episode done, process_run_count is 159775", "file": "remote_env_server.py", "line": "298", "module": "env", "process": "remote_env_server", "function": "run_once", "stack": "", "pid": 94}
{"time": "2026-04-18 12:15:44.368729", "level": "INFO", "message": "env env recv reset message", "file": "remote_env_server.py", "line": "282", "module": "env", "process": "remote_env_server", "function": "run_once", "stack": "", "pid": 94}
{"time": "2026-04-18 12:15:44.369430", "level": "INFO", "message": "env Select map in order: episode=195, map_id=6 from map_list=[1, 2, 3, 4, 5, 6, 7, 8, 9, 10]", "file": "data_handler.py", "line": "148", "module": "env", "process": "data_handler", "function": "handle_usr_conf", "stack": "", "pid": 94}
{"time": "2026-04-18 12:15:48.593063", "level": "INFO", "message": "env data_handler finish success", "file": "data_handler.py", "line": "189", "module": "env", "process": "data_handler", "function": "finish", "stack": "", "pid": 94}
{"time": "2026-04-18 12:15:48.593616", "level": "INFO", "message": "env env run once episode done, process_run_count is 160381", "file": "remote_env_server.py", "line": "298", "module": "env", "process": "remote_env_server", "function": "run_once", "stack": "", "pid": 94}
{"time": "2026-04-18 12:15:48.616211", "level": "INFO", "message": "env env recv reset message", "file": "remote_env_server.py", "line": "282", "module": "env", "process": "remote_env_server", "function": "run_once", "stack": "", "pid": 94}
{"time": "2026-04-18 12:15:48.616999", "level": "INFO", "message": "env Select map in order: episode=196, map_id=7 from map_list=[1, 2, 3, 4, 5, 6, 7, 8, 9, 10]", "file": "data_handler.py", "line": "148", "module": "env", "process": "data_handler", "function": "handle_usr_conf", "stack": "", "pid": 94}
{"time": "2026-04-18 12:15:53.092608", "level": "INFO", "message": "env data_handler finish success", "file": "data_handler.py", "line": "189", "module": "env", "process": "data_handler", "function": "finish", "stack": "", "pid": 94}
{"time": "2026-04-18 12:15:53.093079", "level": "INFO", "message": "env env run once episode done, process_run_count is 161020", "file": "remote_env_server.py", "line": "298", "module": "env", "process": "remote_env_server", "function": "run_once", "stack": "", "pid": 94}
{"time": "2026-04-18 12:15:53.116806", "level": "INFO", "message": "env env recv reset message", "file": "remote_env_server.py", "line": "282", "module": "env", "process": "remote_env_server", "function": "run_once", "stack": "", "pid": 94}
{"time": "2026-04-18 12:15:53.117396", "level": "INFO", "message": "env Select map in order: episode=197, map_id=8 from map_list=[1, 2, 3, 4, 5, 6, 7, 8, 9, 10]", "file": "data_handler.py", "line": "148", "module": "env", "process": "data_handler", "function": "handle_usr_conf", "stack": "", "pid": 94}
{"time": "2026-04-18 12:15:57.685744", "level": "INFO", "message": "env data_handler finish success", "file": "data_handler.py", "line": "189", "module": "env", "process": "data_handler", "function": "finish", "stack": "", "pid": 94}
{"time": "2026-04-18 12:15:57.686188", "level": "INFO", "message": "env env run once episode done, process_run_count is 161688", "file": "remote_env_server.py", "line": "298", "module": "env", "process": "remote_env_server", "function": "run_once", "stack": "", "pid": 94}
{"time": "2026-04-18 12:15:57.712470", "level": "INFO", "message": "env env recv reset message", "file": "remote_env_server.py", "line": "282", "module": "env", "process": "remote_env_server", "function": "run_once", "stack": "", "pid": 94}
{"time": "2026-04-18 12:15:57.713062", "level": "INFO", "message": "env Select map in order: episode=198, map_id=9 from map_list=[1, 2, 3, 4, 5, 6, 7, 8, 9, 10]", "file": "data_handler.py", "line": "148", "module": "env", "process": "data_handler", "function": "handle_usr_conf", "stack": "", "pid": 94}
{"time": "2026-04-18 12:16:04.178690", "level": "INFO", "message": "env data_handler finish success", "file": "data_handler.py", "line": "189", "module": "env", "process": "data_handler", "function": "finish", "stack": "", "pid": 94}
{"time": "2026-04-18 12:16:04.179222", "level": "INFO", "message": "env env run once episode done, process_run_count is 162689", "file": "remote_env_server.py", "line": "298", "module": "env", "process": "remote_env_server", "function": "run_once", "stack": "", "pid": 94}
{"time": "2026-04-18 12:16:04.213408", "level": "INFO", "message": "env env recv reset message", "file": "remote_env_server.py", "line": "282", "module": "env", "process": "remote_env_server", "function": "run_once", "stack": "", "pid": 94}
{"time": "2026-04-18 12:16:04.214062", "level": "INFO", "message": "env Select map in order: episode=199, map_id=10 from map_list=[1, 2, 3, 4, 5, 6, 7, 8, 9, 10]", "file": "data_handler.py", "line": "148", "module": "env", "process": "data_handler", "function": "handle_usr_conf", "stack": "", "pid": 94}
{"time": "2026-04-18 12:16:09.689585", "level": "INFO", "message": "env finish monitor_data is {'total_score': 932, 'clean_score': 932, 'total_map': 10, 'map_random': 0, 'map_code': 10, 'max_steps': 1000, 'finished_steps': 1000, 'total_charger': 4, 'charge_count': 10, 'remaining_charge': 194}", "file": "monitor_helper.py", "line": "95", "module": "env", "process": "monitor_helper", "function": "finish", "stack": "", "pid": 94}
{"time": "2026-04-18 12:16:09.690090", "level": "INFO", "message": "env data_handler finish success", "file": "data_handler.py", "line": "189", "module": "env", "process": "data_handler", "function": "finish", "stack": "", "pid": 94}
{"time": "2026-04-18 12:16:09.691049", "level": "INFO", "message": "env env run once episode done, process_run_count is 163690", "file": "remote_env_server.py", "line": "298", "module": "env", "process": "remote_env_server", "function": "run_once", "stack": "", "pid": 94}
{"time": "2026-04-18 12:16:09.730075", "level": "INFO", "message": "env env recv reset message", "file": "remote_env_server.py", "line": "282", "module": "env", "process": "remote_env_server", "function": "run_once", "stack": "", "pid": 94}
{"time": "2026-04-18 12:16:09.730632", "level": "INFO", "message": "env Select map in order: episode=200, map_id=1 from map_list=[1, 2, 3, 4, 5, 6, 7, 8, 9, 10]", "file": "data_handler.py", "line": "148", "module": "env", "process": "data_handler", "function": "handle_usr_conf", "stack": "", "pid": 94}
{"time": "2026-04-18 12:16:16.317206", "level": "INFO", "message": "env data_handler finish success", "file": "data_handler.py", "line": "189", "module": "env", "process": "data_handler", "function": "finish", "stack": "", "pid": 94}
{"time": "2026-04-18 12:16:16.317732", "level": "INFO", "message": "env env run once episode done, process_run_count is 164691", "file": "remote_env_server.py", "line": "298", "module": "env", "process": "remote_env_server", "function": "run_once", "stack": "", "pid": 94}
{"time": "2026-04-18 12:16:16.355445", "level": "INFO", "message": "env env recv reset message", "file": "remote_env_server.py", "line": "282", "module": "env", "process": "remote_env_server", "function": "run_once", "stack": "", "pid": 94}
{"time": "2026-04-18 12:16:16.356039", "level": "INFO", "message": "env Select map in order: episode=201, map_id=2 from map_list=[1, 2, 3, 4, 5, 6, 7, 8, 9, 10]", "file": "data_handler.py", "line": "148", "module": "env", "process": "data_handler", "function": "handle_usr_conf", "stack": "", "pid": 94}
{"time": "2026-04-18 12:16:22.817698", "level": "INFO", "message": "env data_handler finish success", "file": "data_handler.py", "line": "189", "module": "env", "process": "data_handler", "function": "finish", "stack": "", "pid": 94}
{"time": "2026-04-18 12:16:22.818209", "level": "INFO", "message": "env env run once episode done, process_run_count is 165692", "file": "remote_env_server.py", "line": "298", "module": "env", "process": "remote_env_server", "function": "run_once", "stack": "", "pid": 94}
{"time": "2026-04-18 12:16:22.855210", "level": "INFO", "message": "env env recv reset message", "file": "remote_env_server.py", "line": "282", "module": "env", "process": "remote_env_server", "function": "run_once", "stack": "", "pid": 94}
{"time": "2026-04-18 12:16:22.855841", "level": "INFO", "message": "env Select map in order: episode=202, map_id=3 from map_list=[1, 2, 3, 4, 5, 6, 7, 8, 9, 10]", "file": "data_handler.py", "line": "148", "module": "env", "process": "data_handler", "function": "handle_usr_conf", "stack": "", "pid": 94}
{"time": "2026-04-18 12:16:29.361416", "level": "INFO", "message": "env data_handler finish success", "file": "data_handler.py", "line": "189", "module": "env", "process": "data_handler", "function": "finish", "stack": "", "pid": 94}
{"time": "2026-04-18 12:16:29.361941", "level": "INFO", "message": "env env run once episode done, process_run_count is 166693", "file": "remote_env_server.py", "line": "298", "module": "env", "process": "remote_env_server", "function": "run_once", "stack": "", "pid": 94}
{"time": "2026-04-18 12:16:29.401297", "level": "INFO", "message": "env env recv reset message", "file": "remote_env_server.py", "line": "282", "module": "env", "process": "remote_env_server", "function": "run_once", "stack": "", "pid": 94}
{"time": "2026-04-18 12:16:29.401920", "level": "INFO", "message": "env Select map in order: episode=203, map_id=4 from map_list=[1, 2, 3, 4, 5, 6, 7, 8, 9, 10]", "file": "data_handler.py", "line": "148", "module": "env", "process": "data_handler", "function": "handle_usr_conf", "stack": "", "pid": 94}
{"time": "2026-04-18 12:16:35.923915", "level": "INFO", "message": "env data_handler finish success", "file": "data_handler.py", "line": "189", "module": "env", "process": "data_handler", "function": "finish", "stack": "", "pid": 94}
{"time": "2026-04-18 12:16:35.924372", "level": "INFO", "message": "env env run once episode done, process_run_count is 167694", "file": "remote_env_server.py", "line": "298", "module": "env", "process": "remote_env_server", "function": "run_once", "stack": "", "pid": 94}
{"time": "2026-04-18 12:16:35.961258", "level": "INFO", "message": "env env recv reset message", "file": "remote_env_server.py", "line": "282", "module": "env", "process": "remote_env_server", "function": "run_once", "stack": "", "pid": 94}
{"time": "2026-04-18 12:16:35.961812", "level": "INFO", "message": "env Select map in order: episode=204, map_id=5 from map_list=[1, 2, 3, 4, 5, 6, 7, 8, 9, 10]", "file": "data_handler.py", "line": "148", "module": "env", "process": "data_handler", "function": "handle_usr_conf", "stack": "", "pid": 94}
{"time": "2026-04-18 12:16:41.196769", "level": "INFO", "message": "env data_handler finish success", "file": "data_handler.py", "line": "189", "module": "env", "process": "data_handler", "function": "finish", "stack": "", "pid": 94}
{"time": "2026-04-18 12:16:41.197302", "level": "INFO", "message": "env env run once episode done, process_run_count is 168632", "file": "remote_env_server.py", "line": "298", "module": "env", "process": "remote_env_server", "function": "run_once", "stack": "", "pid": 94}
{"time": "2026-04-18 12:16:41.230709", "level": "INFO", "message": "env env recv reset message", "file": "remote_env_server.py", "line": "282", "module": "env", "process": "remote_env_server", "function": "run_once", "stack": "", "pid": 94}
{"time": "2026-04-18 12:16:41.231412", "level": "INFO", "message": "env Select map in order: episode=205, map_id=6 from map_list=[1, 2, 3, 4, 5, 6, 7, 8, 9, 10]", "file": "data_handler.py", "line": "148", "module": "env", "process": "data_handler", "function": "handle_usr_conf", "stack": "", "pid": 94}
{"time": "2026-04-18 12:16:44.567936", "level": "INFO", "message": "env data_handler finish success", "file": "data_handler.py", "line": "189", "module": "env", "process": "data_handler", "function": "finish", "stack": "", "pid": 94}
{"time": "2026-04-18 12:16:44.568421", "level": "INFO", "message": "env env run once episode done, process_run_count is 169114", "file": "remote_env_server.py", "line": "298", "module": "env", "process": "remote_env_server", "function": "run_once", "stack": "", "pid": 94}
{"time": "2026-04-18 12:16:44.589150", "level": "INFO", "message": "env env recv reset message", "file": "remote_env_server.py", "line": "282", "module": "env", "process": "remote_env_server", "function": "run_once", "stack": "", "pid": 94}
{"time": "2026-04-18 12:16:44.589829", "level": "INFO", "message": "env Select map in order: episode=206, map_id=7 from map_list=[1, 2, 3, 4, 5, 6, 7, 8, 9, 10]", "file": "data_handler.py", "line": "148", "module": "env", "process": "data_handler", "function": "handle_usr_conf", "stack": "", "pid": 94}
{"time": "2026-04-18 12:16:44.961893", "level": "INFO", "message": "env data_handler finish success", "file": "data_handler.py", "line": "189", "module": "env", "process": "data_handler", "function": "finish", "stack": "", "pid": 94}
{"time": "2026-04-18 12:16:44.962709", "level": "INFO", "message": "env env run once episode done, process_run_count is 169147", "file": "remote_env_server.py", "line": "298", "module": "env", "process": "remote_env_server", "function": "run_once", "stack": "", "pid": 94}
{"time": "2026-04-18 12:16:44.965522", "level": "INFO", "message": "env env recv reset message", "file": "remote_env_server.py", "line": "282", "module": "env", "process": "remote_env_server", "function": "run_once", "stack": "", "pid": 94}
{"time": "2026-04-18 12:16:44.967523", "level": "INFO", "message": "env Select map in order: episode=207, map_id=8 from map_list=[1, 2, 3, 4, 5, 6, 7, 8, 9, 10]", "file": "data_handler.py", "line": "148", "module": "env", "process": "data_handler", "function": "handle_usr_conf", "stack": "", "pid": 94}
{"time": "2026-04-18 12:16:48.766691", "level": "INFO", "message": "env data_handler finish success", "file": "data_handler.py", "line": "189", "module": "env", "process": "data_handler", "function": "finish", "stack": "", "pid": 94}
{"time": "2026-04-18 12:16:48.767362", "level": "INFO", "message": "env env run once episode done, process_run_count is 169720", "file": "remote_env_server.py", "line": "298", "module": "env", "process": "remote_env_server", "function": "run_once", "stack": "", "pid": 94}
{"time": "2026-04-18 12:16:48.788838", "level": "INFO", "message": "env env recv reset message", "file": "remote_env_server.py", "line": "282", "module": "env", "process": "remote_env_server", "function": "run_once", "stack": "", "pid": 94}
{"time": "2026-04-18 12:16:48.791167", "level": "INFO", "message": "env Select map in order: episode=208, map_id=9 from map_list=[1, 2, 3, 4, 5, 6, 7, 8, 9, 10]", "file": "data_handler.py", "line": "148", "module": "env", "process": "data_handler", "function": "handle_usr_conf", "stack": "", "pid": 94}
{"time": "2026-04-18 12:16:51.687530", "level": "INFO", "message": "env data_handler finish success", "file": "data_handler.py", "line": "189", "module": "env", "process": "data_handler", "function": "finish", "stack": "", "pid": 94}
{"time": "2026-04-18 12:16:51.688295", "level": "INFO", "message": "env env run once episode done, process_run_count is 170149", "file": "remote_env_server.py", "line": "298", "module": "env", "process": "remote_env_server", "function": "run_once", "stack": "", "pid": 94}
{"time": "2026-04-18 12:16:51.704358", "level": "INFO", "message": "env env recv reset message", "file": "remote_env_server.py", "line": "282", "module": "env", "process": "remote_env_server", "function": "run_once", "stack": "", "pid": 94}
{"time": "2026-04-18 12:16:51.705235", "level": "INFO", "message": "env Select map in order: episode=209, map_id=10 from map_list=[1, 2, 3, 4, 5, 6, 7, 8, 9, 10]", "file": "data_handler.py", "line": "148", "module": "env", "process": "data_handler", "function": "handle_usr_conf", "stack": "", "pid": 94}
{"time": "2026-04-18 12:16:58.219524", "level": "INFO", "message": "env data_handler finish success", "file": "data_handler.py", "line": "189", "module": "env", "process": "data_handler", "function": "finish", "stack": "", "pid": 94}
{"time": "2026-04-18 12:16:58.220109", "level": "INFO", "message": "env env run once episode done, process_run_count is 171150", "file": "remote_env_server.py", "line": "298", "module": "env", "process": "remote_env_server", "function": "run_once", "stack": "", "pid": 94}
{"time": "2026-04-18 12:16:58.255856", "level": "INFO", "message": "env env recv reset message", "file": "remote_env_server.py", "line": "282", "module": "env", "process": "remote_env_server", "function": "run_once", "stack": "", "pid": 94}
{"time": "2026-04-18 12:16:58.256560", "level": "INFO", "message": "env Select map in order: episode=210, map_id=1 from map_list=[1, 2, 3, 4, 5, 6, 7, 8, 9, 10]", "file": "data_handler.py", "line": "148", "module": "env", "process": "data_handler", "function": "handle_usr_conf", "stack": "", "pid": 94}
{"time": "2026-04-18 12:17:04.722120", "level": "INFO", "message": "env data_handler finish success", "file": "data_handler.py", "line": "189", "module": "env", "process": "data_handler", "function": "finish", "stack": "", "pid": 94}
{"time": "2026-04-18 12:17:04.722550", "level": "INFO", "message": "env env run once episode done, process_run_count is 172151", "file": "remote_env_server.py", "line": "298", "module": "env", "process": "remote_env_server", "function": "run_once", "stack": "", "pid": 94}
{"time": "2026-04-18 12:17:04.757477", "level": "INFO", "message": "env env recv reset message", "file": "remote_env_server.py", "line": "282", "module": "env", "process": "remote_env_server", "function": "run_once", "stack": "", "pid": 94}
{"time": "2026-04-18 12:17:04.758166", "level": "INFO", "message": "env Select map in order: episode=211, map_id=2 from map_list=[1, 2, 3, 4, 5, 6, 7, 8, 9, 10]", "file": "data_handler.py", "line": "148", "module": "env", "process": "data_handler", "function": "handle_usr_conf", "stack": "", "pid": 94}
{"time": "2026-04-18 12:17:10.224573", "level": "INFO", "message": "env finish monitor_data is {'total_score': 878, 'clean_score': 878, 'total_map': 10, 'map_random': 0, 'map_code': 2, 'max_steps': 1000, 'finished_steps': 1000, 'total_charger': 4, 'charge_count': 8, 'remaining_charge': 70}", "file": "monitor_helper.py", "line": "95", "module": "env", "process": "monitor_helper", "function": "finish", "stack": "", "pid": 94}
{"time": "2026-04-18 12:17:10.225177", "level": "INFO", "message": "env data_handler finish success", "file": "data_handler.py", "line": "189", "module": "env", "process": "data_handler", "function": "finish", "stack": "", "pid": 94}
{"time": "2026-04-18 12:17:10.225707", "level": "INFO", "message": "env env run once episode done, process_run_count is 173152", "file": "remote_env_server.py", "line": "298", "module": "env", "process": "remote_env_server", "function": "run_once", "stack": "", "pid": 94}
{"time": "2026-04-18 12:17:10.266265", "level": "INFO", "message": "env env recv reset message", "file": "remote_env_server.py", "line": "282", "module": "env", "process": "remote_env_server", "function": "run_once", "stack": "", "pid": 94}
{"time": "2026-04-18 12:17:10.266834", "level": "INFO", "message": "env Select map in order: episode=212, map_id=3 from map_list=[1, 2, 3, 4, 5, 6, 7, 8, 9, 10]", "file": "data_handler.py", "line": "148", "module": "env", "process": "data_handler", "function": "handle_usr_conf", "stack": "", "pid": 94}
{"time": "2026-04-18 12:17:16.861666", "level": "INFO", "message": "env data_handler finish success", "file": "data_handler.py", "line": "189", "module": "env", "process": "data_handler", "function": "finish", "stack": "", "pid": 94}
{"time": "2026-04-18 12:17:16.862378", "level": "INFO", "message": "env env run once episode done, process_run_count is 174153", "file": "remote_env_server.py", "line": "298", "module": "env", "process": "remote_env_server", "function": "run_once", "stack": "", "pid": 94}
{"time": "2026-04-18 12:17:16.897505", "level": "INFO", "message": "env env recv reset message", "file": "remote_env_server.py", "line": "282", "module": "env", "process": "remote_env_server", "function": "run_once", "stack": "", "pid": 94}
{"time": "2026-04-18 12:17:16.898308", "level": "INFO", "message": "env Select map in order: episode=213, map_id=4 from map_list=[1, 2, 3, 4, 5, 6, 7, 8, 9, 10]", "file": "data_handler.py", "line": "148", "module": "env", "process": "data_handler", "function": "handle_usr_conf", "stack": "", "pid": 94}
{"time": "2026-04-18 12:17:23.590138", "level": "INFO", "message": "env data_handler finish success", "file": "data_handler.py", "line": "189", "module": "env", "process": "data_handler", "function": "finish", "stack": "", "pid": 94}
{"time": "2026-04-18 12:17:23.590641", "level": "INFO", "message": "env env run once episode done, process_run_count is 175154", "file": "remote_env_server.py", "line": "298", "module": "env", "process": "remote_env_server", "function": "run_once", "stack": "", "pid": 94}
{"time": "2026-04-18 12:17:23.631351", "level": "INFO", "message": "env env recv reset message", "file": "remote_env_server.py", "line": "282", "module": "env", "process": "remote_env_server", "function": "run_once", "stack": "", "pid": 94}
{"time": "2026-04-18 12:17:23.632032", "level": "INFO", "message": "env Select map in order: episode=214, map_id=5 from map_list=[1, 2, 3, 4, 5, 6, 7, 8, 9, 10]", "file": "data_handler.py", "line": "148", "module": "env", "process": "data_handler", "function": "handle_usr_conf", "stack": "", "pid": 94}
{"time": "2026-04-18 12:17:30.130233", "level": "INFO", "message": "env data_handler finish success", "file": "data_handler.py", "line": "189", "module": "env", "process": "data_handler", "function": "finish", "stack": "", "pid": 94}
{"time": "2026-04-18 12:17:30.130809", "level": "INFO", "message": "env env run once episode done, process_run_count is 176155", "file": "remote_env_server.py", "line": "298", "module": "env", "process": "remote_env_server", "function": "run_once", "stack": "", "pid": 94}
{"time": "2026-04-18 12:17:30.166224", "level": "INFO", "message": "env env recv reset message", "file": "remote_env_server.py", "line": "282", "module": "env", "process": "remote_env_server", "function": "run_once", "stack": "", "pid": 94}
{"time": "2026-04-18 12:17:30.166745", "level": "INFO", "message": "env Select map in order: episode=215, map_id=6 from map_list=[1, 2, 3, 4, 5, 6, 7, 8, 9, 10]", "file": "data_handler.py", "line": "148", "module": "env", "process": "data_handler", "function": "handle_usr_conf", "stack": "", "pid": 94}
{"time": "2026-04-18 12:17:35.618726", "level": "INFO", "message": "env data_handler finish success", "file": "data_handler.py", "line": "189", "module": "env", "process": "data_handler", "function": "finish", "stack": "", "pid": 94}
{"time": "2026-04-18 12:17:35.619225", "level": "INFO", "message": "env env run once episode done, process_run_count is 177156", "file": "remote_env_server.py", "line": "298", "module": "env", "process": "remote_env_server", "function": "run_once", "stack": "", "pid": 94}
{"time": "2026-04-18 12:17:35.654068", "level": "INFO", "message": "env env recv reset message", "file": "remote_env_server.py", "line": "282", "module": "env", "process": "remote_env_server", "function": "run_once", "stack": "", "pid": 94}
{"time": "2026-04-18 12:17:35.654586", "level": "INFO", "message": "env Select map in order: episode=216, map_id=7 from map_list=[1, 2, 3, 4, 5, 6, 7, 8, 9, 10]", "file": "data_handler.py", "line": "148", "module": "env", "process": "data_handler", "function": "handle_usr_conf", "stack": "", "pid": 94}
{"time": "2026-04-18 12:17:38.373149", "level": "INFO", "message": "env data_handler finish success", "file": "data_handler.py", "line": "189", "module": "env", "process": "data_handler", "function": "finish", "stack": "", "pid": 94}
{"time": "2026-04-18 12:17:38.373770", "level": "INFO", "message": "env env run once episode done, process_run_count is 177554", "file": "remote_env_server.py", "line": "298", "module": "env", "process": "remote_env_server", "function": "run_once", "stack": "", "pid": 94}
{"time": "2026-04-18 12:17:38.388553", "level": "INFO", "message": "env env recv reset message", "file": "remote_env_server.py", "line": "282", "module": "env", "process": "remote_env_server", "function": "run_once", "stack": "", "pid": 94}
{"time": "2026-04-18 12:17:38.389150", "level": "INFO", "message": "env Select map in order: episode=217, map_id=8 from map_list=[1, 2, 3, 4, 5, 6, 7, 8, 9, 10]", "file": "data_handler.py", "line": "148", "module": "env", "process": "data_handler", "function": "handle_usr_conf", "stack": "", "pid": 94}
{"time": "2026-04-18 12:17:42.866984", "level": "INFO", "message": "env data_handler finish success", "file": "data_handler.py", "line": "189", "module": "env", "process": "data_handler", "function": "finish", "stack": "", "pid": 94}
{"time": "2026-04-18 12:17:42.867684", "level": "INFO", "message": "env env run once episode done, process_run_count is 178241", "file": "remote_env_server.py", "line": "298", "module": "env", "process": "remote_env_server", "function": "run_once", "stack": "", "pid": 94}
{"time": "2026-04-18 12:17:42.893060", "level": "INFO", "message": "env env recv reset message", "file": "remote_env_server.py", "line": "282", "module": "env", "process": "remote_env_server", "function": "run_once", "stack": "", "pid": 94}
{"time": "2026-04-18 12:17:42.893804", "level": "INFO", "message": "env Select map in order: episode=218, map_id=9 from map_list=[1, 2, 3, 4, 5, 6, 7, 8, 9, 10]", "file": "data_handler.py", "line": "148", "module": "env", "process": "data_handler", "function": "handle_usr_conf", "stack": "", "pid": 94}
{"time": "2026-04-18 12:17:49.341564", "level": "INFO", "message": "env data_handler finish success", "file": "data_handler.py", "line": "189", "module": "env", "process": "data_handler", "function": "finish", "stack": "", "pid": 94}
{"time": "2026-04-18 12:17:49.342173", "level": "INFO", "message": "env env run once episode done, process_run_count is 179242", "file": "remote_env_server.py", "line": "298", "module": "env", "process": "remote_env_server", "function": "run_once", "stack": "", "pid": 94}
{"time": "2026-04-18 12:17:49.376260", "level": "INFO", "message": "env env recv reset message", "file": "remote_env_server.py", "line": "282", "module": "env", "process": "remote_env_server", "function": "run_once", "stack": "", "pid": 94}
{"time": "2026-04-18 12:17:49.376904", "level": "INFO", "message": "env Select map in order: episode=219, map_id=10 from map_list=[1, 2, 3, 4, 5, 6, 7, 8, 9, 10]", "file": "data_handler.py", "line": "148", "module": "env", "process": "data_handler", "function": "handle_usr_conf", "stack": "", "pid": 94}
{"time": "2026-04-18 12:17:55.802604", "level": "INFO", "message": "env data_handler finish success", "file": "data_handler.py", "line": "189", "module": "env", "process": "data_handler", "function": "finish", "stack": "", "pid": 94}
{"time": "2026-04-18 12:17:55.803504", "level": "INFO", "message": "env env run once episode done, process_run_count is 180243", "file": "remote_env_server.py", "line": "298", "module": "env", "process": "remote_env_server", "function": "run_once", "stack": "", "pid": 94}
{"time": "2026-04-18 12:17:55.835773", "level": "INFO", "message": "env env recv reset message", "file": "remote_env_server.py", "line": "282", "module": "env", "process": "remote_env_server", "function": "run_once", "stack": "", "pid": 94}
{"time": "2026-04-18 12:17:55.836536", "level": "INFO", "message": "env Select map in order: episode=220, map_id=1 from map_list=[1, 2, 3, 4, 5, 6, 7, 8, 9, 10]", "file": "data_handler.py", "line": "148", "module": "env", "process": "data_handler", "function": "handle_usr_conf", "stack": "", "pid": 94}
{"time": "2026-04-18 12:18:02.295265", "level": "INFO", "message": "env data_handler finish success", "file": "data_handler.py", "line": "189", "module": "env", "process": "data_handler", "function": "finish", "stack": "", "pid": 94}
{"time": "2026-04-18 12:18:02.296005", "level": "INFO", "message": "env env run once episode done, process_run_count is 181244", "file": "remote_env_server.py", "line": "298", "module": "env", "process": "remote_env_server", "function": "run_once", "stack": "", "pid": 94}
{"time": "2026-04-18 12:18:02.328359", "level": "INFO", "message": "env env recv reset message", "file": "remote_env_server.py", "line": "282", "module": "env", "process": "remote_env_server", "function": "run_once", "stack": "", "pid": 94}
{"time": "2026-04-18 12:18:02.329146", "level": "INFO", "message": "env Select map in order: episode=221, map_id=2 from map_list=[1, 2, 3, 4, 5, 6, 7, 8, 9, 10]", "file": "data_handler.py", "line": "148", "module": "env", "process": "data_handler", "function": "handle_usr_conf", "stack": "", "pid": 94}
{"time": "2026-04-18 12:18:08.349592", "level": "INFO", "message": "env data_handler finish success", "file": "data_handler.py", "line": "189", "module": "env", "process": "data_handler", "function": "finish", "stack": "", "pid": 94}
{"time": "2026-04-18 12:18:08.350377", "level": "INFO", "message": "env env run once episode done, process_run_count is 182245", "file": "remote_env_server.py", "line": "298", "module": "env", "process": "remote_env_server", "function": "run_once", "stack": "", "pid": 94}
{"time": "2026-04-18 12:18:08.382243", "level": "INFO", "message": "env env recv reset message", "file": "remote_env_server.py", "line": "282", "module": "env", "process": "remote_env_server", "function": "run_once", "stack": "", "pid": 94}
{"time": "2026-04-18 12:18:08.383000", "level": "INFO", "message": "env Select map in order: episode=222, map_id=3 from map_list=[1, 2, 3, 4, 5, 6, 7, 8, 9, 10]", "file": "data_handler.py", "line": "148", "module": "env", "process": "data_handler", "function": "handle_usr_conf", "stack": "", "pid": 94}
{"time": "2026-04-18 12:18:14.826991", "level": "INFO", "message": "env finish monitor_data is {'total_score': 824, 'clean_score': 824, 'total_map': 10, 'map_random': 0, 'map_code': 3, 'max_steps': 1000, 'finished_steps': 1000, 'total_charger': 4, 'charge_count': 8, 'remaining_charge': 87}", "file": "monitor_helper.py", "line": "95", "module": "env", "process": "monitor_helper", "function": "finish", "stack": "", "pid": 94}
{"time": "2026-04-18 12:18:14.827901", "level": "INFO", "message": "env data_handler finish success", "file": "data_handler.py", "line": "189", "module": "env", "process": "data_handler", "function": "finish", "stack": "", "pid": 94}
{"time": "2026-04-18 12:18:14.828544", "level": "INFO", "message": "env env run once episode done, process_run_count is 183246", "file": "remote_env_server.py", "line": "298", "module": "env", "process": "remote_env_server", "function": "run_once", "stack": "", "pid": 94}
{"time": "2026-04-18 12:18:14.866977", "level": "INFO", "message": "env env recv reset message", "file": "remote_env_server.py", "line": "282", "module": "env", "process": "remote_env_server", "function": "run_once", "stack": "", "pid": 94}
{"time": "2026-04-18 12:18:14.867574", "level": "INFO", "message": "env Select map in order: episode=223, map_id=4 from map_list=[1, 2, 3, 4, 5, 6, 7, 8, 9, 10]", "file": "data_handler.py", "line": "148", "module": "env", "process": "data_handler", "function": "handle_usr_conf", "stack": "", "pid": 94}
{"time": "2026-04-18 12:18:17.622379", "level": "INFO", "message": "env data_handler finish success", "file": "data_handler.py", "line": "189", "module": "env", "process": "data_handler", "function": "finish", "stack": "", "pid": 94}
{"time": "2026-04-18 12:18:17.623028", "level": "INFO", "message": "env env run once episode done, process_run_count is 183646", "file": "remote_env_server.py", "line": "298", "module": "env", "process": "remote_env_server", "function": "run_once", "stack": "", "pid": 94}
{"time": "2026-04-18 12:18:17.641568", "level": "INFO", "message": "env env recv reset message", "file": "remote_env_server.py", "line": "282", "module": "env", "process": "remote_env_server", "function": "run_once", "stack": "", "pid": 94}
{"time": "2026-04-18 12:18:17.642209", "level": "INFO", "message": "env Select map in order: episode=224, map_id=5 from map_list=[1, 2, 3, 4, 5, 6, 7, 8, 9, 10]", "file": "data_handler.py", "line": "148", "module": "env", "process": "data_handler", "function": "handle_usr_conf", "stack": "", "pid": 94}
{"time": "2026-04-18 12:18:23.128233", "level": "INFO", "message": "env data_handler finish success", "file": "data_handler.py", "line": "189", "module": "env", "process": "data_handler", "function": "finish", "stack": "", "pid": 94}
{"time": "2026-04-18 12:18:23.128875", "level": "INFO", "message": "env env run once episode done, process_run_count is 184647", "file": "remote_env_server.py", "line": "298", "module": "env", "process": "remote_env_server", "function": "run_once", "stack": "", "pid": 94}
{"time": "2026-04-18 12:18:23.164789", "level": "INFO", "message": "env env recv reset message", "file": "remote_env_server.py", "line": "282", "module": "env", "process": "remote_env_server", "function": "run_once", "stack": "", "pid": 94}
{"time": "2026-04-18 12:18:23.165802", "level": "INFO", "message": "env Select map in order: episode=225, map_id=6 from map_list=[1, 2, 3, 4, 5, 6, 7, 8, 9, 10]", "file": "data_handler.py", "line": "148", "module": "env", "process": "data_handler", "function": "handle_usr_conf", "stack": "", "pid": 94}
{"time": "2026-04-18 12:18:29.581692", "level": "INFO", "message": "env data_handler finish success", "file": "data_handler.py", "line": "189", "module": "env", "process": "data_handler", "function": "finish", "stack": "", "pid": 94}
{"time": "2026-04-18 12:18:29.582205", "level": "INFO", "message": "env env run once episode done, process_run_count is 185648", "file": "remote_env_server.py", "line": "298", "module": "env", "process": "remote_env_server", "function": "run_once", "stack": "", "pid": 94}
{"time": "2026-04-18 12:18:29.617027", "level": "INFO", "message": "env env recv reset message", "file": "remote_env_server.py", "line": "282", "module": "env", "process": "remote_env_server", "function": "run_once", "stack": "", "pid": 94}
{"time": "2026-04-18 12:18:29.617680", "level": "INFO", "message": "env Select map in order: episode=226, map_id=7 from map_list=[1, 2, 3, 4, 5, 6, 7, 8, 9, 10]", "file": "data_handler.py", "line": "148", "module": "env", "process": "data_handler", "function": "handle_usr_conf", "stack": "", "pid": 94}
{"time": "2026-04-18 12:18:31.025785", "level": "INFO", "message": "env data_handler finish success", "file": "data_handler.py", "line": "189", "module": "env", "process": "data_handler", "function": "finish", "stack": "", "pid": 94}
{"time": "2026-04-18 12:18:31.026319", "level": "INFO", "message": "env env run once episode done, process_run_count is 185849", "file": "remote_env_server.py", "line": "298", "module": "env", "process": "remote_env_server", "function": "run_once", "stack": "", "pid": 94}
{"time": "2026-04-18 12:18:31.036093", "level": "INFO", "message": "env env recv reset message", "file": "remote_env_server.py", "line": "282", "module": "env", "process": "remote_env_server", "function": "run_once", "stack": "", "pid": 94}
{"time": "2026-04-18 12:18:31.036847", "level": "INFO", "message": "env Select map in order: episode=227, map_id=8 from map_list=[1, 2, 3, 4, 5, 6, 7, 8, 9, 10]", "file": "data_handler.py", "line": "148", "module": "env", "process": "data_handler", "function": "handle_usr_conf", "stack": "", "pid": 94}
{"time": "2026-04-18 12:18:33.774743", "level": "INFO", "message": "env data_handler finish success", "file": "data_handler.py", "line": "189", "module": "env", "process": "data_handler", "function": "finish", "stack": "", "pid": 94}
{"time": "2026-04-18 12:18:33.775242", "level": "INFO", "message": "env env run once episode done, process_run_count is 186334", "file": "remote_env_server.py", "line": "298", "module": "env", "process": "remote_env_server", "function": "run_once", "stack": "", "pid": 94}
{"time": "2026-04-18 12:18:33.793949", "level": "INFO", "message": "env env recv reset message", "file": "remote_env_server.py", "line": "282", "module": "env", "process": "remote_env_server", "function": "run_once", "stack": "", "pid": 94}
{"time": "2026-04-18 12:18:33.794694", "level": "INFO", "message": "env Select map in order: episode=228, map_id=9 from map_list=[1, 2, 3, 4, 5, 6, 7, 8, 9, 10]", "file": "data_handler.py", "line": "148", "module": "env", "process": "data_handler", "function": "handle_usr_conf", "stack": "", "pid": 94}
{"time": "2026-04-18 12:18:35.197898", "level": "INFO", "message": "env data_handler finish success", "file": "data_handler.py", "line": "189", "module": "env", "process": "data_handler", "function": "finish", "stack": "", "pid": 94}
{"time": "2026-04-18 12:18:35.198582", "level": "INFO", "message": "env env run once episode done, process_run_count is 186535", "file": "remote_env_server.py", "line": "298", "module": "env", "process": "remote_env_server", "function": "run_once", "stack": "", "pid": 94}
{"time": "2026-04-18 12:18:35.207254", "level": "INFO", "message": "env env recv reset message", "file": "remote_env_server.py", "line": "282", "module": "env", "process": "remote_env_server", "function": "run_once", "stack": "", "pid": 94}
{"time": "2026-04-18 12:18:35.207918", "level": "INFO", "message": "env Select map in order: episode=229, map_id=10 from map_list=[1, 2, 3, 4, 5, 6, 7, 8, 9, 10]", "file": "data_handler.py", "line": "148", "module": "env", "process": "data_handler", "function": "handle_usr_conf", "stack": "", "pid": 94}
{"time": "2026-04-18 12:18:41.825860", "level": "INFO", "message": "env data_handler finish success", "file": "data_handler.py", "line": "189", "module": "env", "process": "data_handler", "function": "finish", "stack": "", "pid": 94}
{"time": "2026-04-18 12:18:41.826477", "level": "INFO", "message": "env env run once episode done, process_run_count is 187536", "file": "remote_env_server.py", "line": "298", "module": "env", "process": "remote_env_server", "function": "run_once", "stack": "", "pid": 94}
{"time": "2026-04-18 12:18:41.860943", "level": "INFO", "message": "env env recv reset message", "file": "remote_env_server.py", "line": "282", "module": "env", "process": "remote_env_server", "function": "run_once", "stack": "", "pid": 94}
{"time": "2026-04-18 12:18:41.861906", "level": "INFO", "message": "env Select map in order: episode=230, map_id=1 from map_list=[1, 2, 3, 4, 5, 6, 7, 8, 9, 10]", "file": "data_handler.py", "line": "148", "module": "env", "process": "data_handler", "function": "handle_usr_conf", "stack": "", "pid": 94}
{"time": "2026-04-18 12:18:47.900638", "level": "INFO", "message": "env data_handler finish success", "file": "data_handler.py", "line": "189", "module": "env", "process": "data_handler", "function": "finish", "stack": "", "pid": 94}
{"time": "2026-04-18 12:18:47.901214", "level": "INFO", "message": "env env run once episode done, process_run_count is 188457", "file": "remote_env_server.py", "line": "298", "module": "env", "process": "remote_env_server", "function": "run_once", "stack": "", "pid": 94}
{"time": "2026-04-18 12:18:47.934526", "level": "INFO", "message": "env env recv reset message", "file": "remote_env_server.py", "line": "282", "module": "env", "process": "remote_env_server", "function": "run_once", "stack": "", "pid": 94}
{"time": "2026-04-18 12:18:47.935290", "level": "INFO", "message": "env Select map in order: episode=231, map_id=2 from map_list=[1, 2, 3, 4, 5, 6, 7, 8, 9, 10]", "file": "data_handler.py", "line": "148", "module": "env", "process": "data_handler", "function": "handle_usr_conf", "stack": "", "pid": 94}
{"time": "2026-04-18 12:18:54.425905", "level": "INFO", "message": "env data_handler finish success", "file": "data_handler.py", "line": "189", "module": "env", "process": "data_handler", "function": "finish", "stack": "", "pid": 94}
{"time": "2026-04-18 12:18:54.426397", "level": "INFO", "message": "env env run once episode done, process_run_count is 189458", "file": "remote_env_server.py", "line": "298", "module": "env", "process": "remote_env_server", "function": "run_once", "stack": "", "pid": 94}
{"time": "2026-04-18 12:18:54.461230", "level": "INFO", "message": "env env recv reset message", "file": "remote_env_server.py", "line": "282", "module": "env", "process": "remote_env_server", "function": "run_once", "stack": "", "pid": 94}
{"time": "2026-04-18 12:18:54.461794", "level": "INFO", "message": "env Select map in order: episode=232, map_id=3 from map_list=[1, 2, 3, 4, 5, 6, 7, 8, 9, 10]", "file": "data_handler.py", "line": "148", "module": "env", "process": "data_handler", "function": "handle_usr_conf", "stack": "", "pid": 94}
{"time": "2026-04-18 12:19:00.981750", "level": "INFO", "message": "env data_handler finish success", "file": "data_handler.py", "line": "189", "module": "env", "process": "data_handler", "function": "finish", "stack": "", "pid": 94}
{"time": "2026-04-18 12:19:00.982543", "level": "INFO", "message": "env env run once episode done, process_run_count is 190459", "file": "remote_env_server.py", "line": "298", "module": "env", "process": "remote_env_server", "function": "run_once", "stack": "", "pid": 94}
{"time": "2026-04-18 12:19:01.014383", "level": "INFO", "message": "env env recv reset message", "file": "remote_env_server.py", "line": "282", "module": "env", "process": "remote_env_server", "function": "run_once", "stack": "", "pid": 94}
{"time": "2026-04-18 12:19:01.015272", "level": "INFO", "message": "env Select map in order: episode=233, map_id=4 from map_list=[1, 2, 3, 4, 5, 6, 7, 8, 9, 10]", "file": "data_handler.py", "line": "148", "module": "env", "process": "data_handler", "function": "handle_usr_conf", "stack": "", "pid": 94}
{"time": "2026-04-18 12:19:04.805031", "level": "INFO", "message": "env data_handler finish success", "file": "data_handler.py", "line": "189", "module": "env", "process": "data_handler", "function": "finish", "stack": "", "pid": 94}
{"time": "2026-04-18 12:19:04.805678", "level": "INFO", "message": "env env run once episode done, process_run_count is 191096", "file": "remote_env_server.py", "line": "298", "module": "env", "process": "remote_env_server", "function": "run_once", "stack": "", "pid": 94}
{"time": "2026-04-18 12:19:04.828091", "level": "INFO", "message": "env env recv reset message", "file": "remote_env_server.py", "line": "282", "module": "env", "process": "remote_env_server", "function": "run_once", "stack": "", "pid": 94}
{"time": "2026-04-18 12:19:04.828672", "level": "INFO", "message": "env Select map in order: episode=234, map_id=5 from map_list=[1, 2, 3, 4, 5, 6, 7, 8, 9, 10]", "file": "data_handler.py", "line": "148", "module": "env", "process": "data_handler", "function": "handle_usr_conf", "stack": "", "pid": 94}
{"time": "2026-04-18 12:19:11.331401", "level": "INFO", "message": "env data_handler finish success", "file": "data_handler.py", "line": "189", "module": "env", "process": "data_handler", "function": "finish", "stack": "", "pid": 94}
{"time": "2026-04-18 12:19:11.331862", "level": "INFO", "message": "env env run once episode done, process_run_count is 192097", "file": "remote_env_server.py", "line": "298", "module": "env", "process": "remote_env_server", "function": "run_once", "stack": "", "pid": 94}
{"time": "2026-04-18 12:19:11.367662", "level": "INFO", "message": "env env recv reset message", "file": "remote_env_server.py", "line": "282", "module": "env", "process": "remote_env_server", "function": "run_once", "stack": "", "pid": 94}
{"time": "2026-04-18 12:19:11.368317", "level": "INFO", "message": "env Select map in order: episode=235, map_id=6 from map_list=[1, 2, 3, 4, 5, 6, 7, 8, 9, 10]", "file": "data_handler.py", "line": "148", "module": "env", "process": "data_handler", "function": "handle_usr_conf", "stack": "", "pid": 94}
{"time": "2026-04-18 12:19:12.827700", "level": "INFO", "message": "env data_handler finish success", "file": "data_handler.py", "line": "189", "module": "env", "process": "data_handler", "function": "finish", "stack": "", "pid": 94}
{"time": "2026-04-18 12:19:12.835712", "level": "INFO", "message": "env env run once episode done, process_run_count is 192298", "file": "remote_env_server.py", "line": "298", "module": "env", "process": "remote_env_server", "function": "run_once", "stack": "", "pid": 94}
{"time": "2026-04-18 12:19:12.847613", "level": "INFO", "message": "env env recv reset message", "file": "remote_env_server.py", "line": "282", "module": "env", "process": "remote_env_server", "function": "run_once", "stack": "", "pid": 94}
{"time": "2026-04-18 12:19:12.856185", "level": "INFO", "message": "env Select map in order: episode=236, map_id=7 from map_list=[1, 2, 3, 4, 5, 6, 7, 8, 9, 10]", "file": "data_handler.py", "line": "148", "module": "env", "process": "data_handler", "function": "handle_usr_conf", "stack": "", "pid": 94}
{"time": "2026-04-18 12:19:19.384995", "level": "INFO", "message": "env finish monitor_data is {'total_score': 904, 'clean_score': 904, 'total_map': 10, 'map_random': 0, 'map_code': 7, 'max_steps': 1000, 'finished_steps': 1000, 'total_charger': 4, 'charge_count': 8, 'remaining_charge': 115}", "file": "monitor_helper.py", "line": "95", "module": "env", "process": "monitor_helper", "function": "finish", "stack": "", "pid": 94}
{"time": "2026-04-18 12:19:19.385792", "level": "INFO", "message": "env data_handler finish success", "file": "data_handler.py", "line": "189", "module": "env", "process": "data_handler", "function": "finish", "stack": "", "pid": 94}
{"time": "2026-04-18 12:19:19.386331", "level": "INFO", "message": "env env run once episode done, process_run_count is 193299", "file": "remote_env_server.py", "line": "298", "module": "env", "process": "remote_env_server", "function": "run_once", "stack": "", "pid": 94}
{"time": "2026-04-18 12:19:19.425719", "level": "INFO", "message": "env env recv reset message", "file": "remote_env_server.py", "line": "282", "module": "env", "process": "remote_env_server", "function": "run_once", "stack": "", "pid": 94}
{"time": "2026-04-18 12:19:19.426391", "level": "INFO", "message": "env Select map in order: episode=237, map_id=8 from map_list=[1, 2, 3, 4, 5, 6, 7, 8, 9, 10]", "file": "data_handler.py", "line": "148", "module": "env", "process": "data_handler", "function": "handle_usr_conf", "stack": "", "pid": 94}
{"time": "2026-04-18 12:19:25.919186", "level": "INFO", "message": "env data_handler finish success", "file": "data_handler.py", "line": "189", "module": "env", "process": "data_handler", "function": "finish", "stack": "", "pid": 94}
{"time": "2026-04-18 12:19:25.919897", "level": "INFO", "message": "env env run once episode done, process_run_count is 194300", "file": "remote_env_server.py", "line": "298", "module": "env", "process": "remote_env_server", "function": "run_once", "stack": "", "pid": 94}
{"time": "2026-04-18 12:19:25.955626", "level": "INFO", "message": "env env recv reset message", "file": "remote_env_server.py", "line": "282", "module": "env", "process": "remote_env_server", "function": "run_once", "stack": "", "pid": 94}
{"time": "2026-04-18 12:19:25.956206", "level": "INFO", "message": "env Select map in order: episode=238, map_id=9 from map_list=[1, 2, 3, 4, 5, 6, 7, 8, 9, 10]", "file": "data_handler.py", "line": "148", "module": "env", "process": "data_handler", "function": "handle_usr_conf", "stack": "", "pid": 94}
{"time": "2026-04-18 12:19:30.857106", "level": "INFO", "message": "env data_handler finish success", "file": "data_handler.py", "line": "189", "module": "env", "process": "data_handler", "function": "finish", "stack": "", "pid": 94}
{"time": "2026-04-18 12:19:30.857581", "level": "INFO", "message": "env env run once episode done, process_run_count is 195054", "file": "remote_env_server.py", "line": "298", "module": "env", "process": "remote_env_server", "function": "run_once", "stack": "", "pid": 94}
{"time": "2026-04-18 12:19:30.885603", "level": "INFO", "message": "env env recv reset message", "file": "remote_env_server.py", "line": "282", "module": "env", "process": "remote_env_server", "function": "run_once", "stack": "", "pid": 94}
{"time": "2026-04-18 12:19:30.886272", "level": "INFO", "message": "env Select map in order: episode=239, map_id=10 from map_list=[1, 2, 3, 4, 5, 6, 7, 8, 9, 10]", "file": "data_handler.py", "line": "148", "module": "env", "process": "data_handler", "function": "handle_usr_conf", "stack": "", "pid": 94}
{"time": "2026-04-18 12:19:35.939543", "level": "INFO", "message": "env data_handler finish success", "file": "data_handler.py", "line": "189", "module": "env", "process": "data_handler", "function": "finish", "stack": "", "pid": 94}
{"time": "2026-04-18 12:19:35.941794", "level": "INFO", "message": "env env run once episode done, process_run_count is 196055", "file": "remote_env_server.py", "line": "298", "module": "env", "process": "remote_env_server", "function": "run_once", "stack": "", "pid": 94}
{"time": "2026-04-18 12:19:35.973624", "level": "INFO", "message": "env env recv reset message", "file": "remote_env_server.py", "line": "282", "module": "env", "process": "remote_env_server", "function": "run_once", "stack": "", "pid": 94}
{"time": "2026-04-18 12:19:35.974355", "level": "INFO", "message": "env Select map in order: episode=240, map_id=1 from map_list=[1, 2, 3, 4, 5, 6, 7, 8, 9, 10]", "file": "data_handler.py", "line": "148", "module": "env", "process": "data_handler", "function": "handle_usr_conf", "stack": "", "pid": 94}
{"time": "2026-04-18 12:19:42.644380", "level": "INFO", "message": "env data_handler finish success", "file": "data_handler.py", "line": "189", "module": "env", "process": "data_handler", "function": "finish", "stack": "", "pid": 94}
{"time": "2026-04-18 12:19:42.644902", "level": "INFO", "message": "env env run once episode done, process_run_count is 197056", "file": "remote_env_server.py", "line": "298", "module": "env", "process": "remote_env_server", "function": "run_once", "stack": "", "pid": 94}
{"time": "2026-04-18 12:19:42.681110", "level": "INFO", "message": "env env recv reset message", "file": "remote_env_server.py", "line": "282", "module": "env", "process": "remote_env_server", "function": "run_once", "stack": "", "pid": 94}
{"time": "2026-04-18 12:19:42.681649", "level": "INFO", "message": "env Select map in order: episode=241, map_id=2 from map_list=[1, 2, 3, 4, 5, 6, 7, 8, 9, 10]", "file": "data_handler.py", "line": "148", "module": "env", "process": "data_handler", "function": "handle_usr_conf", "stack": "", "pid": 94}
{"time": "2026-04-18 12:19:49.191663", "level": "INFO", "message": "env data_handler finish success", "file": "data_handler.py", "line": "189", "module": "env", "process": "data_handler", "function": "finish", "stack": "", "pid": 94}
{"time": "2026-04-18 12:19:49.192202", "level": "INFO", "message": "env env run once episode done, process_run_count is 198043", "file": "remote_env_server.py", "line": "298", "module": "env", "process": "remote_env_server", "function": "run_once", "stack": "", "pid": 94}
{"time": "2026-04-18 12:19:49.227472", "level": "INFO", "message": "env env recv reset message", "file": "remote_env_server.py", "line": "282", "module": "env", "process": "remote_env_server", "function": "run_once", "stack": "", "pid": 94}
{"time": "2026-04-18 12:19:49.228129", "level": "INFO", "message": "env Select map in order: episode=242, map_id=3 from map_list=[1, 2, 3, 4, 5, 6, 7, 8, 9, 10]", "file": "data_handler.py", "line": "148", "module": "env", "process": "data_handler", "function": "handle_usr_conf", "stack": "", "pid": 94}
{"time": "2026-04-18 12:19:55.737984", "level": "INFO", "message": "env data_handler finish success", "file": "data_handler.py", "line": "189", "module": "env", "process": "data_handler", "function": "finish", "stack": "", "pid": 94}
{"time": "2026-04-18 12:19:55.738512", "level": "INFO", "message": "env env run once episode done, process_run_count is 199044", "file": "remote_env_server.py", "line": "298", "module": "env", "process": "remote_env_server", "function": "run_once", "stack": "", "pid": 94}
{"time": "2026-04-18 12:19:55.771911", "level": "INFO", "message": "env env recv reset message", "file": "remote_env_server.py", "line": "282", "module": "env", "process": "remote_env_server", "function": "run_once", "stack": "", "pid": 94}
{"time": "2026-04-18 12:19:55.772520", "level": "INFO", "message": "env Select map in order: episode=243, map_id=4 from map_list=[1, 2, 3, 4, 5, 6, 7, 8, 9, 10]", "file": "data_handler.py", "line": "148", "module": "env", "process": "data_handler", "function": "handle_usr_conf", "stack": "", "pid": 94}
{"time": "2026-04-18 12:19:59.057320", "level": "INFO", "message": "env data_handler finish success", "file": "data_handler.py", "line": "189", "module": "env", "process": "data_handler", "function": "finish", "stack": "", "pid": 94}
{"time": "2026-04-18 12:19:59.057983", "level": "INFO", "message": "env env run once episode done, process_run_count is 199531", "file": "remote_env_server.py", "line": "298", "module": "env", "process": "remote_env_server", "function": "run_once", "stack": "", "pid": 94}
{"time": "2026-04-18 12:19:59.080381", "level": "INFO", "message": "env env recv reset message", "file": "remote_env_server.py", "line": "282", "module": "env", "process": "remote_env_server", "function": "run_once", "stack": "", "pid": 94}
{"time": "2026-04-18 12:19:59.080930", "level": "INFO", "message": "env Select map in order: episode=244, map_id=5 from map_list=[1, 2, 3, 4, 5, 6, 7, 8, 9, 10]", "file": "data_handler.py", "line": "148", "module": "env", "process": "data_handler", "function": "handle_usr_conf", "stack": "", "pid": 94}
{"time": "2026-04-18 12:20:04.393708", "level": "INFO", "message": "env data_handler finish success", "file": "data_handler.py", "line": "189", "module": "env", "process": "data_handler", "function": "finish", "stack": "", "pid": 94}
{"time": "2026-04-18 12:20:04.394200", "level": "INFO", "message": "env env run once episode done, process_run_count is 200510", "file": "remote_env_server.py", "line": "298", "module": "env", "process": "remote_env_server", "function": "run_once", "stack": "", "pid": 94}
{"time": "2026-04-18 12:20:04.429907", "level": "INFO", "message": "env env recv reset message", "file": "remote_env_server.py", "line": "282", "module": "env", "process": "remote_env_server", "function": "run_once", "stack": "", "pid": 94}
{"time": "2026-04-18 12:20:04.430510", "level": "INFO", "message": "env Select map in order: episode=245, map_id=6 from map_list=[1, 2, 3, 4, 5, 6, 7, 8, 9, 10]", "file": "data_handler.py", "line": "148", "module": "env", "process": "data_handler", "function": "handle_usr_conf", "stack": "", "pid": 94}
{"time": "2026-04-18 12:20:10.611757", "level": "INFO", "message": "env data_handler finish success", "file": "data_handler.py", "line": "189", "module": "env", "process": "data_handler", "function": "finish", "stack": "", "pid": 94}
{"time": "2026-04-18 12:20:10.612321", "level": "INFO", "message": "env env run once episode done, process_run_count is 201459", "file": "remote_env_server.py", "line": "298", "module": "env", "process": "remote_env_server", "function": "run_once", "stack": "", "pid": 94}
{"time": "2026-04-18 12:20:10.645162", "level": "INFO", "message": "env env recv reset message", "file": "remote_env_server.py", "line": "282", "module": "env", "process": "remote_env_server", "function": "run_once", "stack": "", "pid": 94}
{"time": "2026-04-18 12:20:10.645851", "level": "INFO", "message": "env Select map in order: episode=246, map_id=7 from map_list=[1, 2, 3, 4, 5, 6, 7, 8, 9, 10]", "file": "data_handler.py", "line": "148", "module": "env", "process": "data_handler", "function": "handle_usr_conf", "stack": "", "pid": 94}
{"time": "2026-04-18 12:20:14.014031", "level": "INFO", "message": "env data_handler finish success", "file": "data_handler.py", "line": "189", "module": "env", "process": "data_handler", "function": "finish", "stack": "", "pid": 94}
{"time": "2026-04-18 12:20:14.014804", "level": "INFO", "message": "env env run once episode done, process_run_count is 201964", "file": "remote_env_server.py", "line": "298", "module": "env", "process": "remote_env_server", "function": "run_once", "stack": "", "pid": 94}
{"time": "2026-04-18 12:20:14.032828", "level": "INFO", "message": "env env recv reset message", "file": "remote_env_server.py", "line": "282", "module": "env", "process": "remote_env_server", "function": "run_once", "stack": "", "pid": 94}
{"time": "2026-04-18 12:20:14.033476", "level": "INFO", "message": "env Select map in order: episode=247, map_id=8 from map_list=[1, 2, 3, 4, 5, 6, 7, 8, 9, 10]", "file": "data_handler.py", "line": "148", "module": "env", "process": "data_handler", "function": "handle_usr_conf", "stack": "", "pid": 94}
{"time": "2026-04-18 12:20:17.948921", "level": "INFO", "message": "env data_handler finish success", "file": "data_handler.py", "line": "189", "module": "env", "process": "data_handler", "function": "finish", "stack": "", "pid": 94}
{"time": "2026-04-18 12:20:17.949673", "level": "INFO", "message": "env env run once episode done, process_run_count is 202560", "file": "remote_env_server.py", "line": "298", "module": "env", "process": "remote_env_server", "function": "run_once", "stack": "", "pid": 94}
{"time": "2026-04-18 12:20:17.983871", "level": "INFO", "message": "env env recv reset message", "file": "remote_env_server.py", "line": "282", "module": "env", "process": "remote_env_server", "function": "run_once", "stack": "", "pid": 94}
{"time": "2026-04-18 12:20:17.984488", "level": "INFO", "message": "env Select map in order: episode=248, map_id=9 from map_list=[1, 2, 3, 4, 5, 6, 7, 8, 9, 10]", "file": "data_handler.py", "line": "148", "module": "env", "process": "data_handler", "function": "handle_usr_conf", "stack": "", "pid": 94}
{"time": "2026-04-18 12:20:24.605474", "level": "INFO", "message": "env finish monitor_data is {'total_score': 926, 'clean_score': 926, 'total_map': 10, 'map_random': 0, 'map_code': 9, 'max_steps': 1000, 'finished_steps': 1000, 'total_charger': 4, 'charge_count': 9, 'remaining_charge': 111}", "file": "monitor_helper.py", "line": "95", "module": "env", "process": "monitor_helper", "function": "finish", "stack": "", "pid": 94}
{"time": "2026-04-18 12:20:24.606282", "level": "INFO", "message": "env data_handler finish success", "file": "data_handler.py", "line": "189", "module": "env", "process": "data_handler", "function": "finish", "stack": "", "pid": 94}
{"time": "2026-04-18 12:20:24.606825", "level": "INFO", "message": "env env run once episode done, process_run_count is 203561", "file": "remote_env_server.py", "line": "298", "module": "env", "process": "remote_env_server", "function": "run_once", "stack": "", "pid": 94}
{"time": "2026-04-18 12:20:24.651198", "level": "INFO", "message": "env env recv reset message", "file": "remote_env_server.py", "line": "282", "module": "env", "process": "remote_env_server", "function": "run_once", "stack": "", "pid": 94}
{"time": "2026-04-18 12:20:24.651717", "level": "INFO", "message": "env Select map in order: episode=249, map_id=10 from map_list=[1, 2, 3, 4, 5, 6, 7, 8, 9, 10]", "file": "data_handler.py", "line": "148", "module": "env", "process": "data_handler", "function": "handle_usr_conf", "stack": "", "pid": 94}
{"time": "2026-04-18 12:20:30.189388", "level": "INFO", "message": "env data_handler finish success", "file": "data_handler.py", "line": "189", "module": "env", "process": "data_handler", "function": "finish", "stack": "", "pid": 94}
{"time": "2026-04-18 12:20:30.190140", "level": "INFO", "message": "env env run once episode done, process_run_count is 204562", "file": "remote_env_server.py", "line": "298", "module": "env", "process": "remote_env_server", "function": "run_once", "stack": "", "pid": 94}
{"time": "2026-04-18 12:20:30.225565", "level": "INFO", "message": "env env recv reset message", "file": "remote_env_server.py", "line": "282", "module": "env", "process": "remote_env_server", "function": "run_once", "stack": "", "pid": 94}
{"time": "2026-04-18 12:20:30.226221", "level": "INFO", "message": "env Select map in order: episode=250, map_id=1 from map_list=[1, 2, 3, 4, 5, 6, 7, 8, 9, 10]", "file": "data_handler.py", "line": "148", "module": "env", "process": "data_handler", "function": "handle_usr_conf", "stack": "", "pid": 94}
{"time": "2026-04-18 12:20:36.685795", "level": "INFO", "message": "env data_handler finish success", "file": "data_handler.py", "line": "189", "module": "env", "process": "data_handler", "function": "finish", "stack": "", "pid": 94}
{"time": "2026-04-18 12:20:36.686323", "level": "INFO", "message": "env env run once episode done, process_run_count is 205563", "file": "remote_env_server.py", "line": "298", "module": "env", "process": "remote_env_server", "function": "run_once", "stack": "", "pid": 94}
{"time": "2026-04-18 12:20:36.723013", "level": "INFO", "message": "env env recv reset message", "file": "remote_env_server.py", "line": "282", "module": "env", "process": "remote_env_server", "function": "run_once", "stack": "", "pid": 94}
{"time": "2026-04-18 12:20:36.723589", "level": "INFO", "message": "env Select map in order: episode=251, map_id=2 from map_list=[1, 2, 3, 4, 5, 6, 7, 8, 9, 10]", "file": "data_handler.py", "line": "148", "module": "env", "process": "data_handler", "function": "handle_usr_conf", "stack": "", "pid": 94}
{"time": "2026-04-18 12:20:43.304396", "level": "INFO", "message": "env data_handler finish success", "file": "data_handler.py", "line": "189", "module": "env", "process": "data_handler", "function": "finish", "stack": "", "pid": 94}
{"time": "2026-04-18 12:20:43.304919", "level": "INFO", "message": "env env run once episode done, process_run_count is 206564", "file": "remote_env_server.py", "line": "298", "module": "env", "process": "remote_env_server", "function": "run_once", "stack": "", "pid": 94}
{"time": "2026-04-18 12:20:43.340148", "level": "INFO", "message": "env env recv reset message", "file": "remote_env_server.py", "line": "282", "module": "env", "process": "remote_env_server", "function": "run_once", "stack": "", "pid": 94}
{"time": "2026-04-18 12:20:43.340854", "level": "INFO", "message": "env Select map in order: episode=252, map_id=3 from map_list=[1, 2, 3, 4, 5, 6, 7, 8, 9, 10]", "file": "data_handler.py", "line": "148", "module": "env", "process": "data_handler", "function": "handle_usr_conf", "stack": "", "pid": 94}
{"time": "2026-04-18 12:20:49.831306", "level": "INFO", "message": "env data_handler finish success", "file": "data_handler.py", "line": "189", "module": "env", "process": "data_handler", "function": "finish", "stack": "", "pid": 94}
{"time": "2026-04-18 12:20:49.831909", "level": "INFO", "message": "env env run once episode done, process_run_count is 207565", "file": "remote_env_server.py", "line": "298", "module": "env", "process": "remote_env_server", "function": "run_once", "stack": "", "pid": 94}
{"time": "2026-04-18 12:20:49.867490", "level": "INFO", "message": "env env recv reset message", "file": "remote_env_server.py", "line": "282", "module": "env", "process": "remote_env_server", "function": "run_once", "stack": "", "pid": 94}
{"time": "2026-04-18 12:20:49.868111", "level": "INFO", "message": "env Select map in order: episode=253, map_id=4 from map_list=[1, 2, 3, 4, 5, 6, 7, 8, 9, 10]", "file": "data_handler.py", "line": "148", "module": "env", "process": "data_handler", "function": "handle_usr_conf", "stack": "", "pid": 94}
{"time": "2026-04-18 12:20:51.368818", "level": "INFO", "message": "env data_handler finish success", "file": "data_handler.py", "line": "189", "module": "env", "process": "data_handler", "function": "finish", "stack": "", "pid": 94}
{"time": "2026-04-18 12:20:51.369435", "level": "INFO", "message": "env env run once episode done, process_run_count is 207766", "file": "remote_env_server.py", "line": "298", "module": "env", "process": "remote_env_server", "function": "run_once", "stack": "", "pid": 94}
{"time": "2026-04-18 12:20:51.379743", "level": "INFO", "message": "env env recv reset message", "file": "remote_env_server.py", "line": "282", "module": "env", "process": "remote_env_server", "function": "run_once", "stack": "", "pid": 94}
{"time": "2026-04-18 12:20:51.380540", "level": "INFO", "message": "env Select map in order: episode=254, map_id=5 from map_list=[1, 2, 3, 4, 5, 6, 7, 8, 9, 10]", "file": "data_handler.py", "line": "148", "module": "env", "process": "data_handler", "function": "handle_usr_conf", "stack": "", "pid": 94}
{"time": "2026-04-18 12:20:56.918134", "level": "INFO", "message": "env data_handler finish success", "file": "data_handler.py", "line": "189", "module": "env", "process": "data_handler", "function": "finish", "stack": "", "pid": 94}
{"time": "2026-04-18 12:20:56.922887", "level": "INFO", "message": "env env run once episode done, process_run_count is 208610", "file": "remote_env_server.py", "line": "298", "module": "env", "process": "remote_env_server", "function": "run_once", "stack": "", "pid": 94}
{"time": "2026-04-18 12:20:56.950272", "level": "INFO", "message": "env env recv reset message", "file": "remote_env_server.py", "line": "282", "module": "env", "process": "remote_env_server", "function": "run_once", "stack": "", "pid": 94}
{"time": "2026-04-18 12:20:56.950819", "level": "INFO", "message": "env Select map in order: episode=255, map_id=6 from map_list=[1, 2, 3, 4, 5, 6, 7, 8, 9, 10]", "file": "data_handler.py", "line": "148", "module": "env", "process": "data_handler", "function": "handle_usr_conf", "stack": "", "pid": 94}
{"time": "2026-04-18 12:21:01.386312", "level": "INFO", "message": "env data_handler finish success", "file": "data_handler.py", "line": "189", "module": "env", "process": "data_handler", "function": "finish", "stack": "", "pid": 94}
{"time": "2026-04-18 12:21:01.386820", "level": "INFO", "message": "env env run once episode done, process_run_count is 209445", "file": "remote_env_server.py", "line": "298", "module": "env", "process": "remote_env_server", "function": "run_once", "stack": "", "pid": 94}
{"time": "2026-04-18 12:21:01.417128", "level": "INFO", "message": "env env recv reset message", "file": "remote_env_server.py", "line": "282", "module": "env", "process": "remote_env_server", "function": "run_once", "stack": "", "pid": 94}
{"time": "2026-04-18 12:21:01.417735", "level": "INFO", "message": "env Select map in order: episode=256, map_id=7 from map_list=[1, 2, 3, 4, 5, 6, 7, 8, 9, 10]", "file": "data_handler.py", "line": "148", "module": "env", "process": "data_handler", "function": "handle_usr_conf", "stack": "", "pid": 94}
{"time": "2026-04-18 12:21:02.842856", "level": "INFO", "message": "env data_handler finish success", "file": "data_handler.py", "line": "189", "module": "env", "process": "data_handler", "function": "finish", "stack": "", "pid": 94}
{"time": "2026-04-18 12:21:02.843505", "level": "INFO", "message": "env env run once episode done, process_run_count is 209646", "file": "remote_env_server.py", "line": "298", "module": "env", "process": "remote_env_server", "function": "run_once", "stack": "", "pid": 94}
{"time": "2026-04-18 12:21:02.852411", "level": "INFO", "message": "env env recv reset message", "file": "remote_env_server.py", "line": "282", "module": "env", "process": "remote_env_server", "function": "run_once", "stack": "", "pid": 94}
{"time": "2026-04-18 12:21:02.853116", "level": "INFO", "message": "env Select map in order: episode=257, map_id=8 from map_list=[1, 2, 3, 4, 5, 6, 7, 8, 9, 10]", "file": "data_handler.py", "line": "148", "module": "env", "process": "data_handler", "function": "handle_usr_conf", "stack": "", "pid": 94}
{"time": "2026-04-18 12:21:07.279598", "level": "INFO", "message": "env data_handler finish success", "file": "data_handler.py", "line": "189", "module": "env", "process": "data_handler", "function": "finish", "stack": "", "pid": 94}
{"time": "2026-04-18 12:21:07.280246", "level": "INFO", "message": "env env run once episode done, process_run_count is 210317", "file": "remote_env_server.py", "line": "298", "module": "env", "process": "remote_env_server", "function": "run_once", "stack": "", "pid": 94}
{"time": "2026-04-18 12:21:07.303010", "level": "INFO", "message": "env env recv reset message", "file": "remote_env_server.py", "line": "282", "module": "env", "process": "remote_env_server", "function": "run_once", "stack": "", "pid": 94}
{"time": "2026-04-18 12:21:07.303774", "level": "INFO", "message": "env Select map in order: episode=258, map_id=9 from map_list=[1, 2, 3, 4, 5, 6, 7, 8, 9, 10]", "file": "data_handler.py", "line": "148", "module": "env", "process": "data_handler", "function": "handle_usr_conf", "stack": "", "pid": 94}
{"time": "2026-04-18 12:21:13.791410", "level": "INFO", "message": "env data_handler finish success", "file": "data_handler.py", "line": "189", "module": "env", "process": "data_handler", "function": "finish", "stack": "", "pid": 94}
{"time": "2026-04-18 12:21:13.791861", "level": "INFO", "message": "env env run once episode done, process_run_count is 211318", "file": "remote_env_server.py", "line": "298", "module": "env", "process": "remote_env_server", "function": "run_once", "stack": "", "pid": 94}
{"time": "2026-04-18 12:21:13.825094", "level": "INFO", "message": "env env recv reset message", "file": "remote_env_server.py", "line": "282", "module": "env", "process": "remote_env_server", "function": "run_once", "stack": "", "pid": 94}
{"time": "2026-04-18 12:21:13.825760", "level": "INFO", "message": "env Select map in order: episode=259, map_id=10 from map_list=[1, 2, 3, 4, 5, 6, 7, 8, 9, 10]", "file": "data_handler.py", "line": "148", "module": "env", "process": "data_handler", "function": "handle_usr_conf", "stack": "", "pid": 94}
{"time": "2026-04-18 12:21:20.341564", "level": "INFO", "message": "env data_handler finish success", "file": "data_handler.py", "line": "189", "module": "env", "process": "data_handler", "function": "finish", "stack": "", "pid": 94}
{"time": "2026-04-18 12:21:20.342050", "level": "INFO", "message": "env env run once episode done, process_run_count is 212319", "file": "remote_env_server.py", "line": "298", "module": "env", "process": "remote_env_server", "function": "run_once", "stack": "", "pid": 94}
{"time": "2026-04-18 12:21:20.377719", "level": "INFO", "message": "env env recv reset message", "file": "remote_env_server.py", "line": "282", "module": "env", "process": "remote_env_server", "function": "run_once", "stack": "", "pid": 94}
{"time": "2026-04-18 12:21:20.378394", "level": "INFO", "message": "env Select map in order: episode=260, map_id=1 from map_list=[1, 2, 3, 4, 5, 6, 7, 8, 9, 10]", "file": "data_handler.py", "line": "148", "module": "env", "process": "data_handler", "function": "handle_usr_conf", "stack": "", "pid": 94}
{"time": "2026-04-18 12:21:26.868954", "level": "INFO", "message": "env finish monitor_data is {'total_score': 879, 'clean_score': 879, 'total_map': 10, 'map_random': 0, 'map_code': 1, 'max_steps': 1000, 'finished_steps': 1000, 'total_charger': 4, 'charge_count': 10, 'remaining_charge': 103}", "file": "monitor_helper.py", "line": "95", "module": "env", "process": "monitor_helper", "function": "finish", "stack": "", "pid": 94}
{"time": "2026-04-18 12:21:26.869705", "level": "INFO", "message": "env data_handler finish success", "file": "data_handler.py", "line": "189", "module": "env", "process": "data_handler", "function": "finish", "stack": "", "pid": 94}
{"time": "2026-04-18 12:21:26.870225", "level": "INFO", "message": "env env run once episode done, process_run_count is 213320", "file": "remote_env_server.py", "line": "298", "module": "env", "process": "remote_env_server", "function": "run_once", "stack": "", "pid": 94}
{"time": "2026-04-18 12:21:26.909280", "level": "INFO", "message": "env env recv reset message", "file": "remote_env_server.py", "line": "282", "module": "env", "process": "remote_env_server", "function": "run_once", "stack": "", "pid": 94}
{"time": "2026-04-18 12:21:26.909928", "level": "INFO", "message": "env Select map in order: episode=261, map_id=2 from map_list=[1, 2, 3, 4, 5, 6, 7, 8, 9, 10]", "file": "data_handler.py", "line": "148", "module": "env", "process": "data_handler", "function": "handle_usr_conf", "stack": "", "pid": 94}
{"time": "2026-04-18 12:21:32.351899", "level": "INFO", "message": "env data_handler finish success", "file": "data_handler.py", "line": "189", "module": "env", "process": "data_handler", "function": "finish", "stack": "", "pid": 94}
{"time": "2026-04-18 12:21:32.352528", "level": "INFO", "message": "env env run once episode done, process_run_count is 214321", "file": "remote_env_server.py", "line": "298", "module": "env", "process": "remote_env_server", "function": "run_once", "stack": "", "pid": 94}
{"time": "2026-04-18 12:21:32.390690", "level": "INFO", "message": "env env recv reset message", "file": "remote_env_server.py", "line": "282", "module": "env", "process": "remote_env_server", "function": "run_once", "stack": "", "pid": 94}
{"time": "2026-04-18 12:21:32.391463", "level": "INFO", "message": "env Select map in order: episode=262, map_id=3 from map_list=[1, 2, 3, 4, 5, 6, 7, 8, 9, 10]", "file": "data_handler.py", "line": "148", "module": "env", "process": "data_handler", "function": "handle_usr_conf", "stack": "", "pid": 94}
{"time": "2026-04-18 12:21:38.901420", "level": "INFO", "message": "env data_handler finish success", "file": "data_handler.py", "line": "189", "module": "env", "process": "data_handler", "function": "finish", "stack": "", "pid": 94}
{"time": "2026-04-18 12:21:38.901952", "level": "INFO", "message": "env env run once episode done, process_run_count is 215322", "file": "remote_env_server.py", "line": "298", "module": "env", "process": "remote_env_server", "function": "run_once", "stack": "", "pid": 94}
{"time": "2026-04-18 12:21:38.937495", "level": "INFO", "message": "env env recv reset message", "file": "remote_env_server.py", "line": "282", "module": "env", "process": "remote_env_server", "function": "run_once", "stack": "", "pid": 94}
{"time": "2026-04-18 12:21:38.938179", "level": "INFO", "message": "env Select map in order: episode=263, map_id=4 from map_list=[1, 2, 3, 4, 5, 6, 7, 8, 9, 10]", "file": "data_handler.py", "line": "148", "module": "env", "process": "data_handler", "function": "handle_usr_conf", "stack": "", "pid": 94}
{"time": "2026-04-18 12:21:44.730239", "level": "INFO", "message": "env data_handler finish success", "file": "data_handler.py", "line": "189", "module": "env", "process": "data_handler", "function": "finish", "stack": "", "pid": 94}
{"time": "2026-04-18 12:21:44.730910", "level": "INFO", "message": "env env run once episode done, process_run_count is 216204", "file": "remote_env_server.py", "line": "298", "module": "env", "process": "remote_env_server", "function": "run_once", "stack": "", "pid": 94}
{"time": "2026-04-18 12:21:44.761371", "level": "INFO", "message": "env env recv reset message", "file": "remote_env_server.py", "line": "282", "module": "env", "process": "remote_env_server", "function": "run_once", "stack": "", "pid": 94}
{"time": "2026-04-18 12:21:44.762003", "level": "INFO", "message": "env Select map in order: episode=264, map_id=5 from map_list=[1, 2, 3, 4, 5, 6, 7, 8, 9, 10]", "file": "data_handler.py", "line": "148", "module": "env", "process": "data_handler", "function": "handle_usr_conf", "stack": "", "pid": 94}
{"time": "2026-04-18 12:21:46.917203", "level": "INFO", "message": "env data_handler finish success", "file": "data_handler.py", "line": "189", "module": "env", "process": "data_handler", "function": "finish", "stack": "", "pid": 94}
{"time": "2026-04-18 12:21:46.918117", "level": "INFO", "message": "env env run once episode done, process_run_count is 216516", "file": "remote_env_server.py", "line": "298", "module": "env", "process": "remote_env_server", "function": "run_once", "stack": "", "pid": 94}
{"time": "2026-04-18 12:21:46.933266", "level": "INFO", "message": "env env recv reset message", "file": "remote_env_server.py", "line": "282", "module": "env", "process": "remote_env_server", "function": "run_once", "stack": "", "pid": 94}
{"time": "2026-04-18 12:21:46.934214", "level": "INFO", "message": "env Select map in order: episode=265, map_id=6 from map_list=[1, 2, 3, 4, 5, 6, 7, 8, 9, 10]", "file": "data_handler.py", "line": "148", "module": "env", "process": "data_handler", "function": "handle_usr_conf", "stack": "", "pid": 94}
{"time": "2026-04-18 12:21:53.398423", "level": "INFO", "message": "env data_handler finish success", "file": "data_handler.py", "line": "189", "module": "env", "process": "data_handler", "function": "finish", "stack": "", "pid": 94}
{"time": "2026-04-18 12:21:53.398907", "level": "INFO", "message": "env env run once episode done, process_run_count is 217517", "file": "remote_env_server.py", "line": "298", "module": "env", "process": "remote_env_server", "function": "run_once", "stack": "", "pid": 94}
{"time": "2026-04-18 12:21:53.435169", "level": "INFO", "message": "env env recv reset message", "file": "remote_env_server.py", "line": "282", "module": "env", "process": "remote_env_server", "function": "run_once", "stack": "", "pid": 94}
{"time": "2026-04-18 12:21:53.435884", "level": "INFO", "message": "env Select map in order: episode=266, map_id=7 from map_list=[1, 2, 3, 4, 5, 6, 7, 8, 9, 10]", "file": "data_handler.py", "line": "148", "module": "env", "process": "data_handler", "function": "handle_usr_conf", "stack": "", "pid": 94}
{"time": "2026-04-18 12:21:58.203184", "level": "INFO", "message": "env data_handler finish success", "file": "data_handler.py", "line": "189", "module": "env", "process": "data_handler", "function": "finish", "stack": "", "pid": 94}
{"time": "2026-04-18 12:21:58.203912", "level": "INFO", "message": "env env run once episode done, process_run_count is 218318", "file": "remote_env_server.py", "line": "298", "module": "env", "process": "remote_env_server", "function": "run_once", "stack": "", "pid": 94}
{"time": "2026-04-18 12:21:58.230608", "level": "INFO", "message": "env env recv reset message", "file": "remote_env_server.py", "line": "282", "module": "env", "process": "remote_env_server", "function": "run_once", "stack": "", "pid": 94}
{"time": "2026-04-18 12:21:58.231467", "level": "INFO", "message": "env Select map in order: episode=267, map_id=8 from map_list=[1, 2, 3, 4, 5, 6, 7, 8, 9, 10]", "file": "data_handler.py", "line": "148", "module": "env", "process": "data_handler", "function": "handle_usr_conf", "stack": "", "pid": 94}
{"time": "2026-04-18 12:21:58.989968", "level": "INFO", "message": "env data_handler finish success", "file": "data_handler.py", "line": "189", "module": "env", "process": "data_handler", "function": "finish", "stack": "", "pid": 94}
{"time": "2026-04-18 12:21:58.990596", "level": "INFO", "message": "env env run once episode done, process_run_count is 218417", "file": "remote_env_server.py", "line": "298", "module": "env", "process": "remote_env_server", "function": "run_once", "stack": "", "pid": 94}
{"time": "2026-04-18 12:21:58.996258", "level": "INFO", "message": "env env recv reset message", "file": "remote_env_server.py", "line": "282", "module": "env", "process": "remote_env_server", "function": "run_once", "stack": "", "pid": 94}
{"time": "2026-04-18 12:21:58.996910", "level": "INFO", "message": "env Select map in order: episode=268, map_id=9 from map_list=[1, 2, 3, 4, 5, 6, 7, 8, 9, 10]", "file": "data_handler.py", "line": "148", "module": "env", "process": "data_handler", "function": "handle_usr_conf", "stack": "", "pid": 94}
{"time": "2026-04-18 12:22:05.258379", "level": "INFO", "message": "env data_handler finish success", "file": "data_handler.py", "line": "189", "module": "env", "process": "data_handler", "function": "finish", "stack": "", "pid": 94}
{"time": "2026-04-18 12:22:05.258978", "level": "INFO", "message": "env env run once episode done, process_run_count is 219418", "file": "remote_env_server.py", "line": "298", "module": "env", "process": "remote_env_server", "function": "run_once", "stack": "", "pid": 94}
{"time": "2026-04-18 12:22:05.292007", "level": "INFO", "message": "env env recv reset message", "file": "remote_env_server.py", "line": "282", "module": "env", "process": "remote_env_server", "function": "run_once", "stack": "", "pid": 94}
{"time": "2026-04-18 12:22:05.292724", "level": "INFO", "message": "env Select map in order: episode=269, map_id=10 from map_list=[1, 2, 3, 4, 5, 6, 7, 8, 9, 10]", "file": "data_handler.py", "line": "148", "module": "env", "process": "data_handler", "function": "handle_usr_conf", "stack": "", "pid": 94}
{"time": "2026-04-18 12:22:11.344813", "level": "INFO", "message": "env data_handler finish success", "file": "data_handler.py", "line": "189", "module": "env", "process": "data_handler", "function": "finish", "stack": "", "pid": 94}
{"time": "2026-04-18 12:22:11.345369", "level": "INFO", "message": "env env run once episode done, process_run_count is 220419", "file": "remote_env_server.py", "line": "298", "module": "env", "process": "remote_env_server", "function": "run_once", "stack": "", "pid": 94}
{"time": "2026-04-18 12:22:11.384564", "level": "INFO", "message": "env env recv reset message", "file": "remote_env_server.py", "line": "282", "module": "env", "process": "remote_env_server", "function": "run_once", "stack": "", "pid": 94}
{"time": "2026-04-18 12:22:11.385279", "level": "INFO", "message": "env Select map in order: episode=270, map_id=1 from map_list=[1, 2, 3, 4, 5, 6, 7, 8, 9, 10]", "file": "data_handler.py", "line": "148", "module": "env", "process": "data_handler", "function": "handle_usr_conf", "stack": "", "pid": 94}
{"time": "2026-04-18 12:22:16.469932", "level": "INFO", "message": "env data_handler finish success", "file": "data_handler.py", "line": "189", "module": "env", "process": "data_handler", "function": "finish", "stack": "", "pid": 94}
{"time": "2026-04-18 12:22:16.470748", "level": "INFO", "message": "env env run once episode done, process_run_count is 221420", "file": "remote_env_server.py", "line": "298", "module": "env", "process": "remote_env_server", "function": "run_once", "stack": "", "pid": 94}
{"time": "2026-04-18 12:22:16.502010", "level": "INFO", "message": "env env recv reset message", "file": "remote_env_server.py", "line": "282", "module": "env", "process": "remote_env_server", "function": "run_once", "stack": "", "pid": 94}
{"time": "2026-04-18 12:22:16.504359", "level": "INFO", "message": "env Select map in order: episode=271, map_id=2 from map_list=[1, 2, 3, 4, 5, 6, 7, 8, 9, 10]", "file": "data_handler.py", "line": "148", "module": "env", "process": "data_handler", "function": "handle_usr_conf", "stack": "", "pid": 94}
{"time": "2026-04-18 12:22:22.508214", "level": "INFO", "message": "env data_handler finish success", "file": "data_handler.py", "line": "189", "module": "env", "process": "data_handler", "function": "finish", "stack": "", "pid": 94}
{"time": "2026-04-18 12:22:22.508786", "level": "INFO", "message": "env env run once episode done, process_run_count is 222421", "file": "remote_env_server.py", "line": "298", "module": "env", "process": "remote_env_server", "function": "run_once", "stack": "", "pid": 94}
{"time": "2026-04-18 12:22:22.540851", "level": "INFO", "message": "env env recv reset message", "file": "remote_env_server.py", "line": "282", "module": "env", "process": "remote_env_server", "function": "run_once", "stack": "", "pid": 94}
{"time": "2026-04-18 12:22:22.541751", "level": "INFO", "message": "env Select map in order: episode=272, map_id=3 from map_list=[1, 2, 3, 4, 5, 6, 7, 8, 9, 10]", "file": "data_handler.py", "line": "148", "module": "env", "process": "data_handler", "function": "handle_usr_conf", "stack": "", "pid": 94}
{"time": "2026-04-18 12:22:25.955293", "level": "INFO", "message": "env data_handler finish success", "file": "data_handler.py", "line": "189", "module": "env", "process": "data_handler", "function": "finish", "stack": "", "pid": 94}
{"time": "2026-04-18 12:22:25.956057", "level": "INFO", "message": "env env run once episode done, process_run_count is 223054", "file": "remote_env_server.py", "line": "298", "module": "env", "process": "remote_env_server", "function": "run_once", "stack": "", "pid": 94}
{"time": "2026-04-18 12:22:25.978638", "level": "INFO", "message": "env env recv reset message", "file": "remote_env_server.py", "line": "282", "module": "env", "process": "remote_env_server", "function": "run_once", "stack": "", "pid": 94}
{"time": "2026-04-18 12:22:25.979420", "level": "INFO", "message": "env Select map in order: episode=273, map_id=4 from map_list=[1, 2, 3, 4, 5, 6, 7, 8, 9, 10]", "file": "data_handler.py", "line": "148", "module": "env", "process": "data_handler", "function": "handle_usr_conf", "stack": "", "pid": 94}
{"time": "2026-04-18 12:22:27.932121", "level": "INFO", "message": "env finish monitor_data is {'total_score': 247, 'clean_score': 247, 'total_map': 10, 'map_random': 0, 'map_code': 4, 'max_steps': 1000, 'finished_steps': 304, 'total_charger': 4, 'charge_count': 1, 'remaining_charge': 0}", "file": "monitor_helper.py", "line": "95", "module": "env", "process": "monitor_helper", "function": "finish", "stack": "", "pid": 94}
{"time": "2026-04-18 12:22:27.932929", "level": "INFO", "message": "env data_handler finish success", "file": "data_handler.py", "line": "189", "module": "env", "process": "data_handler", "function": "finish", "stack": "", "pid": 94}
{"time": "2026-04-18 12:22:27.933516", "level": "INFO", "message": "env env run once episode done, process_run_count is 223359", "file": "remote_env_server.py", "line": "298", "module": "env", "process": "remote_env_server", "function": "run_once", "stack": "", "pid": 94}
{"time": "2026-04-18 12:22:27.950898", "level": "INFO", "message": "env env recv reset message", "file": "remote_env_server.py", "line": "282", "module": "env", "process": "remote_env_server", "function": "run_once", "stack": "", "pid": 94}
{"time": "2026-04-18 12:22:27.951510", "level": "INFO", "message": "env Select map in order: episode=274, map_id=5 from map_list=[1, 2, 3, 4, 5, 6, 7, 8, 9, 10]", "file": "data_handler.py", "line": "148", "module": "env", "process": "data_handler", "function": "handle_usr_conf", "stack": "", "pid": 94}
{"time": "2026-04-18 12:22:33.459475", "level": "INFO", "message": "env data_handler finish success", "file": "data_handler.py", "line": "189", "module": "env", "process": "data_handler", "function": "finish", "stack": "", "pid": 94}
{"time": "2026-04-18 12:22:33.460088", "level": "INFO", "message": "env env run once episode done, process_run_count is 224282", "file": "remote_env_server.py", "line": "298", "module": "env", "process": "remote_env_server", "function": "run_once", "stack": "", "pid": 94}
{"time": "2026-04-18 12:22:33.490489", "level": "INFO", "message": "env env recv reset message", "file": "remote_env_server.py", "line": "282", "module": "env", "process": "remote_env_server", "function": "run_once", "stack": "", "pid": 94}
{"time": "2026-04-18 12:22:33.491144", "level": "INFO", "message": "env Select map in order: episode=275, map_id=6 from map_list=[1, 2, 3, 4, 5, 6, 7, 8, 9, 10]", "file": "data_handler.py", "line": "148", "module": "env", "process": "data_handler", "function": "handle_usr_conf", "stack": "", "pid": 94}
{"time": "2026-04-18 12:22:39.463774", "level": "INFO", "message": "env data_handler finish success", "file": "data_handler.py", "line": "189", "module": "env", "process": "data_handler", "function": "finish", "stack": "", "pid": 94}
{"time": "2026-04-18 12:22:39.464358", "level": "INFO", "message": "env env run once episode done, process_run_count is 225283", "file": "remote_env_server.py", "line": "298", "module": "env", "process": "remote_env_server", "function": "run_once", "stack": "", "pid": 94}
{"time": "2026-04-18 12:22:39.496502", "level": "INFO", "message": "env env recv reset message", "file": "remote_env_server.py", "line": "282", "module": "env", "process": "remote_env_server", "function": "run_once", "stack": "", "pid": 94}
{"time": "2026-04-18 12:22:39.497163", "level": "INFO", "message": "env Select map in order: episode=276, map_id=7 from map_list=[1, 2, 3, 4, 5, 6, 7, 8, 9, 10]", "file": "data_handler.py", "line": "148", "module": "env", "process": "data_handler", "function": "handle_usr_conf", "stack": "", "pid": 94}
{"time": "2026-04-18 12:22:43.748961", "level": "INFO", "message": "env data_handler finish success", "file": "data_handler.py", "line": "189", "module": "env", "process": "data_handler", "function": "finish", "stack": "", "pid": 94}
{"time": "2026-04-18 12:22:43.749453", "level": "INFO", "message": "env env run once episode done, process_run_count is 225972", "file": "remote_env_server.py", "line": "298", "module": "env", "process": "remote_env_server", "function": "run_once", "stack": "", "pid": 94}
{"time": "2026-04-18 12:22:43.773743", "level": "INFO", "message": "env env recv reset message", "file": "remote_env_server.py", "line": "282", "module": "env", "process": "remote_env_server", "function": "run_once", "stack": "", "pid": 94}
{"time": "2026-04-18 12:22:43.774380", "level": "INFO", "message": "env Select map in order: episode=277, map_id=8 from map_list=[1, 2, 3, 4, 5, 6, 7, 8, 9, 10]", "file": "data_handler.py", "line": "148", "module": "env", "process": "data_handler", "function": "handle_usr_conf", "stack": "", "pid": 94}
{"time": "2026-04-18 12:22:46.847018", "level": "INFO", "message": "env data_handler finish success", "file": "data_handler.py", "line": "189", "module": "env", "process": "data_handler", "function": "finish", "stack": "", "pid": 94}
{"time": "2026-04-18 12:22:46.847568", "level": "INFO", "message": "env env run once episode done, process_run_count is 226476", "file": "remote_env_server.py", "line": "298", "module": "env", "process": "remote_env_server", "function": "run_once", "stack": "", "pid": 94}
{"time": "2026-04-18 12:22:46.867530", "level": "INFO", "message": "env env recv reset message", "file": "remote_env_server.py", "line": "282", "module": "env", "process": "remote_env_server", "function": "run_once", "stack": "", "pid": 94}
{"time": "2026-04-18 12:22:46.868168", "level": "INFO", "message": "env Select map in order: episode=278, map_id=9 from map_list=[1, 2, 3, 4, 5, 6, 7, 8, 9, 10]", "file": "data_handler.py", "line": "148", "module": "env", "process": "data_handler", "function": "handle_usr_conf", "stack": "", "pid": 94}
{"time": "2026-04-18 12:22:52.903127", "level": "INFO", "message": "env data_handler finish success", "file": "data_handler.py", "line": "189", "module": "env", "process": "data_handler", "function": "finish", "stack": "", "pid": 94}
{"time": "2026-04-18 12:22:52.903766", "level": "INFO", "message": "env env run once episode done, process_run_count is 227477", "file": "remote_env_server.py", "line": "298", "module": "env", "process": "remote_env_server", "function": "run_once", "stack": "", "pid": 94}
{"time": "2026-04-18 12:22:52.935342", "level": "INFO", "message": "env env recv reset message", "file": "remote_env_server.py", "line": "282", "module": "env", "process": "remote_env_server", "function": "run_once", "stack": "", "pid": 94}
{"time": "2026-04-18 12:22:52.936094", "level": "INFO", "message": "env Select map in order: episode=279, map_id=10 from map_list=[1, 2, 3, 4, 5, 6, 7, 8, 9, 10]", "file": "data_handler.py", "line": "148", "module": "env", "process": "data_handler", "function": "handle_usr_conf", "stack": "", "pid": 94}
{"time": "2026-04-18 12:22:57.805445", "level": "INFO", "message": "env data_handler finish success", "file": "data_handler.py", "line": "189", "module": "env", "process": "data_handler", "function": "finish", "stack": "", "pid": 94}
{"time": "2026-04-18 12:22:57.806045", "level": "INFO", "message": "env env run once episode done, process_run_count is 228456", "file": "remote_env_server.py", "line": "298", "module": "env", "process": "remote_env_server", "function": "run_once", "stack": "", "pid": 94}
{"time": "2026-04-18 12:22:57.839207", "level": "INFO", "message": "env env recv reset message", "file": "remote_env_server.py", "line": "282", "module": "env", "process": "remote_env_server", "function": "run_once", "stack": "", "pid": 94}
{"time": "2026-04-18 12:22:57.839786", "level": "INFO", "message": "env Select map in order: episode=280, map_id=1 from map_list=[1, 2, 3, 4, 5, 6, 7, 8, 9, 10]", "file": "data_handler.py", "line": "148", "module": "env", "process": "data_handler", "function": "handle_usr_conf", "stack": "", "pid": 94}
{"time": "2026-04-18 12:23:03.924248", "level": "INFO", "message": "env data_handler finish success", "file": "data_handler.py", "line": "189", "module": "env", "process": "data_handler", "function": "finish", "stack": "", "pid": 94}
{"time": "2026-04-18 12:23:03.924761", "level": "INFO", "message": "env env run once episode done, process_run_count is 229457", "file": "remote_env_server.py", "line": "298", "module": "env", "process": "remote_env_server", "function": "run_once", "stack": "", "pid": 94}
{"time": "2026-04-18 12:23:03.960563", "level": "INFO", "message": "env env recv reset message", "file": "remote_env_server.py", "line": "282", "module": "env", "process": "remote_env_server", "function": "run_once", "stack": "", "pid": 94}
{"time": "2026-04-18 12:23:03.961191", "level": "INFO", "message": "env Select map in order: episode=281, map_id=2 from map_list=[1, 2, 3, 4, 5, 6, 7, 8, 9, 10]", "file": "data_handler.py", "line": "148", "module": "env", "process": "data_handler", "function": "handle_usr_conf", "stack": "", "pid": 94}
{"time": "2026-04-18 12:23:10.113909", "level": "INFO", "message": "env data_handler finish success", "file": "data_handler.py", "line": "189", "module": "env", "process": "data_handler", "function": "finish", "stack": "", "pid": 94}
{"time": "2026-04-18 12:23:10.114511", "level": "INFO", "message": "env env run once episode done, process_run_count is 230458", "file": "remote_env_server.py", "line": "298", "module": "env", "process": "remote_env_server", "function": "run_once", "stack": "", "pid": 94}
{"time": "2026-04-18 12:23:10.145671", "level": "INFO", "message": "env env recv reset message", "file": "remote_env_server.py", "line": "282", "module": "env", "process": "remote_env_server", "function": "run_once", "stack": "", "pid": 94}
{"time": "2026-04-18 12:23:10.146366", "level": "INFO", "message": "env Select map in order: episode=282, map_id=3 from map_list=[1, 2, 3, 4, 5, 6, 7, 8, 9, 10]", "file": "data_handler.py", "line": "148", "module": "env", "process": "data_handler", "function": "handle_usr_conf", "stack": "", "pid": 94}
{"time": "2026-04-18 12:23:11.456790", "level": "INFO", "message": "env data_handler finish success", "file": "data_handler.py", "line": "189", "module": "env", "process": "data_handler", "function": "finish", "stack": "", "pid": 94}
{"time": "2026-04-18 12:23:11.457529", "level": "INFO", "message": "env env run once episode done, process_run_count is 230659", "file": "remote_env_server.py", "line": "298", "module": "env", "process": "remote_env_server", "function": "run_once", "stack": "", "pid": 94}
{"time": "2026-04-18 12:23:11.466252", "level": "INFO", "message": "env env recv reset message", "file": "remote_env_server.py", "line": "282", "module": "env", "process": "remote_env_server", "function": "run_once", "stack": "", "pid": 94}
{"time": "2026-04-18 12:23:11.466915", "level": "INFO", "message": "env Select map in order: episode=283, map_id=4 from map_list=[1, 2, 3, 4, 5, 6, 7, 8, 9, 10]", "file": "data_handler.py", "line": "148", "module": "env", "process": "data_handler", "function": "handle_usr_conf", "stack": "", "pid": 94}
{"time": "2026-04-18 12:23:14.220154", "level": "INFO", "message": "env data_handler finish success", "file": "data_handler.py", "line": "189", "module": "env", "process": "data_handler", "function": "finish", "stack": "", "pid": 94}
{"time": "2026-04-18 12:23:14.220919", "level": "INFO", "message": "env env run once episode done, process_run_count is 231099", "file": "remote_env_server.py", "line": "298", "module": "env", "process": "remote_env_server", "function": "run_once", "stack": "", "pid": 94}
{"time": "2026-04-18 12:23:14.236885", "level": "INFO", "message": "env env recv reset message", "file": "remote_env_server.py", "line": "282", "module": "env", "process": "remote_env_server", "function": "run_once", "stack": "", "pid": 94}
{"time": "2026-04-18 12:23:14.237902", "level": "INFO", "message": "env Select map in order: episode=284, map_id=5 from map_list=[1, 2, 3, 4, 5, 6, 7, 8, 9, 10]", "file": "data_handler.py", "line": "148", "module": "env", "process": "data_handler", "function": "handle_usr_conf", "stack": "", "pid": 94}
{"time": "2026-04-18 12:23:20.249698", "level": "INFO", "message": "env data_handler finish success", "file": "data_handler.py", "line": "189", "module": "env", "process": "data_handler", "function": "finish", "stack": "", "pid": 94}
{"time": "2026-04-18 12:23:20.250444", "level": "INFO", "message": "env env run once episode done, process_run_count is 232100", "file": "remote_env_server.py", "line": "298", "module": "env", "process": "remote_env_server", "function": "run_once", "stack": "", "pid": 94}
{"time": "2026-04-18 12:23:20.280960", "level": "INFO", "message": "env env recv reset message", "file": "remote_env_server.py", "line": "282", "module": "env", "process": "remote_env_server", "function": "run_once", "stack": "", "pid": 94}
{"time": "2026-04-18 12:23:20.281659", "level": "INFO", "message": "env Select map in order: episode=285, map_id=6 from map_list=[1, 2, 3, 4, 5, 6, 7, 8, 9, 10]", "file": "data_handler.py", "line": "148", "module": "env", "process": "data_handler", "function": "handle_usr_conf", "stack": "", "pid": 94}
{"time": "2026-04-18 12:23:25.329765", "level": "INFO", "message": "env data_handler finish success", "file": "data_handler.py", "line": "189", "module": "env", "process": "data_handler", "function": "finish", "stack": "", "pid": 94}
{"time": "2026-04-18 12:23:25.330406", "level": "INFO", "message": "env env run once episode done, process_run_count is 233101", "file": "remote_env_server.py", "line": "298", "module": "env", "process": "remote_env_server", "function": "run_once", "stack": "", "pid": 94}
{"time": "2026-04-18 12:23:25.362926", "level": "INFO", "message": "env env recv reset message", "file": "remote_env_server.py", "line": "282", "module": "env", "process": "remote_env_server", "function": "run_once", "stack": "", "pid": 94}
{"time": "2026-04-18 12:23:25.363702", "level": "INFO", "message": "env Select map in order: episode=286, map_id=7 from map_list=[1, 2, 3, 4, 5, 6, 7, 8, 9, 10]", "file": "data_handler.py", "line": "148", "module": "env", "process": "data_handler", "function": "handle_usr_conf", "stack": "", "pid": 94}
{"time": "2026-04-18 12:23:31.341974", "level": "INFO", "message": "env finish monitor_data is {'total_score': 807, 'clean_score': 807, 'total_map': 10, 'map_random': 0, 'map_code': 7, 'max_steps': 1000, 'finished_steps': 1000, 'total_charger': 4, 'charge_count': 8, 'remaining_charge': 23}", "file": "monitor_helper.py", "line": "95", "module": "env", "process": "monitor_helper", "function": "finish", "stack": "", "pid": 94}
{"time": "2026-04-18 12:23:31.342763", "level": "INFO", "message": "env data_handler finish success", "file": "data_handler.py", "line": "189", "module": "env", "process": "data_handler", "function": "finish", "stack": "", "pid": 94}
{"time": "2026-04-18 12:23:31.343173", "level": "INFO", "message": "env env run once episode done, process_run_count is 234102", "file": "remote_env_server.py", "line": "298", "module": "env", "process": "remote_env_server", "function": "run_once", "stack": "", "pid": 94}
{"time": "2026-04-18 12:23:31.378316", "level": "INFO", "message": "env env recv reset message", "file": "remote_env_server.py", "line": "282", "module": "env", "process": "remote_env_server", "function": "run_once", "stack": "", "pid": 94}
{"time": "2026-04-18 12:23:31.378970", "level": "INFO", "message": "env Select map in order: episode=287, map_id=8 from map_list=[1, 2, 3, 4, 5, 6, 7, 8, 9, 10]", "file": "data_handler.py", "line": "148", "module": "env", "process": "data_handler", "function": "handle_usr_conf", "stack": "", "pid": 94}
{"time": "2026-04-18 12:23:33.867382", "level": "INFO", "message": "env data_handler finish success", "file": "data_handler.py", "line": "189", "module": "env", "process": "data_handler", "function": "finish", "stack": "", "pid": 94}
{"time": "2026-04-18 12:23:33.868026", "level": "INFO", "message": "env env run once episode done, process_run_count is 234505", "file": "remote_env_server.py", "line": "298", "module": "env", "process": "remote_env_server", "function": "run_once", "stack": "", "pid": 94}
{"time": "2026-04-18 12:23:33.883507", "level": "INFO", "message": "env env recv reset message", "file": "remote_env_server.py", "line": "282", "module": "env", "process": "remote_env_server", "function": "run_once", "stack": "", "pid": 94}
{"time": "2026-04-18 12:23:33.884407", "level": "INFO", "message": "env Select map in order: episode=288, map_id=9 from map_list=[1, 2, 3, 4, 5, 6, 7, 8, 9, 10]", "file": "data_handler.py", "line": "148", "module": "env", "process": "data_handler", "function": "handle_usr_conf", "stack": "", "pid": 94}
{"time": "2026-04-18 12:23:34.941708", "level": "INFO", "message": "env data_handler finish success", "file": "data_handler.py", "line": "189", "module": "env", "process": "data_handler", "function": "finish", "stack": "", "pid": 94}
{"time": "2026-04-18 12:23:34.942353", "level": "INFO", "message": "env env run once episode done, process_run_count is 234662", "file": "remote_env_server.py", "line": "298", "module": "env", "process": "remote_env_server", "function": "run_once", "stack": "", "pid": 94}
{"time": "2026-04-18 12:23:34.950197", "level": "INFO", "message": "env env recv reset message", "file": "remote_env_server.py", "line": "282", "module": "env", "process": "remote_env_server", "function": "run_once", "stack": "", "pid": 94}
{"time": "2026-04-18 12:23:34.950792", "level": "INFO", "message": "env Select map in order: episode=289, map_id=10 from map_list=[1, 2, 3, 4, 5, 6, 7, 8, 9, 10]", "file": "data_handler.py", "line": "148", "module": "env", "process": "data_handler", "function": "handle_usr_conf", "stack": "", "pid": 94}
{"time": "2026-04-18 12:23:37.177898", "level": "INFO", "message": "env data_handler finish success", "file": "data_handler.py", "line": "189", "module": "env", "process": "data_handler", "function": "finish", "stack": "", "pid": 94}
{"time": "2026-04-18 12:23:37.178390", "level": "INFO", "message": "env env run once episode done, process_run_count is 235011", "file": "remote_env_server.py", "line": "298", "module": "env", "process": "remote_env_server", "function": "run_once", "stack": "", "pid": 94}
{"time": "2026-04-18 12:23:37.194330", "level": "INFO", "message": "env env recv reset message", "file": "remote_env_server.py", "line": "282", "module": "env", "process": "remote_env_server", "function": "run_once", "stack": "", "pid": 94}
{"time": "2026-04-18 12:23:37.194959", "level": "INFO", "message": "env Select map in order: episode=290, map_id=1 from map_list=[1, 2, 3, 4, 5, 6, 7, 8, 9, 10]", "file": "data_handler.py", "line": "148", "module": "env", "process": "data_handler", "function": "handle_usr_conf", "stack": "", "pid": 94}
{"time": "2026-04-18 12:23:43.381269", "level": "INFO", "message": "env data_handler finish success", "file": "data_handler.py", "line": "189", "module": "env", "process": "data_handler", "function": "finish", "stack": "", "pid": 94}
{"time": "2026-04-18 12:23:43.381959", "level": "INFO", "message": "env env run once episode done, process_run_count is 236012", "file": "remote_env_server.py", "line": "298", "module": "env", "process": "remote_env_server", "function": "run_once", "stack": "", "pid": 94}
{"time": "2026-04-18 12:23:43.415832", "level": "INFO", "message": "env env recv reset message", "file": "remote_env_server.py", "line": "282", "module": "env", "process": "remote_env_server", "function": "run_once", "stack": "", "pid": 94}
{"time": "2026-04-18 12:23:43.416743", "level": "INFO", "message": "env Select map in order: episode=291, map_id=2 from map_list=[1, 2, 3, 4, 5, 6, 7, 8, 9, 10]", "file": "data_handler.py", "line": "148", "module": "env", "process": "data_handler", "function": "handle_usr_conf", "stack": "", "pid": 94}
{"time": "2026-04-18 12:23:44.795036", "level": "INFO", "message": "env data_handler finish success", "file": "data_handler.py", "line": "189", "module": "env", "process": "data_handler", "function": "finish", "stack": "", "pid": 94}
{"time": "2026-04-18 12:23:44.795508", "level": "INFO", "message": "env env run once episode done, process_run_count is 236213", "file": "remote_env_server.py", "line": "298", "module": "env", "process": "remote_env_server", "function": "run_once", "stack": "", "pid": 94}
{"time": "2026-04-18 12:23:44.804372", "level": "INFO", "message": "env env recv reset message", "file": "remote_env_server.py", "line": "282", "module": "env", "process": "remote_env_server", "function": "run_once", "stack": "", "pid": 94}
{"time": "2026-04-18 12:23:44.804952", "level": "INFO", "message": "env Select map in order: episode=292, map_id=3 from map_list=[1, 2, 3, 4, 5, 6, 7, 8, 9, 10]", "file": "data_handler.py", "line": "148", "module": "env", "process": "data_handler", "function": "handle_usr_conf", "stack": "", "pid": 94}
{"time": "2026-04-18 12:23:50.849918", "level": "INFO", "message": "env data_handler finish success", "file": "data_handler.py", "line": "189", "module": "env", "process": "data_handler", "function": "finish", "stack": "", "pid": 94}
{"time": "2026-04-18 12:23:50.850408", "level": "INFO", "message": "env env run once episode done, process_run_count is 237214", "file": "remote_env_server.py", "line": "298", "module": "env", "process": "remote_env_server", "function": "run_once", "stack": "", "pid": 94}
{"time": "2026-04-18 12:23:50.884237", "level": "INFO", "message": "env env recv reset message", "file": "remote_env_server.py", "line": "282", "module": "env", "process": "remote_env_server", "function": "run_once", "stack": "", "pid": 94}
{"time": "2026-04-18 12:23:50.884892", "level": "INFO", "message": "env Select map in order: episode=293, map_id=4 from map_list=[1, 2, 3, 4, 5, 6, 7, 8, 9, 10]", "file": "data_handler.py", "line": "148", "module": "env", "process": "data_handler", "function": "handle_usr_conf", "stack": "", "pid": 94}
{"time": "2026-04-18 12:23:54.692070", "level": "INFO", "message": "env data_handler finish success", "file": "data_handler.py", "line": "189", "module": "env", "process": "data_handler", "function": "finish", "stack": "", "pid": 94}
{"time": "2026-04-18 12:23:54.692743", "level": "INFO", "message": "env env run once episode done, process_run_count is 237995", "file": "remote_env_server.py", "line": "298", "module": "env", "process": "remote_env_server", "function": "run_once", "stack": "", "pid": 94}
{"time": "2026-04-18 12:23:54.720467", "level": "INFO", "message": "env env recv reset message", "file": "remote_env_server.py", "line": "282", "module": "env", "process": "remote_env_server", "function": "run_once", "stack": "", "pid": 94}
{"time": "2026-04-18 12:24:00.718672", "level": "INFO", "message": "env data_handler finish success", "file": "data_handler.py", "line": "189", "module": "env", "process": "data_handler", "function": "finish", "stack": "", "pid": 94}
{"time": "2026-04-18 12:24:00.719395", "level": "INFO", "message": "env env run once episode done, process_run_count is 238996", "file": "remote_env_server.py", "line": "298", "module": "env", "process": "remote_env_server", "function": "run_once", "stack": "", "pid": 94}
{"time": "2026-04-18 12:24:00.753248", "level": "INFO", "message": "env env recv reset message", "file": "remote_env_server.py", "line": "282", "module": "env", "process": "remote_env_server", "function": "run_once", "stack": "", "pid": 94}
{"time": "2026-04-18 12:24:00.754313", "level": "INFO", "message": "env Select map in order: episode=295, map_id=6 from map_list=[1, 2, 3, 4, 5, 6, 7, 8, 9, 10]", "file": "data_handler.py", "line": "148", "module": "env", "process": "data_handler", "function": "handle_usr_conf", "stack": "", "pid": 94}
{"time": "2026-04-18 12:24:04.736305", "level": "INFO", "message": "env data_handler finish success", "file": "data_handler.py", "line": "189", "module": "env", "process": "data_handler", "function": "finish", "stack": "", "pid": 94}
{"time": "2026-04-18 12:24:04.736760", "level": "INFO", "message": "env env run once episode done, process_run_count is 239646", "file": "remote_env_server.py", "line": "298", "module": "env", "process": "remote_env_server", "function": "run_once", "stack": "", "pid": 94}
{"time": "2026-04-18 12:24:04.759823", "level": "INFO", "message": "env env recv reset message", "file": "remote_env_server.py", "line": "282", "module": "env", "process": "remote_env_server", "function": "run_once", "stack": "", "pid": 94}
{"time": "2026-04-18 12:24:04.760365", "level": "INFO", "message": "env Select map in order: episode=296, map_id=7 from map_list=[1, 2, 3, 4, 5, 6, 7, 8, 9, 10]", "file": "data_handler.py", "line": "148", "module": "env", "process": "data_handler", "function": "handle_usr_conf", "stack": "", "pid": 94}
{"time": "2026-04-18 12:24:10.839298", "level": "INFO", "message": "env data_handler finish success", "file": "data_handler.py", "line": "189", "module": "env", "process": "data_handler", "function": "finish", "stack": "", "pid": 94}
{"time": "2026-04-18 12:24:10.840286", "level": "INFO", "message": "env env run once episode done, process_run_count is 240647", "file": "remote_env_server.py", "line": "298", "module": "env", "process": "remote_env_server", "function": "run_once", "stack": "", "pid": 94}
{"time": "2026-04-18 12:24:10.871194", "level": "INFO", "message": "env env recv reset message", "file": "remote_env_server.py", "line": "282", "module": "env", "process": "remote_env_server", "function": "run_once", "stack": "", "pid": 94}
{"time": "2026-04-18 12:24:10.871868", "level": "INFO", "message": "env Select map in order: episode=297, map_id=8 from map_list=[1, 2, 3, 4, 5, 6, 7, 8, 9, 10]", "file": "data_handler.py", "line": "148", "module": "env", "process": "data_handler", "function": "handle_usr_conf", "stack": "", "pid": 94}
{"time": "2026-04-18 12:24:16.863209", "level": "INFO", "message": "env data_handler finish success", "file": "data_handler.py", "line": "189", "module": "env", "process": "data_handler", "function": "finish", "stack": "", "pid": 94}
{"time": "2026-04-18 12:24:16.863995", "level": "INFO", "message": "env env run once episode done, process_run_count is 241648", "file": "remote_env_server.py", "line": "298", "module": "env", "process": "remote_env_server", "function": "run_once", "stack": "", "pid": 94}
{"time": "2026-04-18 12:24:16.894976", "level": "INFO", "message": "env env recv reset message", "file": "remote_env_server.py", "line": "282", "module": "env", "process": "remote_env_server", "function": "run_once", "stack": "", "pid": 94}
{"time": "2026-04-18 12:24:16.895705", "level": "INFO", "message": "env Select map in order: episode=298, map_id=9 from map_list=[1, 2, 3, 4, 5, 6, 7, 8, 9, 10]", "file": "data_handler.py", "line": "148", "module": "env", "process": "data_handler", "function": "handle_usr_conf", "stack": "", "pid": 94}
{"time": "2026-04-18 12:24:21.993489", "level": "INFO", "message": "env data_handler finish success", "file": "data_handler.py", "line": "189", "module": "env", "process": "data_handler", "function": "finish", "stack": "", "pid": 94}
{"time": "2026-04-18 12:24:21.994137", "level": "INFO", "message": "env env run once episode done, process_run_count is 242649", "file": "remote_env_server.py", "line": "298", "module": "env", "process": "remote_env_server", "function": "run_once", "stack": "", "pid": 94}
{"time": "2026-04-18 12:24:22.026612", "level": "INFO", "message": "env env recv reset message", "file": "remote_env_server.py", "line": "282", "module": "env", "process": "remote_env_server", "function": "run_once", "stack": "", "pid": 94}
{"time": "2026-04-18 12:24:22.027427", "level": "INFO", "message": "env Select map in order: episode=299, map_id=10 from map_list=[1, 2, 3, 4, 5, 6, 7, 8, 9, 10]", "file": "data_handler.py", "line": "148", "module": "env", "process": "data_handler", "function": "handle_usr_conf", "stack": "", "pid": 94}
{"time": "2026-04-18 12:24:25.563666", "level": "INFO", "message": "env data_handler finish success", "file": "data_handler.py", "line": "189", "module": "env", "process": "data_handler", "function": "finish", "stack": "", "pid": 94}
{"time": "2026-04-18 12:24:25.564453", "level": "INFO", "message": "env env run once episode done, process_run_count is 243229", "file": "remote_env_server.py", "line": "298", "module": "env", "process": "remote_env_server", "function": "run_once", "stack": "", "pid": 94}
{"time": "2026-04-18 12:24:25.588312", "level": "INFO", "message": "env env recv reset message", "file": "remote_env_server.py", "line": "282", "module": "env", "process": "remote_env_server", "function": "run_once", "stack": "", "pid": 94}
{"time": "2026-04-18 12:24:25.589712", "level": "INFO", "message": "env Select map in order: episode=300, map_id=1 from map_list=[1, 2, 3, 4, 5, 6, 7, 8, 9, 10]", "file": "data_handler.py", "line": "148", "module": "env", "process": "data_handler", "function": "handle_usr_conf", "stack": "", "pid": 94}
{"time": "2026-04-18 12:24:31.602233", "level": "INFO", "message": "env finish monitor_data is {'total_score': 911, 'clean_score': 911, 'total_map': 10, 'map_random': 0, 'map_code': 1, 'max_steps': 1000, 'finished_steps': 1000, 'total_charger': 4, 'charge_count': 9, 'remaining_charge': 127}", "file": "monitor_helper.py", "line": "95", "module": "env", "process": "monitor_helper", "function": "finish", "stack": "", "pid": 94}
{"time": "2026-04-18 12:24:31.602977", "level": "INFO", "message": "env data_handler finish success", "file": "data_handler.py", "line": "189", "module": "env", "process": "data_handler", "function": "finish", "stack": "", "pid": 94}
{"time": "2026-04-18 12:24:31.603483", "level": "INFO", "message": "env env run once episode done, process_run_count is 244230", "file": "remote_env_server.py", "line": "298", "module": "env", "process": "remote_env_server", "function": "run_once", "stack": "", "pid": 94}
{"time": "2026-04-18 12:24:31.641543", "level": "INFO", "message": "env env recv reset message", "file": "remote_env_server.py", "line": "282", "module": "env", "process": "remote_env_server", "function": "run_once", "stack": "", "pid": 94}
{"time": "2026-04-18 12:24:31.642358", "level": "INFO", "message": "env Select map in order: episode=301, map_id=2 from map_list=[1, 2, 3, 4, 5, 6, 7, 8, 9, 10]", "file": "data_handler.py", "line": "148", "module": "env", "process": "data_handler", "function": "handle_usr_conf", "stack": "", "pid": 94}
{"time": "2026-04-18 12:24:34.924661", "level": "INFO", "message": "env data_handler finish success", "file": "data_handler.py", "line": "189", "module": "env", "process": "data_handler", "function": "finish", "stack": "", "pid": 94}
{"time": "2026-04-18 12:24:34.925204", "level": "INFO", "message": "env env run once episode done, process_run_count is 244756", "file": "remote_env_server.py", "line": "298", "module": "env", "process": "remote_env_server", "function": "run_once", "stack": "", "pid": 94}
{"time": "2026-04-18 12:24:34.945903", "level": "INFO", "message": "env env recv reset message", "file": "remote_env_server.py", "line": "282", "module": "env", "process": "remote_env_server", "function": "run_once", "stack": "", "pid": 94}
{"time": "2026-04-18 12:24:34.946676", "level": "INFO", "message": "env Select map in order: episode=302, map_id=3 from map_list=[1, 2, 3, 4, 5, 6, 7, 8, 9, 10]", "file": "data_handler.py", "line": "148", "module": "env", "process": "data_handler", "function": "handle_usr_conf", "stack": "", "pid": 94}
{"time": "2026-04-18 12:24:38.881093", "level": "INFO", "message": "env data_handler finish success", "file": "data_handler.py", "line": "189", "module": "env", "process": "data_handler", "function": "finish", "stack": "", "pid": 94}
{"time": "2026-04-18 12:24:38.881693", "level": "INFO", "message": "env env run once episode done, process_run_count is 245398", "file": "remote_env_server.py", "line": "298", "module": "env", "process": "remote_env_server", "function": "run_once", "stack": "", "pid": 94}
{"time": "2026-04-18 12:24:38.904761", "level": "INFO", "message": "env env recv reset message", "file": "remote_env_server.py", "line": "282", "module": "env", "process": "remote_env_server", "function": "run_once", "stack": "", "pid": 94}
{"time": "2026-04-18 12:24:38.905419", "level": "INFO", "message": "env Select map in order: episode=303, map_id=4 from map_list=[1, 2, 3, 4, 5, 6, 7, 8, 9, 10]", "file": "data_handler.py", "line": "148", "module": "env", "process": "data_handler", "function": "handle_usr_conf", "stack": "", "pid": 94}
{"time": "2026-04-18 12:24:42.870772", "level": "INFO", "message": "env data_handler finish success", "file": "data_handler.py", "line": "189", "module": "env", "process": "data_handler", "function": "finish", "stack": "", "pid": 94}
{"time": "2026-04-18 12:24:42.872224", "level": "INFO", "message": "env env run once episode done, process_run_count is 246041", "file": "remote_env_server.py", "line": "298", "module": "env", "process": "remote_env_server", "function": "run_once", "stack": "", "pid": 94}
{"time": "2026-04-18 12:24:42.894235", "level": "INFO", "message": "env env recv reset message", "file": "remote_env_server.py", "line": "282", "module": "env", "process": "remote_env_server", "function": "run_once", "stack": "", "pid": 94}
{"time": "2026-04-18 12:24:42.894920", "level": "INFO", "message": "env Select map in order: episode=304, map_id=5 from map_list=[1, 2, 3, 4, 5, 6, 7, 8, 9, 10]", "file": "data_handler.py", "line": "148", "module": "env", "process": "data_handler", "function": "handle_usr_conf", "stack": "", "pid": 94}
{"time": "2026-04-18 12:24:43.948108", "level": "INFO", "message": "env data_handler finish success", "file": "data_handler.py", "line": "189", "module": "env", "process": "data_handler", "function": "finish", "stack": "", "pid": 94}
{"time": "2026-04-18 12:24:43.948800", "level": "INFO", "message": "env env run once episode done, process_run_count is 246198", "file": "remote_env_server.py", "line": "298", "module": "env", "process": "remote_env_server", "function": "run_once", "stack": "", "pid": 94}
{"time": "2026-04-18 12:24:43.955926", "level": "INFO", "message": "env env recv reset message", "file": "remote_env_server.py", "line": "282", "module": "env", "process": "remote_env_server", "function": "run_once", "stack": "", "pid": 94}
{"time": "2026-04-18 12:24:43.956491", "level": "INFO", "message": "env Select map in order: episode=305, map_id=6 from map_list=[1, 2, 3, 4, 5, 6, 7, 8, 9, 10]", "file": "data_handler.py", "line": "148", "module": "env", "process": "data_handler", "function": "handle_usr_conf", "stack": "", "pid": 94}
{"time": "2026-04-18 12:24:48.040989", "level": "INFO", "message": "env data_handler finish success", "file": "data_handler.py", "line": "189", "module": "env", "process": "data_handler", "function": "finish", "stack": "", "pid": 94}
{"time": "2026-04-18 12:24:48.041633", "level": "INFO", "message": "env env run once episode done, process_run_count is 246852", "file": "remote_env_server.py", "line": "298", "module": "env", "process": "remote_env_server", "function": "run_once", "stack": "", "pid": 94}
{"time": "2026-04-18 12:24:48.062993", "level": "INFO", "message": "env env recv reset message", "file": "remote_env_server.py", "line": "282", "module": "env", "process": "remote_env_server", "function": "run_once", "stack": "", "pid": 94}
{"time": "2026-04-18 12:24:48.063790", "level": "INFO", "message": "env Select map in order: episode=306, map_id=7 from map_list=[1, 2, 3, 4, 5, 6, 7, 8, 9, 10]", "file": "data_handler.py", "line": "148", "module": "env", "process": "data_handler", "function": "handle_usr_conf", "stack": "", "pid": 94}
{"time": "2026-04-18 12:24:52.039556", "level": "INFO", "message": "env data_handler finish success", "file": "data_handler.py", "line": "189", "module": "env", "process": "data_handler", "function": "finish", "stack": "", "pid": 94}
{"time": "2026-04-18 12:24:52.039984", "level": "INFO", "message": "env env run once episode done, process_run_count is 247679", "file": "remote_env_server.py", "line": "298", "module": "env", "process": "remote_env_server", "function": "run_once", "stack": "", "pid": 94}
{"time": "2026-04-18 12:24:52.072312", "level": "INFO", "message": "env env recv reset message", "file": "remote_env_server.py", "line": "282", "module": "env", "process": "remote_env_server", "function": "run_once", "stack": "", "pid": 94}
{"time": "2026-04-18 12:24:52.072924", "level": "INFO", "message": "env Select map in order: episode=307, map_id=8 from map_list=[1, 2, 3, 4, 5, 6, 7, 8, 9, 10]", "file": "data_handler.py", "line": "148", "module": "env", "process": "data_handler", "function": "handle_usr_conf", "stack": "", "pid": 94}
{"time": "2026-04-18 12:24:52.574174", "level": "INFO", "message": "env data_handler finish success", "file": "data_handler.py", "line": "189", "module": "env", "process": "data_handler", "function": "finish", "stack": "", "pid": 94}
{"time": "2026-04-18 12:24:52.574882", "level": "INFO", "message": "env env run once episode done, process_run_count is 247744", "file": "remote_env_server.py", "line": "298", "module": "env", "process": "remote_env_server", "function": "run_once", "stack": "", "pid": 94}
{"time": "2026-04-18 12:24:52.578716", "level": "INFO", "message": "env env recv reset message", "file": "remote_env_server.py", "line": "282", "module": "env", "process": "remote_env_server", "function": "run_once", "stack": "", "pid": 94}
{"time": "2026-04-18 12:24:52.579316", "level": "INFO", "message": "env Select map in order: episode=308, map_id=9 from map_list=[1, 2, 3, 4, 5, 6, 7, 8, 9, 10]", "file": "data_handler.py", "line": "148", "module": "env", "process": "data_handler", "function": "handle_usr_conf", "stack": "", "pid": 94}
{"time": "2026-04-18 12:24:58.559132", "level": "INFO", "message": "env data_handler finish success", "file": "data_handler.py", "line": "189", "module": "env", "process": "data_handler", "function": "finish", "stack": "", "pid": 94}
{"time": "2026-04-18 12:24:58.559747", "level": "INFO", "message": "env env run once episode done, process_run_count is 248745", "file": "remote_env_server.py", "line": "298", "module": "env", "process": "remote_env_server", "function": "run_once", "stack": "", "pid": 94}
{"time": "2026-04-18 12:24:58.591429", "level": "INFO", "message": "env env recv reset message", "file": "remote_env_server.py", "line": "282", "module": "env", "process": "remote_env_server", "function": "run_once", "stack": "", "pid": 94}
{"time": "2026-04-18 12:25:01.404603", "level": "INFO", "message": "env data_handler finish success", "file": "data_handler.py", "line": "189", "module": "env", "process": "data_handler", "function": "finish", "stack": "", "pid": 94}
{"time": "2026-04-18 12:25:01.405179", "level": "INFO", "message": "env env run once episode done, process_run_count is 249199", "file": "remote_env_server.py", "line": "298", "module": "env", "process": "remote_env_server", "function": "run_once", "stack": "", "pid": 94}
{"time": "2026-04-18 12:25:01.421380", "level": "INFO", "message": "env env recv reset message", "file": "remote_env_server.py", "line": "282", "module": "env", "process": "remote_env_server", "function": "run_once", "stack": "", "pid": 94}
{"time": "2026-04-18 12:25:01.422298", "level": "INFO", "message": "env Select map in order: episode=310, map_id=1 from map_list=[1, 2, 3, 4, 5, 6, 7, 8, 9, 10]", "file": "data_handler.py", "line": "148", "module": "env", "process": "data_handler", "function": "handle_usr_conf", "stack": "", "pid": 94}
{"time": "2026-04-18 12:25:07.478587", "level": "INFO", "message": "env data_handler finish success", "file": "data_handler.py", "line": "189", "module": "env", "process": "data_handler", "function": "finish", "stack": "", "pid": 94}
{"time": "2026-04-18 12:25:07.479073", "level": "INFO", "message": "env env run once episode done, process_run_count is 250200", "file": "remote_env_server.py", "line": "298", "module": "env", "process": "remote_env_server", "function": "run_once", "stack": "", "pid": 94}
{"time": "2026-04-18 12:25:07.514365", "level": "INFO", "message": "env env recv reset message", "file": "remote_env_server.py", "line": "282", "module": "env", "process": "remote_env_server", "function": "run_once", "stack": "", "pid": 94}
{"time": "2026-04-18 12:25:07.514952", "level": "INFO", "message": "env Select map in order: episode=311, map_id=2 from map_list=[1, 2, 3, 4, 5, 6, 7, 8, 9, 10]", "file": "data_handler.py", "line": "148", "module": "env", "process": "data_handler", "function": "handle_usr_conf", "stack": "", "pid": 94}
{"time": "2026-04-18 12:25:11.430304", "level": "INFO", "message": "env data_handler finish success", "file": "data_handler.py", "line": "189", "module": "env", "process": "data_handler", "function": "finish", "stack": "", "pid": 94}
{"time": "2026-04-18 12:25:11.430796", "level": "INFO", "message": "env env run once episode done, process_run_count is 250842", "file": "remote_env_server.py", "line": "298", "module": "env", "process": "remote_env_server", "function": "run_once", "stack": "", "pid": 94}
{"time": "2026-04-18 12:25:11.454110", "level": "INFO", "message": "env env recv reset message", "file": "remote_env_server.py", "line": "282", "module": "env", "process": "remote_env_server", "function": "run_once", "stack": "", "pid": 94}
{"time": "2026-04-18 12:25:11.454644", "level": "INFO", "message": "env Select map in order: episode=312, map_id=3 from map_list=[1, 2, 3, 4, 5, 6, 7, 8, 9, 10]", "file": "data_handler.py", "line": "148", "module": "env", "process": "data_handler", "function": "handle_usr_conf", "stack": "", "pid": 94}
{"time": "2026-04-18 12:25:17.469576", "level": "INFO", "message": "env data_handler finish success", "file": "data_handler.py", "line": "189", "module": "env", "process": "data_handler", "function": "finish", "stack": "", "pid": 94}
{"time": "2026-04-18 12:25:17.470216", "level": "INFO", "message": "env env run once episode done, process_run_count is 251843", "file": "remote_env_server.py", "line": "298", "module": "env", "process": "remote_env_server", "function": "run_once", "stack": "", "pid": 94}
{"time": "2026-04-18 12:25:17.504044", "level": "INFO", "message": "env env recv reset message", "file": "remote_env_server.py", "line": "282", "module": "env", "process": "remote_env_server", "function": "run_once", "stack": "", "pid": 94}
{"time": "2026-04-18 12:25:17.507874", "level": "INFO", "message": "env Select map in order: episode=313, map_id=4 from map_list=[1, 2, 3, 4, 5, 6, 7, 8, 9, 10]", "file": "data_handler.py", "line": "148", "module": "env", "process": "data_handler", "function": "handle_usr_conf", "stack": "", "pid": 94}
{"time": "2026-04-18 12:25:23.083184", "level": "INFO", "message": "env data_handler finish success", "file": "data_handler.py", "line": "189", "module": "env", "process": "data_handler", "function": "finish", "stack": "", "pid": 94}
{"time": "2026-04-18 12:25:23.084162", "level": "INFO", "message": "env env run once episode done, process_run_count is 252844", "file": "remote_env_server.py", "line": "298", "module": "env", "process": "remote_env_server", "function": "run_once", "stack": "", "pid": 94}
{"time": "2026-04-18 12:25:23.117181", "level": "INFO", "message": "env env recv reset message", "file": "remote_env_server.py", "line": "282", "module": "env", "process": "remote_env_server", "function": "run_once", "stack": "", "pid": 94}
{"time": "2026-04-18 12:25:23.118073", "level": "INFO", "message": "env Select map in order: episode=314, map_id=5 from map_list=[1, 2, 3, 4, 5, 6, 7, 8, 9, 10]", "file": "data_handler.py", "line": "148", "module": "env", "process": "data_handler", "function": "handle_usr_conf", "stack": "", "pid": 94}
{"time": "2026-04-18 12:25:28.084536", "level": "INFO", "message": "env data_handler finish success", "file": "data_handler.py", "line": "189", "module": "env", "process": "data_handler", "function": "finish", "stack": "", "pid": 94}
{"time": "2026-04-18 12:25:28.085137", "level": "INFO", "message": "env env run once episode done, process_run_count is 253670", "file": "remote_env_server.py", "line": "298", "module": "env", "process": "remote_env_server", "function": "run_once", "stack": "", "pid": 94}
{"time": "2026-04-18 12:25:28.113601", "level": "INFO", "message": "env env recv reset message", "file": "remote_env_server.py", "line": "282", "module": "env", "process": "remote_env_server", "function": "run_once", "stack": "", "pid": 94}
{"time": "2026-04-18 12:25:28.114313", "level": "INFO", "message": "env Select map in order: episode=315, map_id=6 from map_list=[1, 2, 3, 4, 5, 6, 7, 8, 9, 10]", "file": "data_handler.py", "line": "148", "module": "env", "process": "data_handler", "function": "handle_usr_conf", "stack": "", "pid": 94}
{"time": "2026-04-18 12:25:34.070784", "level": "INFO", "message": "env finish monitor_data is {'total_score': 780, 'clean_score': 780, 'total_map': 10, 'map_random': 0, 'map_code': 6, 'max_steps': 1000, 'finished_steps': 1000, 'total_charger': 4, 'charge_count': 9, 'remaining_charge': 112}", "file": "monitor_helper.py", "line": "95", "module": "env", "process": "monitor_helper", "function": "finish", "stack": "", "pid": 94}
{"time": "2026-04-18 12:25:34.071954", "level": "INFO", "message": "env data_handler finish success", "file": "data_handler.py", "line": "189", "module": "env", "process": "data_handler", "function": "finish", "stack": "", "pid": 94}
{"time": "2026-04-18 12:25:34.072636", "level": "INFO", "message": "env env run once episode done, process_run_count is 254671", "file": "remote_env_server.py", "line": "298", "module": "env", "process": "remote_env_server", "function": "run_once", "stack": "", "pid": 94}
{"time": "2026-04-18 12:25:34.109175", "level": "INFO", "message": "env env recv reset message", "file": "remote_env_server.py", "line": "282", "module": "env", "process": "remote_env_server", "function": "run_once", "stack": "", "pid": 94}
{"time": "2026-04-18 12:25:34.109684", "level": "INFO", "message": "env Select map in order: episode=316, map_id=7 from map_list=[1, 2, 3, 4, 5, 6, 7, 8, 9, 10]", "file": "data_handler.py", "line": "148", "module": "env", "process": "data_handler", "function": "handle_usr_conf", "stack": "", "pid": 94}
{"time": "2026-04-18 12:25:35.990768", "level": "INFO", "message": "env data_handler finish success", "file": "data_handler.py", "line": "189", "module": "env", "process": "data_handler", "function": "finish", "stack": "", "pid": 94}
{"time": "2026-04-18 12:25:35.991276", "level": "INFO", "message": "env env run once episode done, process_run_count is 255135", "file": "remote_env_server.py", "line": "298", "module": "env", "process": "remote_env_server", "function": "run_once", "stack": "", "pid": 94}
{"time": "2026-04-18 12:25:36.010714", "level": "INFO", "message": "env env recv reset message", "file": "remote_env_server.py", "line": "282", "module": "env", "process": "remote_env_server", "function": "run_once", "stack": "", "pid": 94}
{"time": "2026-04-18 12:25:36.011349", "level": "INFO", "message": "env Select map in order: episode=317, map_id=8 from map_list=[1, 2, 3, 4, 5, 6, 7, 8, 9, 10]", "file": "data_handler.py", "line": "148", "module": "env", "process": "data_handler", "function": "handle_usr_conf", "stack": "", "pid": 94}
{"time": "2026-04-18 12:25:39.623551", "level": "INFO", "message": "env data_handler finish success", "file": "data_handler.py", "line": "189", "module": "env", "process": "data_handler", "function": "finish", "stack": "", "pid": 94}
{"time": "2026-04-18 12:25:39.624045", "level": "INFO", "message": "env env run once episode done, process_run_count is 255737", "file": "remote_env_server.py", "line": "298", "module": "env", "process": "remote_env_server", "function": "run_once", "stack": "", "pid": 94}
{"time": "2026-04-18 12:25:39.646550", "level": "INFO", "message": "env env recv reset message", "file": "remote_env_server.py", "line": "282", "module": "env", "process": "remote_env_server", "function": "run_once", "stack": "", "pid": 94}
{"time": "2026-04-18 12:25:39.647125", "level": "INFO", "message": "env Select map in order: episode=318, map_id=9 from map_list=[1, 2, 3, 4, 5, 6, 7, 8, 9, 10]", "file": "data_handler.py", "line": "148", "module": "env", "process": "data_handler", "function": "handle_usr_conf", "stack": "", "pid": 94}
{"time": "2026-04-18 12:25:45.683239", "level": "INFO", "message": "env data_handler finish success", "file": "data_handler.py", "line": "189", "module": "env", "process": "data_handler", "function": "finish", "stack": "", "pid": 94}
{"time": "2026-04-18 12:25:45.683881", "level": "INFO", "message": "env env run once episode done, process_run_count is 256738", "file": "remote_env_server.py", "line": "298", "module": "env", "process": "remote_env_server", "function": "run_once", "stack": "", "pid": 94}
{"time": "2026-04-18 12:25:45.716574", "level": "INFO", "message": "env env recv reset message", "file": "remote_env_server.py", "line": "282", "module": "env", "process": "remote_env_server", "function": "run_once", "stack": "", "pid": 94}
{"time": "2026-04-18 12:25:45.717372", "level": "INFO", "message": "env Select map in order: episode=319, map_id=10 from map_list=[1, 2, 3, 4, 5, 6, 7, 8, 9, 10]", "file": "data_handler.py", "line": "148", "module": "env", "process": "data_handler", "function": "handle_usr_conf", "stack": "", "pid": 94}
{"time": "2026-04-18 12:25:47.074073", "level": "INFO", "message": "env data_handler finish success", "file": "data_handler.py", "line": "189", "module": "env", "process": "data_handler", "function": "finish", "stack": "", "pid": 94}
{"time": "2026-04-18 12:25:47.074563", "level": "INFO", "message": "env env run once episode done, process_run_count is 256939", "file": "remote_env_server.py", "line": "298", "module": "env", "process": "remote_env_server", "function": "run_once", "stack": "", "pid": 94}
{"time": "2026-04-18 12:25:47.085123", "level": "INFO", "message": "env env recv reset message", "file": "remote_env_server.py", "line": "282", "module": "env", "process": "remote_env_server", "function": "run_once", "stack": "", "pid": 94}
{"time": "2026-04-18 12:25:47.085775", "level": "INFO", "message": "env Select map in order: episode=320, map_id=1 from map_list=[1, 2, 3, 4, 5, 6, 7, 8, 9, 10]", "file": "data_handler.py", "line": "148", "module": "env", "process": "data_handler", "function": "handle_usr_conf", "stack": "", "pid": 94}
{"time": "2026-04-18 12:25:52.663513", "level": "INFO", "message": "env data_handler finish success", "file": "data_handler.py", "line": "189", "module": "env", "process": "data_handler", "function": "finish", "stack": "", "pid": 94}
{"time": "2026-04-18 12:25:52.663997", "level": "INFO", "message": "env env run once episode done, process_run_count is 257940", "file": "remote_env_server.py", "line": "298", "module": "env", "process": "remote_env_server", "function": "run_once", "stack": "", "pid": 94}
{"time": "2026-04-18 12:25:52.697314", "level": "INFO", "message": "env env recv reset message", "file": "remote_env_server.py", "line": "282", "module": "env", "process": "remote_env_server", "function": "run_once", "stack": "", "pid": 94}
{"time": "2026-04-18 12:25:52.698131", "level": "INFO", "message": "env Select map in order: episode=321, map_id=2 from map_list=[1, 2, 3, 4, 5, 6, 7, 8, 9, 10]", "file": "data_handler.py", "line": "148", "module": "env", "process": "data_handler", "function": "handle_usr_conf", "stack": "", "pid": 94}
{"time": "2026-04-18 12:25:56.148194", "level": "INFO", "message": "env data_handler finish success", "file": "data_handler.py", "line": "189", "module": "env", "process": "data_handler", "function": "finish", "stack": "", "pid": 94}
{"time": "2026-04-18 12:25:56.148636", "level": "INFO", "message": "env env run once episode done, process_run_count is 258507", "file": "remote_env_server.py", "line": "298", "module": "env", "process": "remote_env_server", "function": "run_once", "stack": "", "pid": 94}
{"time": "2026-04-18 12:25:56.169393", "level": "INFO", "message": "env env recv reset message", "file": "remote_env_server.py", "line": "282", "module": "env", "process": "remote_env_server", "function": "run_once", "stack": "", "pid": 94}
{"time": "2026-04-18 12:25:56.170003", "level": "INFO", "message": "env Select map in order: episode=322, map_id=3 from map_list=[1, 2, 3, 4, 5, 6, 7, 8, 9, 10]", "file": "data_handler.py", "line": "148", "module": "env", "process": "data_handler", "function": "handle_usr_conf", "stack": "", "pid": 94}
{"time": "2026-04-18 12:26:02.199464", "level": "INFO", "message": "env data_handler finish success", "file": "data_handler.py", "line": "189", "module": "env", "process": "data_handler", "function": "finish", "stack": "", "pid": 94}
{"time": "2026-04-18 12:26:02.200093", "level": "INFO", "message": "env env run once episode done, process_run_count is 259508", "file": "remote_env_server.py", "line": "298", "module": "env", "process": "remote_env_server", "function": "run_once", "stack": "", "pid": 94}
{"time": "2026-04-18 12:26:02.232119", "level": "INFO", "message": "env env recv reset message", "file": "remote_env_server.py", "line": "282", "module": "env", "process": "remote_env_server", "function": "run_once", "stack": "", "pid": 94}
{"time": "2026-04-18 12:26:02.232795", "level": "INFO", "message": "env Select map in order: episode=323, map_id=4 from map_list=[1, 2, 3, 4, 5, 6, 7, 8, 9, 10]", "file": "data_handler.py", "line": "148", "module": "env", "process": "data_handler", "function": "handle_usr_conf", "stack": "", "pid": 94}
{"time": "2026-04-18 12:26:06.113967", "level": "INFO", "message": "env data_handler finish success", "file": "data_handler.py", "line": "189", "module": "env", "process": "data_handler", "function": "finish", "stack": "", "pid": 94}
{"time": "2026-04-18 12:26:06.114472", "level": "INFO", "message": "env env run once episode done, process_run_count is 260131", "file": "remote_env_server.py", "line": "298", "module": "env", "process": "remote_env_server", "function": "run_once", "stack": "", "pid": 94}
{"time": "2026-04-18 12:26:06.137044", "level": "INFO", "message": "env env recv reset message", "file": "remote_env_server.py", "line": "282", "module": "env", "process": "remote_env_server", "function": "run_once", "stack": "", "pid": 94}
{"time": "2026-04-18 12:26:06.137585", "level": "INFO", "message": "env Select map in order: episode=324, map_id=5 from map_list=[1, 2, 3, 4, 5, 6, 7, 8, 9, 10]", "file": "data_handler.py", "line": "148", "module": "env", "process": "data_handler", "function": "handle_usr_conf", "stack": "", "pid": 94}
{"time": "2026-04-18 12:26:12.179402", "level": "INFO", "message": "env data_handler finish success", "file": "data_handler.py", "line": "189", "module": "env", "process": "data_handler", "function": "finish", "stack": "", "pid": 94}
{"time": "2026-04-18 12:26:12.179963", "level": "INFO", "message": "env env run once episode done, process_run_count is 261132", "file": "remote_env_server.py", "line": "298", "module": "env", "process": "remote_env_server", "function": "run_once", "stack": "", "pid": 94}
{"time": "2026-04-18 12:26:12.211295", "level": "INFO", "message": "env env recv reset message", "file": "remote_env_server.py", "line": "282", "module": "env", "process": "remote_env_server", "function": "run_once", "stack": "", "pid": 94}
{"time": "2026-04-18 12:26:12.212153", "level": "INFO", "message": "env Select map in order: episode=325, map_id=6 from map_list=[1, 2, 3, 4, 5, 6, 7, 8, 9, 10]", "file": "data_handler.py", "line": "148", "module": "env", "process": "data_handler", "function": "handle_usr_conf", "stack": "", "pid": 94}
{"time": "2026-04-18 12:26:17.730606", "level": "INFO", "message": "env data_handler finish success", "file": "data_handler.py", "line": "189", "module": "env", "process": "data_handler", "function": "finish", "stack": "", "pid": 94}
{"time": "2026-04-18 12:26:17.731086", "level": "INFO", "message": "env env run once episode done, process_run_count is 262133", "file": "remote_env_server.py", "line": "298", "module": "env", "process": "remote_env_server", "function": "run_once", "stack": "", "pid": 94}
{"time": "2026-04-18 12:26:17.763851", "level": "INFO", "message": "env env recv reset message", "file": "remote_env_server.py", "line": "282", "module": "env", "process": "remote_env_server", "function": "run_once", "stack": "", "pid": 94}
{"time": "2026-04-18 12:26:17.764375", "level": "INFO", "message": "env Select map in order: episode=326, map_id=7 from map_list=[1, 2, 3, 4, 5, 6, 7, 8, 9, 10]", "file": "data_handler.py", "line": "148", "module": "env", "process": "data_handler", "function": "handle_usr_conf", "stack": "", "pid": 94}
{"time": "2026-04-18 12:26:23.651936", "level": "INFO", "message": "env data_handler finish success", "file": "data_handler.py", "line": "189", "module": "env", "process": "data_handler", "function": "finish", "stack": "", "pid": 94}
{"time": "2026-04-18 12:26:23.652455", "level": "INFO", "message": "env env run once episode done, process_run_count is 263134", "file": "remote_env_server.py", "line": "298", "module": "env", "process": "remote_env_server", "function": "run_once", "stack": "", "pid": 94}
{"time": "2026-04-18 12:26:23.684797", "level": "INFO", "message": "env env recv reset message", "file": "remote_env_server.py", "line": "282", "module": "env", "process": "remote_env_server", "function": "run_once", "stack": "", "pid": 94}
{"time": "2026-04-18 12:26:23.685436", "level": "INFO", "message": "env Select map in order: episode=327, map_id=8 from map_list=[1, 2, 3, 4, 5, 6, 7, 8, 9, 10]", "file": "data_handler.py", "line": "148", "module": "env", "process": "data_handler", "function": "handle_usr_conf", "stack": "", "pid": 94}
{"time": "2026-04-18 12:26:29.301099", "level": "INFO", "message": "env data_handler finish success", "file": "data_handler.py", "line": "189", "module": "env", "process": "data_handler", "function": "finish", "stack": "", "pid": 94}
{"time": "2026-04-18 12:26:29.302323", "level": "INFO", "message": "env env run once episode done, process_run_count is 264135", "file": "remote_env_server.py", "line": "298", "module": "env", "process": "remote_env_server", "function": "run_once", "stack": "", "pid": 94}
{"time": "2026-04-18 12:26:29.332134", "level": "INFO", "message": "env env recv reset message", "file": "remote_env_server.py", "line": "282", "module": "env", "process": "remote_env_server", "function": "run_once", "stack": "", "pid": 94}
{"time": "2026-04-18 12:26:29.332684", "level": "INFO", "message": "env Select map in order: episode=328, map_id=9 from map_list=[1, 2, 3, 4, 5, 6, 7, 8, 9, 10]", "file": "data_handler.py", "line": "148", "module": "env", "process": "data_handler", "function": "handle_usr_conf", "stack": "", "pid": 94}
{"time": "2026-04-18 12:26:34.006133", "level": "INFO", "message": "env data_handler finish success", "file": "data_handler.py", "line": "189", "module": "env", "process": "data_handler", "function": "finish", "stack": "", "pid": 94}
{"time": "2026-04-18 12:26:34.006893", "level": "INFO", "message": "env env run once episode done, process_run_count is 265136", "file": "remote_env_server.py", "line": "298", "module": "env", "process": "remote_env_server", "function": "run_once", "stack": "", "pid": 94}
{"time": "2026-04-18 12:26:34.037611", "level": "INFO", "message": "env env recv reset message", "file": "remote_env_server.py", "line": "282", "module": "env", "process": "remote_env_server", "function": "run_once", "stack": "", "pid": 94}
{"time": "2026-04-18 12:26:34.038575", "level": "INFO", "message": "env Select map in order: episode=329, map_id=10 from map_list=[1, 2, 3, 4, 5, 6, 7, 8, 9, 10]", "file": "data_handler.py", "line": "148", "module": "env", "process": "data_handler", "function": "handle_usr_conf", "stack": "", "pid": 94}
{"time": "2026-04-18 12:26:40.181429", "level": "INFO", "message": "env finish monitor_data is {'total_score': 885, 'clean_score': 885, 'total_map': 10, 'map_random': 0, 'map_code': 10, 'max_steps': 1000, 'finished_steps': 1000, 'total_charger': 4, 'charge_count': 10, 'remaining_charge': 188}", "file": "monitor_helper.py", "line": "95", "module": "env", "process": "monitor_helper", "function": "finish", "stack": "", "pid": 94}
{"time": "2026-04-18 12:26:40.182056", "level": "INFO", "message": "env data_handler finish success", "file": "data_handler.py", "line": "189", "module": "env", "process": "data_handler", "function": "finish", "stack": "", "pid": 94}
{"time": "2026-04-18 12:26:40.182572", "level": "INFO", "message": "env env run once episode done, process_run_count is 266137", "file": "remote_env_server.py", "line": "298", "module": "env", "process": "remote_env_server", "function": "run_once", "stack": "", "pid": 94}
{"time": "2026-04-18 12:26:40.221600", "level": "INFO", "message": "env env recv reset message", "file": "remote_env_server.py", "line": "282", "module": "env", "process": "remote_env_server", "function": "run_once", "stack": "", "pid": 94}
{"time": "2026-04-18 12:26:40.222206", "level": "INFO", "message": "env Select map in order: episode=330, map_id=1 from map_list=[1, 2, 3, 4, 5, 6, 7, 8, 9, 10]", "file": "data_handler.py", "line": "148", "module": "env", "process": "data_handler", "function": "handle_usr_conf", "stack": "", "pid": 94}
{"time": "2026-04-18 12:26:46.413451", "level": "INFO", "message": "env data_handler finish success", "file": "data_handler.py", "line": "189", "module": "env", "process": "data_handler", "function": "finish", "stack": "", "pid": 94}
{"time": "2026-04-18 12:26:46.413935", "level": "INFO", "message": "env env run once episode done, process_run_count is 267138", "file": "remote_env_server.py", "line": "298", "module": "env", "process": "remote_env_server", "function": "run_once", "stack": "", "pid": 94}
{"time": "2026-04-18 12:26:46.446880", "level": "INFO", "message": "env env recv reset message", "file": "remote_env_server.py", "line": "282", "module": "env", "process": "remote_env_server", "function": "run_once", "stack": "", "pid": 94}
{"time": "2026-04-18 12:26:46.447411", "level": "INFO", "message": "env Select map in order: episode=331, map_id=2 from map_list=[1, 2, 3, 4, 5, 6, 7, 8, 9, 10]", "file": "data_handler.py", "line": "148", "module": "env", "process": "data_handler", "function": "handle_usr_conf", "stack": "", "pid": 94}
{"time": "2026-04-18 12:26:50.969984", "level": "INFO", "message": "env data_handler finish success", "file": "data_handler.py", "line": "189", "module": "env", "process": "data_handler", "function": "finish", "stack": "", "pid": 94}
{"time": "2026-04-18 12:26:50.970482", "level": "INFO", "message": "env env run once episode done, process_run_count is 268004", "file": "remote_env_server.py", "line": "298", "module": "env", "process": "remote_env_server", "function": "run_once", "stack": "", "pid": 94}
{"time": "2026-04-18 12:26:51.000856", "level": "INFO", "message": "env env recv reset message", "file": "remote_env_server.py", "line": "282", "module": "env", "process": "remote_env_server", "function": "run_once", "stack": "", "pid": 94}
{"time": "2026-04-18 12:26:51.002424", "level": "INFO", "message": "env Select map in order: episode=332, map_id=3 from map_list=[1, 2, 3, 4, 5, 6, 7, 8, 9, 10]", "file": "data_handler.py", "line": "148", "module": "env", "process": "data_handler", "function": "handle_usr_conf", "stack": "", "pid": 94}
{"time": "2026-04-18 12:26:56.863199", "level": "INFO", "message": "env data_handler finish success", "file": "data_handler.py", "line": "189", "module": "env", "process": "data_handler", "function": "finish", "stack": "", "pid": 94}
{"time": "2026-04-18 12:26:56.863760", "level": "INFO", "message": "env env run once episode done, process_run_count is 269005", "file": "remote_env_server.py", "line": "298", "module": "env", "process": "remote_env_server", "function": "run_once", "stack": "", "pid": 94}
{"time": "2026-04-18 12:26:56.898592", "level": "INFO", "message": "env env recv reset message", "file": "remote_env_server.py", "line": "282", "module": "env", "process": "remote_env_server", "function": "run_once", "stack": "", "pid": 94}
{"time": "2026-04-18 12:26:56.899440", "level": "INFO", "message": "env Select map in order: episode=333, map_id=4 from map_list=[1, 2, 3, 4, 5, 6, 7, 8, 9, 10]", "file": "data_handler.py", "line": "148", "module": "env", "process": "data_handler", "function": "handle_usr_conf", "stack": "", "pid": 94}
{"time": "2026-04-18 12:27:03.226868", "level": "INFO", "message": "env data_handler finish success", "file": "data_handler.py", "line": "189", "module": "env", "process": "data_handler", "function": "finish", "stack": "", "pid": 94}
{"time": "2026-04-18 12:27:03.227344", "level": "INFO", "message": "env env run once episode done, process_run_count is 270006", "file": "remote_env_server.py", "line": "298", "module": "env", "process": "remote_env_server", "function": "run_once", "stack": "", "pid": 94}
{"time": "2026-04-18 12:27:03.262736", "level": "INFO", "message": "env env recv reset message", "file": "remote_env_server.py", "line": "282", "module": "env", "process": "remote_env_server", "function": "run_once", "stack": "", "pid": 94}
{"time": "2026-04-18 12:27:03.263401", "level": "INFO", "message": "env Select map in order: episode=334, map_id=5 from map_list=[1, 2, 3, 4, 5, 6, 7, 8, 9, 10]", "file": "data_handler.py", "line": "148", "module": "env", "process": "data_handler", "function": "handle_usr_conf", "stack": "", "pid": 94}
{"time": "2026-04-18 12:27:09.564046", "level": "INFO", "message": "env data_handler finish success", "file": "data_handler.py", "line": "189", "module": "env", "process": "data_handler", "function": "finish", "stack": "", "pid": 94}
{"time": "2026-04-18 12:27:09.564723", "level": "INFO", "message": "env env run once episode done, process_run_count is 271007", "file": "remote_env_server.py", "line": "298", "module": "env", "process": "remote_env_server", "function": "run_once", "stack": "", "pid": 94}
{"time": "2026-04-18 12:27:09.598267", "level": "INFO", "message": "env env recv reset message", "file": "remote_env_server.py", "line": "282", "module": "env", "process": "remote_env_server", "function": "run_once", "stack": "", "pid": 94}
{"time": "2026-04-18 12:27:09.598796", "level": "INFO", "message": "env Select map in order: episode=335, map_id=6 from map_list=[1, 2, 3, 4, 5, 6, 7, 8, 9, 10]", "file": "data_handler.py", "line": "148", "module": "env", "process": "data_handler", "function": "handle_usr_conf", "stack": "", "pid": 94}
{"time": "2026-04-18 12:27:11.007038", "level": "INFO", "message": "env data_handler finish success", "file": "data_handler.py", "line": "189", "module": "env", "process": "data_handler", "function": "finish", "stack": "", "pid": 94}
{"time": "2026-04-18 12:27:11.007572", "level": "INFO", "message": "env env run once episode done, process_run_count is 271208", "file": "remote_env_server.py", "line": "298", "module": "env", "process": "remote_env_server", "function": "run_once", "stack": "", "pid": 94}
{"time": "2026-04-18 12:27:11.016039", "level": "INFO", "message": "env env recv reset message", "file": "remote_env_server.py", "line": "282", "module": "env", "process": "remote_env_server", "function": "run_once", "stack": "", "pid": 94}
{"time": "2026-04-18 12:27:11.016634", "level": "INFO", "message": "env Select map in order: episode=336, map_id=7 from map_list=[1, 2, 3, 4, 5, 6, 7, 8, 9, 10]", "file": "data_handler.py", "line": "148", "module": "env", "process": "data_handler", "function": "handle_usr_conf", "stack": "", "pid": 94}
{"time": "2026-04-18 12:27:16.632709", "level": "INFO", "message": "env data_handler finish success", "file": "data_handler.py", "line": "189", "module": "env", "process": "data_handler", "function": "finish", "stack": "", "pid": 94}
{"time": "2026-04-18 12:27:16.634171", "level": "INFO", "message": "env env run once episode done, process_run_count is 272209", "file": "remote_env_server.py", "line": "298", "module": "env", "process": "remote_env_server", "function": "run_once", "stack": "", "pid": 94}
{"time": "2026-04-18 12:27:16.680939", "level": "INFO", "message": "env env recv reset message", "file": "remote_env_server.py", "line": "282", "module": "env", "process": "remote_env_server", "function": "run_once", "stack": "", "pid": 94}
{"time": "2026-04-18 12:27:16.681706", "level": "INFO", "message": "env Select map in order: episode=337, map_id=8 from map_list=[1, 2, 3, 4, 5, 6, 7, 8, 9, 10]", "file": "data_handler.py", "line": "148", "module": "env", "process": "data_handler", "function": "handle_usr_conf", "stack": "", "pid": 94}
