{"time": "2026-04-18 11:53:18.928828", "level": "INFO", "message": "env env using shared MonitorProxy (PID: 103) not_server", "file": "worker.py", "line": "178", "module": "env", "process": "worker", "function": "worker_start_up", "stack": "", "pid": 97}
{"time": "2026-04-18 11:53:18.930326", "level": "INFO", "message": "env timeit enabled: False", "file": "env_core.py", "line": "132", "module": "env", "process": "env_core", "function": "init_data_handler", "stack": "", "pid": 97}
{"time": "2026-04-18 11:53:19.023306", "level": "INFO", "message": "env KaiwuDataHandler init success, KaiwuDataHandler class is environments.robot_vacuum.data_handler.KaiwuDataHandler", "file": "env_core.py", "line": "139", "module": "env", "process": "env_core", "function": "init_data_handler", "stack": "", "pid": 97}
{"time": "2026-04-18 11:53:19.023848", "level": "INFO", "message": "env timeit enabled: False", "file": "env_core.py", "line": "46", "module": "env", "process": "env_core", "function": "init_env_adapter", "stack": "", "pid": 97}
{"time": "2026-04-18 11:53:19.034844", "level": "INFO", "message": "env EnvAdapter init success, EnvAdapter class is environments.robot_vacuum.env_adapter.EnvAdapter", "file": "env_core.py", "line": "53", "module": "env", "process": "env_core", "function": "init_env_adapter", "stack": "", "pid": 97}
{"time": "2026-04-18 11:53:19.036194", "level": "INFO", "message": "env env_wrapper, zmq_server aisrv <--> env or entity <--> env, start at 172.19.0.6:5566 success", "file": "inter_process_communication.py", "line": "68", "module": "env", "process": "inter_process_communication", "function": "create_server", "stack": "", "pid": 97}
{"time": "2026-04-18 11:53:46.194566", "level": "INFO", "message": "env env recv reset message", "file": "remote_env_server.py", "line": "282", "module": "env", "process": "remote_env_server", "function": "run_once", "stack": "", "pid": 97}
{"time": "2026-04-18 11:53:46.195410", "level": "INFO", "message": "env Select map in order: episode=0, map_id=1 from map_list=[1, 2, 3, 4, 5, 6, 7, 8, 9, 10]", "file": "data_handler.py", "line": "148", "module": "env", "process": "data_handler", "function": "handle_usr_conf", "stack": "", "pid": 97}
{"time": "2026-04-18 11:53:54.494506", "level": "INFO", "message": "env finish monitor_data is {'total_score': 916, 'clean_score': 916, 'total_map': 10, 'map_random': 0, 'map_code': 1, 'max_steps': 1000, 'finished_steps': 1000, 'total_charger': 4, 'charge_count': 9, 'remaining_charge': 96}", "file": "monitor_helper.py", "line": "95", "module": "env", "process": "monitor_helper", "function": "finish", "stack": "", "pid": 97}
{"time": "2026-04-18 11:53:54.498006", "level": "INFO", "message": "env data_handler finish success", "file": "data_handler.py", "line": "189", "module": "env", "process": "data_handler", "function": "finish", "stack": "", "pid": 97}
{"time": "2026-04-18 11:53:54.498776", "level": "INFO", "message": "env env run once episode done, process_run_count is 1001", "file": "remote_env_server.py", "line": "298", "module": "env", "process": "remote_env_server", "function": "run_once", "stack": "", "pid": 97}
{"time": "2026-04-18 11:53:54.557766", "level": "INFO", "message": "env env recv reset message", "file": "remote_env_server.py", "line": "282", "module": "env", "process": "remote_env_server", "function": "run_once", "stack": "", "pid": 97}
{"time": "2026-04-18 11:53:54.558593", "level": "INFO", "message": "env Select map in order: episode=1, map_id=2 from map_list=[1, 2, 3, 4, 5, 6, 7, 8, 9, 10]", "file": "data_handler.py", "line": "148", "module": "env", "process": "data_handler", "function": "handle_usr_conf", "stack": "", "pid": 97}
{"time": "2026-04-18 11:53:56.947774", "level": "INFO", "message": "env data_handler finish success", "file": "data_handler.py", "line": "189", "module": "env", "process": "data_handler", "function": "finish", "stack": "", "pid": 97}
{"time": "2026-04-18 11:53:56.948464", "level": "INFO", "message": "env env run once episode done, process_run_count is 1202", "file": "remote_env_server.py", "line": "298", "module": "env", "process": "remote_env_server", "function": "run_once", "stack": "", "pid": 97}
{"time": "2026-04-18 11:53:56.973290", "level": "INFO", "message": "env env recv reset message", "file": "remote_env_server.py", "line": "282", "module": "env", "process": "remote_env_server", "function": "run_once", "stack": "", "pid": 97}
{"time": "2026-04-18 11:53:56.974208", "level": "INFO", "message": "env Select map in order: episode=2, map_id=3 from map_list=[1, 2, 3, 4, 5, 6, 7, 8, 9, 10]", "file": "data_handler.py", "line": "148", "module": "env", "process": "data_handler", "function": "handle_usr_conf", "stack": "", "pid": 97}
{"time": "2026-04-18 11:54:01.713406", "level": "INFO", "message": "env data_handler finish success", "file": "data_handler.py", "line": "189", "module": "env", "process": "data_handler", "function": "finish", "stack": "", "pid": 97}
{"time": "2026-04-18 11:54:01.714158", "level": "INFO", "message": "env env run once episode done, process_run_count is 1572", "file": "remote_env_server.py", "line": "298", "module": "env", "process": "remote_env_server", "function": "run_once", "stack": "", "pid": 97}
{"time": "2026-04-18 11:54:01.737108", "level": "INFO", "message": "env env recv reset message", "file": "remote_env_server.py", "line": "282", "module": "env", "process": "remote_env_server", "function": "run_once", "stack": "", "pid": 97}
{"time": "2026-04-18 11:54:01.738370", "level": "INFO", "message": "env Select map in order: episode=3, map_id=4 from map_list=[1, 2, 3, 4, 5, 6, 7, 8, 9, 10]", "file": "data_handler.py", "line": "148", "module": "env", "process": "data_handler", "function": "handle_usr_conf", "stack": "", "pid": 97}
{"time": "2026-04-18 11:54:12.865185", "level": "INFO", "message": "env data_handler finish success", "file": "data_handler.py", "line": "189", "module": "env", "process": "data_handler", "function": "finish", "stack": "", "pid": 97}
{"time": "2026-04-18 11:54:12.866251", "level": "INFO", "message": "env env run once episode done, process_run_count is 2419", "file": "remote_env_server.py", "line": "298", "module": "env", "process": "remote_env_server", "function": "run_once", "stack": "", "pid": 97}
{"time": "2026-04-18 11:54:12.928351", "level": "INFO", "message": "env env recv reset message", "file": "remote_env_server.py", "line": "282", "module": "env", "process": "remote_env_server", "function": "run_once", "stack": "", "pid": 97}
{"time": "2026-04-18 11:54:12.929547", "level": "INFO", "message": "env Select map in order: episode=4, map_id=5 from map_list=[1, 2, 3, 4, 5, 6, 7, 8, 9, 10]", "file": "data_handler.py", "line": "148", "module": "env", "process": "data_handler", "function": "handle_usr_conf", "stack": "", "pid": 97}
{"time": "2026-04-18 11:54:22.872322", "level": "INFO", "message": "env data_handler finish success", "file": "data_handler.py", "line": "189", "module": "env", "process": "data_handler", "function": "finish", "stack": "", "pid": 97}
{"time": "2026-04-18 11:54:22.873121", "level": "INFO", "message": "env env run once episode done, process_run_count is 3420", "file": "remote_env_server.py", "line": "298", "module": "env", "process": "remote_env_server", "function": "run_once", "stack": "", "pid": 97}
{"time": "2026-04-18 11:54:22.914354", "level": "INFO", "message": "env env recv reset message", "file": "remote_env_server.py", "line": "282", "module": "env", "process": "remote_env_server", "function": "run_once", "stack": "", "pid": 97}
{"time": "2026-04-18 11:54:22.915148", "level": "INFO", "message": "env Select map in order: episode=5, map_id=6 from map_list=[1, 2, 3, 4, 5, 6, 7, 8, 9, 10]", "file": "data_handler.py", "line": "148", "module": "env", "process": "data_handler", "function": "handle_usr_conf", "stack": "", "pid": 97}
{"time": "2026-04-18 11:54:32.260214", "level": "INFO", "message": "env data_handler finish success", "file": "data_handler.py", "line": "189", "module": "env", "process": "data_handler", "function": "finish", "stack": "", "pid": 97}
{"time": "2026-04-18 11:54:32.261041", "level": "INFO", "message": "env env run once episode done, process_run_count is 4421", "file": "remote_env_server.py", "line": "298", "module": "env", "process": "remote_env_server", "function": "run_once", "stack": "", "pid": 97}
{"time": "2026-04-18 11:54:32.303243", "level": "INFO", "message": "env env recv reset message", "file": "remote_env_server.py", "line": "282", "module": "env", "process": "remote_env_server", "function": "run_once", "stack": "", "pid": 97}
{"time": "2026-04-18 11:54:32.304168", "level": "INFO", "message": "env Select map in order: episode=6, map_id=7 from map_list=[1, 2, 3, 4, 5, 6, 7, 8, 9, 10]", "file": "data_handler.py", "line": "148", "module": "env", "process": "data_handler", "function": "handle_usr_conf", "stack": "", "pid": 97}
{"time": "2026-04-18 11:54:39.985868", "level": "INFO", "message": "env data_handler finish success", "file": "data_handler.py", "line": "189", "module": "env", "process": "data_handler", "function": "finish", "stack": "", "pid": 97}
{"time": "2026-04-18 11:54:39.986495", "level": "INFO", "message": "env env run once episode done, process_run_count is 5232", "file": "remote_env_server.py", "line": "298", "module": "env", "process": "remote_env_server", "function": "run_once", "stack": "", "pid": 97}
{"time": "2026-04-18 11:54:40.017566", "level": "INFO", "message": "env env recv reset message", "file": "remote_env_server.py", "line": "282", "module": "env", "process": "remote_env_server", "function": "run_once", "stack": "", "pid": 97}
{"time": "2026-04-18 11:54:40.018394", "level": "INFO", "message": "env Select map in order: episode=7, map_id=8 from map_list=[1, 2, 3, 4, 5, 6, 7, 8, 9, 10]", "file": "data_handler.py", "line": "148", "module": "env", "process": "data_handler", "function": "handle_usr_conf", "stack": "", "pid": 97}
{"time": "2026-04-18 11:54:49.293317", "level": "INFO", "message": "env data_handler finish success", "file": "data_handler.py", "line": "189", "module": "env", "process": "data_handler", "function": "finish", "stack": "", "pid": 97}
{"time": "2026-04-18 11:54:49.293911", "level": "INFO", "message": "env env run once episode done, process_run_count is 6233", "file": "remote_env_server.py", "line": "298", "module": "env", "process": "remote_env_server", "function": "run_once", "stack": "", "pid": 97}
{"time": "2026-04-18 11:54:49.355601", "level": "INFO", "message": "env env recv reset message", "file": "remote_env_server.py", "line": "282", "module": "env", "process": "remote_env_server", "function": "run_once", "stack": "", "pid": 97}
{"time": "2026-04-18 11:54:49.356541", "level": "INFO", "message": "env Select map in order: episode=8, map_id=9 from map_list=[1, 2, 3, 4, 5, 6, 7, 8, 9, 10]", "file": "data_handler.py", "line": "148", "module": "env", "process": "data_handler", "function": "handle_usr_conf", "stack": "", "pid": 97}
{"time": "2026-04-18 11:54:57.687475", "level": "INFO", "message": "env finish monitor_data is {'total_score': 902, 'clean_score': 902, 'total_map': 10, 'map_random': 0, 'map_code': 9, 'max_steps': 1000, 'finished_steps': 1000, 'total_charger': 4, 'charge_count': 11, 'remaining_charge': 154}", "file": "monitor_helper.py", "line": "95", "module": "env", "process": "monitor_helper", "function": "finish", "stack": "", "pid": 97}
{"time": "2026-04-18 11:54:57.688245", "level": "INFO", "message": "env data_handler finish success", "file": "data_handler.py", "line": "189", "module": "env", "process": "data_handler", "function": "finish", "stack": "", "pid": 97}
{"time": "2026-04-18 11:54:57.689051", "level": "INFO", "message": "env env run once episode done, process_run_count is 7234", "file": "remote_env_server.py", "line": "298", "module": "env", "process": "remote_env_server", "function": "run_once", "stack": "", "pid": 97}
{"time": "2026-04-18 11:54:57.739599", "level": "INFO", "message": "env env recv reset message", "file": "remote_env_server.py", "line": "282", "module": "env", "process": "remote_env_server", "function": "run_once", "stack": "", "pid": 97}
{"time": "2026-04-18 11:54:57.740443", "level": "INFO", "message": "env Select map in order: episode=9, map_id=10 from map_list=[1, 2, 3, 4, 5, 6, 7, 8, 9, 10]", "file": "data_handler.py", "line": "148", "module": "env", "process": "data_handler", "function": "handle_usr_conf", "stack": "", "pid": 97}
{"time": "2026-04-18 11:55:02.672249", "level": "INFO", "message": "env data_handler finish success", "file": "data_handler.py", "line": "189", "module": "env", "process": "data_handler", "function": "finish", "stack": "", "pid": 97}
{"time": "2026-04-18 11:55:02.672816", "level": "INFO", "message": "env env run once episode done, process_run_count is 7769", "file": "remote_env_server.py", "line": "298", "module": "env", "process": "remote_env_server", "function": "run_once", "stack": "", "pid": 97}
{"time": "2026-04-18 11:55:02.699152", "level": "INFO", "message": "env env recv reset message", "file": "remote_env_server.py", "line": "282", "module": "env", "process": "remote_env_server", "function": "run_once", "stack": "", "pid": 97}
{"time": "2026-04-18 11:55:02.704285", "level": "INFO", "message": "env Select map in order: episode=10, map_id=1 from map_list=[1, 2, 3, 4, 5, 6, 7, 8, 9, 10]", "file": "data_handler.py", "line": "148", "module": "env", "process": "data_handler", "function": "handle_usr_conf", "stack": "", "pid": 97}
{"time": "2026-04-18 11:55:08.173220", "level": "INFO", "message": "env data_handler finish success", "file": "data_handler.py", "line": "189", "module": "env", "process": "data_handler", "function": "finish", "stack": "", "pid": 97}
{"time": "2026-04-18 11:55:08.173944", "level": "INFO", "message": "env env run once episode done, process_run_count is 8340", "file": "remote_env_server.py", "line": "298", "module": "env", "process": "remote_env_server", "function": "run_once", "stack": "", "pid": 97}
{"time": "2026-04-18 11:55:08.195873", "level": "INFO", "message": "env env recv reset message", "file": "remote_env_server.py", "line": "282", "module": "env", "process": "remote_env_server", "function": "run_once", "stack": "", "pid": 97}
{"time": "2026-04-18 11:55:08.196927", "level": "INFO", "message": "env Select map in order: episode=11, map_id=2 from map_list=[1, 2, 3, 4, 5, 6, 7, 8, 9, 10]", "file": "data_handler.py", "line": "148", "module": "env", "process": "data_handler", "function": "handle_usr_conf", "stack": "", "pid": 97}
{"time": "2026-04-18 11:55:17.294163", "level": "INFO", "message": "env data_handler finish success", "file": "data_handler.py", "line": "189", "module": "env", "process": "data_handler", "function": "finish", "stack": "", "pid": 97}
{"time": "2026-04-18 11:55:17.294843", "level": "INFO", "message": "env env run once episode done, process_run_count is 9341", "file": "remote_env_server.py", "line": "298", "module": "env", "process": "remote_env_server", "function": "run_once", "stack": "", "pid": 97}
{"time": "2026-04-18 11:55:17.329869", "level": "INFO", "message": "env env recv reset message", "file": "remote_env_server.py", "line": "282", "module": "env", "process": "remote_env_server", "function": "run_once", "stack": "", "pid": 97}
{"time": "2026-04-18 11:55:17.336313", "level": "INFO", "message": "env Select map in order: episode=12, map_id=3 from map_list=[1, 2, 3, 4, 5, 6, 7, 8, 9, 10]", "file": "data_handler.py", "line": "148", "module": "env", "process": "data_handler", "function": "handle_usr_conf", "stack": "", "pid": 97}
{"time": "2026-04-18 11:55:24.650682", "level": "INFO", "message": "env data_handler finish success", "file": "data_handler.py", "line": "189", "module": "env", "process": "data_handler", "function": "finish", "stack": "", "pid": 97}
{"time": "2026-04-18 11:55:24.652403", "level": "INFO", "message": "env env run once episode done, process_run_count is 10254", "file": "remote_env_server.py", "line": "298", "module": "env", "process": "remote_env_server", "function": "run_once", "stack": "", "pid": 97}
{"time": "2026-04-18 11:55:24.690804", "level": "INFO", "message": "env env recv reset message", "file": "remote_env_server.py", "line": "282", "module": "env", "process": "remote_env_server", "function": "run_once", "stack": "", "pid": 97}
{"time": "2026-04-18 11:55:24.691562", "level": "INFO", "message": "env Select map in order: episode=13, map_id=4 from map_list=[1, 2, 3, 4, 5, 6, 7, 8, 9, 10]", "file": "data_handler.py", "line": "148", "module": "env", "process": "data_handler", "function": "handle_usr_conf", "stack": "", "pid": 97}
{"time": "2026-04-18 11:55:26.890415", "level": "INFO", "message": "env data_handler finish success", "file": "data_handler.py", "line": "189", "module": "env", "process": "data_handler", "function": "finish", "stack": "", "pid": 97}
{"time": "2026-04-18 11:55:26.891109", "level": "INFO", "message": "env env run once episode done, process_run_count is 10481", "file": "remote_env_server.py", "line": "298", "module": "env", "process": "remote_env_server", "function": "run_once", "stack": "", "pid": 97}
{"time": "2026-04-18 11:55:26.904335", "level": "INFO", "message": "env env recv reset message", "file": "remote_env_server.py", "line": "282", "module": "env", "process": "remote_env_server", "function": "run_once", "stack": "", "pid": 97}
{"time": "2026-04-18 11:55:26.905051", "level": "INFO", "message": "env Select map in order: episode=14, map_id=5 from map_list=[1, 2, 3, 4, 5, 6, 7, 8, 9, 10]", "file": "data_handler.py", "line": "148", "module": "env", "process": "data_handler", "function": "handle_usr_conf", "stack": "", "pid": 97}
{"time": "2026-04-18 11:55:33.139096", "level": "INFO", "message": "env data_handler finish success", "file": "data_handler.py", "line": "189", "module": "env", "process": "data_handler", "function": "finish", "stack": "", "pid": 97}
{"time": "2026-04-18 11:55:33.139801", "level": "INFO", "message": "env env run once episode done, process_run_count is 11113", "file": "remote_env_server.py", "line": "298", "module": "env", "process": "remote_env_server", "function": "run_once", "stack": "", "pid": 97}
{"time": "2026-04-18 11:55:33.170766", "level": "INFO", "message": "env env recv reset message", "file": "remote_env_server.py", "line": "282", "module": "env", "process": "remote_env_server", "function": "run_once", "stack": "", "pid": 97}
{"time": "2026-04-18 11:55:33.171585", "level": "INFO", "message": "env Select map in order: episode=15, map_id=6 from map_list=[1, 2, 3, 4, 5, 6, 7, 8, 9, 10]", "file": "data_handler.py", "line": "148", "module": "env", "process": "data_handler", "function": "handle_usr_conf", "stack": "", "pid": 97}
{"time": "2026-04-18 11:55:42.332253", "level": "INFO", "message": "env data_handler finish success", "file": "data_handler.py", "line": "189", "module": "env", "process": "data_handler", "function": "finish", "stack": "", "pid": 97}
{"time": "2026-04-18 11:55:42.332808", "level": "INFO", "message": "env env run once episode done, process_run_count is 12114", "file": "remote_env_server.py", "line": "298", "module": "env", "process": "remote_env_server", "function": "run_once", "stack": "", "pid": 97}
{"time": "2026-04-18 11:55:42.379727", "level": "INFO", "message": "env env recv reset message", "file": "remote_env_server.py", "line": "282", "module": "env", "process": "remote_env_server", "function": "run_once", "stack": "", "pid": 97}
{"time": "2026-04-18 11:55:42.380410", "level": "INFO", "message": "env Select map in order: episode=16, map_id=7 from map_list=[1, 2, 3, 4, 5, 6, 7, 8, 9, 10]", "file": "data_handler.py", "line": "148", "module": "env", "process": "data_handler", "function": "handle_usr_conf", "stack": "", "pid": 97}
{"time": "2026-04-18 11:55:44.320132", "level": "INFO", "message": "env data_handler finish success", "file": "data_handler.py", "line": "189", "module": "env", "process": "data_handler", "function": "finish", "stack": "", "pid": 97}
{"time": "2026-04-18 11:55:44.320850", "level": "INFO", "message": "env env run once episode done, process_run_count is 12315", "file": "remote_env_server.py", "line": "298", "module": "env", "process": "remote_env_server", "function": "run_once", "stack": "", "pid": 97}
{"time": "2026-04-18 11:55:44.335306", "level": "INFO", "message": "env env recv reset message", "file": "remote_env_server.py", "line": "282", "module": "env", "process": "remote_env_server", "function": "run_once", "stack": "", "pid": 97}
{"time": "2026-04-18 11:55:44.336283", "level": "INFO", "message": "env Select map in order: episode=17, map_id=8 from map_list=[1, 2, 3, 4, 5, 6, 7, 8, 9, 10]", "file": "data_handler.py", "line": "148", "module": "env", "process": "data_handler", "function": "handle_usr_conf", "stack": "", "pid": 97}
{"time": "2026-04-18 11:55:51.576675", "level": "INFO", "message": "env data_handler finish success", "file": "data_handler.py", "line": "189", "module": "env", "process": "data_handler", "function": "finish", "stack": "", "pid": 97}
{"time": "2026-04-18 11:55:51.577467", "level": "INFO", "message": "env env run once episode done, process_run_count is 13202", "file": "remote_env_server.py", "line": "298", "module": "env", "process": "remote_env_server", "function": "run_once", "stack": "", "pid": 97}
{"time": "2026-04-18 11:55:51.636219", "level": "INFO", "message": "env env recv reset message", "file": "remote_env_server.py", "line": "282", "module": "env", "process": "remote_env_server", "function": "run_once", "stack": "", "pid": 97}
{"time": "2026-04-18 11:55:51.636966", "level": "INFO", "message": "env Select map in order: episode=18, map_id=9 from map_list=[1, 2, 3, 4, 5, 6, 7, 8, 9, 10]", "file": "data_handler.py", "line": "148", "module": "env", "process": "data_handler", "function": "handle_usr_conf", "stack": "", "pid": 97}
{"time": "2026-04-18 11:56:00.846004", "level": "INFO", "message": "env finish monitor_data is {'total_score': 928, 'clean_score': 928, 'total_map': 10, 'map_random': 0, 'map_code': 9, 'max_steps': 1000, 'finished_steps': 1000, 'total_charger': 4, 'charge_count': 11, 'remaining_charge': 162}", "file": "monitor_helper.py", "line": "95", "module": "env", "process": "monitor_helper", "function": "finish", "stack": "", "pid": 97}
{"time": "2026-04-18 11:56:00.846738", "level": "INFO", "message": "env data_handler finish success", "file": "data_handler.py", "line": "189", "module": "env", "process": "data_handler", "function": "finish", "stack": "", "pid": 97}
{"time": "2026-04-18 11:56:00.847339", "level": "INFO", "message": "env env run once episode done, process_run_count is 14203", "file": "remote_env_server.py", "line": "298", "module": "env", "process": "remote_env_server", "function": "run_once", "stack": "", "pid": 97}
{"time": "2026-04-18 11:56:00.892062", "level": "INFO", "message": "env env recv reset message", "file": "remote_env_server.py", "line": "282", "module": "env", "process": "remote_env_server", "function": "run_once", "stack": "", "pid": 97}
{"time": "2026-04-18 11:56:00.898925", "level": "INFO", "message": "env Select map in order: episode=19, map_id=10 from map_list=[1, 2, 3, 4, 5, 6, 7, 8, 9, 10]", "file": "data_handler.py", "line": "148", "module": "env", "process": "data_handler", "function": "handle_usr_conf", "stack": "", "pid": 97}
{"time": "2026-04-18 11:56:09.671784", "level": "INFO", "message": "env data_handler finish success", "file": "data_handler.py", "line": "189", "module": "env", "process": "data_handler", "function": "finish", "stack": "", "pid": 97}
{"time": "2026-04-18 11:56:09.672466", "level": "INFO", "message": "env env run once episode done, process_run_count is 15158", "file": "remote_env_server.py", "line": "298", "module": "env", "process": "remote_env_server", "function": "run_once", "stack": "", "pid": 97}
{"time": "2026-04-18 11:56:09.710361", "level": "INFO", "message": "env env recv reset message", "file": "remote_env_server.py", "line": "282", "module": "env", "process": "remote_env_server", "function": "run_once", "stack": "", "pid": 97}
{"time": "2026-04-18 11:56:09.711186", "level": "INFO", "message": "env Select map in order: episode=20, map_id=1 from map_list=[1, 2, 3, 4, 5, 6, 7, 8, 9, 10]", "file": "data_handler.py", "line": "148", "module": "env", "process": "data_handler", "function": "handle_usr_conf", "stack": "", "pid": 97}
{"time": "2026-04-18 11:56:18.994466", "level": "INFO", "message": "env data_handler finish success", "file": "data_handler.py", "line": "189", "module": "env", "process": "data_handler", "function": "finish", "stack": "", "pid": 97}
{"time": "2026-04-18 11:56:18.995063", "level": "INFO", "message": "env env run once episode done, process_run_count is 16159", "file": "remote_env_server.py", "line": "298", "module": "env", "process": "remote_env_server", "function": "run_once", "stack": "", "pid": 97}
{"time": "2026-04-18 11:56:19.057792", "level": "INFO", "message": "env env recv reset message", "file": "remote_env_server.py", "line": "282", "module": "env", "process": "remote_env_server", "function": "run_once", "stack": "", "pid": 97}
{"time": "2026-04-18 11:56:19.058867", "level": "INFO", "message": "env Select map in order: episode=21, map_id=2 from map_list=[1, 2, 3, 4, 5, 6, 7, 8, 9, 10]", "file": "data_handler.py", "line": "148", "module": "env", "process": "data_handler", "function": "handle_usr_conf", "stack": "", "pid": 97}
{"time": "2026-04-18 11:56:20.026645", "level": "INFO", "message": "env data_handler finish success", "file": "data_handler.py", "line": "189", "module": "env", "process": "data_handler", "function": "finish", "stack": "", "pid": 97}
{"time": "2026-04-18 11:56:20.027512", "level": "INFO", "message": "env env run once episode done, process_run_count is 16360", "file": "remote_env_server.py", "line": "298", "module": "env", "process": "remote_env_server", "function": "run_once", "stack": "", "pid": 97}
{"time": "2026-04-18 11:56:20.038540", "level": "INFO", "message": "env env recv reset message", "file": "remote_env_server.py", "line": "282", "module": "env", "process": "remote_env_server", "function": "run_once", "stack": "", "pid": 97}
{"time": "2026-04-18 11:56:20.039713", "level": "INFO", "message": "env Select map in order: episode=22, map_id=3 from map_list=[1, 2, 3, 4, 5, 6, 7, 8, 9, 10]", "file": "data_handler.py", "line": "148", "module": "env", "process": "data_handler", "function": "handle_usr_conf", "stack": "", "pid": 97}
{"time": "2026-04-18 11:56:29.105643", "level": "INFO", "message": "env data_handler finish success", "file": "data_handler.py", "line": "189", "module": "env", "process": "data_handler", "function": "finish", "stack": "", "pid": 97}
{"time": "2026-04-18 11:56:29.108524", "level": "INFO", "message": "env env run once episode done, process_run_count is 17361", "file": "remote_env_server.py", "line": "298", "module": "env", "process": "remote_env_server", "function": "run_once", "stack": "", "pid": 97}
{"time": "2026-04-18 11:56:29.151402", "level": "INFO", "message": "env env recv reset message", "file": "remote_env_server.py", "line": "282", "module": "env", "process": "remote_env_server", "function": "run_once", "stack": "", "pid": 97}
{"time": "2026-04-18 11:56:29.152337", "level": "INFO", "message": "env Select map in order: episode=23, map_id=4 from map_list=[1, 2, 3, 4, 5, 6, 7, 8, 9, 10]", "file": "data_handler.py", "line": "148", "module": "env", "process": "data_handler", "function": "handle_usr_conf", "stack": "", "pid": 97}
{"time": "2026-04-18 11:56:31.074664", "level": "INFO", "message": "env data_handler finish success", "file": "data_handler.py", "line": "189", "module": "env", "process": "data_handler", "function": "finish", "stack": "", "pid": 97}
{"time": "2026-04-18 11:56:31.077185", "level": "INFO", "message": "env env run once episode done, process_run_count is 17562", "file": "remote_env_server.py", "line": "298", "module": "env", "process": "remote_env_server", "function": "run_once", "stack": "", "pid": 97}
{"time": "2026-04-18 11:56:31.084964", "level": "INFO", "message": "env env recv reset message", "file": "remote_env_server.py", "line": "282", "module": "env", "process": "remote_env_server", "function": "run_once", "stack": "", "pid": 97}
{"time": "2026-04-18 11:56:31.088715", "level": "INFO", "message": "env Select map in order: episode=24, map_id=5 from map_list=[1, 2, 3, 4, 5, 6, 7, 8, 9, 10]", "file": "data_handler.py", "line": "148", "module": "env", "process": "data_handler", "function": "handle_usr_conf", "stack": "", "pid": 97}
{"time": "2026-04-18 11:56:38.163787", "level": "INFO", "message": "env data_handler finish success", "file": "data_handler.py", "line": "189", "module": "env", "process": "data_handler", "function": "finish", "stack": "", "pid": 97}
{"time": "2026-04-18 11:56:38.164420", "level": "INFO", "message": "env env run once episode done, process_run_count is 18323", "file": "remote_env_server.py", "line": "298", "module": "env", "process": "remote_env_server", "function": "run_once", "stack": "", "pid": 97}
{"time": "2026-04-18 11:56:38.194630", "level": "INFO", "message": "env env recv reset message", "file": "remote_env_server.py", "line": "282", "module": "env", "process": "remote_env_server", "function": "run_once", "stack": "", "pid": 97}
{"time": "2026-04-18 11:56:38.195403", "level": "INFO", "message": "env Select map in order: episode=25, map_id=6 from map_list=[1, 2, 3, 4, 5, 6, 7, 8, 9, 10]", "file": "data_handler.py", "line": "148", "module": "env", "process": "data_handler", "function": "handle_usr_conf", "stack": "", "pid": 97}
{"time": "2026-04-18 11:56:43.606319", "level": "INFO", "message": "env data_handler finish success", "file": "data_handler.py", "line": "189", "module": "env", "process": "data_handler", "function": "finish", "stack": "", "pid": 97}
{"time": "2026-04-18 11:56:43.606971", "level": "INFO", "message": "env env run once episode done, process_run_count is 18909", "file": "remote_env_server.py", "line": "298", "module": "env", "process": "remote_env_server", "function": "run_once", "stack": "", "pid": 97}
{"time": "2026-04-18 11:56:43.640028", "level": "INFO", "message": "env env recv reset message", "file": "remote_env_server.py", "line": "282", "module": "env", "process": "remote_env_server", "function": "run_once", "stack": "", "pid": 97}
{"time": "2026-04-18 11:56:43.641508", "level": "INFO", "message": "env Select map in order: episode=26, map_id=7 from map_list=[1, 2, 3, 4, 5, 6, 7, 8, 9, 10]", "file": "data_handler.py", "line": "148", "module": "env", "process": "data_handler", "function": "handle_usr_conf", "stack": "", "pid": 97}
{"time": "2026-04-18 11:56:51.772940", "level": "INFO", "message": "env data_handler finish success", "file": "data_handler.py", "line": "189", "module": "env", "process": "data_handler", "function": "finish", "stack": "", "pid": 97}
{"time": "2026-04-18 11:56:51.773726", "level": "INFO", "message": "env env run once episode done, process_run_count is 19910", "file": "remote_env_server.py", "line": "298", "module": "env", "process": "remote_env_server", "function": "run_once", "stack": "", "pid": 97}
{"time": "2026-04-18 11:56:51.832855", "level": "INFO", "message": "env env recv reset message", "file": "remote_env_server.py", "line": "282", "module": "env", "process": "remote_env_server", "function": "run_once", "stack": "", "pid": 97}
{"time": "2026-04-18 11:56:51.833858", "level": "INFO", "message": "env Select map in order: episode=27, map_id=8 from map_list=[1, 2, 3, 4, 5, 6, 7, 8, 9, 10]", "file": "data_handler.py", "line": "148", "module": "env", "process": "data_handler", "function": "handle_usr_conf", "stack": "", "pid": 97}
{"time": "2026-04-18 11:57:01.012515", "level": "INFO", "message": "env finish monitor_data is {'total_score': 847, 'clean_score': 847, 'total_map': 10, 'map_random': 0, 'map_code': 8, 'max_steps': 1000, 'finished_steps': 1000, 'total_charger': 4, 'charge_count': 10, 'remaining_charge': 84}", "file": "monitor_helper.py", "line": "95", "module": "env", "process": "monitor_helper", "function": "finish", "stack": "", "pid": 97}
{"time": "2026-04-18 11:57:01.013166", "level": "INFO", "message": "env data_handler finish success", "file": "data_handler.py", "line": "189", "module": "env", "process": "data_handler", "function": "finish", "stack": "", "pid": 97}
{"time": "2026-04-18 11:57:01.013939", "level": "INFO", "message": "env env run once episode done, process_run_count is 20911", "file": "remote_env_server.py", "line": "298", "module": "env", "process": "remote_env_server", "function": "run_once", "stack": "", "pid": 97}
{"time": "2026-04-18 11:57:01.058051", "level": "INFO", "message": "env env recv reset message", "file": "remote_env_server.py", "line": "282", "module": "env", "process": "remote_env_server", "function": "run_once", "stack": "", "pid": 97}
{"time": "2026-04-18 11:57:01.058894", "level": "INFO", "message": "env Select map in order: episode=28, map_id=9 from map_list=[1, 2, 3, 4, 5, 6, 7, 8, 9, 10]", "file": "data_handler.py", "line": "148", "module": "env", "process": "data_handler", "function": "handle_usr_conf", "stack": "", "pid": 97}
{"time": "2026-04-18 11:57:10.287345", "level": "INFO", "message": "env data_handler finish success", "file": "data_handler.py", "line": "189", "module": "env", "process": "data_handler", "function": "finish", "stack": "", "pid": 97}
{"time": "2026-04-18 11:57:10.289408", "level": "INFO", "message": "env env run once episode done, process_run_count is 21912", "file": "remote_env_server.py", "line": "298", "module": "env", "process": "remote_env_server", "function": "run_once", "stack": "", "pid": 97}
{"time": "2026-04-18 11:57:10.331097", "level": "INFO", "message": "env env recv reset message", "file": "remote_env_server.py", "line": "282", "module": "env", "process": "remote_env_server", "function": "run_once", "stack": "", "pid": 97}
{"time": "2026-04-18 11:57:10.331957", "level": "INFO", "message": "env Select map in order: episode=29, map_id=10 from map_list=[1, 2, 3, 4, 5, 6, 7, 8, 9, 10]", "file": "data_handler.py", "line": "148", "module": "env", "process": "data_handler", "function": "handle_usr_conf", "stack": "", "pid": 97}
{"time": "2026-04-18 11:57:18.543722", "level": "INFO", "message": "env data_handler finish success", "file": "data_handler.py", "line": "189", "module": "env", "process": "data_handler", "function": "finish", "stack": "", "pid": 97}
{"time": "2026-04-18 11:57:18.544617", "level": "INFO", "message": "env env run once episode done, process_run_count is 22913", "file": "remote_env_server.py", "line": "298", "module": "env", "process": "remote_env_server", "function": "run_once", "stack": "", "pid": 97}
{"time": "2026-04-18 11:57:18.583227", "level": "INFO", "message": "env env recv reset message", "file": "remote_env_server.py", "line": "282", "module": "env", "process": "remote_env_server", "function": "run_once", "stack": "", "pid": 97}
{"time": "2026-04-18 11:57:18.584225", "level": "INFO", "message": "env Select map in order: episode=30, map_id=1 from map_list=[1, 2, 3, 4, 5, 6, 7, 8, 9, 10]", "file": "data_handler.py", "line": "148", "module": "env", "process": "data_handler", "function": "handle_usr_conf", "stack": "", "pid": 97}
{"time": "2026-04-18 11:57:27.763192", "level": "INFO", "message": "env data_handler finish success", "file": "data_handler.py", "line": "189", "module": "env", "process": "data_handler", "function": "finish", "stack": "", "pid": 97}
{"time": "2026-04-18 11:57:27.763768", "level": "INFO", "message": "env env run once episode done, process_run_count is 23914", "file": "remote_env_server.py", "line": "298", "module": "env", "process": "remote_env_server", "function": "run_once", "stack": "", "pid": 97}
{"time": "2026-04-18 11:57:27.807085", "level": "INFO", "message": "env env recv reset message", "file": "remote_env_server.py", "line": "282", "module": "env", "process": "remote_env_server", "function": "run_once", "stack": "", "pid": 97}
{"time": "2026-04-18 11:57:27.810389", "level": "INFO", "message": "env Select map in order: episode=31, map_id=2 from map_list=[1, 2, 3, 4, 5, 6, 7, 8, 9, 10]", "file": "data_handler.py", "line": "148", "module": "env", "process": "data_handler", "function": "handle_usr_conf", "stack": "", "pid": 97}
{"time": "2026-04-18 11:57:36.987952", "level": "INFO", "message": "env data_handler finish success", "file": "data_handler.py", "line": "189", "module": "env", "process": "data_handler", "function": "finish", "stack": "", "pid": 97}
{"time": "2026-04-18 11:57:36.988525", "level": "INFO", "message": "env env run once episode done, process_run_count is 24915", "file": "remote_env_server.py", "line": "298", "module": "env", "process": "remote_env_server", "function": "run_once", "stack": "", "pid": 97}
{"time": "2026-04-18 11:57:37.031247", "level": "INFO", "message": "env env recv reset message", "file": "remote_env_server.py", "line": "282", "module": "env", "process": "remote_env_server", "function": "run_once", "stack": "", "pid": 97}
{"time": "2026-04-18 11:57:37.033790", "level": "INFO", "message": "env Select map in order: episode=32, map_id=3 from map_list=[1, 2, 3, 4, 5, 6, 7, 8, 9, 10]", "file": "data_handler.py", "line": "148", "module": "env", "process": "data_handler", "function": "handle_usr_conf", "stack": "", "pid": 97}
{"time": "2026-04-18 11:57:38.413208", "level": "INFO", "message": "env data_handler finish success", "file": "data_handler.py", "line": "189", "module": "env", "process": "data_handler", "function": "finish", "stack": "", "pid": 97}
{"time": "2026-04-18 11:57:38.414042", "level": "INFO", "message": "env env run once episode done, process_run_count is 25038", "file": "remote_env_server.py", "line": "298", "module": "env", "process": "remote_env_server", "function": "run_once", "stack": "", "pid": 97}
{"time": "2026-04-18 11:57:38.420876", "level": "INFO", "message": "env env recv reset message", "file": "remote_env_server.py", "line": "282", "module": "env", "process": "remote_env_server", "function": "run_once", "stack": "", "pid": 97}
{"time": "2026-04-18 11:57:38.423965", "level": "INFO", "message": "env Select map in order: episode=33, map_id=4 from map_list=[1, 2, 3, 4, 5, 6, 7, 8, 9, 10]", "file": "data_handler.py", "line": "148", "module": "env", "process": "data_handler", "function": "handle_usr_conf", "stack": "", "pid": 97}
{"time": "2026-04-18 11:57:40.402982", "level": "INFO", "message": "env data_handler finish success", "file": "data_handler.py", "line": "189", "module": "env", "process": "data_handler", "function": "finish", "stack": "", "pid": 97}
{"time": "2026-04-18 11:57:40.403855", "level": "INFO", "message": "env env run once episode done, process_run_count is 25239", "file": "remote_env_server.py", "line": "298", "module": "env", "process": "remote_env_server", "function": "run_once", "stack": "", "pid": 97}
{"time": "2026-04-18 11:57:40.413678", "level": "INFO", "message": "env env recv reset message", "file": "remote_env_server.py", "line": "282", "module": "env", "process": "remote_env_server", "function": "run_once", "stack": "", "pid": 97}
{"time": "2026-04-18 11:57:40.414653", "level": "INFO", "message": "env Select map in order: episode=34, map_id=5 from map_list=[1, 2, 3, 4, 5, 6, 7, 8, 9, 10]", "file": "data_handler.py", "line": "148", "module": "env", "process": "data_handler", "function": "handle_usr_conf", "stack": "", "pid": 97}
{"time": "2026-04-18 11:57:43.836654", "level": "INFO", "message": "env data_handler finish success", "file": "data_handler.py", "line": "189", "module": "env", "process": "data_handler", "function": "finish", "stack": "", "pid": 97}
{"time": "2026-04-18 11:57:43.837264", "level": "INFO", "message": "env env run once episode done, process_run_count is 25609", "file": "remote_env_server.py", "line": "298", "module": "env", "process": "remote_env_server", "function": "run_once", "stack": "", "pid": 97}
{"time": "2026-04-18 11:57:43.853141", "level": "INFO", "message": "env env recv reset message", "file": "remote_env_server.py", "line": "282", "module": "env", "process": "remote_env_server", "function": "run_once", "stack": "", "pid": 97}
{"time": "2026-04-18 11:57:43.853893", "level": "INFO", "message": "env Select map in order: episode=35, map_id=6 from map_list=[1, 2, 3, 4, 5, 6, 7, 8, 9, 10]", "file": "data_handler.py", "line": "148", "module": "env", "process": "data_handler", "function": "handle_usr_conf", "stack": "", "pid": 97}
{"time": "2026-04-18 11:57:51.993490", "level": "INFO", "message": "env data_handler finish success", "file": "data_handler.py", "line": "189", "module": "env", "process": "data_handler", "function": "finish", "stack": "", "pid": 97}
{"time": "2026-04-18 11:57:51.995379", "level": "INFO", "message": "env env run once episode done, process_run_count is 26610", "file": "remote_env_server.py", "line": "298", "module": "env", "process": "remote_env_server", "function": "run_once", "stack": "", "pid": 97}
{"time": "2026-04-18 11:57:52.067874", "level": "INFO", "message": "env env recv reset message", "file": "remote_env_server.py", "line": "282", "module": "env", "process": "remote_env_server", "function": "run_once", "stack": "", "pid": 97}
{"time": "2026-04-18 11:57:52.069660", "level": "INFO", "message": "env Select map in order: episode=36, map_id=7 from map_list=[1, 2, 3, 4, 5, 6, 7, 8, 9, 10]", "file": "data_handler.py", "line": "148", "module": "env", "process": "data_handler", "function": "handle_usr_conf", "stack": "", "pid": 97}
{"time": "2026-04-18 11:57:55.643669", "level": "INFO", "message": "env data_handler finish success", "file": "data_handler.py", "line": "189", "module": "env", "process": "data_handler", "function": "finish", "stack": "", "pid": 97}
{"time": "2026-04-18 11:57:55.644240", "level": "INFO", "message": "env env run once episode done, process_run_count is 26989", "file": "remote_env_server.py", "line": "298", "module": "env", "process": "remote_env_server", "function": "run_once", "stack": "", "pid": 97}
{"time": "2026-04-18 11:57:55.666947", "level": "INFO", "message": "env env recv reset message", "file": "remote_env_server.py", "line": "282", "module": "env", "process": "remote_env_server", "function": "run_once", "stack": "", "pid": 97}
{"time": "2026-04-18 11:57:55.667849", "level": "INFO", "message": "env Select map in order: episode=37, map_id=8 from map_list=[1, 2, 3, 4, 5, 6, 7, 8, 9, 10]", "file": "data_handler.py", "line": "148", "module": "env", "process": "data_handler", "function": "handle_usr_conf", "stack": "", "pid": 97}
{"time": "2026-04-18 11:57:58.784279", "level": "INFO", "message": "env data_handler finish success", "file": "data_handler.py", "line": "189", "module": "env", "process": "data_handler", "function": "finish", "stack": "", "pid": 97}
{"time": "2026-04-18 11:57:58.788679", "level": "INFO", "message": "env env run once episode done, process_run_count is 27315", "file": "remote_env_server.py", "line": "298", "module": "env", "process": "remote_env_server", "function": "run_once", "stack": "", "pid": 97}
{"time": "2026-04-18 11:57:58.797595", "level": "INFO", "message": "env env recv reset message", "file": "remote_env_server.py", "line": "282", "module": "env", "process": "remote_env_server", "function": "run_once", "stack": "", "pid": 97}
{"time": "2026-04-18 11:57:58.798369", "level": "INFO", "message": "env Select map in order: episode=38, map_id=9 from map_list=[1, 2, 3, 4, 5, 6, 7, 8, 9, 10]", "file": "data_handler.py", "line": "148", "module": "env", "process": "data_handler", "function": "handle_usr_conf", "stack": "", "pid": 97}
{"time": "2026-04-18 11:58:08.015457", "level": "INFO", "message": "env finish monitor_data is {'total_score': 888, 'clean_score': 888, 'total_map': 10, 'map_random': 0, 'map_code': 9, 'max_steps': 1000, 'finished_steps': 1000, 'total_charger': 4, 'charge_count': 8, 'remaining_charge': 102}", "file": "monitor_helper.py", "line": "95", "module": "env", "process": "monitor_helper", "function": "finish", "stack": "", "pid": 97}
{"time": "2026-04-18 11:58:08.020770", "level": "INFO", "message": "env data_handler finish success", "file": "data_handler.py", "line": "189", "module": "env", "process": "data_handler", "function": "finish", "stack": "", "pid": 97}
{"time": "2026-04-18 11:58:08.021445", "level": "INFO", "message": "env env run once episode done, process_run_count is 28316", "file": "remote_env_server.py", "line": "298", "module": "env", "process": "remote_env_server", "function": "run_once", "stack": "", "pid": 97}
{"time": "2026-04-18 11:58:08.060211", "level": "INFO", "message": "env env recv reset message", "file": "remote_env_server.py", "line": "282", "module": "env", "process": "remote_env_server", "function": "run_once", "stack": "", "pid": 97}
{"time": "2026-04-18 11:58:08.061215", "level": "INFO", "message": "env Select map in order: episode=39, map_id=10 from map_list=[1, 2, 3, 4, 5, 6, 7, 8, 9, 10]", "file": "data_handler.py", "line": "148", "module": "env", "process": "data_handler", "function": "handle_usr_conf", "stack": "", "pid": 97}
{"time": "2026-04-18 11:58:16.410617", "level": "INFO", "message": "env data_handler finish success", "file": "data_handler.py", "line": "189", "module": "env", "process": "data_handler", "function": "finish", "stack": "", "pid": 97}
{"time": "2026-04-18 11:58:16.411122", "level": "INFO", "message": "env env run once episode done, process_run_count is 29317", "file": "remote_env_server.py", "line": "298", "module": "env", "process": "remote_env_server", "function": "run_once", "stack": "", "pid": 97}
{"time": "2026-04-18 11:58:16.454855", "level": "INFO", "message": "env env recv reset message", "file": "remote_env_server.py", "line": "282", "module": "env", "process": "remote_env_server", "function": "run_once", "stack": "", "pid": 97}
{"time": "2026-04-18 11:58:16.455783", "level": "INFO", "message": "env Select map in order: episode=40, map_id=1 from map_list=[1, 2, 3, 4, 5, 6, 7, 8, 9, 10]", "file": "data_handler.py", "line": "148", "module": "env", "process": "data_handler", "function": "handle_usr_conf", "stack": "", "pid": 97}
{"time": "2026-04-18 11:58:25.723427", "level": "INFO", "message": "env data_handler finish success", "file": "data_handler.py", "line": "189", "module": "env", "process": "data_handler", "function": "finish", "stack": "", "pid": 97}
{"time": "2026-04-18 11:58:25.724064", "level": "INFO", "message": "env env run once episode done, process_run_count is 30318", "file": "remote_env_server.py", "line": "298", "module": "env", "process": "remote_env_server", "function": "run_once", "stack": "", "pid": 97}
{"time": "2026-04-18 11:58:25.769626", "level": "INFO", "message": "env env recv reset message", "file": "remote_env_server.py", "line": "282", "module": "env", "process": "remote_env_server", "function": "run_once", "stack": "", "pid": 97}
{"time": "2026-04-18 11:58:25.770469", "level": "INFO", "message": "env Select map in order: episode=41, map_id=2 from map_list=[1, 2, 3, 4, 5, 6, 7, 8, 9, 10]", "file": "data_handler.py", "line": "148", "module": "env", "process": "data_handler", "function": "handle_usr_conf", "stack": "", "pid": 97}
{"time": "2026-04-18 11:58:35.669029", "level": "INFO", "message": "env data_handler finish success", "file": "data_handler.py", "line": "189", "module": "env", "process": "data_handler", "function": "finish", "stack": "", "pid": 97}
{"time": "2026-04-18 11:58:35.669660", "level": "INFO", "message": "env env run once episode done, process_run_count is 31319", "file": "remote_env_server.py", "line": "298", "module": "env", "process": "remote_env_server", "function": "run_once", "stack": "", "pid": 97}
{"time": "2026-04-18 11:58:35.713727", "level": "INFO", "message": "env env recv reset message", "file": "remote_env_server.py", "line": "282", "module": "env", "process": "remote_env_server", "function": "run_once", "stack": "", "pid": 97}
{"time": "2026-04-18 11:58:35.714645", "level": "INFO", "message": "env Select map in order: episode=42, map_id=3 from map_list=[1, 2, 3, 4, 5, 6, 7, 8, 9, 10]", "file": "data_handler.py", "line": "148", "module": "env", "process": "data_handler", "function": "handle_usr_conf", "stack": "", "pid": 97}
{"time": "2026-04-18 11:58:43.973582", "level": "INFO", "message": "env data_handler finish success", "file": "data_handler.py", "line": "189", "module": "env", "process": "data_handler", "function": "finish", "stack": "", "pid": 97}
{"time": "2026-04-18 11:58:43.974337", "level": "INFO", "message": "env env run once episode done, process_run_count is 32320", "file": "remote_env_server.py", "line": "298", "module": "env", "process": "remote_env_server", "function": "run_once", "stack": "", "pid": 97}
{"time": "2026-04-18 11:58:44.020840", "level": "INFO", "message": "env env recv reset message", "file": "remote_env_server.py", "line": "282", "module": "env", "process": "remote_env_server", "function": "run_once", "stack": "", "pid": 97}
{"time": "2026-04-18 11:58:44.021853", "level": "INFO", "message": "env Select map in order: episode=43, map_id=4 from map_list=[1, 2, 3, 4, 5, 6, 7, 8, 9, 10]", "file": "data_handler.py", "line": "148", "module": "env", "process": "data_handler", "function": "handle_usr_conf", "stack": "", "pid": 97}
{"time": "2026-04-18 11:58:46.085272", "level": "INFO", "message": "env data_handler finish success", "file": "data_handler.py", "line": "189", "module": "env", "process": "data_handler", "function": "finish", "stack": "", "pid": 97}
{"time": "2026-04-18 11:58:46.086191", "level": "INFO", "message": "env env run once episode done, process_run_count is 32521", "file": "remote_env_server.py", "line": "298", "module": "env", "process": "remote_env_server", "function": "run_once", "stack": "", "pid": 97}
{"time": "2026-04-18 11:58:46.098815", "level": "INFO", "message": "env env recv reset message", "file": "remote_env_server.py", "line": "282", "module": "env", "process": "remote_env_server", "function": "run_once", "stack": "", "pid": 97}
{"time": "2026-04-18 11:58:46.099813", "level": "INFO", "message": "env Select map in order: episode=44, map_id=5 from map_list=[1, 2, 3, 4, 5, 6, 7, 8, 9, 10]", "file": "data_handler.py", "line": "148", "module": "env", "process": "data_handler", "function": "handle_usr_conf", "stack": "", "pid": 97}
{"time": "2026-04-18 11:58:55.252371", "level": "INFO", "message": "env data_handler finish success", "file": "data_handler.py", "line": "189", "module": "env", "process": "data_handler", "function": "finish", "stack": "", "pid": 97}
{"time": "2026-04-18 11:58:55.255819", "level": "INFO", "message": "env env run once episode done, process_run_count is 33522", "file": "remote_env_server.py", "line": "298", "module": "env", "process": "remote_env_server", "function": "run_once", "stack": "", "pid": 97}
{"time": "2026-04-18 11:58:55.326971", "level": "INFO", "message": "env env recv reset message", "file": "remote_env_server.py", "line": "282", "module": "env", "process": "remote_env_server", "function": "run_once", "stack": "", "pid": 97}
{"time": "2026-04-18 11:58:55.327949", "level": "INFO", "message": "env Select map in order: episode=45, map_id=6 from map_list=[1, 2, 3, 4, 5, 6, 7, 8, 9, 10]", "file": "data_handler.py", "line": "148", "module": "env", "process": "data_handler", "function": "handle_usr_conf", "stack": "", "pid": 97}
{"time": "2026-04-18 11:59:00.582451", "level": "INFO", "message": "env data_handler finish success", "file": "data_handler.py", "line": "189", "module": "env", "process": "data_handler", "function": "finish", "stack": "", "pid": 97}
{"time": "2026-04-18 11:59:00.584401", "level": "INFO", "message": "env env run once episode done, process_run_count is 34081", "file": "remote_env_server.py", "line": "298", "module": "env", "process": "remote_env_server", "function": "run_once", "stack": "", "pid": 97}
{"time": "2026-04-18 11:59:00.619699", "level": "INFO", "message": "env env recv reset message", "file": "remote_env_server.py", "line": "282", "module": "env", "process": "remote_env_server", "function": "run_once", "stack": "", "pid": 97}
{"time": "2026-04-18 11:59:00.620601", "level": "INFO", "message": "env Select map in order: episode=46, map_id=7 from map_list=[1, 2, 3, 4, 5, 6, 7, 8, 9, 10]", "file": "data_handler.py", "line": "148", "module": "env", "process": "data_handler", "function": "handle_usr_conf", "stack": "", "pid": 97}
{"time": "2026-04-18 11:59:10.248684", "level": "INFO", "message": "env finish monitor_data is {'total_score': 843, 'clean_score': 843, 'total_map': 10, 'map_random': 0, 'map_code': 7, 'max_steps': 1000, 'finished_steps': 1000, 'total_charger': 4, 'charge_count': 8, 'remaining_charge': 32}", "file": "monitor_helper.py", "line": "95", "module": "env", "process": "monitor_helper", "function": "finish", "stack": "", "pid": 97}
{"time": "2026-04-18 11:59:10.249349", "level": "INFO", "message": "env data_handler finish success", "file": "data_handler.py", "line": "189", "module": "env", "process": "data_handler", "function": "finish", "stack": "", "pid": 97}
{"time": "2026-04-18 11:59:10.249888", "level": "INFO", "message": "env env run once episode done, process_run_count is 35082", "file": "remote_env_server.py", "line": "298", "module": "env", "process": "remote_env_server", "function": "run_once", "stack": "", "pid": 97}
{"time": "2026-04-18 11:59:10.291303", "level": "INFO", "message": "env env recv reset message", "file": "remote_env_server.py", "line": "282", "module": "env", "process": "remote_env_server", "function": "run_once", "stack": "", "pid": 97}
{"time": "2026-04-18 11:59:10.295969", "level": "INFO", "message": "env Select map in order: episode=47, map_id=8 from map_list=[1, 2, 3, 4, 5, 6, 7, 8, 9, 10]", "file": "data_handler.py", "line": "148", "module": "env", "process": "data_handler", "function": "handle_usr_conf", "stack": "", "pid": 97}
{"time": "2026-04-18 11:59:18.416459", "level": "INFO", "message": "env data_handler finish success", "file": "data_handler.py", "line": "189", "module": "env", "process": "data_handler", "function": "finish", "stack": "", "pid": 97}
{"time": "2026-04-18 11:59:18.417138", "level": "INFO", "message": "env env run once episode done, process_run_count is 36083", "file": "remote_env_server.py", "line": "298", "module": "env", "process": "remote_env_server", "function": "run_once", "stack": "", "pid": 97}
{"time": "2026-04-18 11:59:18.455889", "level": "INFO", "message": "env env recv reset message", "file": "remote_env_server.py", "line": "282", "module": "env", "process": "remote_env_server", "function": "run_once", "stack": "", "pid": 97}
{"time": "2026-04-18 11:59:18.456724", "level": "INFO", "message": "env Select map in order: episode=48, map_id=9 from map_list=[1, 2, 3, 4, 5, 6, 7, 8, 9, 10]", "file": "data_handler.py", "line": "148", "module": "env", "process": "data_handler", "function": "handle_usr_conf", "stack": "", "pid": 97}
{"time": "2026-04-18 11:59:27.699938", "level": "INFO", "message": "env data_handler finish success", "file": "data_handler.py", "line": "189", "module": "env", "process": "data_handler", "function": "finish", "stack": "", "pid": 97}
{"time": "2026-04-18 11:59:27.700788", "level": "INFO", "message": "env env run once episode done, process_run_count is 37084", "file": "remote_env_server.py", "line": "298", "module": "env", "process": "remote_env_server", "function": "run_once", "stack": "", "pid": 97}
{"time": "2026-04-18 11:59:27.750648", "level": "INFO", "message": "env env recv reset message", "file": "remote_env_server.py", "line": "282", "module": "env", "process": "remote_env_server", "function": "run_once", "stack": "", "pid": 97}
{"time": "2026-04-18 11:59:27.756601", "level": "INFO", "message": "env Select map in order: episode=49, map_id=10 from map_list=[1, 2, 3, 4, 5, 6, 7, 8, 9, 10]", "file": "data_handler.py", "line": "148", "module": "env", "process": "data_handler", "function": "handle_usr_conf", "stack": "", "pid": 97}
{"time": "2026-04-18 11:59:34.530744", "level": "INFO", "message": "env data_handler finish success", "file": "data_handler.py", "line": "189", "module": "env", "process": "data_handler", "function": "finish", "stack": "", "pid": 97}
{"time": "2026-04-18 11:59:34.531486", "level": "INFO", "message": "env env run once episode done, process_run_count is 37820", "file": "remote_env_server.py", "line": "298", "module": "env", "process": "remote_env_server", "function": "run_once", "stack": "", "pid": 97}
{"time": "2026-04-18 11:59:34.559966", "level": "INFO", "message": "env env recv reset message", "file": "remote_env_server.py", "line": "282", "module": "env", "process": "remote_env_server", "function": "run_once", "stack": "", "pid": 97}
{"time": "2026-04-18 11:59:34.560996", "level": "INFO", "message": "env Select map in order: episode=50, map_id=1 from map_list=[1, 2, 3, 4, 5, 6, 7, 8, 9, 10]", "file": "data_handler.py", "line": "148", "module": "env", "process": "data_handler", "function": "handle_usr_conf", "stack": "", "pid": 97}
{"time": "2026-04-18 11:59:40.548407", "level": "INFO", "message": "env data_handler finish success", "file": "data_handler.py", "line": "189", "module": "env", "process": "data_handler", "function": "finish", "stack": "", "pid": 97}
{"time": "2026-04-18 11:59:40.549074", "level": "INFO", "message": "env env run once episode done, process_run_count is 38461", "file": "remote_env_server.py", "line": "298", "module": "env", "process": "remote_env_server", "function": "run_once", "stack": "", "pid": 97}
{"time": "2026-04-18 11:59:40.574604", "level": "INFO", "message": "env env recv reset message", "file": "remote_env_server.py", "line": "282", "module": "env", "process": "remote_env_server", "function": "run_once", "stack": "", "pid": 97}
{"time": "2026-04-18 11:59:40.575525", "level": "INFO", "message": "env Select map in order: episode=51, map_id=2 from map_list=[1, 2, 3, 4, 5, 6, 7, 8, 9, 10]", "file": "data_handler.py", "line": "148", "module": "env", "process": "data_handler", "function": "handle_usr_conf", "stack": "", "pid": 97}
{"time": "2026-04-18 11:59:47.590503", "level": "INFO", "message": "env data_handler finish success", "file": "data_handler.py", "line": "189", "module": "env", "process": "data_handler", "function": "finish", "stack": "", "pid": 97}
{"time": "2026-04-18 11:59:47.591428", "level": "INFO", "message": "env env run once episode done, process_run_count is 39327", "file": "remote_env_server.py", "line": "298", "module": "env", "process": "remote_env_server", "function": "run_once", "stack": "", "pid": 97}
{"time": "2026-04-18 11:59:47.638892", "level": "INFO", "message": "env env recv reset message", "file": "remote_env_server.py", "line": "282", "module": "env", "process": "remote_env_server", "function": "run_once", "stack": "", "pid": 97}
{"time": "2026-04-18 11:59:47.640689", "level": "INFO", "message": "env Select map in order: episode=52, map_id=3 from map_list=[1, 2, 3, 4, 5, 6, 7, 8, 9, 10]", "file": "data_handler.py", "line": "148", "module": "env", "process": "data_handler", "function": "handle_usr_conf", "stack": "", "pid": 97}
{"time": "2026-04-18 11:59:57.346145", "level": "INFO", "message": "env data_handler finish success", "file": "data_handler.py", "line": "189", "module": "env", "process": "data_handler", "function": "finish", "stack": "", "pid": 97}
{"time": "2026-04-18 11:59:57.349462", "level": "INFO", "message": "env env run once episode done, process_run_count is 40328", "file": "remote_env_server.py", "line": "298", "module": "env", "process": "remote_env_server", "function": "run_once", "stack": "", "pid": 97}
{"time": "2026-04-18 11:59:57.410622", "level": "INFO", "message": "env env recv reset message", "file": "remote_env_server.py", "line": "282", "module": "env", "process": "remote_env_server", "function": "run_once", "stack": "", "pid": 97}
{"time": "2026-04-18 11:59:57.411456", "level": "INFO", "message": "env Select map in order: episode=53, map_id=4 from map_list=[1, 2, 3, 4, 5, 6, 7, 8, 9, 10]", "file": "data_handler.py", "line": "148", "module": "env", "process": "data_handler", "function": "handle_usr_conf", "stack": "", "pid": 97}
{"time": "2026-04-18 12:00:02.166127", "level": "INFO", "message": "env data_handler finish success", "file": "data_handler.py", "line": "189", "module": "env", "process": "data_handler", "function": "finish", "stack": "", "pid": 97}
{"time": "2026-04-18 12:00:02.166782", "level": "INFO", "message": "env env run once episode done, process_run_count is 40800", "file": "remote_env_server.py", "line": "298", "module": "env", "process": "remote_env_server", "function": "run_once", "stack": "", "pid": 97}
{"time": "2026-04-18 12:00:02.191733", "level": "INFO", "message": "env env recv reset message", "file": "remote_env_server.py", "line": "282", "module": "env", "process": "remote_env_server", "function": "run_once", "stack": "", "pid": 97}
{"time": "2026-04-18 12:00:02.192623", "level": "INFO", "message": "env Select map in order: episode=54, map_id=5 from map_list=[1, 2, 3, 4, 5, 6, 7, 8, 9, 10]", "file": "data_handler.py", "line": "148", "module": "env", "process": "data_handler", "function": "handle_usr_conf", "stack": "", "pid": 97}
{"time": "2026-04-18 12:00:10.643867", "level": "INFO", "message": "env finish monitor_data is {'total_score': 855, 'clean_score': 855, 'total_map': 10, 'map_random': 0, 'map_code': 5, 'max_steps': 1000, 'finished_steps': 992, 'total_charger': 4, 'charge_count': 6, 'remaining_charge': 0}", "file": "monitor_helper.py", "line": "95", "module": "env", "process": "monitor_helper", "function": "finish", "stack": "", "pid": 97}
{"time": "2026-04-18 12:00:10.650128", "level": "INFO", "message": "env data_handler finish success", "file": "data_handler.py", "line": "189", "module": "env", "process": "data_handler", "function": "finish", "stack": "", "pid": 97}
{"time": "2026-04-18 12:00:10.650976", "level": "INFO", "message": "env env run once episode done, process_run_count is 41793", "file": "remote_env_server.py", "line": "298", "module": "env", "process": "remote_env_server", "function": "run_once", "stack": "", "pid": 97}
{"time": "2026-04-18 12:00:10.684446", "level": "INFO", "message": "env env recv reset message", "file": "remote_env_server.py", "line": "282", "module": "env", "process": "remote_env_server", "function": "run_once", "stack": "", "pid": 97}
{"time": "2026-04-18 12:00:10.685109", "level": "INFO", "message": "env Select map in order: episode=55, map_id=6 from map_list=[1, 2, 3, 4, 5, 6, 7, 8, 9, 10]", "file": "data_handler.py", "line": "148", "module": "env", "process": "data_handler", "function": "handle_usr_conf", "stack": "", "pid": 97}
{"time": "2026-04-18 12:00:18.963878", "level": "INFO", "message": "env data_handler finish success", "file": "data_handler.py", "line": "189", "module": "env", "process": "data_handler", "function": "finish", "stack": "", "pid": 97}
{"time": "2026-04-18 12:00:18.964485", "level": "INFO", "message": "env env run once episode done, process_run_count is 42667", "file": "remote_env_server.py", "line": "298", "module": "env", "process": "remote_env_server", "function": "run_once", "stack": "", "pid": 97}
{"time": "2026-04-18 12:00:19.002769", "level": "INFO", "message": "env env recv reset message", "file": "remote_env_server.py", "line": "282", "module": "env", "process": "remote_env_server", "function": "run_once", "stack": "", "pid": 97}
{"time": "2026-04-18 12:00:19.004017", "level": "INFO", "message": "env Select map in order: episode=56, map_id=7 from map_list=[1, 2, 3, 4, 5, 6, 7, 8, 9, 10]", "file": "data_handler.py", "line": "148", "module": "env", "process": "data_handler", "function": "handle_usr_conf", "stack": "", "pid": 97}
{"time": "2026-04-18 12:00:28.179712", "level": "INFO", "message": "env data_handler finish success", "file": "data_handler.py", "line": "189", "module": "env", "process": "data_handler", "function": "finish", "stack": "", "pid": 97}
{"time": "2026-04-18 12:00:28.182033", "level": "INFO", "message": "env env run once episode done, process_run_count is 43668", "file": "remote_env_server.py", "line": "298", "module": "env", "process": "remote_env_server", "function": "run_once", "stack": "", "pid": 97}
{"time": "2026-04-18 12:00:28.218830", "level": "INFO", "message": "env env recv reset message", "file": "remote_env_server.py", "line": "282", "module": "env", "process": "remote_env_server", "function": "run_once", "stack": "", "pid": 97}
{"time": "2026-04-18 12:00:28.219642", "level": "INFO", "message": "env Select map in order: episode=57, map_id=8 from map_list=[1, 2, 3, 4, 5, 6, 7, 8, 9, 10]", "file": "data_handler.py", "line": "148", "module": "env", "process": "data_handler", "function": "handle_usr_conf", "stack": "", "pid": 97}
{"time": "2026-04-18 12:00:37.387284", "level": "INFO", "message": "env data_handler finish success", "file": "data_handler.py", "line": "189", "module": "env", "process": "data_handler", "function": "finish", "stack": "", "pid": 97}
{"time": "2026-04-18 12:00:37.387912", "level": "INFO", "message": "env env run once episode done, process_run_count is 44669", "file": "remote_env_server.py", "line": "298", "module": "env", "process": "remote_env_server", "function": "run_once", "stack": "", "pid": 97}
{"time": "2026-04-18 12:00:37.429648", "level": "INFO", "message": "env env recv reset message", "file": "remote_env_server.py", "line": "282", "module": "env", "process": "remote_env_server", "function": "run_once", "stack": "", "pid": 97}
{"time": "2026-04-18 12:00:37.430397", "level": "INFO", "message": "env Select map in order: episode=58, map_id=9 from map_list=[1, 2, 3, 4, 5, 6, 7, 8, 9, 10]", "file": "data_handler.py", "line": "148", "module": "env", "process": "data_handler", "function": "handle_usr_conf", "stack": "", "pid": 97}
{"time": "2026-04-18 12:00:44.613006", "level": "INFO", "message": "env data_handler finish success", "file": "data_handler.py", "line": "189", "module": "env", "process": "data_handler", "function": "finish", "stack": "", "pid": 97}
{"time": "2026-04-18 12:00:44.613767", "level": "INFO", "message": "env env run once episode done, process_run_count is 45535", "file": "remote_env_server.py", "line": "298", "module": "env", "process": "remote_env_server", "function": "run_once", "stack": "", "pid": 97}
{"time": "2026-04-18 12:00:44.650804", "level": "INFO", "message": "env env recv reset message", "file": "remote_env_server.py", "line": "282", "module": "env", "process": "remote_env_server", "function": "run_once", "stack": "", "pid": 97}
{"time": "2026-04-18 12:00:44.654281", "level": "INFO", "message": "env Select map in order: episode=59, map_id=10 from map_list=[1, 2, 3, 4, 5, 6, 7, 8, 9, 10]", "file": "data_handler.py", "line": "148", "module": "env", "process": "data_handler", "function": "handle_usr_conf", "stack": "", "pid": 97}
{"time": "2026-04-18 12:00:53.790652", "level": "INFO", "message": "env data_handler finish success", "file": "data_handler.py", "line": "189", "module": "env", "process": "data_handler", "function": "finish", "stack": "", "pid": 97}
{"time": "2026-04-18 12:00:53.791472", "level": "INFO", "message": "env env run once episode done, process_run_count is 46536", "file": "remote_env_server.py", "line": "298", "module": "env", "process": "remote_env_server", "function": "run_once", "stack": "", "pid": 97}
{"time": "2026-04-18 12:00:53.842916", "level": "INFO", "message": "env env recv reset message", "file": "remote_env_server.py", "line": "282", "module": "env", "process": "remote_env_server", "function": "run_once", "stack": "", "pid": 97}
{"time": "2026-04-18 12:00:53.845898", "level": "INFO", "message": "env Select map in order: episode=60, map_id=1 from map_list=[1, 2, 3, 4, 5, 6, 7, 8, 9, 10]", "file": "data_handler.py", "line": "148", "module": "env", "process": "data_handler", "function": "handle_usr_conf", "stack": "", "pid": 97}
{"time": "2026-04-18 12:01:03.190461", "level": "INFO", "message": "env data_handler finish success", "file": "data_handler.py", "line": "189", "module": "env", "process": "data_handler", "function": "finish", "stack": "", "pid": 97}
{"time": "2026-04-18 12:01:03.191194", "level": "INFO", "message": "env env run once episode done, process_run_count is 47537", "file": "remote_env_server.py", "line": "298", "module": "env", "process": "remote_env_server", "function": "run_once", "stack": "", "pid": 97}
{"time": "2026-04-18 12:01:03.268718", "level": "INFO", "message": "env env recv reset message", "file": "remote_env_server.py", "line": "282", "module": "env", "process": "remote_env_server", "function": "run_once", "stack": "", "pid": 97}
{"time": "2026-04-18 12:01:03.269523", "level": "INFO", "message": "env Select map in order: episode=61, map_id=2 from map_list=[1, 2, 3, 4, 5, 6, 7, 8, 9, 10]", "file": "data_handler.py", "line": "148", "module": "env", "process": "data_handler", "function": "handle_usr_conf", "stack": "", "pid": 97}
{"time": "2026-04-18 12:01:11.550866", "level": "INFO", "message": "env finish monitor_data is {'total_score': 931, 'clean_score': 931, 'total_map': 10, 'map_random': 0, 'map_code': 2, 'max_steps': 1000, 'finished_steps': 1000, 'total_charger': 4, 'charge_count': 8, 'remaining_charge': 151}", "file": "monitor_helper.py", "line": "95", "module": "env", "process": "monitor_helper", "function": "finish", "stack": "", "pid": 97}
{"time": "2026-04-18 12:01:11.551667", "level": "INFO", "message": "env data_handler finish success", "file": "data_handler.py", "line": "189", "module": "env", "process": "data_handler", "function": "finish", "stack": "", "pid": 97}
{"time": "2026-04-18 12:01:11.552420", "level": "INFO", "message": "env env run once episode done, process_run_count is 48538", "file": "remote_env_server.py", "line": "298", "module": "env", "process": "remote_env_server", "function": "run_once", "stack": "", "pid": 97}
{"time": "2026-04-18 12:01:11.594353", "level": "INFO", "message": "env env recv reset message", "file": "remote_env_server.py", "line": "282", "module": "env", "process": "remote_env_server", "function": "run_once", "stack": "", "pid": 97}
{"time": "2026-04-18 12:01:11.599159", "level": "INFO", "message": "env Select map in order: episode=62, map_id=3 from map_list=[1, 2, 3, 4, 5, 6, 7, 8, 9, 10]", "file": "data_handler.py", "line": "148", "module": "env", "process": "data_handler", "function": "handle_usr_conf", "stack": "", "pid": 97}
{"time": "2026-04-18 12:01:20.759937", "level": "INFO", "message": "env data_handler finish success", "file": "data_handler.py", "line": "189", "module": "env", "process": "data_handler", "function": "finish", "stack": "", "pid": 97}
{"time": "2026-04-18 12:01:20.763462", "level": "INFO", "message": "env env run once episode done, process_run_count is 49539", "file": "remote_env_server.py", "line": "298", "module": "env", "process": "remote_env_server", "function": "run_once", "stack": "", "pid": 97}
{"time": "2026-04-18 12:01:20.800078", "level": "INFO", "message": "env env recv reset message", "file": "remote_env_server.py", "line": "282", "module": "env", "process": "remote_env_server", "function": "run_once", "stack": "", "pid": 97}
{"time": "2026-04-18 12:01:20.800925", "level": "INFO", "message": "env Select map in order: episode=63, map_id=4 from map_list=[1, 2, 3, 4, 5, 6, 7, 8, 9, 10]", "file": "data_handler.py", "line": "148", "module": "env", "process": "data_handler", "function": "handle_usr_conf", "stack": "", "pid": 97}
{"time": "2026-04-18 12:01:26.423201", "level": "INFO", "message": "env data_handler finish success", "file": "data_handler.py", "line": "189", "module": "env", "process": "data_handler", "function": "finish", "stack": "", "pid": 97}
{"time": "2026-04-18 12:01:26.424021", "level": "INFO", "message": "env env run once episode done, process_run_count is 50108", "file": "remote_env_server.py", "line": "298", "module": "env", "process": "remote_env_server", "function": "run_once", "stack": "", "pid": 97}
{"time": "2026-04-18 12:01:26.450352", "level": "INFO", "message": "env env recv reset message", "file": "remote_env_server.py", "line": "282", "module": "env", "process": "remote_env_server", "function": "run_once", "stack": "", "pid": 97}
{"time": "2026-04-18 12:01:26.455162", "level": "INFO", "message": "env Select map in order: episode=64, map_id=5 from map_list=[1, 2, 3, 4, 5, 6, 7, 8, 9, 10]", "file": "data_handler.py", "line": "148", "module": "env", "process": "data_handler", "function": "handle_usr_conf", "stack": "", "pid": 97}
{"time": "2026-04-18 12:01:34.628334", "level": "INFO", "message": "env data_handler finish success", "file": "data_handler.py", "line": "189", "module": "env", "process": "data_handler", "function": "finish", "stack": "", "pid": 97}
{"time": "2026-04-18 12:01:34.629146", "level": "INFO", "message": "env env run once episode done, process_run_count is 50945", "file": "remote_env_server.py", "line": "298", "module": "env", "process": "remote_env_server", "function": "run_once", "stack": "", "pid": 97}
{"time": "2026-04-18 12:01:34.666647", "level": "INFO", "message": "env env recv reset message", "file": "remote_env_server.py", "line": "282", "module": "env", "process": "remote_env_server", "function": "run_once", "stack": "", "pid": 97}
{"time": "2026-04-18 12:01:34.667659", "level": "INFO", "message": "env Select map in order: episode=65, map_id=6 from map_list=[1, 2, 3, 4, 5, 6, 7, 8, 9, 10]", "file": "data_handler.py", "line": "148", "module": "env", "process": "data_handler", "function": "handle_usr_conf", "stack": "", "pid": 97}
{"time": "2026-04-18 12:01:43.387426", "level": "INFO", "message": "env data_handler finish success", "file": "data_handler.py", "line": "189", "module": "env", "process": "data_handler", "function": "finish", "stack": "", "pid": 97}
{"time": "2026-04-18 12:01:43.388355", "level": "INFO", "message": "env env run once episode done, process_run_count is 51935", "file": "remote_env_server.py", "line": "298", "module": "env", "process": "remote_env_server", "function": "run_once", "stack": "", "pid": 97}
{"time": "2026-04-18 12:01:43.474675", "level": "INFO", "message": "env env recv reset message", "file": "remote_env_server.py", "line": "282", "module": "env", "process": "remote_env_server", "function": "run_once", "stack": "", "pid": 97}
{"time": "2026-04-18 12:01:43.478771", "level": "INFO", "message": "env Select map in order: episode=66, map_id=7 from map_list=[1, 2, 3, 4, 5, 6, 7, 8, 9, 10]", "file": "data_handler.py", "line": "148", "module": "env", "process": "data_handler", "function": "handle_usr_conf", "stack": "", "pid": 97}
{"time": "2026-04-18 12:01:53.301827", "level": "INFO", "message": "env data_handler finish success", "file": "data_handler.py", "line": "189", "module": "env", "process": "data_handler", "function": "finish", "stack": "", "pid": 97}
{"time": "2026-04-18 12:01:53.302648", "level": "INFO", "message": "env env run once episode done, process_run_count is 52936", "file": "remote_env_server.py", "line": "298", "module": "env", "process": "remote_env_server", "function": "run_once", "stack": "", "pid": 97}
{"time": "2026-04-18 12:01:53.353383", "level": "INFO", "message": "env env recv reset message", "file": "remote_env_server.py", "line": "282", "module": "env", "process": "remote_env_server", "function": "run_once", "stack": "", "pid": 97}
{"time": "2026-04-18 12:01:53.354296", "level": "INFO", "message": "env Select map in order: episode=67, map_id=8 from map_list=[1, 2, 3, 4, 5, 6, 7, 8, 9, 10]", "file": "data_handler.py", "line": "148", "module": "env", "process": "data_handler", "function": "handle_usr_conf", "stack": "", "pid": 97}
{"time": "2026-04-18 12:02:02.524787", "level": "INFO", "message": "env data_handler finish success", "file": "data_handler.py", "line": "189", "module": "env", "process": "data_handler", "function": "finish", "stack": "", "pid": 97}
{"time": "2026-04-18 12:02:02.525415", "level": "INFO", "message": "env env run once episode done, process_run_count is 53863", "file": "remote_env_server.py", "line": "298", "module": "env", "process": "remote_env_server", "function": "run_once", "stack": "", "pid": 97}
{"time": "2026-04-18 12:02:02.561262", "level": "INFO", "message": "env env recv reset message", "file": "remote_env_server.py", "line": "282", "module": "env", "process": "remote_env_server", "function": "run_once", "stack": "", "pid": 97}
{"time": "2026-04-18 12:02:02.562145", "level": "INFO", "message": "env Select map in order: episode=68, map_id=9 from map_list=[1, 2, 3, 4, 5, 6, 7, 8, 9, 10]", "file": "data_handler.py", "line": "148", "module": "env", "process": "data_handler", "function": "handle_usr_conf", "stack": "", "pid": 97}
{"time": "2026-04-18 12:02:09.534550", "level": "INFO", "message": "env data_handler finish success", "file": "data_handler.py", "line": "189", "module": "env", "process": "data_handler", "function": "finish", "stack": "", "pid": 97}
{"time": "2026-04-18 12:02:09.535152", "level": "INFO", "message": "env env run once episode done, process_run_count is 54680", "file": "remote_env_server.py", "line": "298", "module": "env", "process": "remote_env_server", "function": "run_once", "stack": "", "pid": 97}
{"time": "2026-04-18 12:02:09.580800", "level": "INFO", "message": "env env recv reset message", "file": "remote_env_server.py", "line": "282", "module": "env", "process": "remote_env_server", "function": "run_once", "stack": "", "pid": 97}
{"time": "2026-04-18 12:02:09.586184", "level": "INFO", "message": "env Select map in order: episode=69, map_id=10 from map_list=[1, 2, 3, 4, 5, 6, 7, 8, 9, 10]", "file": "data_handler.py", "line": "148", "module": "env", "process": "data_handler", "function": "handle_usr_conf", "stack": "", "pid": 97}
{"time": "2026-04-18 12:02:19.290397", "level": "INFO", "message": "env finish monitor_data is {'total_score': 775, 'clean_score': 775, 'total_map': 10, 'map_random': 0, 'map_code': 10, 'max_steps': 1000, 'finished_steps': 1000, 'total_charger': 4, 'charge_count': 9, 'remaining_charge': 183}", "file": "monitor_helper.py", "line": "95", "module": "env", "process": "monitor_helper", "function": "finish", "stack": "", "pid": 97}
{"time": "2026-04-18 12:02:19.295300", "level": "INFO", "message": "env data_handler finish success", "file": "data_handler.py", "line": "189", "module": "env", "process": "data_handler", "function": "finish", "stack": "", "pid": 97}
{"time": "2026-04-18 12:02:19.296010", "level": "INFO", "message": "env env run once episode done, process_run_count is 55681", "file": "remote_env_server.py", "line": "298", "module": "env", "process": "remote_env_server", "function": "run_once", "stack": "", "pid": 97}
{"time": "2026-04-18 12:02:19.351340", "level": "INFO", "message": "env env recv reset message", "file": "remote_env_server.py", "line": "282", "module": "env", "process": "remote_env_server", "function": "run_once", "stack": "", "pid": 97}
{"time": "2026-04-18 12:02:19.353739", "level": "INFO", "message": "env Select map in order: episode=70, map_id=1 from map_list=[1, 2, 3, 4, 5, 6, 7, 8, 9, 10]", "file": "data_handler.py", "line": "148", "module": "env", "process": "data_handler", "function": "handle_usr_conf", "stack": "", "pid": 97}
{"time": "2026-04-18 12:02:29.060716", "level": "INFO", "message": "env data_handler finish success", "file": "data_handler.py", "line": "189", "module": "env", "process": "data_handler", "function": "finish", "stack": "", "pid": 97}
{"time": "2026-04-18 12:02:29.061312", "level": "INFO", "message": "env env run once episode done, process_run_count is 56682", "file": "remote_env_server.py", "line": "298", "module": "env", "process": "remote_env_server", "function": "run_once", "stack": "", "pid": 97}
{"time": "2026-04-18 12:02:29.113733", "level": "INFO", "message": "env env recv reset message", "file": "remote_env_server.py", "line": "282", "module": "env", "process": "remote_env_server", "function": "run_once", "stack": "", "pid": 97}
{"time": "2026-04-18 12:02:29.114912", "level": "INFO", "message": "env Select map in order: episode=71, map_id=2 from map_list=[1, 2, 3, 4, 5, 6, 7, 8, 9, 10]", "file": "data_handler.py", "line": "148", "module": "env", "process": "data_handler", "function": "handle_usr_conf", "stack": "", "pid": 97}
{"time": "2026-04-18 12:02:37.829587", "level": "INFO", "message": "env data_handler finish success", "file": "data_handler.py", "line": "189", "module": "env", "process": "data_handler", "function": "finish", "stack": "", "pid": 97}
{"time": "2026-04-18 12:02:37.830507", "level": "INFO", "message": "env env run once episode done, process_run_count is 57683", "file": "remote_env_server.py", "line": "298", "module": "env", "process": "remote_env_server", "function": "run_once", "stack": "", "pid": 97}
{"time": "2026-04-18 12:02:37.903222", "level": "INFO", "message": "env env recv reset message", "file": "remote_env_server.py", "line": "282", "module": "env", "process": "remote_env_server", "function": "run_once", "stack": "", "pid": 97}
{"time": "2026-04-18 12:02:37.904197", "level": "INFO", "message": "env Select map in order: episode=72, map_id=3 from map_list=[1, 2, 3, 4, 5, 6, 7, 8, 9, 10]", "file": "data_handler.py", "line": "148", "module": "env", "process": "data_handler", "function": "handle_usr_conf", "stack": "", "pid": 97}
{"time": "2026-04-18 12:02:47.375399", "level": "INFO", "message": "env data_handler finish success", "file": "data_handler.py", "line": "189", "module": "env", "process": "data_handler", "function": "finish", "stack": "", "pid": 97}
{"time": "2026-04-18 12:02:47.376098", "level": "INFO", "message": "env env run once episode done, process_run_count is 58684", "file": "remote_env_server.py", "line": "298", "module": "env", "process": "remote_env_server", "function": "run_once", "stack": "", "pid": 97}
{"time": "2026-04-18 12:02:47.419943", "level": "INFO", "message": "env env recv reset message", "file": "remote_env_server.py", "line": "282", "module": "env", "process": "remote_env_server", "function": "run_once", "stack": "", "pid": 97}
{"time": "2026-04-18 12:02:47.422165", "level": "INFO", "message": "env Select map in order: episode=73, map_id=4 from map_list=[1, 2, 3, 4, 5, 6, 7, 8, 9, 10]", "file": "data_handler.py", "line": "148", "module": "env", "process": "data_handler", "function": "handle_usr_conf", "stack": "", "pid": 97}
{"time": "2026-04-18 12:02:56.654722", "level": "INFO", "message": "env data_handler finish success", "file": "data_handler.py", "line": "189", "module": "env", "process": "data_handler", "function": "finish", "stack": "", "pid": 97}
{"time": "2026-04-18 12:02:56.655631", "level": "INFO", "message": "env env run once episode done, process_run_count is 59678", "file": "remote_env_server.py", "line": "298", "module": "env", "process": "remote_env_server", "function": "run_once", "stack": "", "pid": 97}
{"time": "2026-04-18 12:02:56.706645", "level": "INFO", "message": "env env recv reset message", "file": "remote_env_server.py", "line": "282", "module": "env", "process": "remote_env_server", "function": "run_once", "stack": "", "pid": 97}
{"time": "2026-04-18 12:02:56.707431", "level": "INFO", "message": "env Select map in order: episode=74, map_id=5 from map_list=[1, 2, 3, 4, 5, 6, 7, 8, 9, 10]", "file": "data_handler.py", "line": "148", "module": "env", "process": "data_handler", "function": "handle_usr_conf", "stack": "", "pid": 97}
{"time": "2026-04-18 12:03:01.873555", "level": "INFO", "message": "env data_handler finish success", "file": "data_handler.py", "line": "189", "module": "env", "process": "data_handler", "function": "finish", "stack": "", "pid": 97}
{"time": "2026-04-18 12:03:01.874312", "level": "INFO", "message": "env env run once episode done, process_run_count is 60241", "file": "remote_env_server.py", "line": "298", "module": "env", "process": "remote_env_server", "function": "run_once", "stack": "", "pid": 97}
{"time": "2026-04-18 12:03:01.896205", "level": "INFO", "message": "env env recv reset message", "file": "remote_env_server.py", "line": "282", "module": "env", "process": "remote_env_server", "function": "run_once", "stack": "", "pid": 97}
{"time": "2026-04-18 12:03:01.898112", "level": "INFO", "message": "env Select map in order: episode=75, map_id=6 from map_list=[1, 2, 3, 4, 5, 6, 7, 8, 9, 10]", "file": "data_handler.py", "line": "148", "module": "env", "process": "data_handler", "function": "handle_usr_conf", "stack": "", "pid": 97}
{"time": "2026-04-18 12:03:10.692712", "level": "INFO", "message": "env data_handler finish success", "file": "data_handler.py", "line": "189", "module": "env", "process": "data_handler", "function": "finish", "stack": "", "pid": 97}
{"time": "2026-04-18 12:03:10.693542", "level": "INFO", "message": "env env run once episode done, process_run_count is 61242", "file": "remote_env_server.py", "line": "298", "module": "env", "process": "remote_env_server", "function": "run_once", "stack": "", "pid": 97}
{"time": "2026-04-18 12:03:10.785308", "level": "INFO", "message": "env env recv reset message", "file": "remote_env_server.py", "line": "282", "module": "env", "process": "remote_env_server", "function": "run_once", "stack": "", "pid": 97}
{"time": "2026-04-18 12:03:10.789842", "level": "INFO", "message": "env Select map in order: episode=76, map_id=7 from map_list=[1, 2, 3, 4, 5, 6, 7, 8, 9, 10]", "file": "data_handler.py", "line": "148", "module": "env", "process": "data_handler", "function": "handle_usr_conf", "stack": "", "pid": 97}
{"time": "2026-04-18 12:03:14.710731", "level": "INFO", "message": "env data_handler finish success", "file": "data_handler.py", "line": "189", "module": "env", "process": "data_handler", "function": "finish", "stack": "", "pid": 97}
{"time": "2026-04-18 12:03:14.711984", "level": "INFO", "message": "env env run once episode done, process_run_count is 61621", "file": "remote_env_server.py", "line": "298", "module": "env", "process": "remote_env_server", "function": "run_once", "stack": "", "pid": 97}
{"time": "2026-04-18 12:03:14.731908", "level": "INFO", "message": "env env recv reset message", "file": "remote_env_server.py", "line": "282", "module": "env", "process": "remote_env_server", "function": "run_once", "stack": "", "pid": 97}
{"time": "2026-04-18 12:03:14.733749", "level": "INFO", "message": "env Select map in order: episode=77, map_id=8 from map_list=[1, 2, 3, 4, 5, 6, 7, 8, 9, 10]", "file": "data_handler.py", "line": "148", "module": "env", "process": "data_handler", "function": "handle_usr_conf", "stack": "", "pid": 97}
{"time": "2026-04-18 12:03:24.704906", "level": "INFO", "message": "env finish monitor_data is {'total_score': 887, 'clean_score': 887, 'total_map': 10, 'map_random': 0, 'map_code': 8, 'max_steps': 1000, 'finished_steps': 1000, 'total_charger': 4, 'charge_count': 9, 'remaining_charge': 154}", "file": "monitor_helper.py", "line": "95", "module": "env", "process": "monitor_helper", "function": "finish", "stack": "", "pid": 97}
{"time": "2026-04-18 12:03:24.705571", "level": "INFO", "message": "env data_handler finish success", "file": "data_handler.py", "line": "189", "module": "env", "process": "data_handler", "function": "finish", "stack": "", "pid": 97}
{"time": "2026-04-18 12:03:24.706577", "level": "INFO", "message": "env env run once episode done, process_run_count is 62622", "file": "remote_env_server.py", "line": "298", "module": "env", "process": "remote_env_server", "function": "run_once", "stack": "", "pid": 97}
{"time": "2026-04-18 12:03:24.761829", "level": "INFO", "message": "env env recv reset message", "file": "remote_env_server.py", "line": "282", "module": "env", "process": "remote_env_server", "function": "run_once", "stack": "", "pid": 97}
{"time": "2026-04-18 12:03:24.762690", "level": "INFO", "message": "env Select map in order: episode=78, map_id=9 from map_list=[1, 2, 3, 4, 5, 6, 7, 8, 9, 10]", "file": "data_handler.py", "line": "148", "module": "env", "process": "data_handler", "function": "handle_usr_conf", "stack": "", "pid": 97}
{"time": "2026-04-18 12:03:34.109640", "level": "INFO", "message": "env data_handler finish success", "file": "data_handler.py", "line": "189", "module": "env", "process": "data_handler", "function": "finish", "stack": "", "pid": 97}
{"time": "2026-04-18 12:03:34.110309", "level": "INFO", "message": "env env run once episode done, process_run_count is 63623", "file": "remote_env_server.py", "line": "298", "module": "env", "process": "remote_env_server", "function": "run_once", "stack": "", "pid": 97}
{"time": "2026-04-18 12:03:34.153449", "level": "INFO", "message": "env env recv reset message", "file": "remote_env_server.py", "line": "282", "module": "env", "process": "remote_env_server", "function": "run_once", "stack": "", "pid": 97}
{"time": "2026-04-18 12:03:34.154305", "level": "INFO", "message": "env Select map in order: episode=79, map_id=10 from map_list=[1, 2, 3, 4, 5, 6, 7, 8, 9, 10]", "file": "data_handler.py", "line": "148", "module": "env", "process": "data_handler", "function": "handle_usr_conf", "stack": "", "pid": 97}
{"time": "2026-04-18 12:03:43.582592", "level": "INFO", "message": "env data_handler finish success", "file": "data_handler.py", "line": "189", "module": "env", "process": "data_handler", "function": "finish", "stack": "", "pid": 97}
{"time": "2026-04-18 12:03:43.583158", "level": "INFO", "message": "env env run once episode done, process_run_count is 64624", "file": "remote_env_server.py", "line": "298", "module": "env", "process": "remote_env_server", "function": "run_once", "stack": "", "pid": 97}
{"time": "2026-04-18 12:03:43.623372", "level": "INFO", "message": "env env recv reset message", "file": "remote_env_server.py", "line": "282", "module": "env", "process": "remote_env_server", "function": "run_once", "stack": "", "pid": 97}
{"time": "2026-04-18 12:03:43.624431", "level": "INFO", "message": "env Select map in order: episode=80, map_id=1 from map_list=[1, 2, 3, 4, 5, 6, 7, 8, 9, 10]", "file": "data_handler.py", "line": "148", "module": "env", "process": "data_handler", "function": "handle_usr_conf", "stack": "", "pid": 97}
{"time": "2026-04-18 12:03:46.304352", "level": "INFO", "message": "env data_handler finish success", "file": "data_handler.py", "line": "189", "module": "env", "process": "data_handler", "function": "finish", "stack": "", "pid": 97}
{"time": "2026-04-18 12:03:46.305034", "level": "INFO", "message": "env env run once episode done, process_run_count is 64893", "file": "remote_env_server.py", "line": "298", "module": "env", "process": "remote_env_server", "function": "run_once", "stack": "", "pid": 97}
{"time": "2026-04-18 12:03:46.322231", "level": "INFO", "message": "env env recv reset message", "file": "remote_env_server.py", "line": "282", "module": "env", "process": "remote_env_server", "function": "run_once", "stack": "", "pid": 97}
{"time": "2026-04-18 12:03:46.323160", "level": "INFO", "message": "env Select map in order: episode=81, map_id=2 from map_list=[1, 2, 3, 4, 5, 6, 7, 8, 9, 10]", "file": "data_handler.py", "line": "148", "module": "env", "process": "data_handler", "function": "handle_usr_conf", "stack": "", "pid": 97}
{"time": "2026-04-18 12:03:53.618772", "level": "INFO", "message": "env data_handler finish success", "file": "data_handler.py", "line": "189", "module": "env", "process": "data_handler", "function": "finish", "stack": "", "pid": 97}
{"time": "2026-04-18 12:03:53.619504", "level": "INFO", "message": "env env run once episode done, process_run_count is 65793", "file": "remote_env_server.py", "line": "298", "module": "env", "process": "remote_env_server", "function": "run_once", "stack": "", "pid": 97}
{"time": "2026-04-18 12:03:53.660007", "level": "INFO", "message": "env env recv reset message", "file": "remote_env_server.py", "line": "282", "module": "env", "process": "remote_env_server", "function": "run_once", "stack": "", "pid": 97}
{"time": "2026-04-18 12:03:53.662353", "level": "INFO", "message": "env Select map in order: episode=82, map_id=3 from map_list=[1, 2, 3, 4, 5, 6, 7, 8, 9, 10]", "file": "data_handler.py", "line": "148", "module": "env", "process": "data_handler", "function": "handle_usr_conf", "stack": "", "pid": 97}
{"time": "2026-04-18 12:04:02.950090", "level": "INFO", "message": "env data_handler finish success", "file": "data_handler.py", "line": "189", "module": "env", "process": "data_handler", "function": "finish", "stack": "", "pid": 97}
{"time": "2026-04-18 12:04:02.951105", "level": "INFO", "message": "env env run once episode done, process_run_count is 66794", "file": "remote_env_server.py", "line": "298", "module": "env", "process": "remote_env_server", "function": "run_once", "stack": "", "pid": 97}
{"time": "2026-04-18 12:04:02.986327", "level": "INFO", "message": "env env recv reset message", "file": "remote_env_server.py", "line": "282", "module": "env", "process": "remote_env_server", "function": "run_once", "stack": "", "pid": 97}
{"time": "2026-04-18 12:04:02.987317", "level": "INFO", "message": "env Select map in order: episode=83, map_id=4 from map_list=[1, 2, 3, 4, 5, 6, 7, 8, 9, 10]", "file": "data_handler.py", "line": "148", "module": "env", "process": "data_handler", "function": "handle_usr_conf", "stack": "", "pid": 97}
{"time": "2026-04-18 12:04:11.558764", "level": "INFO", "message": "env data_handler finish success", "file": "data_handler.py", "line": "189", "module": "env", "process": "data_handler", "function": "finish", "stack": "", "pid": 97}
{"time": "2026-04-18 12:04:11.559414", "level": "INFO", "message": "env env run once episode done, process_run_count is 67795", "file": "remote_env_server.py", "line": "298", "module": "env", "process": "remote_env_server", "function": "run_once", "stack": "", "pid": 97}
{"time": "2026-04-18 12:04:11.621718", "level": "INFO", "message": "env env recv reset message", "file": "remote_env_server.py", "line": "282", "module": "env", "process": "remote_env_server", "function": "run_once", "stack": "", "pid": 97}
{"time": "2026-04-18 12:04:11.622641", "level": "INFO", "message": "env Select map in order: episode=84, map_id=5 from map_list=[1, 2, 3, 4, 5, 6, 7, 8, 9, 10]", "file": "data_handler.py", "line": "148", "module": "env", "process": "data_handler", "function": "handle_usr_conf", "stack": "", "pid": 97}
{"time": "2026-04-18 12:04:13.649666", "level": "INFO", "message": "env data_handler finish success", "file": "data_handler.py", "line": "189", "module": "env", "process": "data_handler", "function": "finish", "stack": "", "pid": 97}
{"time": "2026-04-18 12:04:13.651487", "level": "INFO", "message": "env env run once episode done, process_run_count is 67996", "file": "remote_env_server.py", "line": "298", "module": "env", "process": "remote_env_server", "function": "run_once", "stack": "", "pid": 97}
{"time": "2026-04-18 12:04:13.660882", "level": "INFO", "message": "env env recv reset message", "file": "remote_env_server.py", "line": "282", "module": "env", "process": "remote_env_server", "function": "run_once", "stack": "", "pid": 97}
{"time": "2026-04-18 12:04:13.661650", "level": "INFO", "message": "env Select map in order: episode=85, map_id=6 from map_list=[1, 2, 3, 4, 5, 6, 7, 8, 9, 10]", "file": "data_handler.py", "line": "148", "module": "env", "process": "data_handler", "function": "handle_usr_conf", "stack": "", "pid": 97}
{"time": "2026-04-18 12:04:15.657265", "level": "INFO", "message": "env data_handler finish success", "file": "data_handler.py", "line": "189", "module": "env", "process": "data_handler", "function": "finish", "stack": "", "pid": 97}
{"time": "2026-04-18 12:04:15.658468", "level": "INFO", "message": "env env run once episode done, process_run_count is 68197", "file": "remote_env_server.py", "line": "298", "module": "env", "process": "remote_env_server", "function": "run_once", "stack": "", "pid": 97}
{"time": "2026-04-18 12:04:15.668792", "level": "INFO", "message": "env env recv reset message", "file": "remote_env_server.py", "line": "282", "module": "env", "process": "remote_env_server", "function": "run_once", "stack": "", "pid": 97}
{"time": "2026-04-18 12:04:15.669684", "level": "INFO", "message": "env Select map in order: episode=86, map_id=7 from map_list=[1, 2, 3, 4, 5, 6, 7, 8, 9, 10]", "file": "data_handler.py", "line": "148", "module": "env", "process": "data_handler", "function": "handle_usr_conf", "stack": "", "pid": 97}
{"time": "2026-04-18 12:04:22.110123", "level": "INFO", "message": "env data_handler finish success", "file": "data_handler.py", "line": "189", "module": "env", "process": "data_handler", "function": "finish", "stack": "", "pid": 97}
{"time": "2026-04-18 12:04:22.110894", "level": "INFO", "message": "env env run once episode done, process_run_count is 68908", "file": "remote_env_server.py", "line": "298", "module": "env", "process": "remote_env_server", "function": "run_once", "stack": "", "pid": 97}
{"time": "2026-04-18 12:04:22.143367", "level": "INFO", "message": "env env recv reset message", "file": "remote_env_server.py", "line": "282", "module": "env", "process": "remote_env_server", "function": "run_once", "stack": "", "pid": 97}
{"time": "2026-04-18 12:04:22.145478", "level": "INFO", "message": "env Select map in order: episode=87, map_id=8 from map_list=[1, 2, 3, 4, 5, 6, 7, 8, 9, 10]", "file": "data_handler.py", "line": "148", "module": "env", "process": "data_handler", "function": "handle_usr_conf", "stack": "", "pid": 97}
{"time": "2026-04-18 12:04:31.922075", "level": "INFO", "message": "env finish monitor_data is {'total_score': 897, 'clean_score': 897, 'total_map': 10, 'map_random': 0, 'map_code': 8, 'max_steps': 1000, 'finished_steps': 1000, 'total_charger': 4, 'charge_count': 9, 'remaining_charge': 44}", "file": "monitor_helper.py", "line": "95", "module": "env", "process": "monitor_helper", "function": "finish", "stack": "", "pid": 97}
{"time": "2026-04-18 12:04:31.922814", "level": "INFO", "message": "env data_handler finish success", "file": "data_handler.py", "line": "189", "module": "env", "process": "data_handler", "function": "finish", "stack": "", "pid": 97}
{"time": "2026-04-18 12:04:31.923581", "level": "INFO", "message": "env env run once episode done, process_run_count is 69909", "file": "remote_env_server.py", "line": "298", "module": "env", "process": "remote_env_server", "function": "run_once", "stack": "", "pid": 97}
{"time": "2026-04-18 12:04:31.997039", "level": "INFO", "message": "env env recv reset message", "file": "remote_env_server.py", "line": "282", "module": "env", "process": "remote_env_server", "function": "run_once", "stack": "", "pid": 97}
{"time": "2026-04-18 12:04:32.002066", "level": "INFO", "message": "env Select map in order: episode=88, map_id=9 from map_list=[1, 2, 3, 4, 5, 6, 7, 8, 9, 10]", "file": "data_handler.py", "line": "148", "module": "env", "process": "data_handler", "function": "handle_usr_conf", "stack": "", "pid": 97}
{"time": "2026-04-18 12:04:41.303743", "level": "INFO", "message": "env data_handler finish success", "file": "data_handler.py", "line": "189", "module": "env", "process": "data_handler", "function": "finish", "stack": "", "pid": 97}
{"time": "2026-04-18 12:04:41.304576", "level": "INFO", "message": "env env run once episode done, process_run_count is 70910", "file": "remote_env_server.py", "line": "298", "module": "env", "process": "remote_env_server", "function": "run_once", "stack": "", "pid": 97}
{"time": "2026-04-18 12:04:41.354677", "level": "INFO", "message": "env env recv reset message", "file": "remote_env_server.py", "line": "282", "module": "env", "process": "remote_env_server", "function": "run_once", "stack": "", "pid": 97}
{"time": "2026-04-18 12:04:41.355610", "level": "INFO", "message": "env Select map in order: episode=89, map_id=10 from map_list=[1, 2, 3, 4, 5, 6, 7, 8, 9, 10]", "file": "data_handler.py", "line": "148", "module": "env", "process": "data_handler", "function": "handle_usr_conf", "stack": "", "pid": 97}
{"time": "2026-04-18 12:04:50.337478", "level": "INFO", "message": "env data_handler finish success", "file": "data_handler.py", "line": "189", "module": "env", "process": "data_handler", "function": "finish", "stack": "", "pid": 97}
{"time": "2026-04-18 12:04:50.338193", "level": "INFO", "message": "env env run once episode done, process_run_count is 71899", "file": "remote_env_server.py", "line": "298", "module": "env", "process": "remote_env_server", "function": "run_once", "stack": "", "pid": 97}
{"time": "2026-04-18 12:04:50.372842", "level": "INFO", "message": "env env recv reset message", "file": "remote_env_server.py", "line": "282", "module": "env", "process": "remote_env_server", "function": "run_once", "stack": "", "pid": 97}
{"time": "2026-04-18 12:04:50.373751", "level": "INFO", "message": "env Select map in order: episode=90, map_id=1 from map_list=[1, 2, 3, 4, 5, 6, 7, 8, 9, 10]", "file": "data_handler.py", "line": "148", "module": "env", "process": "data_handler", "function": "handle_usr_conf", "stack": "", "pid": 97}
{"time": "2026-04-18 12:04:58.739714", "level": "INFO", "message": "env data_handler finish success", "file": "data_handler.py", "line": "189", "module": "env", "process": "data_handler", "function": "finish", "stack": "", "pid": 97}
{"time": "2026-04-18 12:04:58.740229", "level": "INFO", "message": "env env run once episode done, process_run_count is 72900", "file": "remote_env_server.py", "line": "298", "module": "env", "process": "remote_env_server", "function": "run_once", "stack": "", "pid": 97}
{"time": "2026-04-18 12:04:58.777573", "level": "INFO", "message": "env env recv reset message", "file": "remote_env_server.py", "line": "282", "module": "env", "process": "remote_env_server", "function": "run_once", "stack": "", "pid": 97}
{"time": "2026-04-18 12:04:58.778352", "level": "INFO", "message": "env Select map in order: episode=91, map_id=2 from map_list=[1, 2, 3, 4, 5, 6, 7, 8, 9, 10]", "file": "data_handler.py", "line": "148", "module": "env", "process": "data_handler", "function": "handle_usr_conf", "stack": "", "pid": 97}
{"time": "2026-04-18 12:05:05.295274", "level": "INFO", "message": "env data_handler finish success", "file": "data_handler.py", "line": "189", "module": "env", "process": "data_handler", "function": "finish", "stack": "", "pid": 97}
{"time": "2026-04-18 12:05:05.295875", "level": "INFO", "message": "env env run once episode done, process_run_count is 73816", "file": "remote_env_server.py", "line": "298", "module": "env", "process": "remote_env_server", "function": "run_once", "stack": "", "pid": 97}
{"time": "2026-04-18 12:05:05.333530", "level": "INFO", "message": "env env recv reset message", "file": "remote_env_server.py", "line": "282", "module": "env", "process": "remote_env_server", "function": "run_once", "stack": "", "pid": 97}
{"time": "2026-04-18 12:05:05.336913", "level": "INFO", "message": "env Select map in order: episode=92, map_id=3 from map_list=[1, 2, 3, 4, 5, 6, 7, 8, 9, 10]", "file": "data_handler.py", "line": "148", "module": "env", "process": "data_handler", "function": "handle_usr_conf", "stack": "", "pid": 97}
{"time": "2026-04-18 12:05:13.145535", "level": "INFO", "message": "env data_handler finish success", "file": "data_handler.py", "line": "189", "module": "env", "process": "data_handler", "function": "finish", "stack": "", "pid": 97}
{"time": "2026-04-18 12:05:13.146294", "level": "INFO", "message": "env env run once episode done, process_run_count is 74765", "file": "remote_env_server.py", "line": "298", "module": "env", "process": "remote_env_server", "function": "run_once", "stack": "", "pid": 97}
{"time": "2026-04-18 12:05:13.190343", "level": "INFO", "message": "env env recv reset message", "file": "remote_env_server.py", "line": "282", "module": "env", "process": "remote_env_server", "function": "run_once", "stack": "", "pid": 97}
{"time": "2026-04-18 12:05:13.191282", "level": "INFO", "message": "env Select map in order: episode=93, map_id=4 from map_list=[1, 2, 3, 4, 5, 6, 7, 8, 9, 10]", "file": "data_handler.py", "line": "148", "module": "env", "process": "data_handler", "function": "handle_usr_conf", "stack": "", "pid": 97}
{"time": "2026-04-18 12:05:21.588156", "level": "INFO", "message": "env data_handler finish success", "file": "data_handler.py", "line": "189", "module": "env", "process": "data_handler", "function": "finish", "stack": "", "pid": 97}
{"time": "2026-04-18 12:05:21.590668", "level": "INFO", "message": "env env run once episode done, process_run_count is 75766", "file": "remote_env_server.py", "line": "298", "module": "env", "process": "remote_env_server", "function": "run_once", "stack": "", "pid": 97}
{"time": "2026-04-18 12:05:21.625375", "level": "INFO", "message": "env env recv reset message", "file": "remote_env_server.py", "line": "282", "module": "env", "process": "remote_env_server", "function": "run_once", "stack": "", "pid": 97}
{"time": "2026-04-18 12:05:21.626080", "level": "INFO", "message": "env Select map in order: episode=94, map_id=5 from map_list=[1, 2, 3, 4, 5, 6, 7, 8, 9, 10]", "file": "data_handler.py", "line": "148", "module": "env", "process": "data_handler", "function": "handle_usr_conf", "stack": "", "pid": 97}
{"time": "2026-04-18 12:05:28.660135", "level": "INFO", "message": "env data_handler finish success", "file": "data_handler.py", "line": "189", "module": "env", "process": "data_handler", "function": "finish", "stack": "", "pid": 97}
{"time": "2026-04-18 12:05:28.660731", "level": "INFO", "message": "env env run once episode done, process_run_count is 76605", "file": "remote_env_server.py", "line": "298", "module": "env", "process": "remote_env_server", "function": "run_once", "stack": "", "pid": 97}
{"time": "2026-04-18 12:05:28.688178", "level": "INFO", "message": "env env recv reset message", "file": "remote_env_server.py", "line": "282", "module": "env", "process": "remote_env_server", "function": "run_once", "stack": "", "pid": 97}
{"time": "2026-04-18 12:05:28.689062", "level": "INFO", "message": "env Select map in order: episode=95, map_id=6 from map_list=[1, 2, 3, 4, 5, 6, 7, 8, 9, 10]", "file": "data_handler.py", "line": "148", "module": "env", "process": "data_handler", "function": "handle_usr_conf", "stack": "", "pid": 97}
{"time": "2026-04-18 12:05:36.119113", "level": "INFO", "message": "env finish monitor_data is {'total_score': 923, 'clean_score': 923, 'total_map': 10, 'map_random': 0, 'map_code': 6, 'max_steps': 1000, 'finished_steps': 1000, 'total_charger': 4, 'charge_count': 8, 'remaining_charge': 120}", "file": "monitor_helper.py", "line": "95", "module": "env", "process": "monitor_helper", "function": "finish", "stack": "", "pid": 97}
{"time": "2026-04-18 12:05:36.119903", "level": "INFO", "message": "env data_handler finish success", "file": "data_handler.py", "line": "189", "module": "env", "process": "data_handler", "function": "finish", "stack": "", "pid": 97}
{"time": "2026-04-18 12:05:36.120470", "level": "INFO", "message": "env env run once episode done, process_run_count is 77606", "file": "remote_env_server.py", "line": "298", "module": "env", "process": "remote_env_server", "function": "run_once", "stack": "", "pid": 97}
{"time": "2026-04-18 12:05:36.163953", "level": "INFO", "message": "env env recv reset message", "file": "remote_env_server.py", "line": "282", "module": "env", "process": "remote_env_server", "function": "run_once", "stack": "", "pid": 97}
{"time": "2026-04-18 12:05:36.164723", "level": "INFO", "message": "env Select map in order: episode=96, map_id=7 from map_list=[1, 2, 3, 4, 5, 6, 7, 8, 9, 10]", "file": "data_handler.py", "line": "148", "module": "env", "process": "data_handler", "function": "handle_usr_conf", "stack": "", "pid": 97}
{"time": "2026-04-18 12:05:42.502862", "level": "INFO", "message": "env data_handler finish success", "file": "data_handler.py", "line": "189", "module": "env", "process": "data_handler", "function": "finish", "stack": "", "pid": 97}
{"time": "2026-04-18 12:05:42.503495", "level": "INFO", "message": "env env run once episode done, process_run_count is 78356", "file": "remote_env_server.py", "line": "298", "module": "env", "process": "remote_env_server", "function": "run_once", "stack": "", "pid": 97}
{"time": "2026-04-18 12:05:42.536606", "level": "INFO", "message": "env env recv reset message", "file": "remote_env_server.py", "line": "282", "module": "env", "process": "remote_env_server", "function": "run_once", "stack": "", "pid": 97}
{"time": "2026-04-18 12:05:42.539595", "level": "INFO", "message": "env Select map in order: episode=97, map_id=8 from map_list=[1, 2, 3, 4, 5, 6, 7, 8, 9, 10]", "file": "data_handler.py", "line": "148", "module": "env", "process": "data_handler", "function": "handle_usr_conf", "stack": "", "pid": 97}
{"time": "2026-04-18 12:05:50.669922", "level": "INFO", "message": "env data_handler finish success", "file": "data_handler.py", "line": "189", "module": "env", "process": "data_handler", "function": "finish", "stack": "", "pid": 97}
{"time": "2026-04-18 12:05:50.670564", "level": "INFO", "message": "env env run once episode done, process_run_count is 79357", "file": "remote_env_server.py", "line": "298", "module": "env", "process": "remote_env_server", "function": "run_once", "stack": "", "pid": 97}
{"time": "2026-04-18 12:05:50.713549", "level": "INFO", "message": "env env recv reset message", "file": "remote_env_server.py", "line": "282", "module": "env", "process": "remote_env_server", "function": "run_once", "stack": "", "pid": 97}
{"time": "2026-04-18 12:05:50.714248", "level": "INFO", "message": "env Select map in order: episode=98, map_id=9 from map_list=[1, 2, 3, 4, 5, 6, 7, 8, 9, 10]", "file": "data_handler.py", "line": "148", "module": "env", "process": "data_handler", "function": "handle_usr_conf", "stack": "", "pid": 97}
{"time": "2026-04-18 12:05:58.960881", "level": "INFO", "message": "env data_handler finish success", "file": "data_handler.py", "line": "189", "module": "env", "process": "data_handler", "function": "finish", "stack": "", "pid": 97}
{"time": "2026-04-18 12:05:58.961555", "level": "INFO", "message": "env env run once episode done, process_run_count is 80358", "file": "remote_env_server.py", "line": "298", "module": "env", "process": "remote_env_server", "function": "run_once", "stack": "", "pid": 97}
{"time": "2026-04-18 12:05:59.001832", "level": "INFO", "message": "env env recv reset message", "file": "remote_env_server.py", "line": "282", "module": "env", "process": "remote_env_server", "function": "run_once", "stack": "", "pid": 97}
{"time": "2026-04-18 12:05:59.002407", "level": "INFO", "message": "env Select map in order: episode=99, map_id=10 from map_list=[1, 2, 3, 4, 5, 6, 7, 8, 9, 10]", "file": "data_handler.py", "line": "148", "module": "env", "process": "data_handler", "function": "handle_usr_conf", "stack": "", "pid": 97}
{"time": "2026-04-18 12:06:00.495054", "level": "INFO", "message": "env data_handler finish success", "file": "data_handler.py", "line": "189", "module": "env", "process": "data_handler", "function": "finish", "stack": "", "pid": 97}
{"time": "2026-04-18 12:06:00.495693", "level": "INFO", "message": "env env run once episode done, process_run_count is 80583", "file": "remote_env_server.py", "line": "298", "module": "env", "process": "remote_env_server", "function": "run_once", "stack": "", "pid": 97}
{"time": "2026-04-18 12:06:00.508869", "level": "INFO", "message": "env env recv reset message", "file": "remote_env_server.py", "line": "282", "module": "env", "process": "remote_env_server", "function": "run_once", "stack": "", "pid": 97}
{"time": "2026-04-18 12:06:00.509634", "level": "INFO", "message": "env Select map in order: episode=100, map_id=1 from map_list=[1, 2, 3, 4, 5, 6, 7, 8, 9, 10]", "file": "data_handler.py", "line": "148", "module": "env", "process": "data_handler", "function": "handle_usr_conf", "stack": "", "pid": 97}
{"time": "2026-04-18 12:06:08.760601", "level": "INFO", "message": "env data_handler finish success", "file": "data_handler.py", "line": "189", "module": "env", "process": "data_handler", "function": "finish", "stack": "", "pid": 97}
{"time": "2026-04-18 12:06:08.761200", "level": "INFO", "message": "env env run once episode done, process_run_count is 81584", "file": "remote_env_server.py", "line": "298", "module": "env", "process": "remote_env_server", "function": "run_once", "stack": "", "pid": 97}
{"time": "2026-04-18 12:06:08.802824", "level": "INFO", "message": "env env recv reset message", "file": "remote_env_server.py", "line": "282", "module": "env", "process": "remote_env_server", "function": "run_once", "stack": "", "pid": 97}
{"time": "2026-04-18 12:06:08.805119", "level": "INFO", "message": "env Select map in order: episode=101, map_id=2 from map_list=[1, 2, 3, 4, 5, 6, 7, 8, 9, 10]", "file": "data_handler.py", "line": "148", "module": "env", "process": "data_handler", "function": "handle_usr_conf", "stack": "", "pid": 97}
{"time": "2026-04-18 12:06:15.890226", "level": "INFO", "message": "env data_handler finish success", "file": "data_handler.py", "line": "189", "module": "env", "process": "data_handler", "function": "finish", "stack": "", "pid": 97}
{"time": "2026-04-18 12:06:15.890843", "level": "INFO", "message": "env env run once episode done, process_run_count is 82585", "file": "remote_env_server.py", "line": "298", "module": "env", "process": "remote_env_server", "function": "run_once", "stack": "", "pid": 97}
{"time": "2026-04-18 12:06:15.939495", "level": "INFO", "message": "env env recv reset message", "file": "remote_env_server.py", "line": "282", "module": "env", "process": "remote_env_server", "function": "run_once", "stack": "", "pid": 97}
{"time": "2026-04-18 12:06:15.940362", "level": "INFO", "message": "env Select map in order: episode=102, map_id=3 from map_list=[1, 2, 3, 4, 5, 6, 7, 8, 9, 10]", "file": "data_handler.py", "line": "148", "module": "env", "process": "data_handler", "function": "handle_usr_conf", "stack": "", "pid": 97}
{"time": "2026-04-18 12:06:17.033862", "level": "INFO", "message": "env data_handler finish success", "file": "data_handler.py", "line": "189", "module": "env", "process": "data_handler", "function": "finish", "stack": "", "pid": 97}
{"time": "2026-04-18 12:06:17.034563", "level": "INFO", "message": "env env run once episode done, process_run_count is 82698", "file": "remote_env_server.py", "line": "298", "module": "env", "process": "remote_env_server", "function": "run_once", "stack": "", "pid": 97}
{"time": "2026-04-18 12:06:17.040778", "level": "INFO", "message": "env env recv reset message", "file": "remote_env_server.py", "line": "282", "module": "env", "process": "remote_env_server", "function": "run_once", "stack": "", "pid": 97}
{"time": "2026-04-18 12:06:17.041559", "level": "INFO", "message": "env Select map in order: episode=103, map_id=4 from map_list=[1, 2, 3, 4, 5, 6, 7, 8, 9, 10]", "file": "data_handler.py", "line": "148", "module": "env", "process": "data_handler", "function": "handle_usr_conf", "stack": "", "pid": 97}
{"time": "2026-04-18 12:06:19.835075", "level": "INFO", "message": "env data_handler finish success", "file": "data_handler.py", "line": "189", "module": "env", "process": "data_handler", "function": "finish", "stack": "", "pid": 97}
{"time": "2026-04-18 12:06:19.835750", "level": "INFO", "message": "env env run once episode done, process_run_count is 83021", "file": "remote_env_server.py", "line": "298", "module": "env", "process": "remote_env_server", "function": "run_once", "stack": "", "pid": 97}
{"time": "2026-04-18 12:06:19.850570", "level": "INFO", "message": "env env recv reset message", "file": "remote_env_server.py", "line": "282", "module": "env", "process": "remote_env_server", "function": "run_once", "stack": "", "pid": 97}
{"time": "2026-04-18 12:06:19.851542", "level": "INFO", "message": "env Select map in order: episode=104, map_id=5 from map_list=[1, 2, 3, 4, 5, 6, 7, 8, 9, 10]", "file": "data_handler.py", "line": "148", "module": "env", "process": "data_handler", "function": "handle_usr_conf", "stack": "", "pid": 97}
{"time": "2026-04-18 12:06:21.642460", "level": "INFO", "message": "env data_handler finish success", "file": "data_handler.py", "line": "189", "module": "env", "process": "data_handler", "function": "finish", "stack": "", "pid": 97}
{"time": "2026-04-18 12:06:21.643054", "level": "INFO", "message": "env env run once episode done, process_run_count is 83222", "file": "remote_env_server.py", "line": "298", "module": "env", "process": "remote_env_server", "function": "run_once", "stack": "", "pid": 97}
{"time": "2026-04-18 12:06:21.654363", "level": "INFO", "message": "env env recv reset message", "file": "remote_env_server.py", "line": "282", "module": "env", "process": "remote_env_server", "function": "run_once", "stack": "", "pid": 97}
{"time": "2026-04-18 12:06:21.655120", "level": "INFO", "message": "env Select map in order: episode=105, map_id=6 from map_list=[1, 2, 3, 4, 5, 6, 7, 8, 9, 10]", "file": "data_handler.py", "line": "148", "module": "env", "process": "data_handler", "function": "handle_usr_conf", "stack": "", "pid": 97}
{"time": "2026-04-18 12:06:29.419661", "level": "INFO", "message": "env data_handler finish success", "file": "data_handler.py", "line": "189", "module": "env", "process": "data_handler", "function": "finish", "stack": "", "pid": 97}
{"time": "2026-04-18 12:06:29.420274", "level": "INFO", "message": "env env run once episode done, process_run_count is 84215", "file": "remote_env_server.py", "line": "298", "module": "env", "process": "remote_env_server", "function": "run_once", "stack": "", "pid": 97}
{"time": "2026-04-18 12:06:29.470272", "level": "INFO", "message": "env env recv reset message", "file": "remote_env_server.py", "line": "282", "module": "env", "process": "remote_env_server", "function": "run_once", "stack": "", "pid": 97}
{"time": "2026-04-18 12:06:29.471041", "level": "INFO", "message": "env Select map in order: episode=106, map_id=7 from map_list=[1, 2, 3, 4, 5, 6, 7, 8, 9, 10]", "file": "data_handler.py", "line": "148", "module": "env", "process": "data_handler", "function": "handle_usr_conf", "stack": "", "pid": 97}
{"time": "2026-04-18 12:06:31.791009", "level": "INFO", "message": "env data_handler finish success", "file": "data_handler.py", "line": "189", "module": "env", "process": "data_handler", "function": "finish", "stack": "", "pid": 97}
{"time": "2026-04-18 12:06:31.795444", "level": "INFO", "message": "env env run once episode done, process_run_count is 84476", "file": "remote_env_server.py", "line": "298", "module": "env", "process": "remote_env_server", "function": "run_once", "stack": "", "pid": 97}
{"time": "2026-04-18 12:06:31.808303", "level": "INFO", "message": "env env recv reset message", "file": "remote_env_server.py", "line": "282", "module": "env", "process": "remote_env_server", "function": "run_once", "stack": "", "pid": 97}
{"time": "2026-04-18 12:06:31.809067", "level": "INFO", "message": "env Select map in order: episode=107, map_id=8 from map_list=[1, 2, 3, 4, 5, 6, 7, 8, 9, 10]", "file": "data_handler.py", "line": "148", "module": "env", "process": "data_handler", "function": "handle_usr_conf", "stack": "", "pid": 97}
{"time": "2026-04-18 12:06:39.703847", "level": "INFO", "message": "env finish monitor_data is {'total_score': 831, 'clean_score': 831, 'total_map': 10, 'map_random': 0, 'map_code': 8, 'max_steps': 1000, 'finished_steps': 1000, 'total_charger': 4, 'charge_count': 9, 'remaining_charge': 98}", "file": "monitor_helper.py", "line": "95", "module": "env", "process": "monitor_helper", "function": "finish", "stack": "", "pid": 97}
{"time": "2026-04-18 12:06:39.704541", "level": "INFO", "message": "env data_handler finish success", "file": "data_handler.py", "line": "189", "module": "env", "process": "data_handler", "function": "finish", "stack": "", "pid": 97}
{"time": "2026-04-18 12:06:39.705141", "level": "INFO", "message": "env env run once episode done, process_run_count is 85477", "file": "remote_env_server.py", "line": "298", "module": "env", "process": "remote_env_server", "function": "run_once", "stack": "", "pid": 97}
{"time": "2026-04-18 12:06:39.761009", "level": "INFO", "message": "env env recv reset message", "file": "remote_env_server.py", "line": "282", "module": "env", "process": "remote_env_server", "function": "run_once", "stack": "", "pid": 97}
{"time": "2026-04-18 12:06:39.761694", "level": "INFO", "message": "env Select map in order: episode=108, map_id=9 from map_list=[1, 2, 3, 4, 5, 6, 7, 8, 9, 10]", "file": "data_handler.py", "line": "148", "module": "env", "process": "data_handler", "function": "handle_usr_conf", "stack": "", "pid": 97}
{"time": "2026-04-18 12:06:46.886779", "level": "INFO", "message": "env data_handler finish success", "file": "data_handler.py", "line": "189", "module": "env", "process": "data_handler", "function": "finish", "stack": "", "pid": 97}
{"time": "2026-04-18 12:06:46.887323", "level": "INFO", "message": "env env run once episode done, process_run_count is 86397", "file": "remote_env_server.py", "line": "298", "module": "env", "process": "remote_env_server", "function": "run_once", "stack": "", "pid": 97}
{"time": "2026-04-18 12:06:46.927762", "level": "INFO", "message": "env env recv reset message", "file": "remote_env_server.py", "line": "282", "module": "env", "process": "remote_env_server", "function": "run_once", "stack": "", "pid": 97}
{"time": "2026-04-18 12:06:46.928485", "level": "INFO", "message": "env Select map in order: episode=109, map_id=10 from map_list=[1, 2, 3, 4, 5, 6, 7, 8, 9, 10]", "file": "data_handler.py", "line": "148", "module": "env", "process": "data_handler", "function": "handle_usr_conf", "stack": "", "pid": 97}
{"time": "2026-04-18 12:06:52.291185", "level": "INFO", "message": "env data_handler finish success", "file": "data_handler.py", "line": "189", "module": "env", "process": "data_handler", "function": "finish", "stack": "", "pid": 97}
{"time": "2026-04-18 12:06:52.292021", "level": "INFO", "message": "env env run once episode done, process_run_count is 87092", "file": "remote_env_server.py", "line": "298", "module": "env", "process": "remote_env_server", "function": "run_once", "stack": "", "pid": 97}
{"time": "2026-04-18 12:06:52.323669", "level": "INFO", "message": "env env recv reset message", "file": "remote_env_server.py", "line": "282", "module": "env", "process": "remote_env_server", "function": "run_once", "stack": "", "pid": 97}
{"time": "2026-04-18 12:06:52.324531", "level": "INFO", "message": "env Select map in order: episode=110, map_id=1 from map_list=[1, 2, 3, 4, 5, 6, 7, 8, 9, 10]", "file": "data_handler.py", "line": "148", "module": "env", "process": "data_handler", "function": "handle_usr_conf", "stack": "", "pid": 97}
{"time": "2026-04-18 12:06:59.211845", "level": "INFO", "message": "env data_handler finish success", "file": "data_handler.py", "line": "189", "module": "env", "process": "data_handler", "function": "finish", "stack": "", "pid": 97}
{"time": "2026-04-18 12:06:59.212546", "level": "INFO", "message": "env env run once episode done, process_run_count is 88093", "file": "remote_env_server.py", "line": "298", "module": "env", "process": "remote_env_server", "function": "run_once", "stack": "", "pid": 97}
{"time": "2026-04-18 12:06:59.261596", "level": "INFO", "message": "env env recv reset message", "file": "remote_env_server.py", "line": "282", "module": "env", "process": "remote_env_server", "function": "run_once", "stack": "", "pid": 97}
{"time": "2026-04-18 12:06:59.262466", "level": "INFO", "message": "env Select map in order: episode=111, map_id=2 from map_list=[1, 2, 3, 4, 5, 6, 7, 8, 9, 10]", "file": "data_handler.py", "line": "148", "module": "env", "process": "data_handler", "function": "handle_usr_conf", "stack": "", "pid": 97}
{"time": "2026-04-18 12:07:03.655782", "level": "INFO", "message": "env data_handler finish success", "file": "data_handler.py", "line": "189", "module": "env", "process": "data_handler", "function": "finish", "stack": "", "pid": 97}
{"time": "2026-04-18 12:07:03.656648", "level": "INFO", "message": "env env run once episode done, process_run_count is 88642", "file": "remote_env_server.py", "line": "298", "module": "env", "process": "remote_env_server", "function": "run_once", "stack": "", "pid": 97}
{"time": "2026-04-18 12:07:03.675527", "level": "INFO", "message": "env env recv reset message", "file": "remote_env_server.py", "line": "282", "module": "env", "process": "remote_env_server", "function": "run_once", "stack": "", "pid": 97}
{"time": "2026-04-18 12:07:03.676179", "level": "INFO", "message": "env Select map in order: episode=112, map_id=3 from map_list=[1, 2, 3, 4, 5, 6, 7, 8, 9, 10]", "file": "data_handler.py", "line": "148", "module": "env", "process": "data_handler", "function": "handle_usr_conf", "stack": "", "pid": 97}
{"time": "2026-04-18 12:07:10.112583", "level": "INFO", "message": "env data_handler finish success", "file": "data_handler.py", "line": "189", "module": "env", "process": "data_handler", "function": "finish", "stack": "", "pid": 97}
{"time": "2026-04-18 12:07:10.113118", "level": "INFO", "message": "env env run once episode done, process_run_count is 89459", "file": "remote_env_server.py", "line": "298", "module": "env", "process": "remote_env_server", "function": "run_once", "stack": "", "pid": 97}
{"time": "2026-04-18 12:07:10.150413", "level": "INFO", "message": "env env recv reset message", "file": "remote_env_server.py", "line": "282", "module": "env", "process": "remote_env_server", "function": "run_once", "stack": "", "pid": 97}
{"time": "2026-04-18 12:07:10.151198", "level": "INFO", "message": "env Select map in order: episode=113, map_id=4 from map_list=[1, 2, 3, 4, 5, 6, 7, 8, 9, 10]", "file": "data_handler.py", "line": "148", "module": "env", "process": "data_handler", "function": "handle_usr_conf", "stack": "", "pid": 97}
{"time": "2026-04-18 12:07:15.581311", "level": "INFO", "message": "env data_handler finish success", "file": "data_handler.py", "line": "189", "module": "env", "process": "data_handler", "function": "finish", "stack": "", "pid": 97}
{"time": "2026-04-18 12:07:15.582366", "level": "INFO", "message": "env env run once episode done, process_run_count is 90158", "file": "remote_env_server.py", "line": "298", "module": "env", "process": "remote_env_server", "function": "run_once", "stack": "", "pid": 97}
{"time": "2026-04-18 12:07:15.620132", "level": "INFO", "message": "env env recv reset message", "file": "remote_env_server.py", "line": "282", "module": "env", "process": "remote_env_server", "function": "run_once", "stack": "", "pid": 97}
{"time": "2026-04-18 12:07:15.621004", "level": "INFO", "message": "env Select map in order: episode=114, map_id=5 from map_list=[1, 2, 3, 4, 5, 6, 7, 8, 9, 10]", "file": "data_handler.py", "line": "148", "module": "env", "process": "data_handler", "function": "handle_usr_conf", "stack": "", "pid": 97}
{"time": "2026-04-18 12:07:23.428841", "level": "INFO", "message": "env data_handler finish success", "file": "data_handler.py", "line": "189", "module": "env", "process": "data_handler", "function": "finish", "stack": "", "pid": 97}
{"time": "2026-04-18 12:07:23.429487", "level": "INFO", "message": "env env run once episode done, process_run_count is 91159", "file": "remote_env_server.py", "line": "298", "module": "env", "process": "remote_env_server", "function": "run_once", "stack": "", "pid": 97}
{"time": "2026-04-18 12:07:23.482280", "level": "INFO", "message": "env env recv reset message", "file": "remote_env_server.py", "line": "282", "module": "env", "process": "remote_env_server", "function": "run_once", "stack": "", "pid": 97}
{"time": "2026-04-18 12:07:23.483111", "level": "INFO", "message": "env Select map in order: episode=115, map_id=6 from map_list=[1, 2, 3, 4, 5, 6, 7, 8, 9, 10]", "file": "data_handler.py", "line": "148", "module": "env", "process": "data_handler", "function": "handle_usr_conf", "stack": "", "pid": 97}
{"time": "2026-04-18 12:07:30.358181", "level": "INFO", "message": "env data_handler finish success", "file": "data_handler.py", "line": "189", "module": "env", "process": "data_handler", "function": "finish", "stack": "", "pid": 97}
{"time": "2026-04-18 12:07:30.358904", "level": "INFO", "message": "env env run once episode done, process_run_count is 92160", "file": "remote_env_server.py", "line": "298", "module": "env", "process": "remote_env_server", "function": "run_once", "stack": "", "pid": 97}
{"time": "2026-04-18 12:07:30.406763", "level": "INFO", "message": "env env recv reset message", "file": "remote_env_server.py", "line": "282", "module": "env", "process": "remote_env_server", "function": "run_once", "stack": "", "pid": 97}
{"time": "2026-04-18 12:07:30.407403", "level": "INFO", "message": "env Select map in order: episode=116, map_id=7 from map_list=[1, 2, 3, 4, 5, 6, 7, 8, 9, 10]", "file": "data_handler.py", "line": "148", "module": "env", "process": "data_handler", "function": "handle_usr_conf", "stack": "", "pid": 97}
{"time": "2026-04-18 12:07:38.151760", "level": "INFO", "message": "env data_handler finish success", "file": "data_handler.py", "line": "189", "module": "env", "process": "data_handler", "function": "finish", "stack": "", "pid": 97}
{"time": "2026-04-18 12:07:38.152522", "level": "INFO", "message": "env env run once episode done, process_run_count is 93161", "file": "remote_env_server.py", "line": "298", "module": "env", "process": "remote_env_server", "function": "run_once", "stack": "", "pid": 97}
{"time": "2026-04-18 12:07:38.201059", "level": "INFO", "message": "env env recv reset message", "file": "remote_env_server.py", "line": "282", "module": "env", "process": "remote_env_server", "function": "run_once", "stack": "", "pid": 97}
{"time": "2026-04-18 12:07:38.202005", "level": "INFO", "message": "env Select map in order: episode=117, map_id=8 from map_list=[1, 2, 3, 4, 5, 6, 7, 8, 9, 10]", "file": "data_handler.py", "line": "148", "module": "env", "process": "data_handler", "function": "handle_usr_conf", "stack": "", "pid": 97}
{"time": "2026-04-18 12:07:41.333859", "level": "INFO", "message": "env finish monitor_data is {'total_score': 275, 'clean_score': 275, 'total_map': 10, 'map_random': 0, 'map_code': 8, 'max_steps': 1000, 'finished_steps': 371, 'total_charger': 4, 'charge_count': 2, 'remaining_charge': 0}", "file": "monitor_helper.py", "line": "95", "module": "env", "process": "monitor_helper", "function": "finish", "stack": "", "pid": 97}
{"time": "2026-04-18 12:07:41.334488", "level": "INFO", "message": "env data_handler finish success", "file": "data_handler.py", "line": "189", "module": "env", "process": "data_handler", "function": "finish", "stack": "", "pid": 97}
{"time": "2026-04-18 12:07:41.335254", "level": "INFO", "message": "env env run once episode done, process_run_count is 93533", "file": "remote_env_server.py", "line": "298", "module": "env", "process": "remote_env_server", "function": "run_once", "stack": "", "pid": 97}
{"time": "2026-04-18 12:07:41.356341", "level": "INFO", "message": "env env recv reset message", "file": "remote_env_server.py", "line": "282", "module": "env", "process": "remote_env_server", "function": "run_once", "stack": "", "pid": 97}
{"time": "2026-04-18 12:07:41.357108", "level": "INFO", "message": "env Select map in order: episode=118, map_id=9 from map_list=[1, 2, 3, 4, 5, 6, 7, 8, 9, 10]", "file": "data_handler.py", "line": "148", "module": "env", "process": "data_handler", "function": "handle_usr_conf", "stack": "", "pid": 97}
{"time": "2026-04-18 12:07:49.335497", "level": "INFO", "message": "env data_handler finish success", "file": "data_handler.py", "line": "189", "module": "env", "process": "data_handler", "function": "finish", "stack": "", "pid": 97}
{"time": "2026-04-18 12:07:49.336273", "level": "INFO", "message": "env env run once episode done, process_run_count is 94534", "file": "remote_env_server.py", "line": "298", "module": "env", "process": "remote_env_server", "function": "run_once", "stack": "", "pid": 97}
{"time": "2026-04-18 12:07:49.383086", "level": "INFO", "message": "env env recv reset message", "file": "remote_env_server.py", "line": "282", "module": "env", "process": "remote_env_server", "function": "run_once", "stack": "", "pid": 97}
{"time": "2026-04-18 12:07:49.384046", "level": "INFO", "message": "env Select map in order: episode=119, map_id=10 from map_list=[1, 2, 3, 4, 5, 6, 7, 8, 9, 10]", "file": "data_handler.py", "line": "148", "module": "env", "process": "data_handler", "function": "handle_usr_conf", "stack": "", "pid": 97}
{"time": "2026-04-18 12:07:56.191970", "level": "INFO", "message": "env data_handler finish success", "file": "data_handler.py", "line": "189", "module": "env", "process": "data_handler", "function": "finish", "stack": "", "pid": 97}
{"time": "2026-04-18 12:07:56.192779", "level": "INFO", "message": "env env run once episode done, process_run_count is 95535", "file": "remote_env_server.py", "line": "298", "module": "env", "process": "remote_env_server", "function": "run_once", "stack": "", "pid": 97}
{"time": "2026-04-18 12:07:56.241399", "level": "INFO", "message": "env env recv reset message", "file": "remote_env_server.py", "line": "282", "module": "env", "process": "remote_env_server", "function": "run_once", "stack": "", "pid": 97}
{"time": "2026-04-18 12:07:56.242169", "level": "INFO", "message": "env Select map in order: episode=120, map_id=1 from map_list=[1, 2, 3, 4, 5, 6, 7, 8, 9, 10]", "file": "data_handler.py", "line": "148", "module": "env", "process": "data_handler", "function": "handle_usr_conf", "stack": "", "pid": 97}
{"time": "2026-04-18 12:08:04.089838", "level": "INFO", "message": "env data_handler finish success", "file": "data_handler.py", "line": "189", "module": "env", "process": "data_handler", "function": "finish", "stack": "", "pid": 97}
{"time": "2026-04-18 12:08:04.090381", "level": "INFO", "message": "env env run once episode done, process_run_count is 96536", "file": "remote_env_server.py", "line": "298", "module": "env", "process": "remote_env_server", "function": "run_once", "stack": "", "pid": 97}
{"time": "2026-04-18 12:08:04.135985", "level": "INFO", "message": "env env recv reset message", "file": "remote_env_server.py", "line": "282", "module": "env", "process": "remote_env_server", "function": "run_once", "stack": "", "pid": 97}
{"time": "2026-04-18 12:08:04.136708", "level": "INFO", "message": "env Select map in order: episode=121, map_id=2 from map_list=[1, 2, 3, 4, 5, 6, 7, 8, 9, 10]", "file": "data_handler.py", "line": "148", "module": "env", "process": "data_handler", "function": "handle_usr_conf", "stack": "", "pid": 97}
{"time": "2026-04-18 12:08:10.229687", "level": "INFO", "message": "env data_handler finish success", "file": "data_handler.py", "line": "189", "module": "env", "process": "data_handler", "function": "finish", "stack": "", "pid": 97}
{"time": "2026-04-18 12:08:10.230290", "level": "INFO", "message": "env env run once episode done, process_run_count is 97304", "file": "remote_env_server.py", "line": "298", "module": "env", "process": "remote_env_server", "function": "run_once", "stack": "", "pid": 97}
{"time": "2026-04-18 12:08:10.267910", "level": "INFO", "message": "env env recv reset message", "file": "remote_env_server.py", "line": "282", "module": "env", "process": "remote_env_server", "function": "run_once", "stack": "", "pid": 97}
{"time": "2026-04-18 12:08:10.268781", "level": "INFO", "message": "env Select map in order: episode=122, map_id=3 from map_list=[1, 2, 3, 4, 5, 6, 7, 8, 9, 10]", "file": "data_handler.py", "line": "148", "module": "env", "process": "data_handler", "function": "handle_usr_conf", "stack": "", "pid": 97}
{"time": "2026-04-18 12:08:18.059143", "level": "INFO", "message": "env data_handler finish success", "file": "data_handler.py", "line": "189", "module": "env", "process": "data_handler", "function": "finish", "stack": "", "pid": 97}
{"time": "2026-04-18 12:08:18.059808", "level": "INFO", "message": "env env run once episode done, process_run_count is 98305", "file": "remote_env_server.py", "line": "298", "module": "env", "process": "remote_env_server", "function": "run_once", "stack": "", "pid": 97}
{"time": "2026-04-18 12:08:18.126387", "level": "INFO", "message": "env env recv reset message", "file": "remote_env_server.py", "line": "282", "module": "env", "process": "remote_env_server", "function": "run_once", "stack": "", "pid": 97}
{"time": "2026-04-18 12:08:18.127280", "level": "INFO", "message": "env Select map in order: episode=123, map_id=4 from map_list=[1, 2, 3, 4, 5, 6, 7, 8, 9, 10]", "file": "data_handler.py", "line": "148", "module": "env", "process": "data_handler", "function": "handle_usr_conf", "stack": "", "pid": 97}
{"time": "2026-04-18 12:08:19.873780", "level": "INFO", "message": "env data_handler finish success", "file": "data_handler.py", "line": "189", "module": "env", "process": "data_handler", "function": "finish", "stack": "", "pid": 97}
{"time": "2026-04-18 12:08:19.874404", "level": "INFO", "message": "env env run once episode done, process_run_count is 98506", "file": "remote_env_server.py", "line": "298", "module": "env", "process": "remote_env_server", "function": "run_once", "stack": "", "pid": 97}
{"time": "2026-04-18 12:08:19.884789", "level": "INFO", "message": "env env recv reset message", "file": "remote_env_server.py", "line": "282", "module": "env", "process": "remote_env_server", "function": "run_once", "stack": "", "pid": 97}
{"time": "2026-04-18 12:08:19.885498", "level": "INFO", "message": "env Select map in order: episode=124, map_id=5 from map_list=[1, 2, 3, 4, 5, 6, 7, 8, 9, 10]", "file": "data_handler.py", "line": "148", "module": "env", "process": "data_handler", "function": "handle_usr_conf", "stack": "", "pid": 97}
{"time": "2026-04-18 12:08:26.643876", "level": "INFO", "message": "env data_handler finish success", "file": "data_handler.py", "line": "189", "module": "env", "process": "data_handler", "function": "finish", "stack": "", "pid": 97}
{"time": "2026-04-18 12:08:26.644742", "level": "INFO", "message": "env env run once episode done, process_run_count is 99507", "file": "remote_env_server.py", "line": "298", "module": "env", "process": "remote_env_server", "function": "run_once", "stack": "", "pid": 97}
{"time": "2026-04-18 12:08:26.698674", "level": "INFO", "message": "env env recv reset message", "file": "remote_env_server.py", "line": "282", "module": "env", "process": "remote_env_server", "function": "run_once", "stack": "", "pid": 97}
{"time": "2026-04-18 12:08:26.699461", "level": "INFO", "message": "env Select map in order: episode=125, map_id=6 from map_list=[1, 2, 3, 4, 5, 6, 7, 8, 9, 10]", "file": "data_handler.py", "line": "148", "module": "env", "process": "data_handler", "function": "handle_usr_conf", "stack": "", "pid": 97}
{"time": "2026-04-18 12:08:30.561317", "level": "INFO", "message": "env data_handler finish success", "file": "data_handler.py", "line": "189", "module": "env", "process": "data_handler", "function": "finish", "stack": "", "pid": 97}
{"time": "2026-04-18 12:08:30.561920", "level": "INFO", "message": "env env run once episode done, process_run_count is 99988", "file": "remote_env_server.py", "line": "298", "module": "env", "process": "remote_env_server", "function": "run_once", "stack": "", "pid": 97}
{"time": "2026-04-18 12:08:30.584493", "level": "INFO", "message": "env env recv reset message", "file": "remote_env_server.py", "line": "282", "module": "env", "process": "remote_env_server", "function": "run_once", "stack": "", "pid": 97}
{"time": "2026-04-18 12:08:30.585316", "level": "INFO", "message": "env Select map in order: episode=126, map_id=7 from map_list=[1, 2, 3, 4, 5, 6, 7, 8, 9, 10]", "file": "data_handler.py", "line": "148", "module": "env", "process": "data_handler", "function": "handle_usr_conf", "stack": "", "pid": 97}
{"time": "2026-04-18 12:08:38.348996", "level": "INFO", "message": "env data_handler finish success", "file": "data_handler.py", "line": "189", "module": "env", "process": "data_handler", "function": "finish", "stack": "", "pid": 97}
{"time": "2026-04-18 12:08:38.349556", "level": "INFO", "message": "env env run once episode done, process_run_count is 100989", "file": "remote_env_server.py", "line": "298", "module": "env", "process": "remote_env_server", "function": "run_once", "stack": "", "pid": 97}
{"time": "2026-04-18 12:08:38.393459", "level": "INFO", "message": "env env recv reset message", "file": "remote_env_server.py", "line": "282", "module": "env", "process": "remote_env_server", "function": "run_once", "stack": "", "pid": 97}
{"time": "2026-04-18 12:08:38.394195", "level": "INFO", "message": "env Select map in order: episode=127, map_id=8 from map_list=[1, 2, 3, 4, 5, 6, 7, 8, 9, 10]", "file": "data_handler.py", "line": "148", "module": "env", "process": "data_handler", "function": "handle_usr_conf", "stack": "", "pid": 97}
{"time": "2026-04-18 12:08:42.443778", "level": "INFO", "message": "env finish monitor_data is {'total_score': 389, 'clean_score': 389, 'total_map': 10, 'map_random': 0, 'map_code': 8, 'max_steps': 1000, 'finished_steps': 501, 'total_charger': 4, 'charge_count': 3, 'remaining_charge': 0}", "file": "monitor_helper.py", "line": "95", "module": "env", "process": "monitor_helper", "function": "finish", "stack": "", "pid": 97}
{"time": "2026-04-18 12:08:42.444321", "level": "INFO", "message": "env data_handler finish success", "file": "data_handler.py", "line": "189", "module": "env", "process": "data_handler", "function": "finish", "stack": "", "pid": 97}
{"time": "2026-04-18 12:08:42.444830", "level": "INFO", "message": "env env run once episode done, process_run_count is 101491", "file": "remote_env_server.py", "line": "298", "module": "env", "process": "remote_env_server", "function": "run_once", "stack": "", "pid": 97}
{"time": "2026-04-18 12:08:42.466799", "level": "INFO", "message": "env env recv reset message", "file": "remote_env_server.py", "line": "282", "module": "env", "process": "remote_env_server", "function": "run_once", "stack": "", "pid": 97}
{"time": "2026-04-18 12:08:42.467601", "level": "INFO", "message": "env Select map in order: episode=128, map_id=9 from map_list=[1, 2, 3, 4, 5, 6, 7, 8, 9, 10]", "file": "data_handler.py", "line": "148", "module": "env", "process": "data_handler", "function": "handle_usr_conf", "stack": "", "pid": 97}
{"time": "2026-04-18 12:08:50.318293", "level": "INFO", "message": "env data_handler finish success", "file": "data_handler.py", "line": "189", "module": "env", "process": "data_handler", "function": "finish", "stack": "", "pid": 97}
{"time": "2026-04-18 12:08:50.318935", "level": "INFO", "message": "env env run once episode done, process_run_count is 102492", "file": "remote_env_server.py", "line": "298", "module": "env", "process": "remote_env_server", "function": "run_once", "stack": "", "pid": 97}
{"time": "2026-04-18 12:08:50.366186", "level": "INFO", "message": "env env recv reset message", "file": "remote_env_server.py", "line": "282", "module": "env", "process": "remote_env_server", "function": "run_once", "stack": "", "pid": 97}
{"time": "2026-04-18 12:08:50.367211", "level": "INFO", "message": "env Select map in order: episode=129, map_id=10 from map_list=[1, 2, 3, 4, 5, 6, 7, 8, 9, 10]", "file": "data_handler.py", "line": "148", "module": "env", "process": "data_handler", "function": "handle_usr_conf", "stack": "", "pid": 97}
{"time": "2026-04-18 12:08:54.015342", "level": "INFO", "message": "env data_handler finish success", "file": "data_handler.py", "line": "189", "module": "env", "process": "data_handler", "function": "finish", "stack": "", "pid": 97}
{"time": "2026-04-18 12:08:54.016067", "level": "INFO", "message": "env env run once episode done, process_run_count is 103014", "file": "remote_env_server.py", "line": "298", "module": "env", "process": "remote_env_server", "function": "run_once", "stack": "", "pid": 97}
{"time": "2026-04-18 12:08:54.037611", "level": "INFO", "message": "env env recv reset message", "file": "remote_env_server.py", "line": "282", "module": "env", "process": "remote_env_server", "function": "run_once", "stack": "", "pid": 97}
{"time": "2026-04-18 12:08:54.038404", "level": "INFO", "message": "env Select map in order: episode=130, map_id=1 from map_list=[1, 2, 3, 4, 5, 6, 7, 8, 9, 10]", "file": "data_handler.py", "line": "148", "module": "env", "process": "data_handler", "function": "handle_usr_conf", "stack": "", "pid": 97}
{"time": "2026-04-18 12:09:01.795355", "level": "INFO", "message": "env data_handler finish success", "file": "data_handler.py", "line": "189", "module": "env", "process": "data_handler", "function": "finish", "stack": "", "pid": 97}
{"time": "2026-04-18 12:09:01.796026", "level": "INFO", "message": "env env run once episode done, process_run_count is 104015", "file": "remote_env_server.py", "line": "298", "module": "env", "process": "remote_env_server", "function": "run_once", "stack": "", "pid": 97}
{"time": "2026-04-18 12:09:01.834827", "level": "INFO", "message": "env env recv reset message", "file": "remote_env_server.py", "line": "282", "module": "env", "process": "remote_env_server", "function": "run_once", "stack": "", "pid": 97}
{"time": "2026-04-18 12:09:01.835674", "level": "INFO", "message": "env Select map in order: episode=131, map_id=2 from map_list=[1, 2, 3, 4, 5, 6, 7, 8, 9, 10]", "file": "data_handler.py", "line": "148", "module": "env", "process": "data_handler", "function": "handle_usr_conf", "stack": "", "pid": 97}
{"time": "2026-04-18 12:09:07.485484", "level": "INFO", "message": "env data_handler finish success", "file": "data_handler.py", "line": "189", "module": "env", "process": "data_handler", "function": "finish", "stack": "", "pid": 97}
{"time": "2026-04-18 12:09:07.486216", "level": "INFO", "message": "env env run once episode done, process_run_count is 104877", "file": "remote_env_server.py", "line": "298", "module": "env", "process": "remote_env_server", "function": "run_once", "stack": "", "pid": 97}
{"time": "2026-04-18 12:09:07.523073", "level": "INFO", "message": "env env recv reset message", "file": "remote_env_server.py", "line": "282", "module": "env", "process": "remote_env_server", "function": "run_once", "stack": "", "pid": 97}
{"time": "2026-04-18 12:09:07.523956", "level": "INFO", "message": "env Select map in order: episode=132, map_id=3 from map_list=[1, 2, 3, 4, 5, 6, 7, 8, 9, 10]", "file": "data_handler.py", "line": "148", "module": "env", "process": "data_handler", "function": "handle_usr_conf", "stack": "", "pid": 97}
{"time": "2026-04-18 12:09:15.375616", "level": "INFO", "message": "env data_handler finish success", "file": "data_handler.py", "line": "189", "module": "env", "process": "data_handler", "function": "finish", "stack": "", "pid": 97}
{"time": "2026-04-18 12:09:15.376471", "level": "INFO", "message": "env env run once episode done, process_run_count is 105878", "file": "remote_env_server.py", "line": "298", "module": "env", "process": "remote_env_server", "function": "run_once", "stack": "", "pid": 97}
{"time": "2026-04-18 12:09:15.421247", "level": "INFO", "message": "env env recv reset message", "file": "remote_env_server.py", "line": "282", "module": "env", "process": "remote_env_server", "function": "run_once", "stack": "", "pid": 97}
{"time": "2026-04-18 12:09:15.422056", "level": "INFO", "message": "env Select map in order: episode=133, map_id=4 from map_list=[1, 2, 3, 4, 5, 6, 7, 8, 9, 10]", "file": "data_handler.py", "line": "148", "module": "env", "process": "data_handler", "function": "handle_usr_conf", "stack": "", "pid": 97}
{"time": "2026-04-18 12:09:16.816018", "level": "INFO", "message": "env data_handler finish success", "file": "data_handler.py", "line": "189", "module": "env", "process": "data_handler", "function": "finish", "stack": "", "pid": 97}
{"time": "2026-04-18 12:09:16.816652", "level": "INFO", "message": "env env run once episode done, process_run_count is 106033", "file": "remote_env_server.py", "line": "298", "module": "env", "process": "remote_env_server", "function": "run_once", "stack": "", "pid": 97}
{"time": "2026-04-18 12:09:16.825550", "level": "INFO", "message": "env env recv reset message", "file": "remote_env_server.py", "line": "282", "module": "env", "process": "remote_env_server", "function": "run_once", "stack": "", "pid": 97}
{"time": "2026-04-18 12:09:16.826770", "level": "INFO", "message": "env Select map in order: episode=134, map_id=5 from map_list=[1, 2, 3, 4, 5, 6, 7, 8, 9, 10]", "file": "data_handler.py", "line": "148", "module": "env", "process": "data_handler", "function": "handle_usr_conf", "stack": "", "pid": 97}
{"time": "2026-04-18 12:09:22.492581", "level": "INFO", "message": "env data_handler finish success", "file": "data_handler.py", "line": "189", "module": "env", "process": "data_handler", "function": "finish", "stack": "", "pid": 97}
{"time": "2026-04-18 12:09:22.493185", "level": "INFO", "message": "env env run once episode done, process_run_count is 106819", "file": "remote_env_server.py", "line": "298", "module": "env", "process": "remote_env_server", "function": "run_once", "stack": "", "pid": 97}
{"time": "2026-04-18 12:09:22.532968", "level": "INFO", "message": "env env recv reset message", "file": "remote_env_server.py", "line": "282", "module": "env", "process": "remote_env_server", "function": "run_once", "stack": "", "pid": 97}
{"time": "2026-04-18 12:09:22.533715", "level": "INFO", "message": "env Select map in order: episode=135, map_id=6 from map_list=[1, 2, 3, 4, 5, 6, 7, 8, 9, 10]", "file": "data_handler.py", "line": "148", "module": "env", "process": "data_handler", "function": "handle_usr_conf", "stack": "", "pid": 97}
{"time": "2026-04-18 12:09:30.295489", "level": "INFO", "message": "env data_handler finish success", "file": "data_handler.py", "line": "189", "module": "env", "process": "data_handler", "function": "finish", "stack": "", "pid": 97}
{"time": "2026-04-18 12:09:30.296103", "level": "INFO", "message": "env env run once episode done, process_run_count is 107820", "file": "remote_env_server.py", "line": "298", "module": "env", "process": "remote_env_server", "function": "run_once", "stack": "", "pid": 97}
{"time": "2026-04-18 12:09:30.350266", "level": "INFO", "message": "env env recv reset message", "file": "remote_env_server.py", "line": "282", "module": "env", "process": "remote_env_server", "function": "run_once", "stack": "", "pid": 97}
{"time": "2026-04-18 12:09:30.351006", "level": "INFO", "message": "env Select map in order: episode=136, map_id=7 from map_list=[1, 2, 3, 4, 5, 6, 7, 8, 9, 10]", "file": "data_handler.py", "line": "148", "module": "env", "process": "data_handler", "function": "handle_usr_conf", "stack": "", "pid": 97}
{"time": "2026-04-18 12:09:32.749783", "level": "INFO", "message": "env data_handler finish success", "file": "data_handler.py", "line": "189", "module": "env", "process": "data_handler", "function": "finish", "stack": "", "pid": 97}
{"time": "2026-04-18 12:09:32.750550", "level": "INFO", "message": "env env run once episode done, process_run_count is 108110", "file": "remote_env_server.py", "line": "298", "module": "env", "process": "remote_env_server", "function": "run_once", "stack": "", "pid": 97}
{"time": "2026-04-18 12:09:32.764318", "level": "INFO", "message": "env env recv reset message", "file": "remote_env_server.py", "line": "282", "module": "env", "process": "remote_env_server", "function": "run_once", "stack": "", "pid": 97}
{"time": "2026-04-18 12:09:32.765084", "level": "INFO", "message": "env Select map in order: episode=137, map_id=8 from map_list=[1, 2, 3, 4, 5, 6, 7, 8, 9, 10]", "file": "data_handler.py", "line": "148", "module": "env", "process": "data_handler", "function": "handle_usr_conf", "stack": "", "pid": 97}
{"time": "2026-04-18 12:09:40.509264", "level": "INFO", "message": "env data_handler finish success", "file": "data_handler.py", "line": "189", "module": "env", "process": "data_handler", "function": "finish", "stack": "", "pid": 97}
{"time": "2026-04-18 12:09:40.509886", "level": "INFO", "message": "env env run once episode done, process_run_count is 109111", "file": "remote_env_server.py", "line": "298", "module": "env", "process": "remote_env_server", "function": "run_once", "stack": "", "pid": 97}
{"time": "2026-04-18 12:09:40.559768", "level": "INFO", "message": "env env recv reset message", "file": "remote_env_server.py", "line": "282", "module": "env", "process": "remote_env_server", "function": "run_once", "stack": "", "pid": 97}
{"time": "2026-04-18 12:09:40.560502", "level": "INFO", "message": "env Select map in order: episode=138, map_id=9 from map_list=[1, 2, 3, 4, 5, 6, 7, 8, 9, 10]", "file": "data_handler.py", "line": "148", "module": "env", "process": "data_handler", "function": "handle_usr_conf", "stack": "", "pid": 97}
{"time": "2026-04-18 12:09:44.039399", "level": "INFO", "message": "env finish monitor_data is {'total_score': 370, 'clean_score': 370, 'total_map': 10, 'map_random': 0, 'map_code': 9, 'max_steps': 1000, 'finished_steps': 442, 'total_charger': 4, 'charge_count': 2, 'remaining_charge': 0}", "file": "monitor_helper.py", "line": "95", "module": "env", "process": "monitor_helper", "function": "finish", "stack": "", "pid": 97}
{"time": "2026-04-18 12:09:44.039914", "level": "INFO", "message": "env data_handler finish success", "file": "data_handler.py", "line": "189", "module": "env", "process": "data_handler", "function": "finish", "stack": "", "pid": 97}
{"time": "2026-04-18 12:09:44.040569", "level": "INFO", "message": "env env run once episode done, process_run_count is 109554", "file": "remote_env_server.py", "line": "298", "module": "env", "process": "remote_env_server", "function": "run_once", "stack": "", "pid": 97}
{"time": "2026-04-18 12:09:44.058148", "level": "INFO", "message": "env env recv reset message", "file": "remote_env_server.py", "line": "282", "module": "env", "process": "remote_env_server", "function": "run_once", "stack": "", "pid": 97}
{"time": "2026-04-18 12:09:44.059057", "level": "INFO", "message": "env Select map in order: episode=139, map_id=10 from map_list=[1, 2, 3, 4, 5, 6, 7, 8, 9, 10]", "file": "data_handler.py", "line": "148", "module": "env", "process": "data_handler", "function": "handle_usr_conf", "stack": "", "pid": 97}
{"time": "2026-04-18 12:09:50.872968", "level": "INFO", "message": "env data_handler finish success", "file": "data_handler.py", "line": "189", "module": "env", "process": "data_handler", "function": "finish", "stack": "", "pid": 97}
{"time": "2026-04-18 12:09:50.873695", "level": "INFO", "message": "env env run once episode done, process_run_count is 110555", "file": "remote_env_server.py", "line": "298", "module": "env", "process": "remote_env_server", "function": "run_once", "stack": "", "pid": 97}
{"time": "2026-04-18 12:09:50.929533", "level": "INFO", "message": "env env recv reset message", "file": "remote_env_server.py", "line": "282", "module": "env", "process": "remote_env_server", "function": "run_once", "stack": "", "pid": 97}
{"time": "2026-04-18 12:09:50.930405", "level": "INFO", "message": "env Select map in order: episode=140, map_id=1 from map_list=[1, 2, 3, 4, 5, 6, 7, 8, 9, 10]", "file": "data_handler.py", "line": "148", "module": "env", "process": "data_handler", "function": "handle_usr_conf", "stack": "", "pid": 97}
{"time": "2026-04-18 12:09:56.922024", "level": "INFO", "message": "env data_handler finish success", "file": "data_handler.py", "line": "189", "module": "env", "process": "data_handler", "function": "finish", "stack": "", "pid": 97}
{"time": "2026-04-18 12:09:56.922721", "level": "INFO", "message": "env env run once episode done, process_run_count is 111310", "file": "remote_env_server.py", "line": "298", "module": "env", "process": "remote_env_server", "function": "run_once", "stack": "", "pid": 97}
{"time": "2026-04-18 12:09:56.955886", "level": "INFO", "message": "env env recv reset message", "file": "remote_env_server.py", "line": "282", "module": "env", "process": "remote_env_server", "function": "run_once", "stack": "", "pid": 97}
{"time": "2026-04-18 12:09:56.956557", "level": "INFO", "message": "env Select map in order: episode=141, map_id=2 from map_list=[1, 2, 3, 4, 5, 6, 7, 8, 9, 10]", "file": "data_handler.py", "line": "148", "module": "env", "process": "data_handler", "function": "handle_usr_conf", "stack": "", "pid": 97}
{"time": "2026-04-18 12:10:04.655989", "level": "INFO", "message": "env data_handler finish success", "file": "data_handler.py", "line": "189", "module": "env", "process": "data_handler", "function": "finish", "stack": "", "pid": 97}
{"time": "2026-04-18 12:10:04.658299", "level": "INFO", "message": "env env run once episode done, process_run_count is 112311", "file": "remote_env_server.py", "line": "298", "module": "env", "process": "remote_env_server", "function": "run_once", "stack": "", "pid": 97}
{"time": "2026-04-18 12:10:04.705329", "level": "INFO", "message": "env env recv reset message", "file": "remote_env_server.py", "line": "282", "module": "env", "process": "remote_env_server", "function": "run_once", "stack": "", "pid": 97}
{"time": "2026-04-18 12:10:04.706149", "level": "INFO", "message": "env Select map in order: episode=142, map_id=3 from map_list=[1, 2, 3, 4, 5, 6, 7, 8, 9, 10]", "file": "data_handler.py", "line": "148", "module": "env", "process": "data_handler", "function": "handle_usr_conf", "stack": "", "pid": 97}
{"time": "2026-04-18 12:10:12.595275", "level": "INFO", "message": "env data_handler finish success", "file": "data_handler.py", "line": "189", "module": "env", "process": "data_handler", "function": "finish", "stack": "", "pid": 97}
{"time": "2026-04-18 12:10:12.595864", "level": "INFO", "message": "env env run once episode done, process_run_count is 113312", "file": "remote_env_server.py", "line": "298", "module": "env", "process": "remote_env_server", "function": "run_once", "stack": "", "pid": 97}
{"time": "2026-04-18 12:10:12.644198", "level": "INFO", "message": "env env recv reset message", "file": "remote_env_server.py", "line": "282", "module": "env", "process": "remote_env_server", "function": "run_once", "stack": "", "pid": 97}
{"time": "2026-04-18 12:10:12.644986", "level": "INFO", "message": "env Select map in order: episode=143, map_id=4 from map_list=[1, 2, 3, 4, 5, 6, 7, 8, 9, 10]", "file": "data_handler.py", "line": "148", "module": "env", "process": "data_handler", "function": "handle_usr_conf", "stack": "", "pid": 97}
{"time": "2026-04-18 12:10:16.055768", "level": "INFO", "message": "env data_handler finish success", "file": "data_handler.py", "line": "189", "module": "env", "process": "data_handler", "function": "finish", "stack": "", "pid": 97}
{"time": "2026-04-18 12:10:16.056575", "level": "INFO", "message": "env env run once episode done, process_run_count is 113731", "file": "remote_env_server.py", "line": "298", "module": "env", "process": "remote_env_server", "function": "run_once", "stack": "", "pid": 97}
{"time": "2026-04-18 12:10:16.074073", "level": "INFO", "message": "env env recv reset message", "file": "remote_env_server.py", "line": "282", "module": "env", "process": "remote_env_server", "function": "run_once", "stack": "", "pid": 97}
{"time": "2026-04-18 12:10:16.074841", "level": "INFO", "message": "env Select map in order: episode=144, map_id=5 from map_list=[1, 2, 3, 4, 5, 6, 7, 8, 9, 10]", "file": "data_handler.py", "line": "148", "module": "env", "process": "data_handler", "function": "handle_usr_conf", "stack": "", "pid": 97}
{"time": "2026-04-18 12:10:22.837440", "level": "INFO", "message": "env data_handler finish success", "file": "data_handler.py", "line": "189", "module": "env", "process": "data_handler", "function": "finish", "stack": "", "pid": 97}
{"time": "2026-04-18 12:10:22.838242", "level": "INFO", "message": "env env run once episode done, process_run_count is 114732", "file": "remote_env_server.py", "line": "298", "module": "env", "process": "remote_env_server", "function": "run_once", "stack": "", "pid": 97}
{"time": "2026-04-18 12:10:22.882954", "level": "INFO", "message": "env env recv reset message", "file": "remote_env_server.py", "line": "282", "module": "env", "process": "remote_env_server", "function": "run_once", "stack": "", "pid": 97}
{"time": "2026-04-18 12:10:22.883827", "level": "INFO", "message": "env Select map in order: episode=145, map_id=6 from map_list=[1, 2, 3, 4, 5, 6, 7, 8, 9, 10]", "file": "data_handler.py", "line": "148", "module": "env", "process": "data_handler", "function": "handle_usr_conf", "stack": "", "pid": 97}
{"time": "2026-04-18 12:10:30.756642", "level": "INFO", "message": "env data_handler finish success", "file": "data_handler.py", "line": "189", "module": "env", "process": "data_handler", "function": "finish", "stack": "", "pid": 97}
{"time": "2026-04-18 12:10:30.757333", "level": "INFO", "message": "env env run once episode done, process_run_count is 115733", "file": "remote_env_server.py", "line": "298", "module": "env", "process": "remote_env_server", "function": "run_once", "stack": "", "pid": 97}
{"time": "2026-04-18 12:10:30.819345", "level": "INFO", "message": "env env recv reset message", "file": "remote_env_server.py", "line": "282", "module": "env", "process": "remote_env_server", "function": "run_once", "stack": "", "pid": 97}
{"time": "2026-04-18 12:10:30.820141", "level": "INFO", "message": "env Select map in order: episode=146, map_id=7 from map_list=[1, 2, 3, 4, 5, 6, 7, 8, 9, 10]", "file": "data_handler.py", "line": "148", "module": "env", "process": "data_handler", "function": "handle_usr_conf", "stack": "", "pid": 97}
{"time": "2026-04-18 12:10:32.538643", "level": "INFO", "message": "env data_handler finish success", "file": "data_handler.py", "line": "189", "module": "env", "process": "data_handler", "function": "finish", "stack": "", "pid": 97}
{"time": "2026-04-18 12:10:32.539478", "level": "INFO", "message": "env env run once episode done, process_run_count is 115934", "file": "remote_env_server.py", "line": "298", "module": "env", "process": "remote_env_server", "function": "run_once", "stack": "", "pid": 97}
{"time": "2026-04-18 12:10:32.548084", "level": "INFO", "message": "env env recv reset message", "file": "remote_env_server.py", "line": "282", "module": "env", "process": "remote_env_server", "function": "run_once", "stack": "", "pid": 97}
{"time": "2026-04-18 12:10:32.548852", "level": "INFO", "message": "env Select map in order: episode=147, map_id=8 from map_list=[1, 2, 3, 4, 5, 6, 7, 8, 9, 10]", "file": "data_handler.py", "line": "148", "module": "env", "process": "data_handler", "function": "handle_usr_conf", "stack": "", "pid": 97}
{"time": "2026-04-18 12:10:36.600502", "level": "INFO", "message": "env data_handler finish success", "file": "data_handler.py", "line": "189", "module": "env", "process": "data_handler", "function": "finish", "stack": "", "pid": 97}
{"time": "2026-04-18 12:10:36.601099", "level": "INFO", "message": "env env run once episode done, process_run_count is 116446", "file": "remote_env_server.py", "line": "298", "module": "env", "process": "remote_env_server", "function": "run_once", "stack": "", "pid": 97}
{"time": "2026-04-18 12:10:36.625511", "level": "INFO", "message": "env env recv reset message", "file": "remote_env_server.py", "line": "282", "module": "env", "process": "remote_env_server", "function": "run_once", "stack": "", "pid": 97}
{"time": "2026-04-18 12:10:36.626454", "level": "INFO", "message": "env Select map in order: episode=148, map_id=9 from map_list=[1, 2, 3, 4, 5, 6, 7, 8, 9, 10]", "file": "data_handler.py", "line": "148", "module": "env", "process": "data_handler", "function": "handle_usr_conf", "stack": "", "pid": 97}
{"time": "2026-04-18 12:10:44.712752", "level": "INFO", "message": "env finish monitor_data is {'total_score': 900, 'clean_score': 900, 'total_map': 10, 'map_random': 0, 'map_code': 9, 'max_steps': 1000, 'finished_steps': 1000, 'total_charger': 4, 'charge_count': 9, 'remaining_charge': 81}", "file": "monitor_helper.py", "line": "95", "module": "env", "process": "monitor_helper", "function": "finish", "stack": "", "pid": 97}
{"time": "2026-04-18 12:10:44.713316", "level": "INFO", "message": "env data_handler finish success", "file": "data_handler.py", "line": "189", "module": "env", "process": "data_handler", "function": "finish", "stack": "", "pid": 97}
{"time": "2026-04-18 12:10:44.713897", "level": "INFO", "message": "env env run once episode done, process_run_count is 117447", "file": "remote_env_server.py", "line": "298", "module": "env", "process": "remote_env_server", "function": "run_once", "stack": "", "pid": 97}
{"time": "2026-04-18 12:10:44.758724", "level": "INFO", "message": "env env recv reset message", "file": "remote_env_server.py", "line": "282", "module": "env", "process": "remote_env_server", "function": "run_once", "stack": "", "pid": 97}
{"time": "2026-04-18 12:10:44.759440", "level": "INFO", "message": "env Select map in order: episode=149, map_id=10 from map_list=[1, 2, 3, 4, 5, 6, 7, 8, 9, 10]", "file": "data_handler.py", "line": "148", "module": "env", "process": "data_handler", "function": "handle_usr_conf", "stack": "", "pid": 97}
{"time": "2026-04-18 12:10:51.780046", "level": "INFO", "message": "env data_handler finish success", "file": "data_handler.py", "line": "189", "module": "env", "process": "data_handler", "function": "finish", "stack": "", "pid": 97}
{"time": "2026-04-18 12:10:51.782222", "level": "INFO", "message": "env env run once episode done, process_run_count is 118448", "file": "remote_env_server.py", "line": "298", "module": "env", "process": "remote_env_server", "function": "run_once", "stack": "", "pid": 97}
{"time": "2026-04-18 12:10:51.821513", "level": "INFO", "message": "env env recv reset message", "file": "remote_env_server.py", "line": "282", "module": "env", "process": "remote_env_server", "function": "run_once", "stack": "", "pid": 97}
{"time": "2026-04-18 12:10:51.822382", "level": "INFO", "message": "env Select map in order: episode=150, map_id=1 from map_list=[1, 2, 3, 4, 5, 6, 7, 8, 9, 10]", "file": "data_handler.py", "line": "148", "module": "env", "process": "data_handler", "function": "handle_usr_conf", "stack": "", "pid": 97}
{"time": "2026-04-18 12:10:55.600319", "level": "INFO", "message": "env data_handler finish success", "file": "data_handler.py", "line": "189", "module": "env", "process": "data_handler", "function": "finish", "stack": "", "pid": 97}
{"time": "2026-04-18 12:10:55.600770", "level": "INFO", "message": "env env run once episode done, process_run_count is 118917", "file": "remote_env_server.py", "line": "298", "module": "env", "process": "remote_env_server", "function": "run_once", "stack": "", "pid": 97}
{"time": "2026-04-18 12:10:55.627847", "level": "INFO", "message": "env env recv reset message", "file": "remote_env_server.py", "line": "282", "module": "env", "process": "remote_env_server", "function": "run_once", "stack": "", "pid": 97}
{"time": "2026-04-18 12:10:55.628572", "level": "INFO", "message": "env Select map in order: episode=151, map_id=2 from map_list=[1, 2, 3, 4, 5, 6, 7, 8, 9, 10]", "file": "data_handler.py", "line": "148", "module": "env", "process": "data_handler", "function": "handle_usr_conf", "stack": "", "pid": 97}
{"time": "2026-04-18 12:11:03.424085", "level": "INFO", "message": "env data_handler finish success", "file": "data_handler.py", "line": "189", "module": "env", "process": "data_handler", "function": "finish", "stack": "", "pid": 97}
{"time": "2026-04-18 12:11:03.424657", "level": "INFO", "message": "env env run once episode done, process_run_count is 119918", "file": "remote_env_server.py", "line": "298", "module": "env", "process": "remote_env_server", "function": "run_once", "stack": "", "pid": 97}
{"time": "2026-04-18 12:11:03.469291", "level": "INFO", "message": "env env recv reset message", "file": "remote_env_server.py", "line": "282", "module": "env", "process": "remote_env_server", "function": "run_once", "stack": "", "pid": 97}
{"time": "2026-04-18 12:11:03.470104", "level": "INFO", "message": "env Select map in order: episode=152, map_id=3 from map_list=[1, 2, 3, 4, 5, 6, 7, 8, 9, 10]", "file": "data_handler.py", "line": "148", "module": "env", "process": "data_handler", "function": "handle_usr_conf", "stack": "", "pid": 97}
{"time": "2026-04-18 12:11:08.086479", "level": "INFO", "message": "env data_handler finish success", "file": "data_handler.py", "line": "189", "module": "env", "process": "data_handler", "function": "finish", "stack": "", "pid": 97}
{"time": "2026-04-18 12:11:08.087065", "level": "INFO", "message": "env env run once episode done, process_run_count is 120500", "file": "remote_env_server.py", "line": "298", "module": "env", "process": "remote_env_server", "function": "run_once", "stack": "", "pid": 97}
{"time": "2026-04-18 12:11:08.117739", "level": "INFO", "message": "env env recv reset message", "file": "remote_env_server.py", "line": "282", "module": "env", "process": "remote_env_server", "function": "run_once", "stack": "", "pid": 97}
{"time": "2026-04-18 12:11:08.118455", "level": "INFO", "message": "env Select map in order: episode=153, map_id=4 from map_list=[1, 2, 3, 4, 5, 6, 7, 8, 9, 10]", "file": "data_handler.py", "line": "148", "module": "env", "process": "data_handler", "function": "handle_usr_conf", "stack": "", "pid": 97}
{"time": "2026-04-18 12:11:12.876673", "level": "INFO", "message": "env data_handler finish success", "file": "data_handler.py", "line": "189", "module": "env", "process": "data_handler", "function": "finish", "stack": "", "pid": 97}
{"time": "2026-04-18 12:11:12.877496", "level": "INFO", "message": "env env run once episode done, process_run_count is 121097", "file": "remote_env_server.py", "line": "298", "module": "env", "process": "remote_env_server", "function": "run_once", "stack": "", "pid": 97}
{"time": "2026-04-18 12:11:12.902220", "level": "INFO", "message": "env env recv reset message", "file": "remote_env_server.py", "line": "282", "module": "env", "process": "remote_env_server", "function": "run_once", "stack": "", "pid": 97}
{"time": "2026-04-18 12:11:12.903069", "level": "INFO", "message": "env Select map in order: episode=154, map_id=5 from map_list=[1, 2, 3, 4, 5, 6, 7, 8, 9, 10]", "file": "data_handler.py", "line": "148", "module": "env", "process": "data_handler", "function": "handle_usr_conf", "stack": "", "pid": 97}
{"time": "2026-04-18 12:11:19.722532", "level": "INFO", "message": "env data_handler finish success", "file": "data_handler.py", "line": "189", "module": "env", "process": "data_handler", "function": "finish", "stack": "", "pid": 97}
{"time": "2026-04-18 12:11:19.723111", "level": "INFO", "message": "env env run once episode done, process_run_count is 122098", "file": "remote_env_server.py", "line": "298", "module": "env", "process": "remote_env_server", "function": "run_once", "stack": "", "pid": 97}
{"time": "2026-04-18 12:11:19.769926", "level": "INFO", "message": "env env recv reset message", "file": "remote_env_server.py", "line": "282", "module": "env", "process": "remote_env_server", "function": "run_once", "stack": "", "pid": 97}
{"time": "2026-04-18 12:11:19.770520", "level": "INFO", "message": "env Select map in order: episode=155, map_id=6 from map_list=[1, 2, 3, 4, 5, 6, 7, 8, 9, 10]", "file": "data_handler.py", "line": "148", "module": "env", "process": "data_handler", "function": "handle_usr_conf", "stack": "", "pid": 97}
{"time": "2026-04-18 12:11:27.541843", "level": "INFO", "message": "env data_handler finish success", "file": "data_handler.py", "line": "189", "module": "env", "process": "data_handler", "function": "finish", "stack": "", "pid": 97}
{"time": "2026-04-18 12:11:27.542372", "level": "INFO", "message": "env env run once episode done, process_run_count is 123099", "file": "remote_env_server.py", "line": "298", "module": "env", "process": "remote_env_server", "function": "run_once", "stack": "", "pid": 97}
{"time": "2026-04-18 12:11:27.593007", "level": "INFO", "message": "env env recv reset message", "file": "remote_env_server.py", "line": "282", "module": "env", "process": "remote_env_server", "function": "run_once", "stack": "", "pid": 97}
{"time": "2026-04-18 12:11:27.593883", "level": "INFO", "message": "env Select map in order: episode=156, map_id=7 from map_list=[1, 2, 3, 4, 5, 6, 7, 8, 9, 10]", "file": "data_handler.py", "line": "148", "module": "env", "process": "data_handler", "function": "handle_usr_conf", "stack": "", "pid": 97}
{"time": "2026-04-18 12:11:29.283182", "level": "INFO", "message": "env data_handler finish success", "file": "data_handler.py", "line": "189", "module": "env", "process": "data_handler", "function": "finish", "stack": "", "pid": 97}
{"time": "2026-04-18 12:11:29.283904", "level": "INFO", "message": "env env run once episode done, process_run_count is 123300", "file": "remote_env_server.py", "line": "298", "module": "env", "process": "remote_env_server", "function": "run_once", "stack": "", "pid": 97}
{"time": "2026-04-18 12:11:29.296706", "level": "INFO", "message": "env env recv reset message", "file": "remote_env_server.py", "line": "282", "module": "env", "process": "remote_env_server", "function": "run_once", "stack": "", "pid": 97}
{"time": "2026-04-18 12:11:29.298699", "level": "INFO", "message": "env Select map in order: episode=157, map_id=8 from map_list=[1, 2, 3, 4, 5, 6, 7, 8, 9, 10]", "file": "data_handler.py", "line": "148", "module": "env", "process": "data_handler", "function": "handle_usr_conf", "stack": "", "pid": 97}
{"time": "2026-04-18 12:11:37.133603", "level": "INFO", "message": "env data_handler finish success", "file": "data_handler.py", "line": "189", "module": "env", "process": "data_handler", "function": "finish", "stack": "", "pid": 97}
{"time": "2026-04-18 12:11:37.134232", "level": "INFO", "message": "env env run once episode done, process_run_count is 124301", "file": "remote_env_server.py", "line": "298", "module": "env", "process": "remote_env_server", "function": "run_once", "stack": "", "pid": 97}
{"time": "2026-04-18 12:11:37.181394", "level": "INFO", "message": "env env recv reset message", "file": "remote_env_server.py", "line": "282", "module": "env", "process": "remote_env_server", "function": "run_once", "stack": "", "pid": 97}
{"time": "2026-04-18 12:11:37.182188", "level": "INFO", "message": "env Select map in order: episode=158, map_id=9 from map_list=[1, 2, 3, 4, 5, 6, 7, 8, 9, 10]", "file": "data_handler.py", "line": "148", "module": "env", "process": "data_handler", "function": "handle_usr_conf", "stack": "", "pid": 97}
{"time": "2026-04-18 12:11:44.797948", "level": "INFO", "message": "env finish monitor_data is {'total_score': 847, 'clean_score': 847, 'total_map': 10, 'map_random': 0, 'map_code': 9, 'max_steps': 1000, 'finished_steps': 1000, 'total_charger': 4, 'charge_count': 9, 'remaining_charge': 169}", "file": "monitor_helper.py", "line": "95", "module": "env", "process": "monitor_helper", "function": "finish", "stack": "", "pid": 97}
{"time": "2026-04-18 12:11:44.798723", "level": "INFO", "message": "env data_handler finish success", "file": "data_handler.py", "line": "189", "module": "env", "process": "data_handler", "function": "finish", "stack": "", "pid": 97}
{"time": "2026-04-18 12:11:44.799408", "level": "INFO", "message": "env env run once episode done, process_run_count is 125302", "file": "remote_env_server.py", "line": "298", "module": "env", "process": "remote_env_server", "function": "run_once", "stack": "", "pid": 97}
{"time": "2026-04-18 12:11:44.848698", "level": "INFO", "message": "env env recv reset message", "file": "remote_env_server.py", "line": "282", "module": "env", "process": "remote_env_server", "function": "run_once", "stack": "", "pid": 97}
{"time": "2026-04-18 12:11:44.849282", "level": "INFO", "message": "env Select map in order: episode=159, map_id=10 from map_list=[1, 2, 3, 4, 5, 6, 7, 8, 9, 10]", "file": "data_handler.py", "line": "148", "module": "env", "process": "data_handler", "function": "handle_usr_conf", "stack": "", "pid": 97}
{"time": "2026-04-18 12:11:51.205472", "level": "INFO", "message": "env data_handler finish success", "file": "data_handler.py", "line": "189", "module": "env", "process": "data_handler", "function": "finish", "stack": "", "pid": 97}
{"time": "2026-04-18 12:11:51.206075", "level": "INFO", "message": "env env run once episode done, process_run_count is 126303", "file": "remote_env_server.py", "line": "298", "module": "env", "process": "remote_env_server", "function": "run_once", "stack": "", "pid": 97}
{"time": "2026-04-18 12:11:51.240180", "level": "INFO", "message": "env env recv reset message", "file": "remote_env_server.py", "line": "282", "module": "env", "process": "remote_env_server", "function": "run_once", "stack": "", "pid": 97}
{"time": "2026-04-18 12:11:51.240883", "level": "INFO", "message": "env Select map in order: episode=160, map_id=1 from map_list=[1, 2, 3, 4, 5, 6, 7, 8, 9, 10]", "file": "data_handler.py", "line": "148", "module": "env", "process": "data_handler", "function": "handle_usr_conf", "stack": "", "pid": 97}
{"time": "2026-04-18 12:11:58.576169", "level": "INFO", "message": "env data_handler finish success", "file": "data_handler.py", "line": "189", "module": "env", "process": "data_handler", "function": "finish", "stack": "", "pid": 97}
{"time": "2026-04-18 12:11:58.578158", "level": "INFO", "message": "env env run once episode done, process_run_count is 127280", "file": "remote_env_server.py", "line": "298", "module": "env", "process": "remote_env_server", "function": "run_once", "stack": "", "pid": 97}
{"time": "2026-04-18 12:11:58.614109", "level": "INFO", "message": "env env recv reset message", "file": "remote_env_server.py", "line": "282", "module": "env", "process": "remote_env_server", "function": "run_once", "stack": "", "pid": 97}
{"time": "2026-04-18 12:11:58.614907", "level": "INFO", "message": "env Select map in order: episode=161, map_id=2 from map_list=[1, 2, 3, 4, 5, 6, 7, 8, 9, 10]", "file": "data_handler.py", "line": "148", "module": "env", "process": "data_handler", "function": "handle_usr_conf", "stack": "", "pid": 97}
{"time": "2026-04-18 12:12:03.921568", "level": "INFO", "message": "env data_handler finish success", "file": "data_handler.py", "line": "189", "module": "env", "process": "data_handler", "function": "finish", "stack": "", "pid": 97}
{"time": "2026-04-18 12:12:03.922154", "level": "INFO", "message": "env env run once episode done, process_run_count is 127993", "file": "remote_env_server.py", "line": "298", "module": "env", "process": "remote_env_server", "function": "run_once", "stack": "", "pid": 97}
{"time": "2026-04-18 12:12:03.949432", "level": "INFO", "message": "env env recv reset message", "file": "remote_env_server.py", "line": "282", "module": "env", "process": "remote_env_server", "function": "run_once", "stack": "", "pid": 97}
{"time": "2026-04-18 12:12:03.952023", "level": "INFO", "message": "env Select map in order: episode=162, map_id=3 from map_list=[1, 2, 3, 4, 5, 6, 7, 8, 9, 10]", "file": "data_handler.py", "line": "148", "module": "env", "process": "data_handler", "function": "handle_usr_conf", "stack": "", "pid": 97}
{"time": "2026-04-18 12:12:09.214236", "level": "INFO", "message": "env data_handler finish success", "file": "data_handler.py", "line": "189", "module": "env", "process": "data_handler", "function": "finish", "stack": "", "pid": 97}
{"time": "2026-04-18 12:12:09.214796", "level": "INFO", "message": "env env run once episode done, process_run_count is 128697", "file": "remote_env_server.py", "line": "298", "module": "env", "process": "remote_env_server", "function": "run_once", "stack": "", "pid": 97}
{"time": "2026-04-18 12:12:09.241736", "level": "INFO", "message": "env env recv reset message", "file": "remote_env_server.py", "line": "282", "module": "env", "process": "remote_env_server", "function": "run_once", "stack": "", "pid": 97}
{"time": "2026-04-18 12:12:09.242420", "level": "INFO", "message": "env Select map in order: episode=163, map_id=4 from map_list=[1, 2, 3, 4, 5, 6, 7, 8, 9, 10]", "file": "data_handler.py", "line": "148", "module": "env", "process": "data_handler", "function": "handle_usr_conf", "stack": "", "pid": 97}
{"time": "2026-04-18 12:12:15.753478", "level": "INFO", "message": "env data_handler finish success", "file": "data_handler.py", "line": "189", "module": "env", "process": "data_handler", "function": "finish", "stack": "", "pid": 97}
{"time": "2026-04-18 12:12:15.754247", "level": "INFO", "message": "env env run once episode done, process_run_count is 129698", "file": "remote_env_server.py", "line": "298", "module": "env", "process": "remote_env_server", "function": "run_once", "stack": "", "pid": 97}
{"time": "2026-04-18 12:12:15.789091", "level": "INFO", "message": "env env recv reset message", "file": "remote_env_server.py", "line": "282", "module": "env", "process": "remote_env_server", "function": "run_once", "stack": "", "pid": 97}
{"time": "2026-04-18 12:12:15.789768", "level": "INFO", "message": "env Select map in order: episode=164, map_id=5 from map_list=[1, 2, 3, 4, 5, 6, 7, 8, 9, 10]", "file": "data_handler.py", "line": "148", "module": "env", "process": "data_handler", "function": "handle_usr_conf", "stack": "", "pid": 97}
{"time": "2026-04-18 12:12:23.170614", "level": "INFO", "message": "env data_handler finish success", "file": "data_handler.py", "line": "189", "module": "env", "process": "data_handler", "function": "finish", "stack": "", "pid": 97}
{"time": "2026-04-18 12:12:23.171340", "level": "INFO", "message": "env env run once episode done, process_run_count is 130699", "file": "remote_env_server.py", "line": "298", "module": "env", "process": "remote_env_server", "function": "run_once", "stack": "", "pid": 97}
{"time": "2026-04-18 12:12:23.213459", "level": "INFO", "message": "env env recv reset message", "file": "remote_env_server.py", "line": "282", "module": "env", "process": "remote_env_server", "function": "run_once", "stack": "", "pid": 97}
{"time": "2026-04-18 12:12:23.214053", "level": "INFO", "message": "env Select map in order: episode=165, map_id=6 from map_list=[1, 2, 3, 4, 5, 6, 7, 8, 9, 10]", "file": "data_handler.py", "line": "148", "module": "env", "process": "data_handler", "function": "handle_usr_conf", "stack": "", "pid": 97}
{"time": "2026-04-18 12:12:27.288404", "level": "INFO", "message": "env data_handler finish success", "file": "data_handler.py", "line": "189", "module": "env", "process": "data_handler", "function": "finish", "stack": "", "pid": 97}
{"time": "2026-04-18 12:12:27.289132", "level": "INFO", "message": "env env run once episode done, process_run_count is 131245", "file": "remote_env_server.py", "line": "298", "module": "env", "process": "remote_env_server", "function": "run_once", "stack": "", "pid": 97}
{"time": "2026-04-18 12:12:27.310820", "level": "INFO", "message": "env env recv reset message", "file": "remote_env_server.py", "line": "282", "module": "env", "process": "remote_env_server", "function": "run_once", "stack": "", "pid": 97}
{"time": "2026-04-18 12:12:27.311528", "level": "INFO", "message": "env Select map in order: episode=166, map_id=7 from map_list=[1, 2, 3, 4, 5, 6, 7, 8, 9, 10]", "file": "data_handler.py", "line": "148", "module": "env", "process": "data_handler", "function": "handle_usr_conf", "stack": "", "pid": 97}
{"time": "2026-04-18 12:12:32.750826", "level": "INFO", "message": "env data_handler finish success", "file": "data_handler.py", "line": "189", "module": "env", "process": "data_handler", "function": "finish", "stack": "", "pid": 97}
{"time": "2026-04-18 12:12:32.751724", "level": "INFO", "message": "env env run once episode done, process_run_count is 131965", "file": "remote_env_server.py", "line": "298", "module": "env", "process": "remote_env_server", "function": "run_once", "stack": "", "pid": 97}
{"time": "2026-04-18 12:12:32.782932", "level": "INFO", "message": "env env recv reset message", "file": "remote_env_server.py", "line": "282", "module": "env", "process": "remote_env_server", "function": "run_once", "stack": "", "pid": 97}
{"time": "2026-04-18 12:12:32.783809", "level": "INFO", "message": "env Select map in order: episode=167, map_id=8 from map_list=[1, 2, 3, 4, 5, 6, 7, 8, 9, 10]", "file": "data_handler.py", "line": "148", "module": "env", "process": "data_handler", "function": "handle_usr_conf", "stack": "", "pid": 97}
{"time": "2026-04-18 12:12:40.202777", "level": "INFO", "message": "env data_handler finish success", "file": "data_handler.py", "line": "189", "module": "env", "process": "data_handler", "function": "finish", "stack": "", "pid": 97}
{"time": "2026-04-18 12:12:40.203294", "level": "INFO", "message": "env env run once episode done, process_run_count is 132966", "file": "remote_env_server.py", "line": "298", "module": "env", "process": "remote_env_server", "function": "run_once", "stack": "", "pid": 97}
{"time": "2026-04-18 12:12:40.243813", "level": "INFO", "message": "env env recv reset message", "file": "remote_env_server.py", "line": "282", "module": "env", "process": "remote_env_server", "function": "run_once", "stack": "", "pid": 97}
{"time": "2026-04-18 12:12:40.244645", "level": "INFO", "message": "env Select map in order: episode=168, map_id=9 from map_list=[1, 2, 3, 4, 5, 6, 7, 8, 9, 10]", "file": "data_handler.py", "line": "148", "module": "env", "process": "data_handler", "function": "handle_usr_conf", "stack": "", "pid": 97}
{"time": "2026-04-18 12:12:46.741855", "level": "INFO", "message": "env finish monitor_data is {'total_score': 918, 'clean_score': 918, 'total_map': 10, 'map_random': 0, 'map_code': 9, 'max_steps': 1000, 'finished_steps': 1000, 'total_charger': 4, 'charge_count': 9, 'remaining_charge': 67}", "file": "monitor_helper.py", "line": "95", "module": "env", "process": "monitor_helper", "function": "finish", "stack": "", "pid": 97}
{"time": "2026-04-18 12:12:46.742441", "level": "INFO", "message": "env data_handler finish success", "file": "data_handler.py", "line": "189", "module": "env", "process": "data_handler", "function": "finish", "stack": "", "pid": 97}
{"time": "2026-04-18 12:12:46.743016", "level": "INFO", "message": "env env run once episode done, process_run_count is 133967", "file": "remote_env_server.py", "line": "298", "module": "env", "process": "remote_env_server", "function": "run_once", "stack": "", "pid": 97}
{"time": "2026-04-18 12:12:46.781701", "level": "INFO", "message": "env env recv reset message", "file": "remote_env_server.py", "line": "282", "module": "env", "process": "remote_env_server", "function": "run_once", "stack": "", "pid": 97}
{"time": "2026-04-18 12:12:46.782483", "level": "INFO", "message": "env Select map in order: episode=169, map_id=10 from map_list=[1, 2, 3, 4, 5, 6, 7, 8, 9, 10]", "file": "data_handler.py", "line": "148", "module": "env", "process": "data_handler", "function": "handle_usr_conf", "stack": "", "pid": 97}
{"time": "2026-04-18 12:12:54.231742", "level": "INFO", "message": "env data_handler finish success", "file": "data_handler.py", "line": "189", "module": "env", "process": "data_handler", "function": "finish", "stack": "", "pid": 97}
{"time": "2026-04-18 12:12:54.232264", "level": "INFO", "message": "env env run once episode done, process_run_count is 134968", "file": "remote_env_server.py", "line": "298", "module": "env", "process": "remote_env_server", "function": "run_once", "stack": "", "pid": 97}
{"time": "2026-04-18 12:12:54.272273", "level": "INFO", "message": "env env recv reset message", "file": "remote_env_server.py", "line": "282", "module": "env", "process": "remote_env_server", "function": "run_once", "stack": "", "pid": 97}
{"time": "2026-04-18 12:12:54.273311", "level": "INFO", "message": "env Select map in order: episode=170, map_id=1 from map_list=[1, 2, 3, 4, 5, 6, 7, 8, 9, 10]", "file": "data_handler.py", "line": "148", "module": "env", "process": "data_handler", "function": "handle_usr_conf", "stack": "", "pid": 97}
{"time": "2026-04-18 12:13:01.621233", "level": "INFO", "message": "env data_handler finish success", "file": "data_handler.py", "line": "189", "module": "env", "process": "data_handler", "function": "finish", "stack": "", "pid": 97}
{"time": "2026-04-18 12:13:01.621848", "level": "INFO", "message": "env env run once episode done, process_run_count is 135969", "file": "remote_env_server.py", "line": "298", "module": "env", "process": "remote_env_server", "function": "run_once", "stack": "", "pid": 97}
{"time": "2026-04-18 12:13:01.663044", "level": "INFO", "message": "env env recv reset message", "file": "remote_env_server.py", "line": "282", "module": "env", "process": "remote_env_server", "function": "run_once", "stack": "", "pid": 97}
{"time": "2026-04-18 12:13:01.663808", "level": "INFO", "message": "env Select map in order: episode=171, map_id=2 from map_list=[1, 2, 3, 4, 5, 6, 7, 8, 9, 10]", "file": "data_handler.py", "line": "148", "module": "env", "process": "data_handler", "function": "handle_usr_conf", "stack": "", "pid": 97}
{"time": "2026-04-18 12:13:03.466417", "level": "INFO", "message": "env data_handler finish success", "file": "data_handler.py", "line": "189", "module": "env", "process": "data_handler", "function": "finish", "stack": "", "pid": 97}
{"time": "2026-04-18 12:13:03.466984", "level": "INFO", "message": "env env run once episode done, process_run_count is 136193", "file": "remote_env_server.py", "line": "298", "module": "env", "process": "remote_env_server", "function": "run_once", "stack": "", "pid": 97}
{"time": "2026-04-18 12:13:03.476630", "level": "INFO", "message": "env env recv reset message", "file": "remote_env_server.py", "line": "282", "module": "env", "process": "remote_env_server", "function": "run_once", "stack": "", "pid": 97}
{"time": "2026-04-18 12:13:03.479490", "level": "INFO", "message": "env Select map in order: episode=172, map_id=3 from map_list=[1, 2, 3, 4, 5, 6, 7, 8, 9, 10]", "file": "data_handler.py", "line": "148", "module": "env", "process": "data_handler", "function": "handle_usr_conf", "stack": "", "pid": 97}
{"time": "2026-04-18 12:13:10.903783", "level": "INFO", "message": "env data_handler finish success", "file": "data_handler.py", "line": "189", "module": "env", "process": "data_handler", "function": "finish", "stack": "", "pid": 97}
{"time": "2026-04-18 12:13:10.904363", "level": "INFO", "message": "env env run once episode done, process_run_count is 137194", "file": "remote_env_server.py", "line": "298", "module": "env", "process": "remote_env_server", "function": "run_once", "stack": "", "pid": 97}
{"time": "2026-04-18 12:13:10.940464", "level": "INFO", "message": "env env recv reset message", "file": "remote_env_server.py", "line": "282", "module": "env", "process": "remote_env_server", "function": "run_once", "stack": "", "pid": 97}
{"time": "2026-04-18 12:13:10.941247", "level": "INFO", "message": "env Select map in order: episode=173, map_id=4 from map_list=[1, 2, 3, 4, 5, 6, 7, 8, 9, 10]", "file": "data_handler.py", "line": "148", "module": "env", "process": "data_handler", "function": "handle_usr_conf", "stack": "", "pid": 97}
{"time": "2026-04-18 12:13:15.121580", "level": "INFO", "message": "env data_handler finish success", "file": "data_handler.py", "line": "189", "module": "env", "process": "data_handler", "function": "finish", "stack": "", "pid": 97}
{"time": "2026-04-18 12:13:15.122125", "level": "INFO", "message": "env env run once episode done, process_run_count is 137838", "file": "remote_env_server.py", "line": "298", "module": "env", "process": "remote_env_server", "function": "run_once", "stack": "", "pid": 97}
{"time": "2026-04-18 12:13:15.145444", "level": "INFO", "message": "env env recv reset message", "file": "remote_env_server.py", "line": "282", "module": "env", "process": "remote_env_server", "function": "run_once", "stack": "", "pid": 97}
{"time": "2026-04-18 12:13:15.146083", "level": "INFO", "message": "env Select map in order: episode=174, map_id=5 from map_list=[1, 2, 3, 4, 5, 6, 7, 8, 9, 10]", "file": "data_handler.py", "line": "148", "module": "env", "process": "data_handler", "function": "handle_usr_conf", "stack": "", "pid": 97}
{"time": "2026-04-18 12:13:20.678744", "level": "INFO", "message": "env data_handler finish success", "file": "data_handler.py", "line": "189", "module": "env", "process": "data_handler", "function": "finish", "stack": "", "pid": 97}
{"time": "2026-04-18 12:13:20.679529", "level": "INFO", "message": "env env run once episode done, process_run_count is 138578", "file": "remote_env_server.py", "line": "298", "module": "env", "process": "remote_env_server", "function": "run_once", "stack": "", "pid": 97}
{"time": "2026-04-18 12:13:20.712761", "level": "INFO", "message": "env env recv reset message", "file": "remote_env_server.py", "line": "282", "module": "env", "process": "remote_env_server", "function": "run_once", "stack": "", "pid": 97}
{"time": "2026-04-18 12:13:20.715185", "level": "INFO", "message": "env Select map in order: episode=175, map_id=6 from map_list=[1, 2, 3, 4, 5, 6, 7, 8, 9, 10]", "file": "data_handler.py", "line": "148", "module": "env", "process": "data_handler", "function": "handle_usr_conf", "stack": "", "pid": 97}
{"time": "2026-04-18 12:13:25.247786", "level": "INFO", "message": "env data_handler finish success", "file": "data_handler.py", "line": "189", "module": "env", "process": "data_handler", "function": "finish", "stack": "", "pid": 97}
{"time": "2026-04-18 12:13:25.248458", "level": "INFO", "message": "env env run once episode done, process_run_count is 139176", "file": "remote_env_server.py", "line": "298", "module": "env", "process": "remote_env_server", "function": "run_once", "stack": "", "pid": 97}
{"time": "2026-04-18 12:13:25.270341", "level": "INFO", "message": "env env recv reset message", "file": "remote_env_server.py", "line": "282", "module": "env", "process": "remote_env_server", "function": "run_once", "stack": "", "pid": 97}
{"time": "2026-04-18 12:13:25.271104", "level": "INFO", "message": "env Select map in order: episode=176, map_id=7 from map_list=[1, 2, 3, 4, 5, 6, 7, 8, 9, 10]", "file": "data_handler.py", "line": "148", "module": "env", "process": "data_handler", "function": "handle_usr_conf", "stack": "", "pid": 97}
{"time": "2026-04-18 12:13:32.469752", "level": "INFO", "message": "env data_handler finish success", "file": "data_handler.py", "line": "189", "module": "env", "process": "data_handler", "function": "finish", "stack": "", "pid": 97}
{"time": "2026-04-18 12:13:32.473128", "level": "INFO", "message": "env env run once episode done, process_run_count is 140177", "file": "remote_env_server.py", "line": "298", "module": "env", "process": "remote_env_server", "function": "run_once", "stack": "", "pid": 97}
{"time": "2026-04-18 12:13:32.504594", "level": "INFO", "message": "env env recv reset message", "file": "remote_env_server.py", "line": "282", "module": "env", "process": "remote_env_server", "function": "run_once", "stack": "", "pid": 97}
{"time": "2026-04-18 12:13:32.505201", "level": "INFO", "message": "env Select map in order: episode=177, map_id=8 from map_list=[1, 2, 3, 4, 5, 6, 7, 8, 9, 10]", "file": "data_handler.py", "line": "148", "module": "env", "process": "data_handler", "function": "handle_usr_conf", "stack": "", "pid": 97}
{"time": "2026-04-18 12:13:36.396800", "level": "INFO", "message": "env data_handler finish success", "file": "data_handler.py", "line": "189", "module": "env", "process": "data_handler", "function": "finish", "stack": "", "pid": 97}
{"time": "2026-04-18 12:13:36.397292", "level": "INFO", "message": "env env run once episode done, process_run_count is 140715", "file": "remote_env_server.py", "line": "298", "module": "env", "process": "remote_env_server", "function": "run_once", "stack": "", "pid": 97}
{"time": "2026-04-18 12:13:36.419052", "level": "INFO", "message": "env env recv reset message", "file": "remote_env_server.py", "line": "282", "module": "env", "process": "remote_env_server", "function": "run_once", "stack": "", "pid": 97}
{"time": "2026-04-18 12:13:36.419783", "level": "INFO", "message": "env Select map in order: episode=178, map_id=9 from map_list=[1, 2, 3, 4, 5, 6, 7, 8, 9, 10]", "file": "data_handler.py", "line": "148", "module": "env", "process": "data_handler", "function": "handle_usr_conf", "stack": "", "pid": 97}
{"time": "2026-04-18 12:13:40.015410", "level": "INFO", "message": "env data_handler finish success", "file": "data_handler.py", "line": "189", "module": "env", "process": "data_handler", "function": "finish", "stack": "", "pid": 97}
{"time": "2026-04-18 12:13:40.019073", "level": "INFO", "message": "env env run once episode done, process_run_count is 141216", "file": "remote_env_server.py", "line": "298", "module": "env", "process": "remote_env_server", "function": "run_once", "stack": "", "pid": 97}
{"time": "2026-04-18 12:13:40.034005", "level": "INFO", "message": "env env recv reset message", "file": "remote_env_server.py", "line": "282", "module": "env", "process": "remote_env_server", "function": "run_once", "stack": "", "pid": 97}
{"time": "2026-04-18 12:13:40.034985", "level": "INFO", "message": "env Select map in order: episode=179, map_id=10 from map_list=[1, 2, 3, 4, 5, 6, 7, 8, 9, 10]", "file": "data_handler.py", "line": "148", "module": "env", "process": "data_handler", "function": "handle_usr_conf", "stack": "", "pid": 97}
{"time": "2026-04-18 12:13:46.355386", "level": "INFO", "message": "env data_handler finish success", "file": "data_handler.py", "line": "189", "module": "env", "process": "data_handler", "function": "finish", "stack": "", "pid": 97}
{"time": "2026-04-18 12:13:46.356095", "level": "INFO", "message": "env env run once episode done, process_run_count is 142217", "file": "remote_env_server.py", "line": "298", "module": "env", "process": "remote_env_server", "function": "run_once", "stack": "", "pid": 97}
{"time": "2026-04-18 12:13:46.394271", "level": "INFO", "message": "env env recv reset message", "file": "remote_env_server.py", "line": "282", "module": "env", "process": "remote_env_server", "function": "run_once", "stack": "", "pid": 97}
{"time": "2026-04-18 12:13:46.394960", "level": "INFO", "message": "env Select map in order: episode=180, map_id=1 from map_list=[1, 2, 3, 4, 5, 6, 7, 8, 9, 10]", "file": "data_handler.py", "line": "148", "module": "env", "process": "data_handler", "function": "handle_usr_conf", "stack": "", "pid": 97}
{"time": "2026-04-18 12:13:53.345323", "level": "INFO", "message": "env finish monitor_data is {'total_score': 904, 'clean_score': 904, 'total_map': 10, 'map_random': 0, 'map_code': 1, 'max_steps': 1000, 'finished_steps': 1000, 'total_charger': 4, 'charge_count': 9, 'remaining_charge': 109}", "file": "monitor_helper.py", "line": "95", "module": "env", "process": "monitor_helper", "function": "finish", "stack": "", "pid": 97}
{"time": "2026-04-18 12:13:53.346087", "level": "INFO", "message": "env data_handler finish success", "file": "data_handler.py", "line": "189", "module": "env", "process": "data_handler", "function": "finish", "stack": "", "pid": 97}
{"time": "2026-04-18 12:13:53.346693", "level": "INFO", "message": "env env run once episode done, process_run_count is 143218", "file": "remote_env_server.py", "line": "298", "module": "env", "process": "remote_env_server", "function": "run_once", "stack": "", "pid": 97}
{"time": "2026-04-18 12:13:53.384426", "level": "INFO", "message": "env env recv reset message", "file": "remote_env_server.py", "line": "282", "module": "env", "process": "remote_env_server", "function": "run_once", "stack": "", "pid": 97}
{"time": "2026-04-18 12:13:53.385404", "level": "INFO", "message": "env Select map in order: episode=181, map_id=2 from map_list=[1, 2, 3, 4, 5, 6, 7, 8, 9, 10]", "file": "data_handler.py", "line": "148", "module": "env", "process": "data_handler", "function": "handle_usr_conf", "stack": "", "pid": 97}
{"time": "2026-04-18 12:13:55.853739", "level": "INFO", "message": "env data_handler finish success", "file": "data_handler.py", "line": "189", "module": "env", "process": "data_handler", "function": "finish", "stack": "", "pid": 97}
{"time": "2026-04-18 12:13:55.854474", "level": "INFO", "message": "env env run once episode done, process_run_count is 143552", "file": "remote_env_server.py", "line": "298", "module": "env", "process": "remote_env_server", "function": "run_once", "stack": "", "pid": 97}
{"time": "2026-04-18 12:13:55.869479", "level": "INFO", "message": "env env recv reset message", "file": "remote_env_server.py", "line": "282", "module": "env", "process": "remote_env_server", "function": "run_once", "stack": "", "pid": 97}
{"time": "2026-04-18 12:13:55.870153", "level": "INFO", "message": "env Select map in order: episode=182, map_id=3 from map_list=[1, 2, 3, 4, 5, 6, 7, 8, 9, 10]", "file": "data_handler.py", "line": "148", "module": "env", "process": "data_handler", "function": "handle_usr_conf", "stack": "", "pid": 97}
{"time": "2026-04-18 12:13:59.410847", "level": "INFO", "message": "env data_handler finish success", "file": "data_handler.py", "line": "189", "module": "env", "process": "data_handler", "function": "finish", "stack": "", "pid": 97}
{"time": "2026-04-18 12:13:59.411606", "level": "INFO", "message": "env env run once episode done, process_run_count is 144049", "file": "remote_env_server.py", "line": "298", "module": "env", "process": "remote_env_server", "function": "run_once", "stack": "", "pid": 97}
{"time": "2026-04-18 12:13:59.430582", "level": "INFO", "message": "env env recv reset message", "file": "remote_env_server.py", "line": "282", "module": "env", "process": "remote_env_server", "function": "run_once", "stack": "", "pid": 97}
{"time": "2026-04-18 12:13:59.431353", "level": "INFO", "message": "env Select map in order: episode=183, map_id=4 from map_list=[1, 2, 3, 4, 5, 6, 7, 8, 9, 10]", "file": "data_handler.py", "line": "148", "module": "env", "process": "data_handler", "function": "handle_usr_conf", "stack": "", "pid": 97}
{"time": "2026-04-18 12:14:05.080558", "level": "INFO", "message": "env data_handler finish success", "file": "data_handler.py", "line": "189", "module": "env", "process": "data_handler", "function": "finish", "stack": "", "pid": 97}
{"time": "2026-04-18 12:14:05.081215", "level": "INFO", "message": "env env run once episode done, process_run_count is 144842", "file": "remote_env_server.py", "line": "298", "module": "env", "process": "remote_env_server", "function": "run_once", "stack": "", "pid": 97}
{"time": "2026-04-18 12:14:05.112717", "level": "INFO", "message": "env env recv reset message", "file": "remote_env_server.py", "line": "282", "module": "env", "process": "remote_env_server", "function": "run_once", "stack": "", "pid": 97}
{"time": "2026-04-18 12:14:05.113360", "level": "INFO", "message": "env Select map in order: episode=184, map_id=5 from map_list=[1, 2, 3, 4, 5, 6, 7, 8, 9, 10]", "file": "data_handler.py", "line": "148", "module": "env", "process": "data_handler", "function": "handle_usr_conf", "stack": "", "pid": 97}
{"time": "2026-04-18 12:14:06.691977", "level": "INFO", "message": "env data_handler finish success", "file": "data_handler.py", "line": "189", "module": "env", "process": "data_handler", "function": "finish", "stack": "", "pid": 97}
{"time": "2026-04-18 12:14:06.692581", "level": "INFO", "message": "env env run once episode done, process_run_count is 145043", "file": "remote_env_server.py", "line": "298", "module": "env", "process": "remote_env_server", "function": "run_once", "stack": "", "pid": 97}
{"time": "2026-04-18 12:14:06.703598", "level": "INFO", "message": "env env recv reset message", "file": "remote_env_server.py", "line": "282", "module": "env", "process": "remote_env_server", "function": "run_once", "stack": "", "pid": 97}
{"time": "2026-04-18 12:14:06.704301", "level": "INFO", "message": "env Select map in order: episode=185, map_id=6 from map_list=[1, 2, 3, 4, 5, 6, 7, 8, 9, 10]", "file": "data_handler.py", "line": "148", "module": "env", "process": "data_handler", "function": "handle_usr_conf", "stack": "", "pid": 97}
{"time": "2026-04-18 12:14:11.988656", "level": "INFO", "message": "env data_handler finish success", "file": "data_handler.py", "line": "189", "module": "env", "process": "data_handler", "function": "finish", "stack": "", "pid": 97}
{"time": "2026-04-18 12:14:11.989368", "level": "INFO", "message": "env env run once episode done, process_run_count is 145942", "file": "remote_env_server.py", "line": "298", "module": "env", "process": "remote_env_server", "function": "run_once", "stack": "", "pid": 97}
{"time": "2026-04-18 12:14:12.022515", "level": "INFO", "message": "env env recv reset message", "file": "remote_env_server.py", "line": "282", "module": "env", "process": "remote_env_server", "function": "run_once", "stack": "", "pid": 97}
{"time": "2026-04-18 12:14:12.023130", "level": "INFO", "message": "env Select map in order: episode=186, map_id=7 from map_list=[1, 2, 3, 4, 5, 6, 7, 8, 9, 10]", "file": "data_handler.py", "line": "148", "module": "env", "process": "data_handler", "function": "handle_usr_conf", "stack": "", "pid": 97}
{"time": "2026-04-18 12:14:18.942451", "level": "INFO", "message": "env data_handler finish success", "file": "data_handler.py", "line": "189", "module": "env", "process": "data_handler", "function": "finish", "stack": "", "pid": 97}
{"time": "2026-04-18 12:14:18.943026", "level": "INFO", "message": "env env run once episode done, process_run_count is 146943", "file": "remote_env_server.py", "line": "298", "module": "env", "process": "remote_env_server", "function": "run_once", "stack": "", "pid": 97}
{"time": "2026-04-18 12:14:18.980709", "level": "INFO", "message": "env env recv reset message", "file": "remote_env_server.py", "line": "282", "module": "env", "process": "remote_env_server", "function": "run_once", "stack": "", "pid": 97}
{"time": "2026-04-18 12:14:18.982275", "level": "INFO", "message": "env Select map in order: episode=187, map_id=8 from map_list=[1, 2, 3, 4, 5, 6, 7, 8, 9, 10]", "file": "data_handler.py", "line": "148", "module": "env", "process": "data_handler", "function": "handle_usr_conf", "stack": "", "pid": 97}
{"time": "2026-04-18 12:14:24.003431", "level": "INFO", "message": "env data_handler finish success", "file": "data_handler.py", "line": "189", "module": "env", "process": "data_handler", "function": "finish", "stack": "", "pid": 97}
{"time": "2026-04-18 12:14:24.004136", "level": "INFO", "message": "env env run once episode done, process_run_count is 147663", "file": "remote_env_server.py", "line": "298", "module": "env", "process": "remote_env_server", "function": "run_once", "stack": "", "pid": 97}
{"time": "2026-04-18 12:14:24.031266", "level": "INFO", "message": "env env recv reset message", "file": "remote_env_server.py", "line": "282", "module": "env", "process": "remote_env_server", "function": "run_once", "stack": "", "pid": 97}
{"time": "2026-04-18 12:14:24.032049", "level": "INFO", "message": "env Select map in order: episode=188, map_id=9 from map_list=[1, 2, 3, 4, 5, 6, 7, 8, 9, 10]", "file": "data_handler.py", "line": "148", "module": "env", "process": "data_handler", "function": "handle_usr_conf", "stack": "", "pid": 97}
{"time": "2026-04-18 12:14:30.928600", "level": "INFO", "message": "env data_handler finish success", "file": "data_handler.py", "line": "189", "module": "env", "process": "data_handler", "function": "finish", "stack": "", "pid": 97}
{"time": "2026-04-18 12:14:30.929267", "level": "INFO", "message": "env env run once episode done, process_run_count is 148664", "file": "remote_env_server.py", "line": "298", "module": "env", "process": "remote_env_server", "function": "run_once", "stack": "", "pid": 97}
{"time": "2026-04-18 12:14:30.964727", "level": "INFO", "message": "env env recv reset message", "file": "remote_env_server.py", "line": "282", "module": "env", "process": "remote_env_server", "function": "run_once", "stack": "", "pid": 97}
{"time": "2026-04-18 12:14:30.965503", "level": "INFO", "message": "env Select map in order: episode=189, map_id=10 from map_list=[1, 2, 3, 4, 5, 6, 7, 8, 9, 10]", "file": "data_handler.py", "line": "148", "module": "env", "process": "data_handler", "function": "handle_usr_conf", "stack": "", "pid": 97}
{"time": "2026-04-18 12:14:37.926338", "level": "INFO", "message": "env data_handler finish success", "file": "data_handler.py", "line": "189", "module": "env", "process": "data_handler", "function": "finish", "stack": "", "pid": 97}
{"time": "2026-04-18 12:14:37.930093", "level": "INFO", "message": "env env run once episode done, process_run_count is 149665", "file": "remote_env_server.py", "line": "298", "module": "env", "process": "remote_env_server", "function": "run_once", "stack": "", "pid": 97}
{"time": "2026-04-18 12:14:37.965495", "level": "INFO", "message": "env env recv reset message", "file": "remote_env_server.py", "line": "282", "module": "env", "process": "remote_env_server", "function": "run_once", "stack": "", "pid": 97}
{"time": "2026-04-18 12:14:37.966233", "level": "INFO", "message": "env Select map in order: episode=190, map_id=1 from map_list=[1, 2, 3, 4, 5, 6, 7, 8, 9, 10]", "file": "data_handler.py", "line": "148", "module": "env", "process": "data_handler", "function": "handle_usr_conf", "stack": "", "pid": 97}
{"time": "2026-04-18 12:14:41.212550", "level": "INFO", "message": "env data_handler finish success", "file": "data_handler.py", "line": "189", "module": "env", "process": "data_handler", "function": "finish", "stack": "", "pid": 97}
{"time": "2026-04-18 12:14:41.213203", "level": "INFO", "message": "env env run once episode done, process_run_count is 150119", "file": "remote_env_server.py", "line": "298", "module": "env", "process": "remote_env_server", "function": "run_once", "stack": "", "pid": 97}
{"time": "2026-04-18 12:14:41.231691", "level": "INFO", "message": "env env recv reset message", "file": "remote_env_server.py", "line": "282", "module": "env", "process": "remote_env_server", "function": "run_once", "stack": "", "pid": 97}
{"time": "2026-04-18 12:14:41.232380", "level": "INFO", "message": "env Select map in order: episode=191, map_id=2 from map_list=[1, 2, 3, 4, 5, 6, 7, 8, 9, 10]", "file": "data_handler.py", "line": "148", "module": "env", "process": "data_handler", "function": "handle_usr_conf", "stack": "", "pid": 97}
{"time": "2026-04-18 12:14:46.045824", "level": "INFO", "message": "env data_handler finish success", "file": "data_handler.py", "line": "189", "module": "env", "process": "data_handler", "function": "finish", "stack": "", "pid": 97}
{"time": "2026-04-18 12:14:46.046403", "level": "INFO", "message": "env env run once episode done, process_run_count is 150971", "file": "remote_env_server.py", "line": "298", "module": "env", "process": "remote_env_server", "function": "run_once", "stack": "", "pid": 97}
{"time": "2026-04-18 12:14:46.077685", "level": "INFO", "message": "env env recv reset message", "file": "remote_env_server.py", "line": "282", "module": "env", "process": "remote_env_server", "function": "run_once", "stack": "", "pid": 97}
{"time": "2026-04-18 12:14:46.078411", "level": "INFO", "message": "env Select map in order: episode=192, map_id=3 from map_list=[1, 2, 3, 4, 5, 6, 7, 8, 9, 10]", "file": "data_handler.py", "line": "148", "module": "env", "process": "data_handler", "function": "handle_usr_conf", "stack": "", "pid": 97}
{"time": "2026-04-18 12:14:53.143674", "level": "INFO", "message": "env data_handler finish success", "file": "data_handler.py", "line": "189", "module": "env", "process": "data_handler", "function": "finish", "stack": "", "pid": 97}
{"time": "2026-04-18 12:14:53.144228", "level": "INFO", "message": "env env run once episode done, process_run_count is 151972", "file": "remote_env_server.py", "line": "298", "module": "env", "process": "remote_env_server", "function": "run_once", "stack": "", "pid": 97}
{"time": "2026-04-18 12:14:53.185084", "level": "INFO", "message": "env env recv reset message", "file": "remote_env_server.py", "line": "282", "module": "env", "process": "remote_env_server", "function": "run_once", "stack": "", "pid": 97}
{"time": "2026-04-18 12:14:53.185726", "level": "INFO", "message": "env Select map in order: episode=193, map_id=4 from map_list=[1, 2, 3, 4, 5, 6, 7, 8, 9, 10]", "file": "data_handler.py", "line": "148", "module": "env", "process": "data_handler", "function": "handle_usr_conf", "stack": "", "pid": 97}
{"time": "2026-04-18 12:14:59.992084", "level": "INFO", "message": "env finish monitor_data is {'total_score': 806, 'clean_score': 806, 'total_map': 10, 'map_random': 0, 'map_code': 4, 'max_steps': 1000, 'finished_steps': 972, 'total_charger': 4, 'charge_count': 6, 'remaining_charge': 0}", "file": "monitor_helper.py", "line": "95", "module": "env", "process": "monitor_helper", "function": "finish", "stack": "", "pid": 97}
{"time": "2026-04-18 12:14:59.992910", "level": "INFO", "message": "env data_handler finish success", "file": "data_handler.py", "line": "189", "module": "env", "process": "data_handler", "function": "finish", "stack": "", "pid": 97}
{"time": "2026-04-18 12:14:59.993425", "level": "INFO", "message": "env env run once episode done, process_run_count is 152945", "file": "remote_env_server.py", "line": "298", "module": "env", "process": "remote_env_server", "function": "run_once", "stack": "", "pid": 97}
{"time": "2026-04-18 12:15:00.028010", "level": "INFO", "message": "env env recv reset message", "file": "remote_env_server.py", "line": "282", "module": "env", "process": "remote_env_server", "function": "run_once", "stack": "", "pid": 97}
{"time": "2026-04-18 12:15:00.028840", "level": "INFO", "message": "env Select map in order: episode=194, map_id=5 from map_list=[1, 2, 3, 4, 5, 6, 7, 8, 9, 10]", "file": "data_handler.py", "line": "148", "module": "env", "process": "data_handler", "function": "handle_usr_conf", "stack": "", "pid": 97}
{"time": "2026-04-18 12:15:07.024342", "level": "INFO", "message": "env data_handler finish success", "file": "data_handler.py", "line": "189", "module": "env", "process": "data_handler", "function": "finish", "stack": "", "pid": 97}
{"time": "2026-04-18 12:15:07.025115", "level": "INFO", "message": "env env run once episode done, process_run_count is 153946", "file": "remote_env_server.py", "line": "298", "module": "env", "process": "remote_env_server", "function": "run_once", "stack": "", "pid": 97}
{"time": "2026-04-18 12:15:07.064286", "level": "INFO", "message": "env env recv reset message", "file": "remote_env_server.py", "line": "282", "module": "env", "process": "remote_env_server", "function": "run_once", "stack": "", "pid": 97}
{"time": "2026-04-18 12:15:07.064951", "level": "INFO", "message": "env Select map in order: episode=195, map_id=6 from map_list=[1, 2, 3, 4, 5, 6, 7, 8, 9, 10]", "file": "data_handler.py", "line": "148", "module": "env", "process": "data_handler", "function": "handle_usr_conf", "stack": "", "pid": 97}
{"time": "2026-04-18 12:15:11.830167", "level": "INFO", "message": "env data_handler finish success", "file": "data_handler.py", "line": "189", "module": "env", "process": "data_handler", "function": "finish", "stack": "", "pid": 97}
{"time": "2026-04-18 12:15:11.830781", "level": "INFO", "message": "env env run once episode done, process_run_count is 154727", "file": "remote_env_server.py", "line": "298", "module": "env", "process": "remote_env_server", "function": "run_once", "stack": "", "pid": 97}
{"time": "2026-04-18 12:15:11.861549", "level": "INFO", "message": "env env recv reset message", "file": "remote_env_server.py", "line": "282", "module": "env", "process": "remote_env_server", "function": "run_once", "stack": "", "pid": 97}
{"time": "2026-04-18 12:15:11.862561", "level": "INFO", "message": "env Select map in order: episode=196, map_id=7 from map_list=[1, 2, 3, 4, 5, 6, 7, 8, 9, 10]", "file": "data_handler.py", "line": "148", "module": "env", "process": "data_handler", "function": "handle_usr_conf", "stack": "", "pid": 97}
{"time": "2026-04-18 12:15:18.737403", "level": "INFO", "message": "env data_handler finish success", "file": "data_handler.py", "line": "189", "module": "env", "process": "data_handler", "function": "finish", "stack": "", "pid": 97}
{"time": "2026-04-18 12:15:18.738091", "level": "INFO", "message": "env env run once episode done, process_run_count is 155728", "file": "remote_env_server.py", "line": "298", "module": "env", "process": "remote_env_server", "function": "run_once", "stack": "", "pid": 97}
{"time": "2026-04-18 12:15:18.775372", "level": "INFO", "message": "env env recv reset message", "file": "remote_env_server.py", "line": "282", "module": "env", "process": "remote_env_server", "function": "run_once", "stack": "", "pid": 97}
{"time": "2026-04-18 12:15:18.776205", "level": "INFO", "message": "env Select map in order: episode=197, map_id=8 from map_list=[1, 2, 3, 4, 5, 6, 7, 8, 9, 10]", "file": "data_handler.py", "line": "148", "module": "env", "process": "data_handler", "function": "handle_usr_conf", "stack": "", "pid": 97}
{"time": "2026-04-18 12:15:25.696230", "level": "INFO", "message": "env data_handler finish success", "file": "data_handler.py", "line": "189", "module": "env", "process": "data_handler", "function": "finish", "stack": "", "pid": 97}
{"time": "2026-04-18 12:15:25.696831", "level": "INFO", "message": "env env run once episode done, process_run_count is 156729", "file": "remote_env_server.py", "line": "298", "module": "env", "process": "remote_env_server", "function": "run_once", "stack": "", "pid": 97}
{"time": "2026-04-18 12:15:25.734845", "level": "INFO", "message": "env env recv reset message", "file": "remote_env_server.py", "line": "282", "module": "env", "process": "remote_env_server", "function": "run_once", "stack": "", "pid": 97}
{"time": "2026-04-18 12:15:25.735518", "level": "INFO", "message": "env Select map in order: episode=198, map_id=9 from map_list=[1, 2, 3, 4, 5, 6, 7, 8, 9, 10]", "file": "data_handler.py", "line": "148", "module": "env", "process": "data_handler", "function": "handle_usr_conf", "stack": "", "pid": 97}
{"time": "2026-04-18 12:15:29.466280", "level": "INFO", "message": "env data_handler finish success", "file": "data_handler.py", "line": "189", "module": "env", "process": "data_handler", "function": "finish", "stack": "", "pid": 97}
{"time": "2026-04-18 12:15:29.466995", "level": "INFO", "message": "env env run once episode done, process_run_count is 157250", "file": "remote_env_server.py", "line": "298", "module": "env", "process": "remote_env_server", "function": "run_once", "stack": "", "pid": 97}
{"time": "2026-04-18 12:15:29.485502", "level": "INFO", "message": "env env recv reset message", "file": "remote_env_server.py", "line": "282", "module": "env", "process": "remote_env_server", "function": "run_once", "stack": "", "pid": 97}
{"time": "2026-04-18 12:15:29.486438", "level": "INFO", "message": "env Select map in order: episode=199, map_id=10 from map_list=[1, 2, 3, 4, 5, 6, 7, 8, 9, 10]", "file": "data_handler.py", "line": "148", "module": "env", "process": "data_handler", "function": "handle_usr_conf", "stack": "", "pid": 97}
{"time": "2026-04-18 12:15:36.365250", "level": "INFO", "message": "env data_handler finish success", "file": "data_handler.py", "line": "189", "module": "env", "process": "data_handler", "function": "finish", "stack": "", "pid": 97}
{"time": "2026-04-18 12:15:36.365728", "level": "INFO", "message": "env env run once episode done, process_run_count is 158251", "file": "remote_env_server.py", "line": "298", "module": "env", "process": "remote_env_server", "function": "run_once", "stack": "", "pid": 97}
{"time": "2026-04-18 12:15:36.408029", "level": "INFO", "message": "env env recv reset message", "file": "remote_env_server.py", "line": "282", "module": "env", "process": "remote_env_server", "function": "run_once", "stack": "", "pid": 97}
{"time": "2026-04-18 12:15:36.408811", "level": "INFO", "message": "env Select map in order: episode=200, map_id=1 from map_list=[1, 2, 3, 4, 5, 6, 7, 8, 9, 10]", "file": "data_handler.py", "line": "148", "module": "env", "process": "data_handler", "function": "handle_usr_conf", "stack": "", "pid": 97}
{"time": "2026-04-18 12:15:41.508786", "level": "INFO", "message": "env data_handler finish success", "file": "data_handler.py", "line": "189", "module": "env", "process": "data_handler", "function": "finish", "stack": "", "pid": 97}
{"time": "2026-04-18 12:15:41.509381", "level": "INFO", "message": "env env run once episode done, process_run_count is 159124", "file": "remote_env_server.py", "line": "298", "module": "env", "process": "remote_env_server", "function": "run_once", "stack": "", "pid": 97}
{"time": "2026-04-18 12:15:41.543090", "level": "INFO", "message": "env env recv reset message", "file": "remote_env_server.py", "line": "282", "module": "env", "process": "remote_env_server", "function": "run_once", "stack": "", "pid": 97}
{"time": "2026-04-18 12:15:41.543666", "level": "INFO", "message": "env Select map in order: episode=201, map_id=2 from map_list=[1, 2, 3, 4, 5, 6, 7, 8, 9, 10]", "file": "data_handler.py", "line": "148", "module": "env", "process": "data_handler", "function": "handle_usr_conf", "stack": "", "pid": 97}
{"time": "2026-04-18 12:15:48.469841", "level": "INFO", "message": "env data_handler finish success", "file": "data_handler.py", "line": "189", "module": "env", "process": "data_handler", "function": "finish", "stack": "", "pid": 97}
{"time": "2026-04-18 12:15:48.470542", "level": "INFO", "message": "env env run once episode done, process_run_count is 160125", "file": "remote_env_server.py", "line": "298", "module": "env", "process": "remote_env_server", "function": "run_once", "stack": "", "pid": 97}
{"time": "2026-04-18 12:15:48.506932", "level": "INFO", "message": "env env recv reset message", "file": "remote_env_server.py", "line": "282", "module": "env", "process": "remote_env_server", "function": "run_once", "stack": "", "pid": 97}
{"time": "2026-04-18 12:15:48.507587", "level": "INFO", "message": "env Select map in order: episode=202, map_id=3 from map_list=[1, 2, 3, 4, 5, 6, 7, 8, 9, 10]", "file": "data_handler.py", "line": "148", "module": "env", "process": "data_handler", "function": "handle_usr_conf", "stack": "", "pid": 97}
{"time": "2026-04-18 12:15:54.147510", "level": "INFO", "message": "env data_handler finish success", "file": "data_handler.py", "line": "189", "module": "env", "process": "data_handler", "function": "finish", "stack": "", "pid": 97}
{"time": "2026-04-18 12:15:54.148113", "level": "INFO", "message": "env env run once episode done, process_run_count is 160934", "file": "remote_env_server.py", "line": "298", "module": "env", "process": "remote_env_server", "function": "run_once", "stack": "", "pid": 97}
{"time": "2026-04-18 12:15:54.180086", "level": "INFO", "message": "env env recv reset message", "file": "remote_env_server.py", "line": "282", "module": "env", "process": "remote_env_server", "function": "run_once", "stack": "", "pid": 97}
{"time": "2026-04-18 12:15:54.180663", "level": "INFO", "message": "env Select map in order: episode=203, map_id=4 from map_list=[1, 2, 3, 4, 5, 6, 7, 8, 9, 10]", "file": "data_handler.py", "line": "148", "module": "env", "process": "data_handler", "function": "handle_usr_conf", "stack": "", "pid": 97}
{"time": "2026-04-18 12:15:59.860709", "level": "INFO", "message": "env data_handler finish success", "file": "data_handler.py", "line": "189", "module": "env", "process": "data_handler", "function": "finish", "stack": "", "pid": 97}
{"time": "2026-04-18 12:15:59.861223", "level": "INFO", "message": "env env run once episode done, process_run_count is 161778", "file": "remote_env_server.py", "line": "298", "module": "env", "process": "remote_env_server", "function": "run_once", "stack": "", "pid": 97}
{"time": "2026-04-18 12:15:59.892212", "level": "INFO", "message": "env env recv reset message", "file": "remote_env_server.py", "line": "282", "module": "env", "process": "remote_env_server", "function": "run_once", "stack": "", "pid": 97}
{"time": "2026-04-18 12:15:59.892892", "level": "INFO", "message": "env Select map in order: episode=204, map_id=5 from map_list=[1, 2, 3, 4, 5, 6, 7, 8, 9, 10]", "file": "data_handler.py", "line": "148", "module": "env", "process": "data_handler", "function": "handle_usr_conf", "stack": "", "pid": 97}
{"time": "2026-04-18 12:16:06.312554", "level": "INFO", "message": "env finish monitor_data is {'total_score': 903, 'clean_score': 903, 'total_map': 10, 'map_random': 0, 'map_code': 5, 'max_steps': 1000, 'finished_steps': 1000, 'total_charger': 4, 'charge_count': 11, 'remaining_charge': 155}", "file": "monitor_helper.py", "line": "95", "module": "env", "process": "monitor_helper", "function": "finish", "stack": "", "pid": 97}
{"time": "2026-04-18 12:16:06.313566", "level": "INFO", "message": "env data_handler finish success", "file": "data_handler.py", "line": "189", "module": "env", "process": "data_handler", "function": "finish", "stack": "", "pid": 97}
{"time": "2026-04-18 12:16:06.314204", "level": "INFO", "message": "env env run once episode done, process_run_count is 162779", "file": "remote_env_server.py", "line": "298", "module": "env", "process": "remote_env_server", "function": "run_once", "stack": "", "pid": 97}
{"time": "2026-04-18 12:16:06.348188", "level": "INFO", "message": "env env recv reset message", "file": "remote_env_server.py", "line": "282", "module": "env", "process": "remote_env_server", "function": "run_once", "stack": "", "pid": 97}
{"time": "2026-04-18 12:16:06.348779", "level": "INFO", "message": "env Select map in order: episode=205, map_id=6 from map_list=[1, 2, 3, 4, 5, 6, 7, 8, 9, 10]", "file": "data_handler.py", "line": "148", "module": "env", "process": "data_handler", "function": "handle_usr_conf", "stack": "", "pid": 97}
{"time": "2026-04-18 12:16:11.820127", "level": "INFO", "message": "env data_handler finish success", "file": "data_handler.py", "line": "189", "module": "env", "process": "data_handler", "function": "finish", "stack": "", "pid": 97}
{"time": "2026-04-18 12:16:11.820689", "level": "INFO", "message": "env env run once episode done, process_run_count is 163780", "file": "remote_env_server.py", "line": "298", "module": "env", "process": "remote_env_server", "function": "run_once", "stack": "", "pid": 97}
{"time": "2026-04-18 12:16:11.853539", "level": "INFO", "message": "env env recv reset message", "file": "remote_env_server.py", "line": "282", "module": "env", "process": "remote_env_server", "function": "run_once", "stack": "", "pid": 97}
{"time": "2026-04-18 12:16:11.854161", "level": "INFO", "message": "env Select map in order: episode=206, map_id=7 from map_list=[1, 2, 3, 4, 5, 6, 7, 8, 9, 10]", "file": "data_handler.py", "line": "148", "module": "env", "process": "data_handler", "function": "handle_usr_conf", "stack": "", "pid": 97}
{"time": "2026-04-18 12:16:14.405737", "level": "INFO", "message": "env data_handler finish success", "file": "data_handler.py", "line": "189", "module": "env", "process": "data_handler", "function": "finish", "stack": "", "pid": 97}
{"time": "2026-04-18 12:16:14.406234", "level": "INFO", "message": "env env run once episode done, process_run_count is 164165", "file": "remote_env_server.py", "line": "298", "module": "env", "process": "remote_env_server", "function": "run_once", "stack": "", "pid": 97}
{"time": "2026-04-18 12:16:14.421804", "level": "INFO", "message": "env env recv reset message", "file": "remote_env_server.py", "line": "282", "module": "env", "process": "remote_env_server", "function": "run_once", "stack": "", "pid": 97}
{"time": "2026-04-18 12:16:14.422420", "level": "INFO", "message": "env Select map in order: episode=207, map_id=8 from map_list=[1, 2, 3, 4, 5, 6, 7, 8, 9, 10]", "file": "data_handler.py", "line": "148", "module": "env", "process": "data_handler", "function": "handle_usr_conf", "stack": "", "pid": 97}
{"time": "2026-04-18 12:16:20.902732", "level": "INFO", "message": "env data_handler finish success", "file": "data_handler.py", "line": "189", "module": "env", "process": "data_handler", "function": "finish", "stack": "", "pid": 97}
{"time": "2026-04-18 12:16:20.903273", "level": "INFO", "message": "env env run once episode done, process_run_count is 165166", "file": "remote_env_server.py", "line": "298", "module": "env", "process": "remote_env_server", "function": "run_once", "stack": "", "pid": 97}
{"time": "2026-04-18 12:16:20.939853", "level": "INFO", "message": "env env recv reset message", "file": "remote_env_server.py", "line": "282", "module": "env", "process": "remote_env_server", "function": "run_once", "stack": "", "pid": 97}
{"time": "2026-04-18 12:16:20.940477", "level": "INFO", "message": "env Select map in order: episode=208, map_id=9 from map_list=[1, 2, 3, 4, 5, 6, 7, 8, 9, 10]", "file": "data_handler.py", "line": "148", "module": "env", "process": "data_handler", "function": "handle_usr_conf", "stack": "", "pid": 97}
{"time": "2026-04-18 12:16:27.455636", "level": "INFO", "message": "env data_handler finish success", "file": "data_handler.py", "line": "189", "module": "env", "process": "data_handler", "function": "finish", "stack": "", "pid": 97}
{"time": "2026-04-18 12:16:27.456433", "level": "INFO", "message": "env env run once episode done, process_run_count is 166167", "file": "remote_env_server.py", "line": "298", "module": "env", "process": "remote_env_server", "function": "run_once", "stack": "", "pid": 97}
{"time": "2026-04-18 12:16:27.491673", "level": "INFO", "message": "env env recv reset message", "file": "remote_env_server.py", "line": "282", "module": "env", "process": "remote_env_server", "function": "run_once", "stack": "", "pid": 97}
{"time": "2026-04-18 12:16:27.492599", "level": "INFO", "message": "env Select map in order: episode=209, map_id=10 from map_list=[1, 2, 3, 4, 5, 6, 7, 8, 9, 10]", "file": "data_handler.py", "line": "148", "module": "env", "process": "data_handler", "function": "handle_usr_conf", "stack": "", "pid": 97}
{"time": "2026-04-18 12:16:34.046016", "level": "INFO", "message": "env data_handler finish success", "file": "data_handler.py", "line": "189", "module": "env", "process": "data_handler", "function": "finish", "stack": "", "pid": 97}
{"time": "2026-04-18 12:16:34.046589", "level": "INFO", "message": "env env run once episode done, process_run_count is 167168", "file": "remote_env_server.py", "line": "298", "module": "env", "process": "remote_env_server", "function": "run_once", "stack": "", "pid": 97}
{"time": "2026-04-18 12:16:34.081140", "level": "INFO", "message": "env env recv reset message", "file": "remote_env_server.py", "line": "282", "module": "env", "process": "remote_env_server", "function": "run_once", "stack": "", "pid": 97}
{"time": "2026-04-18 12:16:34.081752", "level": "INFO", "message": "env Select map in order: episode=210, map_id=1 from map_list=[1, 2, 3, 4, 5, 6, 7, 8, 9, 10]", "file": "data_handler.py", "line": "148", "module": "env", "process": "data_handler", "function": "handle_usr_conf", "stack": "", "pid": 97}
{"time": "2026-04-18 12:16:39.691696", "level": "INFO", "message": "env data_handler finish success", "file": "data_handler.py", "line": "189", "module": "env", "process": "data_handler", "function": "finish", "stack": "", "pid": 97}
{"time": "2026-04-18 12:16:39.694851", "level": "INFO", "message": "env env run once episode done, process_run_count is 168169", "file": "remote_env_server.py", "line": "298", "module": "env", "process": "remote_env_server", "function": "run_once", "stack": "", "pid": 97}
{"time": "2026-04-18 12:16:39.741867", "level": "INFO", "message": "env env recv reset message", "file": "remote_env_server.py", "line": "282", "module": "env", "process": "remote_env_server", "function": "run_once", "stack": "", "pid": 97}
{"time": "2026-04-18 12:16:39.752545", "level": "INFO", "message": "env Select map in order: episode=211, map_id=2 from map_list=[1, 2, 3, 4, 5, 6, 7, 8, 9, 10]", "file": "data_handler.py", "line": "148", "module": "env", "process": "data_handler", "function": "handle_usr_conf", "stack": "", "pid": 97}
{"time": "2026-04-18 12:16:42.862897", "level": "INFO", "message": "env data_handler finish success", "file": "data_handler.py", "line": "189", "module": "env", "process": "data_handler", "function": "finish", "stack": "", "pid": 97}
{"time": "2026-04-18 12:16:42.863700", "level": "INFO", "message": "env env run once episode done, process_run_count is 168619", "file": "remote_env_server.py", "line": "298", "module": "env", "process": "remote_env_server", "function": "run_once", "stack": "", "pid": 97}
{"time": "2026-04-18 12:16:42.880117", "level": "INFO", "message": "env env recv reset message", "file": "remote_env_server.py", "line": "282", "module": "env", "process": "remote_env_server", "function": "run_once", "stack": "", "pid": 97}
{"time": "2026-04-18 12:16:42.880925", "level": "INFO", "message": "env Select map in order: episode=212, map_id=3 from map_list=[1, 2, 3, 4, 5, 6, 7, 8, 9, 10]", "file": "data_handler.py", "line": "148", "module": "env", "process": "data_handler", "function": "handle_usr_conf", "stack": "", "pid": 97}
{"time": "2026-04-18 12:16:47.280434", "level": "INFO", "message": "env data_handler finish success", "file": "data_handler.py", "line": "189", "module": "env", "process": "data_handler", "function": "finish", "stack": "", "pid": 97}
{"time": "2026-04-18 12:16:47.281089", "level": "INFO", "message": "env env run once episode done, process_run_count is 169256", "file": "remote_env_server.py", "line": "298", "module": "env", "process": "remote_env_server", "function": "run_once", "stack": "", "pid": 97}
{"time": "2026-04-18 12:16:47.306705", "level": "INFO", "message": "env env recv reset message", "file": "remote_env_server.py", "line": "282", "module": "env", "process": "remote_env_server", "function": "run_once", "stack": "", "pid": 97}
{"time": "2026-04-18 12:16:47.310870", "level": "INFO", "message": "env Select map in order: episode=213, map_id=4 from map_list=[1, 2, 3, 4, 5, 6, 7, 8, 9, 10]", "file": "data_handler.py", "line": "148", "module": "env", "process": "data_handler", "function": "handle_usr_conf", "stack": "", "pid": 97}
{"time": "2026-04-18 12:16:50.550354", "level": "INFO", "message": "env data_handler finish success", "file": "data_handler.py", "line": "189", "module": "env", "process": "data_handler", "function": "finish", "stack": "", "pid": 97}
{"time": "2026-04-18 12:16:50.550915", "level": "INFO", "message": "env env run once episode done, process_run_count is 169741", "file": "remote_env_server.py", "line": "298", "module": "env", "process": "remote_env_server", "function": "run_once", "stack": "", "pid": 97}
{"time": "2026-04-18 12:16:50.570277", "level": "INFO", "message": "env env recv reset message", "file": "remote_env_server.py", "line": "282", "module": "env", "process": "remote_env_server", "function": "run_once", "stack": "", "pid": 97}
{"time": "2026-04-18 12:16:50.570967", "level": "INFO", "message": "env Select map in order: episode=214, map_id=5 from map_list=[1, 2, 3, 4, 5, 6, 7, 8, 9, 10]", "file": "data_handler.py", "line": "148", "module": "env", "process": "data_handler", "function": "handle_usr_conf", "stack": "", "pid": 97}
{"time": "2026-04-18 12:16:57.073340", "level": "INFO", "message": "env data_handler finish success", "file": "data_handler.py", "line": "189", "module": "env", "process": "data_handler", "function": "finish", "stack": "", "pid": 97}
{"time": "2026-04-18 12:16:57.073872", "level": "INFO", "message": "env env run once episode done, process_run_count is 170742", "file": "remote_env_server.py", "line": "298", "module": "env", "process": "remote_env_server", "function": "run_once", "stack": "", "pid": 97}
{"time": "2026-04-18 12:16:57.126332", "level": "INFO", "message": "env env recv reset message", "file": "remote_env_server.py", "line": "282", "module": "env", "process": "remote_env_server", "function": "run_once", "stack": "", "pid": 97}
{"time": "2026-04-18 12:16:57.127428", "level": "INFO", "message": "env Select map in order: episode=215, map_id=6 from map_list=[1, 2, 3, 4, 5, 6, 7, 8, 9, 10]", "file": "data_handler.py", "line": "148", "module": "env", "process": "data_handler", "function": "handle_usr_conf", "stack": "", "pid": 97}
{"time": "2026-04-18 12:17:03.590036", "level": "INFO", "message": "env data_handler finish success", "file": "data_handler.py", "line": "189", "module": "env", "process": "data_handler", "function": "finish", "stack": "", "pid": 97}
{"time": "2026-04-18 12:17:03.590565", "level": "INFO", "message": "env env run once episode done, process_run_count is 171743", "file": "remote_env_server.py", "line": "298", "module": "env", "process": "remote_env_server", "function": "run_once", "stack": "", "pid": 97}
{"time": "2026-04-18 12:17:03.623553", "level": "INFO", "message": "env env recv reset message", "file": "remote_env_server.py", "line": "282", "module": "env", "process": "remote_env_server", "function": "run_once", "stack": "", "pid": 97}
{"time": "2026-04-18 12:17:03.624248", "level": "INFO", "message": "env Select map in order: episode=216, map_id=7 from map_list=[1, 2, 3, 4, 5, 6, 7, 8, 9, 10]", "file": "data_handler.py", "line": "148", "module": "env", "process": "data_handler", "function": "handle_usr_conf", "stack": "", "pid": 97}
{"time": "2026-04-18 12:17:09.178499", "level": "INFO", "message": "env finish monitor_data is {'total_score': 803, 'clean_score': 803, 'total_map': 10, 'map_random': 0, 'map_code': 7, 'max_steps': 1000, 'finished_steps': 1000, 'total_charger': 4, 'charge_count': 10, 'remaining_charge': 175}", "file": "monitor_helper.py", "line": "95", "module": "env", "process": "monitor_helper", "function": "finish", "stack": "", "pid": 97}
{"time": "2026-04-18 12:17:09.179219", "level": "INFO", "message": "env data_handler finish success", "file": "data_handler.py", "line": "189", "module": "env", "process": "data_handler", "function": "finish", "stack": "", "pid": 97}
{"time": "2026-04-18 12:17:09.179783", "level": "INFO", "message": "env env run once episode done, process_run_count is 172744", "file": "remote_env_server.py", "line": "298", "module": "env", "process": "remote_env_server", "function": "run_once", "stack": "", "pid": 97}
{"time": "2026-04-18 12:17:09.214569", "level": "INFO", "message": "env env recv reset message", "file": "remote_env_server.py", "line": "282", "module": "env", "process": "remote_env_server", "function": "run_once", "stack": "", "pid": 97}
{"time": "2026-04-18 12:17:09.215210", "level": "INFO", "message": "env Select map in order: episode=217, map_id=8 from map_list=[1, 2, 3, 4, 5, 6, 7, 8, 9, 10]", "file": "data_handler.py", "line": "148", "module": "env", "process": "data_handler", "function": "handle_usr_conf", "stack": "", "pid": 97}
{"time": "2026-04-18 12:17:14.828831", "level": "INFO", "message": "env data_handler finish success", "file": "data_handler.py", "line": "189", "module": "env", "process": "data_handler", "function": "finish", "stack": "", "pid": 97}
{"time": "2026-04-18 12:17:14.829329", "level": "INFO", "message": "env env run once episode done, process_run_count is 173593", "file": "remote_env_server.py", "line": "298", "module": "env", "process": "remote_env_server", "function": "run_once", "stack": "", "pid": 97}
{"time": "2026-04-18 12:17:14.862015", "level": "INFO", "message": "env env recv reset message", "file": "remote_env_server.py", "line": "282", "module": "env", "process": "remote_env_server", "function": "run_once", "stack": "", "pid": 97}
{"time": "2026-04-18 12:17:14.862648", "level": "INFO", "message": "env Select map in order: episode=218, map_id=9 from map_list=[1, 2, 3, 4, 5, 6, 7, 8, 9, 10]", "file": "data_handler.py", "line": "148", "module": "env", "process": "data_handler", "function": "handle_usr_conf", "stack": "", "pid": 97}
{"time": "2026-04-18 12:17:20.859273", "level": "INFO", "message": "env data_handler finish success", "file": "data_handler.py", "line": "189", "module": "env", "process": "data_handler", "function": "finish", "stack": "", "pid": 97}
{"time": "2026-04-18 12:17:20.860196", "level": "INFO", "message": "env env run once episode done, process_run_count is 174475", "file": "remote_env_server.py", "line": "298", "module": "env", "process": "remote_env_server", "function": "run_once", "stack": "", "pid": 97}
{"time": "2026-04-18 12:17:20.890379", "level": "INFO", "message": "env env recv reset message", "file": "remote_env_server.py", "line": "282", "module": "env", "process": "remote_env_server", "function": "run_once", "stack": "", "pid": 97}
{"time": "2026-04-18 12:17:20.891204", "level": "INFO", "message": "env Select map in order: episode=219, map_id=10 from map_list=[1, 2, 3, 4, 5, 6, 7, 8, 9, 10]", "file": "data_handler.py", "line": "148", "module": "env", "process": "data_handler", "function": "handle_usr_conf", "stack": "", "pid": 97}
{"time": "2026-04-18 12:17:27.418541", "level": "INFO", "message": "env data_handler finish success", "file": "data_handler.py", "line": "189", "module": "env", "process": "data_handler", "function": "finish", "stack": "", "pid": 97}
{"time": "2026-04-18 12:17:27.419192", "level": "INFO", "message": "env env run once episode done, process_run_count is 175476", "file": "remote_env_server.py", "line": "298", "module": "env", "process": "remote_env_server", "function": "run_once", "stack": "", "pid": 97}
{"time": "2026-04-18 12:17:27.452377", "level": "INFO", "message": "env env recv reset message", "file": "remote_env_server.py", "line": "282", "module": "env", "process": "remote_env_server", "function": "run_once", "stack": "", "pid": 97}
{"time": "2026-04-18 12:17:27.453283", "level": "INFO", "message": "env Select map in order: episode=220, map_id=1 from map_list=[1, 2, 3, 4, 5, 6, 7, 8, 9, 10]", "file": "data_handler.py", "line": "148", "module": "env", "process": "data_handler", "function": "handle_usr_conf", "stack": "", "pid": 97}
{"time": "2026-04-18 12:17:33.329290", "level": "INFO", "message": "env data_handler finish success", "file": "data_handler.py", "line": "189", "module": "env", "process": "data_handler", "function": "finish", "stack": "", "pid": 97}
{"time": "2026-04-18 12:17:33.329821", "level": "INFO", "message": "env env run once episode done, process_run_count is 176373", "file": "remote_env_server.py", "line": "298", "module": "env", "process": "remote_env_server", "function": "run_once", "stack": "", "pid": 97}
{"time": "2026-04-18 12:17:33.360291", "level": "INFO", "message": "env env recv reset message", "file": "remote_env_server.py", "line": "282", "module": "env", "process": "remote_env_server", "function": "run_once", "stack": "", "pid": 97}
{"time": "2026-04-18 12:17:33.360911", "level": "INFO", "message": "env Select map in order: episode=221, map_id=2 from map_list=[1, 2, 3, 4, 5, 6, 7, 8, 9, 10]", "file": "data_handler.py", "line": "148", "module": "env", "process": "data_handler", "function": "handle_usr_conf", "stack": "", "pid": 97}
{"time": "2026-04-18 12:17:34.787397", "level": "INFO", "message": "env data_handler finish success", "file": "data_handler.py", "line": "189", "module": "env", "process": "data_handler", "function": "finish", "stack": "", "pid": 97}
{"time": "2026-04-18 12:17:34.787915", "level": "INFO", "message": "env env run once episode done, process_run_count is 176574", "file": "remote_env_server.py", "line": "298", "module": "env", "process": "remote_env_server", "function": "run_once", "stack": "", "pid": 97}
{"time": "2026-04-18 12:17:34.797295", "level": "INFO", "message": "env env recv reset message", "file": "remote_env_server.py", "line": "282", "module": "env", "process": "remote_env_server", "function": "run_once", "stack": "", "pid": 97}
{"time": "2026-04-18 12:17:34.797905", "level": "INFO", "message": "env Select map in order: episode=222, map_id=3 from map_list=[1, 2, 3, 4, 5, 6, 7, 8, 9, 10]", "file": "data_handler.py", "line": "148", "module": "env", "process": "data_handler", "function": "handle_usr_conf", "stack": "", "pid": 97}
{"time": "2026-04-18 12:17:39.472292", "level": "INFO", "message": "env data_handler finish success", "file": "data_handler.py", "line": "189", "module": "env", "process": "data_handler", "function": "finish", "stack": "", "pid": 97}
{"time": "2026-04-18 12:17:39.472973", "level": "INFO", "message": "env env run once episode done, process_run_count is 177437", "file": "remote_env_server.py", "line": "298", "module": "env", "process": "remote_env_server", "function": "run_once", "stack": "", "pid": 97}
{"time": "2026-04-18 12:17:39.502248", "level": "INFO", "message": "env env recv reset message", "file": "remote_env_server.py", "line": "282", "module": "env", "process": "remote_env_server", "function": "run_once", "stack": "", "pid": 97}
{"time": "2026-04-18 12:17:39.503155", "level": "INFO", "message": "env Select map in order: episode=223, map_id=4 from map_list=[1, 2, 3, 4, 5, 6, 7, 8, 9, 10]", "file": "data_handler.py", "line": "148", "module": "env", "process": "data_handler", "function": "handle_usr_conf", "stack": "", "pid": 97}
{"time": "2026-04-18 12:17:46.010319", "level": "INFO", "message": "env data_handler finish success", "file": "data_handler.py", "line": "189", "module": "env", "process": "data_handler", "function": "finish", "stack": "", "pid": 97}
{"time": "2026-04-18 12:17:46.010959", "level": "INFO", "message": "env env run once episode done, process_run_count is 178438", "file": "remote_env_server.py", "line": "298", "module": "env", "process": "remote_env_server", "function": "run_once", "stack": "", "pid": 97}
{"time": "2026-04-18 12:17:46.043720", "level": "INFO", "message": "env env recv reset message", "file": "remote_env_server.py", "line": "282", "module": "env", "process": "remote_env_server", "function": "run_once", "stack": "", "pid": 97}
{"time": "2026-04-18 12:17:46.044379", "level": "INFO", "message": "env Select map in order: episode=224, map_id=5 from map_list=[1, 2, 3, 4, 5, 6, 7, 8, 9, 10]", "file": "data_handler.py", "line": "148", "module": "env", "process": "data_handler", "function": "handle_usr_conf", "stack": "", "pid": 97}
{"time": "2026-04-18 12:17:50.790168", "level": "INFO", "message": "env data_handler finish success", "file": "data_handler.py", "line": "189", "module": "env", "process": "data_handler", "function": "finish", "stack": "", "pid": 97}
{"time": "2026-04-18 12:17:50.790709", "level": "INFO", "message": "env env run once episode done, process_run_count is 179156", "file": "remote_env_server.py", "line": "298", "module": "env", "process": "remote_env_server", "function": "run_once", "stack": "", "pid": 97}
{"time": "2026-04-18 12:17:50.819496", "level": "INFO", "message": "env env recv reset message", "file": "remote_env_server.py", "line": "282", "module": "env", "process": "remote_env_server", "function": "run_once", "stack": "", "pid": 97}
{"time": "2026-04-18 12:17:50.820139", "level": "INFO", "message": "env Select map in order: episode=225, map_id=6 from map_list=[1, 2, 3, 4, 5, 6, 7, 8, 9, 10]", "file": "data_handler.py", "line": "148", "module": "env", "process": "data_handler", "function": "handle_usr_conf", "stack": "", "pid": 97}
{"time": "2026-04-18 12:17:57.281750", "level": "INFO", "message": "env data_handler finish success", "file": "data_handler.py", "line": "189", "module": "env", "process": "data_handler", "function": "finish", "stack": "", "pid": 97}
{"time": "2026-04-18 12:17:57.282723", "level": "INFO", "message": "env env run once episode done, process_run_count is 180157", "file": "remote_env_server.py", "line": "298", "module": "env", "process": "remote_env_server", "function": "run_once", "stack": "", "pid": 97}
{"time": "2026-04-18 12:17:57.319844", "level": "INFO", "message": "env env recv reset message", "file": "remote_env_server.py", "line": "282", "module": "env", "process": "remote_env_server", "function": "run_once", "stack": "", "pid": 97}
{"time": "2026-04-18 12:17:57.320720", "level": "INFO", "message": "env Select map in order: episode=226, map_id=7 from map_list=[1, 2, 3, 4, 5, 6, 7, 8, 9, 10]", "file": "data_handler.py", "line": "148", "module": "env", "process": "data_handler", "function": "handle_usr_conf", "stack": "", "pid": 97}
{"time": "2026-04-18 12:18:03.799119", "level": "INFO", "message": "env data_handler finish success", "file": "data_handler.py", "line": "189", "module": "env", "process": "data_handler", "function": "finish", "stack": "", "pid": 97}
{"time": "2026-04-18 12:18:03.799971", "level": "INFO", "message": "env env run once episode done, process_run_count is 181158", "file": "remote_env_server.py", "line": "298", "module": "env", "process": "remote_env_server", "function": "run_once", "stack": "", "pid": 97}
{"time": "2026-04-18 12:18:03.835525", "level": "INFO", "message": "env env recv reset message", "file": "remote_env_server.py", "line": "282", "module": "env", "process": "remote_env_server", "function": "run_once", "stack": "", "pid": 97}
{"time": "2026-04-18 12:18:03.836059", "level": "INFO", "message": "env Select map in order: episode=227, map_id=8 from map_list=[1, 2, 3, 4, 5, 6, 7, 8, 9, 10]", "file": "data_handler.py", "line": "148", "module": "env", "process": "data_handler", "function": "handle_usr_conf", "stack": "", "pid": 97}
{"time": "2026-04-18 12:18:09.910913", "level": "INFO", "message": "env finish monitor_data is {'total_score': 873, 'clean_score': 873, 'total_map': 10, 'map_random': 0, 'map_code': 8, 'max_steps': 1000, 'finished_steps': 1000, 'total_charger': 4, 'charge_count': 10, 'remaining_charge': 104}", "file": "monitor_helper.py", "line": "95", "module": "env", "process": "monitor_helper", "function": "finish", "stack": "", "pid": 97}
{"time": "2026-04-18 12:18:09.911566", "level": "INFO", "message": "env data_handler finish success", "file": "data_handler.py", "line": "189", "module": "env", "process": "data_handler", "function": "finish", "stack": "", "pid": 97}
{"time": "2026-04-18 12:18:09.912105", "level": "INFO", "message": "env env run once episode done, process_run_count is 182159", "file": "remote_env_server.py", "line": "298", "module": "env", "process": "remote_env_server", "function": "run_once", "stack": "", "pid": 97}
{"time": "2026-04-18 12:18:09.946028", "level": "INFO", "message": "env env recv reset message", "file": "remote_env_server.py", "line": "282", "module": "env", "process": "remote_env_server", "function": "run_once", "stack": "", "pid": 97}
{"time": "2026-04-18 12:18:09.946873", "level": "INFO", "message": "env Select map in order: episode=228, map_id=9 from map_list=[1, 2, 3, 4, 5, 6, 7, 8, 9, 10]", "file": "data_handler.py", "line": "148", "module": "env", "process": "data_handler", "function": "handle_usr_conf", "stack": "", "pid": 97}
{"time": "2026-04-18 12:18:14.611410", "level": "INFO", "message": "env data_handler finish success", "file": "data_handler.py", "line": "189", "module": "env", "process": "data_handler", "function": "finish", "stack": "", "pid": 97}
{"time": "2026-04-18 12:18:14.611895", "level": "INFO", "message": "env env run once episode done, process_run_count is 182865", "file": "remote_env_server.py", "line": "298", "module": "env", "process": "remote_env_server", "function": "run_once", "stack": "", "pid": 97}
{"time": "2026-04-18 12:18:14.637931", "level": "INFO", "message": "env env recv reset message", "file": "remote_env_server.py", "line": "282", "module": "env", "process": "remote_env_server", "function": "run_once", "stack": "", "pid": 97}
{"time": "2026-04-18 12:18:14.638629", "level": "INFO", "message": "env Select map in order: episode=229, map_id=10 from map_list=[1, 2, 3, 4, 5, 6, 7, 8, 9, 10]", "file": "data_handler.py", "line": "148", "module": "env", "process": "data_handler", "function": "handle_usr_conf", "stack": "", "pid": 97}
{"time": "2026-04-18 12:18:17.501406", "level": "INFO", "message": "env data_handler finish success", "file": "data_handler.py", "line": "189", "module": "env", "process": "data_handler", "function": "finish", "stack": "", "pid": 97}
{"time": "2026-04-18 12:18:17.502856", "level": "INFO", "message": "env env run once episode done, process_run_count is 183287", "file": "remote_env_server.py", "line": "298", "module": "env", "process": "remote_env_server", "function": "run_once", "stack": "", "pid": 97}
{"time": "2026-04-18 12:18:17.519338", "level": "INFO", "message": "env env recv reset message", "file": "remote_env_server.py", "line": "282", "module": "env", "process": "remote_env_server", "function": "run_once", "stack": "", "pid": 97}
{"time": "2026-04-18 12:18:17.520335", "level": "INFO", "message": "env Select map in order: episode=230, map_id=1 from map_list=[1, 2, 3, 4, 5, 6, 7, 8, 9, 10]", "file": "data_handler.py", "line": "148", "module": "env", "process": "data_handler", "function": "handle_usr_conf", "stack": "", "pid": 97}
{"time": "2026-04-18 12:18:23.068891", "level": "INFO", "message": "env data_handler finish success", "file": "data_handler.py", "line": "189", "module": "env", "process": "data_handler", "function": "finish", "stack": "", "pid": 97}
{"time": "2026-04-18 12:18:23.069601", "level": "INFO", "message": "env env run once episode done, process_run_count is 184288", "file": "remote_env_server.py", "line": "298", "module": "env", "process": "remote_env_server", "function": "run_once", "stack": "", "pid": 97}
{"time": "2026-04-18 12:18:23.102256", "level": "INFO", "message": "env env recv reset message", "file": "remote_env_server.py", "line": "282", "module": "env", "process": "remote_env_server", "function": "run_once", "stack": "", "pid": 97}
{"time": "2026-04-18 12:18:23.102947", "level": "INFO", "message": "env Select map in order: episode=231, map_id=2 from map_list=[1, 2, 3, 4, 5, 6, 7, 8, 9, 10]", "file": "data_handler.py", "line": "148", "module": "env", "process": "data_handler", "function": "handle_usr_conf", "stack": "", "pid": 97}
{"time": "2026-04-18 12:18:29.151664", "level": "INFO", "message": "env data_handler finish success", "file": "data_handler.py", "line": "189", "module": "env", "process": "data_handler", "function": "finish", "stack": "", "pid": 97}
{"time": "2026-04-18 12:18:29.152308", "level": "INFO", "message": "env env run once episode done, process_run_count is 185224", "file": "remote_env_server.py", "line": "298", "module": "env", "process": "remote_env_server", "function": "run_once", "stack": "", "pid": 97}
{"time": "2026-04-18 12:18:29.184107", "level": "INFO", "message": "env env recv reset message", "file": "remote_env_server.py", "line": "282", "module": "env", "process": "remote_env_server", "function": "run_once", "stack": "", "pid": 97}
{"time": "2026-04-18 12:18:29.184900", "level": "INFO", "message": "env Select map in order: episode=232, map_id=3 from map_list=[1, 2, 3, 4, 5, 6, 7, 8, 9, 10]", "file": "data_handler.py", "line": "148", "module": "env", "process": "data_handler", "function": "handle_usr_conf", "stack": "", "pid": 97}
{"time": "2026-04-18 12:18:31.435860", "level": "INFO", "message": "env data_handler finish success", "file": "data_handler.py", "line": "189", "module": "env", "process": "data_handler", "function": "finish", "stack": "", "pid": 97}
{"time": "2026-04-18 12:18:31.436508", "level": "INFO", "message": "env env run once episode done, process_run_count is 185551", "file": "remote_env_server.py", "line": "298", "module": "env", "process": "remote_env_server", "function": "run_once", "stack": "", "pid": 97}
{"time": "2026-04-18 12:18:31.449845", "level": "INFO", "message": "env env recv reset message", "file": "remote_env_server.py", "line": "282", "module": "env", "process": "remote_env_server", "function": "run_once", "stack": "", "pid": 97}
{"time": "2026-04-18 12:18:31.450660", "level": "INFO", "message": "env Select map in order: episode=233, map_id=4 from map_list=[1, 2, 3, 4, 5, 6, 7, 8, 9, 10]", "file": "data_handler.py", "line": "148", "module": "env", "process": "data_handler", "function": "handle_usr_conf", "stack": "", "pid": 97}
{"time": "2026-04-18 12:18:37.543857", "level": "INFO", "message": "env data_handler finish success", "file": "data_handler.py", "line": "189", "module": "env", "process": "data_handler", "function": "finish", "stack": "", "pid": 97}
{"time": "2026-04-18 12:18:37.544554", "level": "INFO", "message": "env env run once episode done, process_run_count is 186552", "file": "remote_env_server.py", "line": "298", "module": "env", "process": "remote_env_server", "function": "run_once", "stack": "", "pid": 97}
{"time": "2026-04-18 12:18:37.578923", "level": "INFO", "message": "env env recv reset message", "file": "remote_env_server.py", "line": "282", "module": "env", "process": "remote_env_server", "function": "run_once", "stack": "", "pid": 97}
{"time": "2026-04-18 12:18:37.579797", "level": "INFO", "message": "env Select map in order: episode=234, map_id=5 from map_list=[1, 2, 3, 4, 5, 6, 7, 8, 9, 10]", "file": "data_handler.py", "line": "148", "module": "env", "process": "data_handler", "function": "handle_usr_conf", "stack": "", "pid": 97}
{"time": "2026-04-18 12:18:44.232971", "level": "INFO", "message": "env data_handler finish success", "file": "data_handler.py", "line": "189", "module": "env", "process": "data_handler", "function": "finish", "stack": "", "pid": 97}
{"time": "2026-04-18 12:18:44.233603", "level": "INFO", "message": "env env run once episode done, process_run_count is 187553", "file": "remote_env_server.py", "line": "298", "module": "env", "process": "remote_env_server", "function": "run_once", "stack": "", "pid": 97}
{"time": "2026-04-18 12:18:44.269255", "level": "INFO", "message": "env env recv reset message", "file": "remote_env_server.py", "line": "282", "module": "env", "process": "remote_env_server", "function": "run_once", "stack": "", "pid": 97}
{"time": "2026-04-18 12:18:44.269974", "level": "INFO", "message": "env Select map in order: episode=235, map_id=6 from map_list=[1, 2, 3, 4, 5, 6, 7, 8, 9, 10]", "file": "data_handler.py", "line": "148", "module": "env", "process": "data_handler", "function": "handle_usr_conf", "stack": "", "pid": 97}
{"time": "2026-04-18 12:18:49.837427", "level": "INFO", "message": "env data_handler finish success", "file": "data_handler.py", "line": "189", "module": "env", "process": "data_handler", "function": "finish", "stack": "", "pid": 97}
{"time": "2026-04-18 12:18:49.837903", "level": "INFO", "message": "env env run once episode done, process_run_count is 188408", "file": "remote_env_server.py", "line": "298", "module": "env", "process": "remote_env_server", "function": "run_once", "stack": "", "pid": 97}
{"time": "2026-04-18 12:18:49.867260", "level": "INFO", "message": "env env recv reset message", "file": "remote_env_server.py", "line": "282", "module": "env", "process": "remote_env_server", "function": "run_once", "stack": "", "pid": 97}
{"time": "2026-04-18 12:18:49.867932", "level": "INFO", "message": "env Select map in order: episode=236, map_id=7 from map_list=[1, 2, 3, 4, 5, 6, 7, 8, 9, 10]", "file": "data_handler.py", "line": "148", "module": "env", "process": "data_handler", "function": "handle_usr_conf", "stack": "", "pid": 97}
{"time": "2026-04-18 12:18:54.479499", "level": "INFO", "message": "env data_handler finish success", "file": "data_handler.py", "line": "189", "module": "env", "process": "data_handler", "function": "finish", "stack": "", "pid": 97}
{"time": "2026-04-18 12:18:54.480072", "level": "INFO", "message": "env env run once episode done, process_run_count is 189109", "file": "remote_env_server.py", "line": "298", "module": "env", "process": "remote_env_server", "function": "run_once", "stack": "", "pid": 97}
{"time": "2026-04-18 12:18:54.507062", "level": "INFO", "message": "env env recv reset message", "file": "remote_env_server.py", "line": "282", "module": "env", "process": "remote_env_server", "function": "run_once", "stack": "", "pid": 97}
{"time": "2026-04-18 12:18:54.507833", "level": "INFO", "message": "env Select map in order: episode=237, map_id=8 from map_list=[1, 2, 3, 4, 5, 6, 7, 8, 9, 10]", "file": "data_handler.py", "line": "148", "module": "env", "process": "data_handler", "function": "handle_usr_conf", "stack": "", "pid": 97}
{"time": "2026-04-18 12:19:01.050324", "level": "INFO", "message": "env data_handler finish success", "file": "data_handler.py", "line": "189", "module": "env", "process": "data_handler", "function": "finish", "stack": "", "pid": 97}
{"time": "2026-04-18 12:19:01.050962", "level": "INFO", "message": "env env run once episode done, process_run_count is 190110", "file": "remote_env_server.py", "line": "298", "module": "env", "process": "remote_env_server", "function": "run_once", "stack": "", "pid": 97}
{"time": "2026-04-18 12:19:01.088321", "level": "INFO", "message": "env env recv reset message", "file": "remote_env_server.py", "line": "282", "module": "env", "process": "remote_env_server", "function": "run_once", "stack": "", "pid": 97}
{"time": "2026-04-18 12:19:01.088962", "level": "INFO", "message": "env Select map in order: episode=238, map_id=9 from map_list=[1, 2, 3, 4, 5, 6, 7, 8, 9, 10]", "file": "data_handler.py", "line": "148", "module": "env", "process": "data_handler", "function": "handle_usr_conf", "stack": "", "pid": 97}
{"time": "2026-04-18 12:19:07.224651", "level": "INFO", "message": "env data_handler finish success", "file": "data_handler.py", "line": "189", "module": "env", "process": "data_handler", "function": "finish", "stack": "", "pid": 97}
{"time": "2026-04-18 12:19:07.225218", "level": "INFO", "message": "env env run once episode done, process_run_count is 191111", "file": "remote_env_server.py", "line": "298", "module": "env", "process": "remote_env_server", "function": "run_once", "stack": "", "pid": 97}
{"time": "2026-04-18 12:19:07.258992", "level": "INFO", "message": "env env recv reset message", "file": "remote_env_server.py", "line": "282", "module": "env", "process": "remote_env_server", "function": "run_once", "stack": "", "pid": 97}
{"time": "2026-04-18 12:19:07.259662", "level": "INFO", "message": "env Select map in order: episode=239, map_id=10 from map_list=[1, 2, 3, 4, 5, 6, 7, 8, 9, 10]", "file": "data_handler.py", "line": "148", "module": "env", "process": "data_handler", "function": "handle_usr_conf", "stack": "", "pid": 97}
{"time": "2026-04-18 12:19:12.921221", "level": "INFO", "message": "env finish monitor_data is {'total_score': 731, 'clean_score': 731, 'total_map': 10, 'map_random': 0, 'map_code': 10, 'max_steps': 1000, 'finished_steps': 860, 'total_charger': 4, 'charge_count': 7, 'remaining_charge': 63}", "file": "monitor_helper.py", "line": "95", "module": "env", "process": "monitor_helper", "function": "finish", "stack": "", "pid": 97}
{"time": "2026-04-18 12:19:12.925029", "level": "INFO", "message": "env data_handler finish success", "file": "data_handler.py", "line": "189", "module": "env", "process": "data_handler", "function": "finish", "stack": "", "pid": 97}
{"time": "2026-04-18 12:19:12.929237", "level": "INFO", "message": "env env run once episode done, process_run_count is 191972", "file": "remote_env_server.py", "line": "298", "module": "env", "process": "remote_env_server", "function": "run_once", "stack": "", "pid": 97}
{"time": "2026-04-18 12:19:12.966830", "level": "INFO", "message": "env env recv reset message", "file": "remote_env_server.py", "line": "282", "module": "env", "process": "remote_env_server", "function": "run_once", "stack": "", "pid": 97}
{"time": "2026-04-18 12:19:12.967559", "level": "INFO", "message": "env Select map in order: episode=240, map_id=1 from map_list=[1, 2, 3, 4, 5, 6, 7, 8, 9, 10]", "file": "data_handler.py", "line": "148", "module": "env", "process": "data_handler", "function": "handle_usr_conf", "stack": "", "pid": 97}
{"time": "2026-04-18 12:19:19.489829", "level": "INFO", "message": "env data_handler finish success", "file": "data_handler.py", "line": "189", "module": "env", "process": "data_handler", "function": "finish", "stack": "", "pid": 97}
{"time": "2026-04-18 12:19:19.490396", "level": "INFO", "message": "env env run once episode done, process_run_count is 192973", "file": "remote_env_server.py", "line": "298", "module": "env", "process": "remote_env_server", "function": "run_once", "stack": "", "pid": 97}
{"time": "2026-04-18 12:19:19.523708", "level": "INFO", "message": "env env recv reset message", "file": "remote_env_server.py", "line": "282", "module": "env", "process": "remote_env_server", "function": "run_once", "stack": "", "pid": 97}
{"time": "2026-04-18 12:19:19.524391", "level": "INFO", "message": "env Select map in order: episode=241, map_id=2 from map_list=[1, 2, 3, 4, 5, 6, 7, 8, 9, 10]", "file": "data_handler.py", "line": "148", "module": "env", "process": "data_handler", "function": "handle_usr_conf", "stack": "", "pid": 97}
{"time": "2026-04-18 12:19:26.089273", "level": "INFO", "message": "env data_handler finish success", "file": "data_handler.py", "line": "189", "module": "env", "process": "data_handler", "function": "finish", "stack": "", "pid": 97}
{"time": "2026-04-18 12:19:26.089795", "level": "INFO", "message": "env env run once episode done, process_run_count is 193974", "file": "remote_env_server.py", "line": "298", "module": "env", "process": "remote_env_server", "function": "run_once", "stack": "", "pid": 97}
{"time": "2026-04-18 12:19:26.124000", "level": "INFO", "message": "env env recv reset message", "file": "remote_env_server.py", "line": "282", "module": "env", "process": "remote_env_server", "function": "run_once", "stack": "", "pid": 97}
{"time": "2026-04-18 12:19:26.125038", "level": "INFO", "message": "env Select map in order: episode=242, map_id=3 from map_list=[1, 2, 3, 4, 5, 6, 7, 8, 9, 10]", "file": "data_handler.py", "line": "148", "module": "env", "process": "data_handler", "function": "handle_usr_conf", "stack": "", "pid": 97}
{"time": "2026-04-18 12:19:31.214552", "level": "INFO", "message": "env data_handler finish success", "file": "data_handler.py", "line": "189", "module": "env", "process": "data_handler", "function": "finish", "stack": "", "pid": 97}
{"time": "2026-04-18 12:19:31.215179", "level": "INFO", "message": "env env run once episode done, process_run_count is 194975", "file": "remote_env_server.py", "line": "298", "module": "env", "process": "remote_env_server", "function": "run_once", "stack": "", "pid": 97}
{"time": "2026-04-18 12:19:31.250842", "level": "INFO", "message": "env env recv reset message", "file": "remote_env_server.py", "line": "282", "module": "env", "process": "remote_env_server", "function": "run_once", "stack": "", "pid": 97}
{"time": "2026-04-18 12:19:31.251539", "level": "INFO", "message": "env Select map in order: episode=243, map_id=4 from map_list=[1, 2, 3, 4, 5, 6, 7, 8, 9, 10]", "file": "data_handler.py", "line": "148", "module": "env", "process": "data_handler", "function": "handle_usr_conf", "stack": "", "pid": 97}
{"time": "2026-04-18 12:19:33.064802", "level": "INFO", "message": "env data_handler finish success", "file": "data_handler.py", "line": "189", "module": "env", "process": "data_handler", "function": "finish", "stack": "", "pid": 97}
{"time": "2026-04-18 12:19:33.065454", "level": "INFO", "message": "env env run once episode done, process_run_count is 195236", "file": "remote_env_server.py", "line": "298", "module": "env", "process": "remote_env_server", "function": "run_once", "stack": "", "pid": 97}
{"time": "2026-04-18 12:19:33.077654", "level": "INFO", "message": "env env recv reset message", "file": "remote_env_server.py", "line": "282", "module": "env", "process": "remote_env_server", "function": "run_once", "stack": "", "pid": 97}
{"time": "2026-04-18 12:19:33.078503", "level": "INFO", "message": "env Select map in order: episode=244, map_id=5 from map_list=[1, 2, 3, 4, 5, 6, 7, 8, 9, 10]", "file": "data_handler.py", "line": "148", "module": "env", "process": "data_handler", "function": "handle_usr_conf", "stack": "", "pid": 97}
{"time": "2026-04-18 12:19:36.618305", "level": "INFO", "message": "env data_handler finish success", "file": "data_handler.py", "line": "189", "module": "env", "process": "data_handler", "function": "finish", "stack": "", "pid": 97}
{"time": "2026-04-18 12:19:36.618832", "level": "INFO", "message": "env env run once episode done, process_run_count is 195777", "file": "remote_env_server.py", "line": "298", "module": "env", "process": "remote_env_server", "function": "run_once", "stack": "", "pid": 97}
{"time": "2026-04-18 12:19:36.639269", "level": "INFO", "message": "env env recv reset message", "file": "remote_env_server.py", "line": "282", "module": "env", "process": "remote_env_server", "function": "run_once", "stack": "", "pid": 97}
{"time": "2026-04-18 12:19:36.639860", "level": "INFO", "message": "env Select map in order: episode=245, map_id=6 from map_list=[1, 2, 3, 4, 5, 6, 7, 8, 9, 10]", "file": "data_handler.py", "line": "148", "module": "env", "process": "data_handler", "function": "handle_usr_conf", "stack": "", "pid": 97}
{"time": "2026-04-18 12:19:43.369539", "level": "INFO", "message": "env data_handler finish success", "file": "data_handler.py", "line": "189", "module": "env", "process": "data_handler", "function": "finish", "stack": "", "pid": 97}
{"time": "2026-04-18 12:19:43.377124", "level": "INFO", "message": "env env run once episode done, process_run_count is 196778", "file": "remote_env_server.py", "line": "298", "module": "env", "process": "remote_env_server", "function": "run_once", "stack": "", "pid": 97}
{"time": "2026-04-18 12:19:43.415061", "level": "INFO", "message": "env env recv reset message", "file": "remote_env_server.py", "line": "282", "module": "env", "process": "remote_env_server", "function": "run_once", "stack": "", "pid": 97}
{"time": "2026-04-18 12:19:43.421160", "level": "INFO", "message": "env Select map in order: episode=246, map_id=7 from map_list=[1, 2, 3, 4, 5, 6, 7, 8, 9, 10]", "file": "data_handler.py", "line": "148", "module": "env", "process": "data_handler", "function": "handle_usr_conf", "stack": "", "pid": 97}
{"time": "2026-04-18 12:19:50.092037", "level": "INFO", "message": "env data_handler finish success", "file": "data_handler.py", "line": "189", "module": "env", "process": "data_handler", "function": "finish", "stack": "", "pid": 97}
{"time": "2026-04-18 12:19:50.092764", "level": "INFO", "message": "env env run once episode done, process_run_count is 197779", "file": "remote_env_server.py", "line": "298", "module": "env", "process": "remote_env_server", "function": "run_once", "stack": "", "pid": 97}
{"time": "2026-04-18 12:19:50.124969", "level": "INFO", "message": "env env recv reset message", "file": "remote_env_server.py", "line": "282", "module": "env", "process": "remote_env_server", "function": "run_once", "stack": "", "pid": 97}
{"time": "2026-04-18 12:19:50.125667", "level": "INFO", "message": "env Select map in order: episode=247, map_id=8 from map_list=[1, 2, 3, 4, 5, 6, 7, 8, 9, 10]", "file": "data_handler.py", "line": "148", "module": "env", "process": "data_handler", "function": "handle_usr_conf", "stack": "", "pid": 97}
{"time": "2026-04-18 12:19:56.668686", "level": "INFO", "message": "env data_handler finish success", "file": "data_handler.py", "line": "189", "module": "env", "process": "data_handler", "function": "finish", "stack": "", "pid": 97}
{"time": "2026-04-18 12:19:56.669250", "level": "INFO", "message": "env env run once episode done, process_run_count is 198780", "file": "remote_env_server.py", "line": "298", "module": "env", "process": "remote_env_server", "function": "run_once", "stack": "", "pid": 97}
{"time": "2026-04-18 12:19:56.701985", "level": "INFO", "message": "env env recv reset message", "file": "remote_env_server.py", "line": "282", "module": "env", "process": "remote_env_server", "function": "run_once", "stack": "", "pid": 97}
{"time": "2026-04-18 12:19:56.702559", "level": "INFO", "message": "env Select map in order: episode=248, map_id=9 from map_list=[1, 2, 3, 4, 5, 6, 7, 8, 9, 10]", "file": "data_handler.py", "line": "148", "module": "env", "process": "data_handler", "function": "handle_usr_conf", "stack": "", "pid": 97}
{"time": "2026-04-18 12:20:00.293845", "level": "INFO", "message": "env data_handler finish success", "file": "data_handler.py", "line": "189", "module": "env", "process": "data_handler", "function": "finish", "stack": "", "pid": 97}
{"time": "2026-04-18 12:20:00.294561", "level": "INFO", "message": "env env run once episode done, process_run_count is 199374", "file": "remote_env_server.py", "line": "298", "module": "env", "process": "remote_env_server", "function": "run_once", "stack": "", "pid": 97}
{"time": "2026-04-18 12:20:00.317617", "level": "INFO", "message": "env env recv reset message", "file": "remote_env_server.py", "line": "282", "module": "env", "process": "remote_env_server", "function": "run_once", "stack": "", "pid": 97}
{"time": "2026-04-18 12:20:00.318450", "level": "INFO", "message": "env Select map in order: episode=249, map_id=10 from map_list=[1, 2, 3, 4, 5, 6, 7, 8, 9, 10]", "file": "data_handler.py", "line": "148", "module": "env", "process": "data_handler", "function": "handle_usr_conf", "stack": "", "pid": 97}
{"time": "2026-04-18 12:20:06.344931", "level": "INFO", "message": "env data_handler finish success", "file": "data_handler.py", "line": "189", "module": "env", "process": "data_handler", "function": "finish", "stack": "", "pid": 97}
{"time": "2026-04-18 12:20:06.345571", "level": "INFO", "message": "env env run once episode done, process_run_count is 200375", "file": "remote_env_server.py", "line": "298", "module": "env", "process": "remote_env_server", "function": "run_once", "stack": "", "pid": 97}
{"time": "2026-04-18 12:20:06.382161", "level": "INFO", "message": "env env recv reset message", "file": "remote_env_server.py", "line": "282", "module": "env", "process": "remote_env_server", "function": "run_once", "stack": "", "pid": 97}
{"time": "2026-04-18 12:20:06.384445", "level": "INFO", "message": "env Select map in order: episode=250, map_id=1 from map_list=[1, 2, 3, 4, 5, 6, 7, 8, 9, 10]", "file": "data_handler.py", "line": "148", "module": "env", "process": "data_handler", "function": "handle_usr_conf", "stack": "", "pid": 97}
{"time": "2026-04-18 12:20:06.943608", "level": "INFO", "message": "env data_handler finish success", "file": "data_handler.py", "line": "189", "module": "env", "process": "data_handler", "function": "finish", "stack": "", "pid": 97}
{"time": "2026-04-18 12:20:06.944082", "level": "INFO", "message": "env env run once episode done, process_run_count is 200443", "file": "remote_env_server.py", "line": "298", "module": "env", "process": "remote_env_server", "function": "run_once", "stack": "", "pid": 97}
{"time": "2026-04-18 12:20:06.948323", "level": "INFO", "message": "env env recv reset message", "file": "remote_env_server.py", "line": "282", "module": "env", "process": "remote_env_server", "function": "run_once", "stack": "", "pid": 97}
{"time": "2026-04-18 12:20:06.948790", "level": "INFO", "message": "env Select map in order: episode=251, map_id=2 from map_list=[1, 2, 3, 4, 5, 6, 7, 8, 9, 10]", "file": "data_handler.py", "line": "148", "module": "env", "process": "data_handler", "function": "handle_usr_conf", "stack": "", "pid": 97}
{"time": "2026-04-18 12:20:13.463262", "level": "INFO", "message": "env finish monitor_data is {'total_score': 907, 'clean_score': 907, 'total_map': 10, 'map_random': 0, 'map_code': 2, 'max_steps': 1000, 'finished_steps': 1000, 'total_charger': 4, 'charge_count': 8, 'remaining_charge': 135}", "file": "monitor_helper.py", "line": "95", "module": "env", "process": "monitor_helper", "function": "finish", "stack": "", "pid": 97}
{"time": "2026-04-18 12:20:13.463933", "level": "INFO", "message": "env data_handler finish success", "file": "data_handler.py", "line": "189", "module": "env", "process": "data_handler", "function": "finish", "stack": "", "pid": 97}
{"time": "2026-04-18 12:20:13.464811", "level": "INFO", "message": "env env run once episode done, process_run_count is 201444", "file": "remote_env_server.py", "line": "298", "module": "env", "process": "remote_env_server", "function": "run_once", "stack": "", "pid": 97}
{"time": "2026-04-18 12:20:13.499019", "level": "INFO", "message": "env env recv reset message", "file": "remote_env_server.py", "line": "282", "module": "env", "process": "remote_env_server", "function": "run_once", "stack": "", "pid": 97}
{"time": "2026-04-18 12:20:13.500581", "level": "INFO", "message": "env Select map in order: episode=252, map_id=3 from map_list=[1, 2, 3, 4, 5, 6, 7, 8, 9, 10]", "file": "data_handler.py", "line": "148", "module": "env", "process": "data_handler", "function": "handle_usr_conf", "stack": "", "pid": 97}
{"time": "2026-04-18 12:20:19.987120", "level": "INFO", "message": "env data_handler finish success", "file": "data_handler.py", "line": "189", "module": "env", "process": "data_handler", "function": "finish", "stack": "", "pid": 97}
{"time": "2026-04-18 12:20:19.988622", "level": "INFO", "message": "env env run once episode done, process_run_count is 202445", "file": "remote_env_server.py", "line": "298", "module": "env", "process": "remote_env_server", "function": "run_once", "stack": "", "pid": 97}
{"time": "2026-04-18 12:20:20.020331", "level": "INFO", "message": "env env recv reset message", "file": "remote_env_server.py", "line": "282", "module": "env", "process": "remote_env_server", "function": "run_once", "stack": "", "pid": 97}
{"time": "2026-04-18 12:20:20.021143", "level": "INFO", "message": "env Select map in order: episode=253, map_id=4 from map_list=[1, 2, 3, 4, 5, 6, 7, 8, 9, 10]", "file": "data_handler.py", "line": "148", "module": "env", "process": "data_handler", "function": "handle_usr_conf", "stack": "", "pid": 97}
{"time": "2026-04-18 12:20:22.158553", "level": "INFO", "message": "env data_handler finish success", "file": "data_handler.py", "line": "189", "module": "env", "process": "data_handler", "function": "finish", "stack": "", "pid": 97}
{"time": "2026-04-18 12:20:22.159155", "level": "INFO", "message": "env env run once episode done, process_run_count is 202759", "file": "remote_env_server.py", "line": "298", "module": "env", "process": "remote_env_server", "function": "run_once", "stack": "", "pid": 97}
{"time": "2026-04-18 12:20:22.172800", "level": "INFO", "message": "env env recv reset message", "file": "remote_env_server.py", "line": "282", "module": "env", "process": "remote_env_server", "function": "run_once", "stack": "", "pid": 97}
{"time": "2026-04-18 12:20:22.173562", "level": "INFO", "message": "env Select map in order: episode=254, map_id=5 from map_list=[1, 2, 3, 4, 5, 6, 7, 8, 9, 10]", "file": "data_handler.py", "line": "148", "module": "env", "process": "data_handler", "function": "handle_usr_conf", "stack": "", "pid": 97}
{"time": "2026-04-18 12:20:23.599476", "level": "INFO", "message": "env data_handler finish success", "file": "data_handler.py", "line": "189", "module": "env", "process": "data_handler", "function": "finish", "stack": "", "pid": 97}
{"time": "2026-04-18 12:20:23.599955", "level": "INFO", "message": "env env run once episode done, process_run_count is 202960", "file": "remote_env_server.py", "line": "298", "module": "env", "process": "remote_env_server", "function": "run_once", "stack": "", "pid": 97}
{"time": "2026-04-18 12:20:23.609674", "level": "INFO", "message": "env env recv reset message", "file": "remote_env_server.py", "line": "282", "module": "env", "process": "remote_env_server", "function": "run_once", "stack": "", "pid": 97}
{"time": "2026-04-18 12:20:23.610200", "level": "INFO", "message": "env Select map in order: episode=255, map_id=6 from map_list=[1, 2, 3, 4, 5, 6, 7, 8, 9, 10]", "file": "data_handler.py", "line": "148", "module": "env", "process": "data_handler", "function": "handle_usr_conf", "stack": "", "pid": 97}
{"time": "2026-04-18 12:20:29.429671", "level": "INFO", "message": "env data_handler finish success", "file": "data_handler.py", "line": "189", "module": "env", "process": "data_handler", "function": "finish", "stack": "", "pid": 97}
{"time": "2026-04-18 12:20:29.430247", "level": "INFO", "message": "env env run once episode done, process_run_count is 203849", "file": "remote_env_server.py", "line": "298", "module": "env", "process": "remote_env_server", "function": "run_once", "stack": "", "pid": 97}
{"time": "2026-04-18 12:20:29.459749", "level": "INFO", "message": "env env recv reset message", "file": "remote_env_server.py", "line": "282", "module": "env", "process": "remote_env_server", "function": "run_once", "stack": "", "pid": 97}
{"time": "2026-04-18 12:20:29.460581", "level": "INFO", "message": "env Select map in order: episode=256, map_id=7 from map_list=[1, 2, 3, 4, 5, 6, 7, 8, 9, 10]", "file": "data_handler.py", "line": "148", "module": "env", "process": "data_handler", "function": "handle_usr_conf", "stack": "", "pid": 97}
{"time": "2026-04-18 12:20:35.074511", "level": "INFO", "message": "env data_handler finish success", "file": "data_handler.py", "line": "189", "module": "env", "process": "data_handler", "function": "finish", "stack": "", "pid": 97}
{"time": "2026-04-18 12:20:35.075087", "level": "INFO", "message": "env env run once episode done, process_run_count is 204850", "file": "remote_env_server.py", "line": "298", "module": "env", "process": "remote_env_server", "function": "run_once", "stack": "", "pid": 97}
{"time": "2026-04-18 12:20:35.106840", "level": "INFO", "message": "env env recv reset message", "file": "remote_env_server.py", "line": "282", "module": "env", "process": "remote_env_server", "function": "run_once", "stack": "", "pid": 97}
{"time": "2026-04-18 12:20:35.107607", "level": "INFO", "message": "env Select map in order: episode=257, map_id=8 from map_list=[1, 2, 3, 4, 5, 6, 7, 8, 9, 10]", "file": "data_handler.py", "line": "148", "module": "env", "process": "data_handler", "function": "handle_usr_conf", "stack": "", "pid": 97}
{"time": "2026-04-18 12:20:41.304730", "level": "INFO", "message": "env data_handler finish success", "file": "data_handler.py", "line": "189", "module": "env", "process": "data_handler", "function": "finish", "stack": "", "pid": 97}
{"time": "2026-04-18 12:20:41.305247", "level": "INFO", "message": "env env run once episode done, process_run_count is 205786", "file": "remote_env_server.py", "line": "298", "module": "env", "process": "remote_env_server", "function": "run_once", "stack": "", "pid": 97}
{"time": "2026-04-18 12:20:41.339242", "level": "INFO", "message": "env env recv reset message", "file": "remote_env_server.py", "line": "282", "module": "env", "process": "remote_env_server", "function": "run_once", "stack": "", "pid": 97}
{"time": "2026-04-18 12:20:41.339962", "level": "INFO", "message": "env Select map in order: episode=258, map_id=9 from map_list=[1, 2, 3, 4, 5, 6, 7, 8, 9, 10]", "file": "data_handler.py", "line": "148", "module": "env", "process": "data_handler", "function": "handle_usr_conf", "stack": "", "pid": 97}
{"time": "2026-04-18 12:20:47.894270", "level": "INFO", "message": "env data_handler finish success", "file": "data_handler.py", "line": "189", "module": "env", "process": "data_handler", "function": "finish", "stack": "", "pid": 97}
{"time": "2026-04-18 12:20:47.894874", "level": "INFO", "message": "env env run once episode done, process_run_count is 206787", "file": "remote_env_server.py", "line": "298", "module": "env", "process": "remote_env_server", "function": "run_once", "stack": "", "pid": 97}
{"time": "2026-04-18 12:20:47.927470", "level": "INFO", "message": "env env recv reset message", "file": "remote_env_server.py", "line": "282", "module": "env", "process": "remote_env_server", "function": "run_once", "stack": "", "pid": 97}
{"time": "2026-04-18 12:20:47.928234", "level": "INFO", "message": "env Select map in order: episode=259, map_id=10 from map_list=[1, 2, 3, 4, 5, 6, 7, 8, 9, 10]", "file": "data_handler.py", "line": "148", "module": "env", "process": "data_handler", "function": "handle_usr_conf", "stack": "", "pid": 97}
{"time": "2026-04-18 12:20:54.483431", "level": "INFO", "message": "env data_handler finish success", "file": "data_handler.py", "line": "189", "module": "env", "process": "data_handler", "function": "finish", "stack": "", "pid": 97}
{"time": "2026-04-18 12:20:54.483945", "level": "INFO", "message": "env env run once episode done, process_run_count is 207788", "file": "remote_env_server.py", "line": "298", "module": "env", "process": "remote_env_server", "function": "run_once", "stack": "", "pid": 97}
{"time": "2026-04-18 12:20:54.520060", "level": "INFO", "message": "env env recv reset message", "file": "remote_env_server.py", "line": "282", "module": "env", "process": "remote_env_server", "function": "run_once", "stack": "", "pid": 97}
{"time": "2026-04-18 12:20:54.520697", "level": "INFO", "message": "env Select map in order: episode=260, map_id=1 from map_list=[1, 2, 3, 4, 5, 6, 7, 8, 9, 10]", "file": "data_handler.py", "line": "148", "module": "env", "process": "data_handler", "function": "handle_usr_conf", "stack": "", "pid": 97}
{"time": "2026-04-18 12:20:59.221781", "level": "INFO", "message": "env data_handler finish success", "file": "data_handler.py", "line": "189", "module": "env", "process": "data_handler", "function": "finish", "stack": "", "pid": 97}
{"time": "2026-04-18 12:20:59.222378", "level": "INFO", "message": "env env run once episode done, process_run_count is 208654", "file": "remote_env_server.py", "line": "298", "module": "env", "process": "remote_env_server", "function": "run_once", "stack": "", "pid": 97}
{"time": "2026-04-18 12:20:59.255858", "level": "INFO", "message": "env env recv reset message", "file": "remote_env_server.py", "line": "282", "module": "env", "process": "remote_env_server", "function": "run_once", "stack": "", "pid": 97}
{"time": "2026-04-18 12:20:59.256554", "level": "INFO", "message": "env Select map in order: episode=261, map_id=2 from map_list=[1, 2, 3, 4, 5, 6, 7, 8, 9, 10]", "file": "data_handler.py", "line": "148", "module": "env", "process": "data_handler", "function": "handle_usr_conf", "stack": "", "pid": 97}
{"time": "2026-04-18 12:21:05.057247", "level": "INFO", "message": "env data_handler finish success", "file": "data_handler.py", "line": "189", "module": "env", "process": "data_handler", "function": "finish", "stack": "", "pid": 97}
{"time": "2026-04-18 12:21:05.057901", "level": "INFO", "message": "env env run once episode done, process_run_count is 209550", "file": "remote_env_server.py", "line": "298", "module": "env", "process": "remote_env_server", "function": "run_once", "stack": "", "pid": 97}
{"time": "2026-04-18 12:21:05.088482", "level": "INFO", "message": "env env recv reset message", "file": "remote_env_server.py", "line": "282", "module": "env", "process": "remote_env_server", "function": "run_once", "stack": "", "pid": 97}
{"time": "2026-04-18 12:21:05.089151", "level": "INFO", "message": "env Select map in order: episode=262, map_id=3 from map_list=[1, 2, 3, 4, 5, 6, 7, 8, 9, 10]", "file": "data_handler.py", "line": "148", "module": "env", "process": "data_handler", "function": "handle_usr_conf", "stack": "", "pid": 97}
{"time": "2026-04-18 12:21:11.116712", "level": "INFO", "message": "env data_handler finish success", "file": "data_handler.py", "line": "189", "module": "env", "process": "data_handler", "function": "finish", "stack": "", "pid": 97}
{"time": "2026-04-18 12:21:11.117485", "level": "INFO", "message": "env env run once episode done, process_run_count is 210479", "file": "remote_env_server.py", "line": "298", "module": "env", "process": "remote_env_server", "function": "run_once", "stack": "", "pid": 97}
{"time": "2026-04-18 12:21:11.152279", "level": "INFO", "message": "env env recv reset message", "file": "remote_env_server.py", "line": "282", "module": "env", "process": "remote_env_server", "function": "run_once", "stack": "", "pid": 97}
{"time": "2026-04-18 12:21:11.153155", "level": "INFO", "message": "env Select map in order: episode=263, map_id=4 from map_list=[1, 2, 3, 4, 5, 6, 7, 8, 9, 10]", "file": "data_handler.py", "line": "148", "module": "env", "process": "data_handler", "function": "handle_usr_conf", "stack": "", "pid": 97}
{"time": "2026-04-18 12:21:11.955495", "level": "INFO", "message": "env data_handler finish success", "file": "data_handler.py", "line": "189", "module": "env", "process": "data_handler", "function": "finish", "stack": "", "pid": 97}
{"time": "2026-04-18 12:21:11.956347", "level": "INFO", "message": "env env run once episode done, process_run_count is 210579", "file": "remote_env_server.py", "line": "298", "module": "env", "process": "remote_env_server", "function": "run_once", "stack": "", "pid": 97}
{"time": "2026-04-18 12:21:11.961490", "level": "INFO", "message": "env env recv reset message", "file": "remote_env_server.py", "line": "282", "module": "env", "process": "remote_env_server", "function": "run_once", "stack": "", "pid": 97}
{"time": "2026-04-18 12:21:11.962360", "level": "INFO", "message": "env Select map in order: episode=264, map_id=5 from map_list=[1, 2, 3, 4, 5, 6, 7, 8, 9, 10]", "file": "data_handler.py", "line": "148", "module": "env", "process": "data_handler", "function": "handle_usr_conf", "stack": "", "pid": 97}
{"time": "2026-04-18 12:21:14.641517", "level": "INFO", "message": "env finish monitor_data is {'total_score': 316, 'clean_score': 316, 'total_map': 10, 'map_random': 0, 'map_code': 5, 'max_steps': 1000, 'finished_steps': 398, 'total_charger': 4, 'charge_count': 2, 'remaining_charge': 0}", "file": "monitor_helper.py", "line": "95", "module": "env", "process": "monitor_helper", "function": "finish", "stack": "", "pid": 97}
{"time": "2026-04-18 12:21:14.642336", "level": "INFO", "message": "env data_handler finish success", "file": "data_handler.py", "line": "189", "module": "env", "process": "data_handler", "function": "finish", "stack": "", "pid": 97}
{"time": "2026-04-18 12:21:14.642920", "level": "INFO", "message": "env env run once episode done, process_run_count is 210978", "file": "remote_env_server.py", "line": "298", "module": "env", "process": "remote_env_server", "function": "run_once", "stack": "", "pid": 97}
{"time": "2026-04-18 12:21:14.657769", "level": "INFO", "message": "env env recv reset message", "file": "remote_env_server.py", "line": "282", "module": "env", "process": "remote_env_server", "function": "run_once", "stack": "", "pid": 97}
{"time": "2026-04-18 12:21:14.658486", "level": "INFO", "message": "env Select map in order: episode=265, map_id=6 from map_list=[1, 2, 3, 4, 5, 6, 7, 8, 9, 10]", "file": "data_handler.py", "line": "148", "module": "env", "process": "data_handler", "function": "handle_usr_conf", "stack": "", "pid": 97}
{"time": "2026-04-18 12:21:16.092871", "level": "INFO", "message": "env data_handler finish success", "file": "data_handler.py", "line": "189", "module": "env", "process": "data_handler", "function": "finish", "stack": "", "pid": 97}
{"time": "2026-04-18 12:21:16.093315", "level": "INFO", "message": "env env run once episode done, process_run_count is 211179", "file": "remote_env_server.py", "line": "298", "module": "env", "process": "remote_env_server", "function": "run_once", "stack": "", "pid": 97}
{"time": "2026-04-18 12:21:16.102030", "level": "INFO", "message": "env env recv reset message", "file": "remote_env_server.py", "line": "282", "module": "env", "process": "remote_env_server", "function": "run_once", "stack": "", "pid": 97}
{"time": "2026-04-18 12:21:16.102639", "level": "INFO", "message": "env Select map in order: episode=266, map_id=7 from map_list=[1, 2, 3, 4, 5, 6, 7, 8, 9, 10]", "file": "data_handler.py", "line": "148", "module": "env", "process": "data_handler", "function": "handle_usr_conf", "stack": "", "pid": 97}
{"time": "2026-04-18 12:21:16.734376", "level": "INFO", "message": "env data_handler finish success", "file": "data_handler.py", "line": "189", "module": "env", "process": "data_handler", "function": "finish", "stack": "", "pid": 97}
{"time": "2026-04-18 12:21:16.734980", "level": "INFO", "message": "env env run once episode done, process_run_count is 211261", "file": "remote_env_server.py", "line": "298", "module": "env", "process": "remote_env_server", "function": "run_once", "stack": "", "pid": 97}
{"time": "2026-04-18 12:21:16.739526", "level": "INFO", "message": "env env recv reset message", "file": "remote_env_server.py", "line": "282", "module": "env", "process": "remote_env_server", "function": "run_once", "stack": "", "pid": 97}
{"time": "2026-04-18 12:21:16.740130", "level": "INFO", "message": "env Select map in order: episode=267, map_id=8 from map_list=[1, 2, 3, 4, 5, 6, 7, 8, 9, 10]", "file": "data_handler.py", "line": "148", "module": "env", "process": "data_handler", "function": "handle_usr_conf", "stack": "", "pid": 97}
{"time": "2026-04-18 12:21:23.265039", "level": "INFO", "message": "env data_handler finish success", "file": "data_handler.py", "line": "189", "module": "env", "process": "data_handler", "function": "finish", "stack": "", "pid": 97}
{"time": "2026-04-18 12:21:23.265837", "level": "INFO", "message": "env env run once episode done, process_run_count is 212262", "file": "remote_env_server.py", "line": "298", "module": "env", "process": "remote_env_server", "function": "run_once", "stack": "", "pid": 97}
{"time": "2026-04-18 12:21:23.298551", "level": "INFO", "message": "env env recv reset message", "file": "remote_env_server.py", "line": "282", "module": "env", "process": "remote_env_server", "function": "run_once", "stack": "", "pid": 97}
{"time": "2026-04-18 12:21:23.299224", "level": "INFO", "message": "env Select map in order: episode=268, map_id=9 from map_list=[1, 2, 3, 4, 5, 6, 7, 8, 9, 10]", "file": "data_handler.py", "line": "148", "module": "env", "process": "data_handler", "function": "handle_usr_conf", "stack": "", "pid": 97}
{"time": "2026-04-18 12:21:28.841578", "level": "INFO", "message": "env data_handler finish success", "file": "data_handler.py", "line": "189", "module": "env", "process": "data_handler", "function": "finish", "stack": "", "pid": 97}
{"time": "2026-04-18 12:21:28.842212", "level": "INFO", "message": "env env run once episode done, process_run_count is 213263", "file": "remote_env_server.py", "line": "298", "module": "env", "process": "remote_env_server", "function": "run_once", "stack": "", "pid": 97}
{"time": "2026-04-18 12:21:28.876198", "level": "INFO", "message": "env env recv reset message", "file": "remote_env_server.py", "line": "282", "module": "env", "process": "remote_env_server", "function": "run_once", "stack": "", "pid": 97}
{"time": "2026-04-18 12:21:28.876695", "level": "INFO", "message": "env Select map in order: episode=269, map_id=10 from map_list=[1, 2, 3, 4, 5, 6, 7, 8, 9, 10]", "file": "data_handler.py", "line": "148", "module": "env", "process": "data_handler", "function": "handle_usr_conf", "stack": "", "pid": 97}
{"time": "2026-04-18 12:21:35.391819", "level": "INFO", "message": "env data_handler finish success", "file": "data_handler.py", "line": "189", "module": "env", "process": "data_handler", "function": "finish", "stack": "", "pid": 97}
{"time": "2026-04-18 12:21:35.392352", "level": "INFO", "message": "env env run once episode done, process_run_count is 214264", "file": "remote_env_server.py", "line": "298", "module": "env", "process": "remote_env_server", "function": "run_once", "stack": "", "pid": 97}
{"time": "2026-04-18 12:21:35.426369", "level": "INFO", "message": "env env recv reset message", "file": "remote_env_server.py", "line": "282", "module": "env", "process": "remote_env_server", "function": "run_once", "stack": "", "pid": 97}
{"time": "2026-04-18 12:21:35.427010", "level": "INFO", "message": "env Select map in order: episode=270, map_id=1 from map_list=[1, 2, 3, 4, 5, 6, 7, 8, 9, 10]", "file": "data_handler.py", "line": "148", "module": "env", "process": "data_handler", "function": "handle_usr_conf", "stack": "", "pid": 97}
{"time": "2026-04-18 12:21:41.966558", "level": "INFO", "message": "env data_handler finish success", "file": "data_handler.py", "line": "189", "module": "env", "process": "data_handler", "function": "finish", "stack": "", "pid": 97}
{"time": "2026-04-18 12:21:41.967219", "level": "INFO", "message": "env env run once episode done, process_run_count is 215265", "file": "remote_env_server.py", "line": "298", "module": "env", "process": "remote_env_server", "function": "run_once", "stack": "", "pid": 97}
{"time": "2026-04-18 12:21:42.021137", "level": "INFO", "message": "env env recv reset message", "file": "remote_env_server.py", "line": "282", "module": "env", "process": "remote_env_server", "function": "run_once", "stack": "", "pid": 97}
{"time": "2026-04-18 12:21:42.021920", "level": "INFO", "message": "env Select map in order: episode=271, map_id=2 from map_list=[1, 2, 3, 4, 5, 6, 7, 8, 9, 10]", "file": "data_handler.py", "line": "148", "module": "env", "process": "data_handler", "function": "handle_usr_conf", "stack": "", "pid": 97}
{"time": "2026-04-18 12:21:48.138735", "level": "INFO", "message": "env data_handler finish success", "file": "data_handler.py", "line": "189", "module": "env", "process": "data_handler", "function": "finish", "stack": "", "pid": 97}
{"time": "2026-04-18 12:21:48.139301", "level": "INFO", "message": "env env run once episode done, process_run_count is 216205", "file": "remote_env_server.py", "line": "298", "module": "env", "process": "remote_env_server", "function": "run_once", "stack": "", "pid": 97}
{"time": "2026-04-18 12:21:48.174104", "level": "INFO", "message": "env env recv reset message", "file": "remote_env_server.py", "line": "282", "module": "env", "process": "remote_env_server", "function": "run_once", "stack": "", "pid": 97}
{"time": "2026-04-18 12:21:48.174771", "level": "INFO", "message": "env Select map in order: episode=272, map_id=3 from map_list=[1, 2, 3, 4, 5, 6, 7, 8, 9, 10]", "file": "data_handler.py", "line": "148", "module": "env", "process": "data_handler", "function": "handle_usr_conf", "stack": "", "pid": 97}
{"time": "2026-04-18 12:21:53.982964", "level": "INFO", "message": "env data_handler finish success", "file": "data_handler.py", "line": "189", "module": "env", "process": "data_handler", "function": "finish", "stack": "", "pid": 97}
{"time": "2026-04-18 12:21:53.983641", "level": "INFO", "message": "env env run once episode done, process_run_count is 217099", "file": "remote_env_server.py", "line": "298", "module": "env", "process": "remote_env_server", "function": "run_once", "stack": "", "pid": 97}
{"time": "2026-04-18 12:21:54.014514", "level": "INFO", "message": "env env recv reset message", "file": "remote_env_server.py", "line": "282", "module": "env", "process": "remote_env_server", "function": "run_once", "stack": "", "pid": 97}
{"time": "2026-04-18 12:21:54.015395", "level": "INFO", "message": "env Select map in order: episode=273, map_id=4 from map_list=[1, 2, 3, 4, 5, 6, 7, 8, 9, 10]", "file": "data_handler.py", "line": "148", "module": "env", "process": "data_handler", "function": "handle_usr_conf", "stack": "", "pid": 97}
{"time": "2026-04-18 12:21:55.427774", "level": "INFO", "message": "env data_handler finish success", "file": "data_handler.py", "line": "189", "module": "env", "process": "data_handler", "function": "finish", "stack": "", "pid": 97}
{"time": "2026-04-18 12:21:55.428446", "level": "INFO", "message": "env env run once episode done, process_run_count is 217300", "file": "remote_env_server.py", "line": "298", "module": "env", "process": "remote_env_server", "function": "run_once", "stack": "", "pid": 97}
{"time": "2026-04-18 12:21:55.436541", "level": "INFO", "message": "env env recv reset message", "file": "remote_env_server.py", "line": "282", "module": "env", "process": "remote_env_server", "function": "run_once", "stack": "", "pid": 97}
{"time": "2026-04-18 12:21:55.437218", "level": "INFO", "message": "env Select map in order: episode=274, map_id=5 from map_list=[1, 2, 3, 4, 5, 6, 7, 8, 9, 10]", "file": "data_handler.py", "line": "148", "module": "env", "process": "data_handler", "function": "handle_usr_conf", "stack": "", "pid": 97}
{"time": "2026-04-18 12:22:01.528032", "level": "INFO", "message": "env data_handler finish success", "file": "data_handler.py", "line": "189", "module": "env", "process": "data_handler", "function": "finish", "stack": "", "pid": 97}
{"time": "2026-04-18 12:22:01.528670", "level": "INFO", "message": "env env run once episode done, process_run_count is 218301", "file": "remote_env_server.py", "line": "298", "module": "env", "process": "remote_env_server", "function": "run_once", "stack": "", "pid": 97}
{"time": "2026-04-18 12:22:01.561004", "level": "INFO", "message": "env env recv reset message", "file": "remote_env_server.py", "line": "282", "module": "env", "process": "remote_env_server", "function": "run_once", "stack": "", "pid": 97}
{"time": "2026-04-18 12:22:01.561803", "level": "INFO", "message": "env Select map in order: episode=275, map_id=6 from map_list=[1, 2, 3, 4, 5, 6, 7, 8, 9, 10]", "file": "data_handler.py", "line": "148", "module": "env", "process": "data_handler", "function": "handle_usr_conf", "stack": "", "pid": 97}
{"time": "2026-04-18 12:22:07.756321", "level": "INFO", "message": "env data_handler finish success", "file": "data_handler.py", "line": "189", "module": "env", "process": "data_handler", "function": "finish", "stack": "", "pid": 97}
{"time": "2026-04-18 12:22:07.757494", "level": "INFO", "message": "env env run once episode done, process_run_count is 219302", "file": "remote_env_server.py", "line": "298", "module": "env", "process": "remote_env_server", "function": "run_once", "stack": "", "pid": 97}
{"time": "2026-04-18 12:22:07.788516", "level": "INFO", "message": "env env recv reset message", "file": "remote_env_server.py", "line": "282", "module": "env", "process": "remote_env_server", "function": "run_once", "stack": "", "pid": 97}
{"time": "2026-04-18 12:22:07.790363", "level": "INFO", "message": "env Select map in order: episode=276, map_id=7 from map_list=[1, 2, 3, 4, 5, 6, 7, 8, 9, 10]", "file": "data_handler.py", "line": "148", "module": "env", "process": "data_handler", "function": "handle_usr_conf", "stack": "", "pid": 97}
{"time": "2026-04-18 12:22:12.925173", "level": "INFO", "message": "env data_handler finish success", "file": "data_handler.py", "line": "189", "module": "env", "process": "data_handler", "function": "finish", "stack": "", "pid": 97}
{"time": "2026-04-18 12:22:12.925699", "level": "INFO", "message": "env env run once episode done, process_run_count is 220303", "file": "remote_env_server.py", "line": "298", "module": "env", "process": "remote_env_server", "function": "run_once", "stack": "", "pid": 97}
{"time": "2026-04-18 12:22:12.963783", "level": "INFO", "message": "env env recv reset message", "file": "remote_env_server.py", "line": "282", "module": "env", "process": "remote_env_server", "function": "run_once", "stack": "", "pid": 97}
{"time": "2026-04-18 12:22:12.964680", "level": "INFO", "message": "env Select map in order: episode=277, map_id=8 from map_list=[1, 2, 3, 4, 5, 6, 7, 8, 9, 10]", "file": "data_handler.py", "line": "148", "module": "env", "process": "data_handler", "function": "handle_usr_conf", "stack": "", "pid": 97}
{"time": "2026-04-18 12:22:18.966124", "level": "INFO", "message": "env finish monitor_data is {'total_score': 855, 'clean_score': 855, 'total_map': 10, 'map_random': 0, 'map_code': 8, 'max_steps': 1000, 'finished_steps': 1000, 'total_charger': 4, 'charge_count': 9, 'remaining_charge': 193}", "file": "monitor_helper.py", "line": "95", "module": "env", "process": "monitor_helper", "function": "finish", "stack": "", "pid": 97}
{"time": "2026-04-18 12:22:18.966745", "level": "INFO", "message": "env data_handler finish success", "file": "data_handler.py", "line": "189", "module": "env", "process": "data_handler", "function": "finish", "stack": "", "pid": 97}
{"time": "2026-04-18 12:22:18.967160", "level": "INFO", "message": "env env run once episode done, process_run_count is 221304", "file": "remote_env_server.py", "line": "298", "module": "env", "process": "remote_env_server", "function": "run_once", "stack": "", "pid": 97}
{"time": "2026-04-18 12:22:19.001506", "level": "INFO", "message": "env env recv reset message", "file": "remote_env_server.py", "line": "282", "module": "env", "process": "remote_env_server", "function": "run_once", "stack": "", "pid": 97}
{"time": "2026-04-18 12:22:19.002160", "level": "INFO", "message": "env Select map in order: episode=278, map_id=9 from map_list=[1, 2, 3, 4, 5, 6, 7, 8, 9, 10]", "file": "data_handler.py", "line": "148", "module": "env", "process": "data_handler", "function": "handle_usr_conf", "stack": "", "pid": 97}
{"time": "2026-04-18 12:22:25.086466", "level": "INFO", "message": "env data_handler finish success", "file": "data_handler.py", "line": "189", "module": "env", "process": "data_handler", "function": "finish", "stack": "", "pid": 97}
{"time": "2026-04-18 12:22:25.086922", "level": "INFO", "message": "env env run once episode done, process_run_count is 222305", "file": "remote_env_server.py", "line": "298", "module": "env", "process": "remote_env_server", "function": "run_once", "stack": "", "pid": 97}
{"time": "2026-04-18 12:22:25.120165", "level": "INFO", "message": "env env recv reset message", "file": "remote_env_server.py", "line": "282", "module": "env", "process": "remote_env_server", "function": "run_once", "stack": "", "pid": 97}
{"time": "2026-04-18 12:22:25.120775", "level": "INFO", "message": "env Select map in order: episode=279, map_id=10 from map_list=[1, 2, 3, 4, 5, 6, 7, 8, 9, 10]", "file": "data_handler.py", "line": "148", "module": "env", "process": "data_handler", "function": "handle_usr_conf", "stack": "", "pid": 97}
{"time": "2026-04-18 12:22:29.747004", "level": "INFO", "message": "env data_handler finish success", "file": "data_handler.py", "line": "189", "module": "env", "process": "data_handler", "function": "finish", "stack": "", "pid": 97}
{"time": "2026-04-18 12:22:29.747759", "level": "INFO", "message": "env env run once episode done, process_run_count is 223139", "file": "remote_env_server.py", "line": "298", "module": "env", "process": "remote_env_server", "function": "run_once", "stack": "", "pid": 97}
{"time": "2026-04-18 12:22:29.776094", "level": "INFO", "message": "env env recv reset message", "file": "remote_env_server.py", "line": "282", "module": "env", "process": "remote_env_server", "function": "run_once", "stack": "", "pid": 97}
{"time": "2026-04-18 12:22:29.776919", "level": "INFO", "message": "env Select map in order: episode=280, map_id=1 from map_list=[1, 2, 3, 4, 5, 6, 7, 8, 9, 10]", "file": "data_handler.py", "line": "148", "module": "env", "process": "data_handler", "function": "handle_usr_conf", "stack": "", "pid": 97}
{"time": "2026-04-18 12:22:35.852316", "level": "INFO", "message": "env data_handler finish success", "file": "data_handler.py", "line": "189", "module": "env", "process": "data_handler", "function": "finish", "stack": "", "pid": 97}
{"time": "2026-04-18 12:22:35.852930", "level": "INFO", "message": "env env run once episode done, process_run_count is 224140", "file": "remote_env_server.py", "line": "298", "module": "env", "process": "remote_env_server", "function": "run_once", "stack": "", "pid": 97}
{"time": "2026-04-18 12:22:35.884386", "level": "INFO", "message": "env env recv reset message", "file": "remote_env_server.py", "line": "282", "module": "env", "process": "remote_env_server", "function": "run_once", "stack": "", "pid": 97}
{"time": "2026-04-18 12:22:35.885033", "level": "INFO", "message": "env Select map in order: episode=281, map_id=2 from map_list=[1, 2, 3, 4, 5, 6, 7, 8, 9, 10]", "file": "data_handler.py", "line": "148", "module": "env", "process": "data_handler", "function": "handle_usr_conf", "stack": "", "pid": 97}
{"time": "2026-04-18 12:22:41.900693", "level": "INFO", "message": "env data_handler finish success", "file": "data_handler.py", "line": "189", "module": "env", "process": "data_handler", "function": "finish", "stack": "", "pid": 97}
{"time": "2026-04-18 12:22:41.901210", "level": "INFO", "message": "env env run once episode done, process_run_count is 225141", "file": "remote_env_server.py", "line": "298", "module": "env", "process": "remote_env_server", "function": "run_once", "stack": "", "pid": 97}
{"time": "2026-04-18 12:22:41.935082", "level": "INFO", "message": "env env recv reset message", "file": "remote_env_server.py", "line": "282", "module": "env", "process": "remote_env_server", "function": "run_once", "stack": "", "pid": 97}
{"time": "2026-04-18 12:22:41.935836", "level": "INFO", "message": "env Select map in order: episode=282, map_id=3 from map_list=[1, 2, 3, 4, 5, 6, 7, 8, 9, 10]", "file": "data_handler.py", "line": "148", "module": "env", "process": "data_handler", "function": "handle_usr_conf", "stack": "", "pid": 97}
{"time": "2026-04-18 12:22:48.036521", "level": "INFO", "message": "env data_handler finish success", "file": "data_handler.py", "line": "189", "module": "env", "process": "data_handler", "function": "finish", "stack": "", "pid": 97}
{"time": "2026-04-18 12:22:48.037045", "level": "INFO", "message": "env env run once episode done, process_run_count is 226142", "file": "remote_env_server.py", "line": "298", "module": "env", "process": "remote_env_server", "function": "run_once", "stack": "", "pid": 97}
{"time": "2026-04-18 12:22:48.070829", "level": "INFO", "message": "env env recv reset message", "file": "remote_env_server.py", "line": "282", "module": "env", "process": "remote_env_server", "function": "run_once", "stack": "", "pid": 97}
{"time": "2026-04-18 12:22:48.071512", "level": "INFO", "message": "env Select map in order: episode=283, map_id=4 from map_list=[1, 2, 3, 4, 5, 6, 7, 8, 9, 10]", "file": "data_handler.py", "line": "148", "module": "env", "process": "data_handler", "function": "handle_usr_conf", "stack": "", "pid": 97}
{"time": "2026-04-18 12:22:54.139404", "level": "INFO", "message": "env data_handler finish success", "file": "data_handler.py", "line": "189", "module": "env", "process": "data_handler", "function": "finish", "stack": "", "pid": 97}
{"time": "2026-04-18 12:22:54.139965", "level": "INFO", "message": "env env run once episode done, process_run_count is 227143", "file": "remote_env_server.py", "line": "298", "module": "env", "process": "remote_env_server", "function": "run_once", "stack": "", "pid": 97}
{"time": "2026-04-18 12:22:54.174373", "level": "INFO", "message": "env env recv reset message", "file": "remote_env_server.py", "line": "282", "module": "env", "process": "remote_env_server", "function": "run_once", "stack": "", "pid": 97}
{"time": "2026-04-18 12:22:54.174886", "level": "INFO", "message": "env Select map in order: episode=284, map_id=5 from map_list=[1, 2, 3, 4, 5, 6, 7, 8, 9, 10]", "file": "data_handler.py", "line": "148", "module": "env", "process": "data_handler", "function": "handle_usr_conf", "stack": "", "pid": 97}
{"time": "2026-04-18 12:22:59.245771", "level": "INFO", "message": "env data_handler finish success", "file": "data_handler.py", "line": "189", "module": "env", "process": "data_handler", "function": "finish", "stack": "", "pid": 97}
{"time": "2026-04-18 12:22:59.246463", "level": "INFO", "message": "env env run once episode done, process_run_count is 228144", "file": "remote_env_server.py", "line": "298", "module": "env", "process": "remote_env_server", "function": "run_once", "stack": "", "pid": 97}
{"time": "2026-04-18 12:22:59.278747", "level": "INFO", "message": "env env recv reset message", "file": "remote_env_server.py", "line": "282", "module": "env", "process": "remote_env_server", "function": "run_once", "stack": "", "pid": 97}
{"time": "2026-04-18 12:22:59.279871", "level": "INFO", "message": "env Select map in order: episode=285, map_id=6 from map_list=[1, 2, 3, 4, 5, 6, 7, 8, 9, 10]", "file": "data_handler.py", "line": "148", "module": "env", "process": "data_handler", "function": "handle_usr_conf", "stack": "", "pid": 97}
{"time": "2026-04-18 12:23:05.605047", "level": "INFO", "message": "env data_handler finish success", "file": "data_handler.py", "line": "189", "module": "env", "process": "data_handler", "function": "finish", "stack": "", "pid": 97}
{"time": "2026-04-18 12:23:05.605820", "level": "INFO", "message": "env env run once episode done, process_run_count is 229145", "file": "remote_env_server.py", "line": "298", "module": "env", "process": "remote_env_server", "function": "run_once", "stack": "", "pid": 97}
{"time": "2026-04-18 12:23:05.636983", "level": "INFO", "message": "env env recv reset message", "file": "remote_env_server.py", "line": "282", "module": "env", "process": "remote_env_server", "function": "run_once", "stack": "", "pid": 97}
{"time": "2026-04-18 12:23:05.637677", "level": "INFO", "message": "env Select map in order: episode=286, map_id=7 from map_list=[1, 2, 3, 4, 5, 6, 7, 8, 9, 10]", "file": "data_handler.py", "line": "148", "module": "env", "process": "data_handler", "function": "handle_usr_conf", "stack": "", "pid": 97}
{"time": "2026-04-18 12:23:11.697844", "level": "INFO", "message": "env data_handler finish success", "file": "data_handler.py", "line": "189", "module": "env", "process": "data_handler", "function": "finish", "stack": "", "pid": 97}
{"time": "2026-04-18 12:23:11.698305", "level": "INFO", "message": "env env run once episode done, process_run_count is 230146", "file": "remote_env_server.py", "line": "298", "module": "env", "process": "remote_env_server", "function": "run_once", "stack": "", "pid": 97}
{"time": "2026-04-18 12:23:11.733002", "level": "INFO", "message": "env env recv reset message", "file": "remote_env_server.py", "line": "282", "module": "env", "process": "remote_env_server", "function": "run_once", "stack": "", "pid": 97}
{"time": "2026-04-18 12:23:11.733591", "level": "INFO", "message": "env Select map in order: episode=287, map_id=8 from map_list=[1, 2, 3, 4, 5, 6, 7, 8, 9, 10]", "file": "data_handler.py", "line": "148", "module": "env", "process": "data_handler", "function": "handle_usr_conf", "stack": "", "pid": 97}
{"time": "2026-04-18 12:23:17.216601", "level": "INFO", "message": "env data_handler finish success", "file": "data_handler.py", "line": "189", "module": "env", "process": "data_handler", "function": "finish", "stack": "", "pid": 97}
{"time": "2026-04-18 12:23:17.217040", "level": "INFO", "message": "env env run once episode done, process_run_count is 231054", "file": "remote_env_server.py", "line": "298", "module": "env", "process": "remote_env_server", "function": "run_once", "stack": "", "pid": 97}
{"time": "2026-04-18 12:23:17.255331", "level": "INFO", "message": "env env recv reset message", "file": "remote_env_server.py", "line": "282", "module": "env", "process": "remote_env_server", "function": "run_once", "stack": "", "pid": 97}
{"time": "2026-04-18 12:23:17.256019", "level": "INFO", "message": "env Select map in order: episode=288, map_id=9 from map_list=[1, 2, 3, 4, 5, 6, 7, 8, 9, 10]", "file": "data_handler.py", "line": "148", "module": "env", "process": "data_handler", "function": "handle_usr_conf", "stack": "", "pid": 97}
{"time": "2026-04-18 12:23:23.239607", "level": "INFO", "message": "env finish monitor_data is {'total_score': 908, 'clean_score': 908, 'total_map': 10, 'map_random': 0, 'map_code': 9, 'max_steps': 1000, 'finished_steps': 1000, 'total_charger': 4, 'charge_count': 10, 'remaining_charge': 187}", "file": "monitor_helper.py", "line": "95", "module": "env", "process": "monitor_helper", "function": "finish", "stack": "", "pid": 97}
{"time": "2026-04-18 12:23:23.240227", "level": "INFO", "message": "env data_handler finish success", "file": "data_handler.py", "line": "189", "module": "env", "process": "data_handler", "function": "finish", "stack": "", "pid": 97}
{"time": "2026-04-18 12:23:23.240832", "level": "INFO", "message": "env env run once episode done, process_run_count is 232055", "file": "remote_env_server.py", "line": "298", "module": "env", "process": "remote_env_server", "function": "run_once", "stack": "", "pid": 97}
{"time": "2026-04-18 12:23:23.277111", "level": "INFO", "message": "env env recv reset message", "file": "remote_env_server.py", "line": "282", "module": "env", "process": "remote_env_server", "function": "run_once", "stack": "", "pid": 97}
{"time": "2026-04-18 12:23:23.277752", "level": "INFO", "message": "env Select map in order: episode=289, map_id=10 from map_list=[1, 2, 3, 4, 5, 6, 7, 8, 9, 10]", "file": "data_handler.py", "line": "148", "module": "env", "process": "data_handler", "function": "handle_usr_conf", "stack": "", "pid": 97}
{"time": "2026-04-18 12:23:28.384025", "level": "INFO", "message": "env data_handler finish success", "file": "data_handler.py", "line": "189", "module": "env", "process": "data_handler", "function": "finish", "stack": "", "pid": 97}
{"time": "2026-04-18 12:23:28.384537", "level": "INFO", "message": "env env run once episode done, process_run_count is 233056", "file": "remote_env_server.py", "line": "298", "module": "env", "process": "remote_env_server", "function": "run_once", "stack": "", "pid": 97}
{"time": "2026-04-18 12:23:28.416318", "level": "INFO", "message": "env env recv reset message", "file": "remote_env_server.py", "line": "282", "module": "env", "process": "remote_env_server", "function": "run_once", "stack": "", "pid": 97}
{"time": "2026-04-18 12:23:28.416951", "level": "INFO", "message": "env Select map in order: episode=290, map_id=1 from map_list=[1, 2, 3, 4, 5, 6, 7, 8, 9, 10]", "file": "data_handler.py", "line": "148", "module": "env", "process": "data_handler", "function": "handle_usr_conf", "stack": "", "pid": 97}
{"time": "2026-04-18 12:23:34.437883", "level": "INFO", "message": "env data_handler finish success", "file": "data_handler.py", "line": "189", "module": "env", "process": "data_handler", "function": "finish", "stack": "", "pid": 97}
{"time": "2026-04-18 12:23:34.438383", "level": "INFO", "message": "env env run once episode done, process_run_count is 234057", "file": "remote_env_server.py", "line": "298", "module": "env", "process": "remote_env_server", "function": "run_once", "stack": "", "pid": 97}
{"time": "2026-04-18 12:23:34.475191", "level": "INFO", "message": "env env recv reset message", "file": "remote_env_server.py", "line": "282", "module": "env", "process": "remote_env_server", "function": "run_once", "stack": "", "pid": 97}
{"time": "2026-04-18 12:23:34.475747", "level": "INFO", "message": "env Select map in order: episode=291, map_id=2 from map_list=[1, 2, 3, 4, 5, 6, 7, 8, 9, 10]", "file": "data_handler.py", "line": "148", "module": "env", "process": "data_handler", "function": "handle_usr_conf", "stack": "", "pid": 97}
{"time": "2026-04-18 12:23:40.547044", "level": "INFO", "message": "env data_handler finish success", "file": "data_handler.py", "line": "189", "module": "env", "process": "data_handler", "function": "finish", "stack": "", "pid": 97}
{"time": "2026-04-18 12:23:40.547545", "level": "INFO", "message": "env env run once episode done, process_run_count is 235058", "file": "remote_env_server.py", "line": "298", "module": "env", "process": "remote_env_server", "function": "run_once", "stack": "", "pid": 97}
{"time": "2026-04-18 12:23:40.581292", "level": "INFO", "message": "env env recv reset message", "file": "remote_env_server.py", "line": "282", "module": "env", "process": "remote_env_server", "function": "run_once", "stack": "", "pid": 97}
{"time": "2026-04-18 12:23:40.581936", "level": "INFO", "message": "env Select map in order: episode=292, map_id=3 from map_list=[1, 2, 3, 4, 5, 6, 7, 8, 9, 10]", "file": "data_handler.py", "line": "148", "module": "env", "process": "data_handler", "function": "handle_usr_conf", "stack": "", "pid": 97}
{"time": "2026-04-18 12:23:46.777178", "level": "INFO", "message": "env data_handler finish success", "file": "data_handler.py", "line": "189", "module": "env", "process": "data_handler", "function": "finish", "stack": "", "pid": 97}
{"time": "2026-04-18 12:23:46.777853", "level": "INFO", "message": "env env run once episode done, process_run_count is 236059", "file": "remote_env_server.py", "line": "298", "module": "env", "process": "remote_env_server", "function": "run_once", "stack": "", "pid": 97}
{"time": "2026-04-18 12:23:46.809764", "level": "INFO", "message": "env env recv reset message", "file": "remote_env_server.py", "line": "282", "module": "env", "process": "remote_env_server", "function": "run_once", "stack": "", "pid": 97}
{"time": "2026-04-18 12:23:46.810517", "level": "INFO", "message": "env Select map in order: episode=293, map_id=4 from map_list=[1, 2, 3, 4, 5, 6, 7, 8, 9, 10]", "file": "data_handler.py", "line": "148", "module": "env", "process": "data_handler", "function": "handle_usr_conf", "stack": "", "pid": 97}
{"time": "2026-04-18 12:23:47.875126", "level": "INFO", "message": "env data_handler finish success", "file": "data_handler.py", "line": "189", "module": "env", "process": "data_handler", "function": "finish", "stack": "", "pid": 97}
{"time": "2026-04-18 12:23:47.875760", "level": "INFO", "message": "env env run once episode done, process_run_count is 236213", "file": "remote_env_server.py", "line": "298", "module": "env", "process": "remote_env_server", "function": "run_once", "stack": "", "pid": 97}
{"time": "2026-04-18 12:23:47.882441", "level": "INFO", "message": "env env recv reset message", "file": "remote_env_server.py", "line": "282", "module": "env", "process": "remote_env_server", "function": "run_once", "stack": "", "pid": 97}
{"time": "2026-04-18 12:23:47.883079", "level": "INFO", "message": "env Select map in order: episode=294, map_id=5 from map_list=[1, 2, 3, 4, 5, 6, 7, 8, 9, 10]", "file": "data_handler.py", "line": "148", "module": "env", "process": "data_handler", "function": "handle_usr_conf", "stack": "", "pid": 97}
{"time": "2026-04-18 12:23:49.186081", "level": "INFO", "message": "env data_handler finish success", "file": "data_handler.py", "line": "189", "module": "env", "process": "data_handler", "function": "finish", "stack": "", "pid": 97}
{"time": "2026-04-18 12:23:49.186886", "level": "INFO", "message": "env env run once episode done, process_run_count is 236414", "file": "remote_env_server.py", "line": "298", "module": "env", "process": "remote_env_server", "function": "run_once", "stack": "", "pid": 97}
{"time": "2026-04-18 12:23:49.194787", "level": "INFO", "message": "env env recv reset message", "file": "remote_env_server.py", "line": "282", "module": "env", "process": "remote_env_server", "function": "run_once", "stack": "", "pid": 97}
{"time": "2026-04-18 12:23:49.195595", "level": "INFO", "message": "env Select map in order: episode=295, map_id=6 from map_list=[1, 2, 3, 4, 5, 6, 7, 8, 9, 10]", "file": "data_handler.py", "line": "148", "module": "env", "process": "data_handler", "function": "handle_usr_conf", "stack": "", "pid": 97}
{"time": "2026-04-18 12:23:52.705815", "level": "INFO", "message": "env data_handler finish success", "file": "data_handler.py", "line": "189", "module": "env", "process": "data_handler", "function": "finish", "stack": "", "pid": 97}
{"time": "2026-04-18 12:23:52.706277", "level": "INFO", "message": "env env run once episode done, process_run_count is 237140", "file": "remote_env_server.py", "line": "298", "module": "env", "process": "remote_env_server", "function": "run_once", "stack": "", "pid": 97}
{"time": "2026-04-18 12:23:52.730610", "level": "INFO", "message": "env env recv reset message", "file": "remote_env_server.py", "line": "282", "module": "env", "process": "remote_env_server", "function": "run_once", "stack": "", "pid": 97}
{"time": "2026-04-18 12:23:52.731494", "level": "INFO", "message": "env Select map in order: episode=296, map_id=7 from map_list=[1, 2, 3, 4, 5, 6, 7, 8, 9, 10]", "file": "data_handler.py", "line": "148", "module": "env", "process": "data_handler", "function": "handle_usr_conf", "stack": "", "pid": 97}
{"time": "2026-04-18 12:23:58.756750", "level": "INFO", "message": "env data_handler finish success", "file": "data_handler.py", "line": "189", "module": "env", "process": "data_handler", "function": "finish", "stack": "", "pid": 97}
{"time": "2026-04-18 12:23:58.757641", "level": "INFO", "message": "env env run once episode done, process_run_count is 238141", "file": "remote_env_server.py", "line": "298", "module": "env", "process": "remote_env_server", "function": "run_once", "stack": "", "pid": 97}
{"time": "2026-04-18 12:23:58.790862", "level": "INFO", "message": "env env recv reset message", "file": "remote_env_server.py", "line": "282", "module": "env", "process": "remote_env_server", "function": "run_once", "stack": "", "pid": 97}
{"time": "2026-04-18 12:23:58.791445", "level": "INFO", "message": "env Select map in order: episode=297, map_id=8 from map_list=[1, 2, 3, 4, 5, 6, 7, 8, 9, 10]", "file": "data_handler.py", "line": "148", "module": "env", "process": "data_handler", "function": "handle_usr_conf", "stack": "", "pid": 97}
{"time": "2026-04-18 12:24:04.880034", "level": "INFO", "message": "env data_handler finish success", "file": "data_handler.py", "line": "189", "module": "env", "process": "data_handler", "function": "finish", "stack": "", "pid": 97}
{"time": "2026-04-18 12:24:04.880625", "level": "INFO", "message": "env env run once episode done, process_run_count is 239142", "file": "remote_env_server.py", "line": "298", "module": "env", "process": "remote_env_server", "function": "run_once", "stack": "", "pid": 97}
{"time": "2026-04-18 12:24:04.914574", "level": "INFO", "message": "env env recv reset message", "file": "remote_env_server.py", "line": "282", "module": "env", "process": "remote_env_server", "function": "run_once", "stack": "", "pid": 97}
{"time": "2026-04-18 12:24:04.915250", "level": "INFO", "message": "env Select map in order: episode=298, map_id=9 from map_list=[1, 2, 3, 4, 5, 6, 7, 8, 9, 10]", "file": "data_handler.py", "line": "148", "module": "env", "process": "data_handler", "function": "handle_usr_conf", "stack": "", "pid": 97}
{"time": "2026-04-18 12:24:10.774343", "level": "INFO", "message": "env data_handler finish success", "file": "data_handler.py", "line": "189", "module": "env", "process": "data_handler", "function": "finish", "stack": "", "pid": 97}
{"time": "2026-04-18 12:24:10.775022", "level": "INFO", "message": "env env run once episode done, process_run_count is 240098", "file": "remote_env_server.py", "line": "298", "module": "env", "process": "remote_env_server", "function": "run_once", "stack": "", "pid": 97}
{"time": "2026-04-18 12:24:10.804907", "level": "INFO", "message": "env env recv reset message", "file": "remote_env_server.py", "line": "282", "module": "env", "process": "remote_env_server", "function": "run_once", "stack": "", "pid": 97}
{"time": "2026-04-18 12:24:10.805756", "level": "INFO", "message": "env Select map in order: episode=299, map_id=10 from map_list=[1, 2, 3, 4, 5, 6, 7, 8, 9, 10]", "file": "data_handler.py", "line": "148", "module": "env", "process": "data_handler", "function": "handle_usr_conf", "stack": "", "pid": 97}
{"time": "2026-04-18 12:24:16.871358", "level": "INFO", "message": "env data_handler finish success", "file": "data_handler.py", "line": "189", "module": "env", "process": "data_handler", "function": "finish", "stack": "", "pid": 97}
{"time": "2026-04-18 12:24:16.871981", "level": "INFO", "message": "env env run once episode done, process_run_count is 241099", "file": "remote_env_server.py", "line": "298", "module": "env", "process": "remote_env_server", "function": "run_once", "stack": "", "pid": 97}
{"time": "2026-04-18 12:24:16.904562", "level": "INFO", "message": "env env recv reset message", "file": "remote_env_server.py", "line": "282", "module": "env", "process": "remote_env_server", "function": "run_once", "stack": "", "pid": 97}
{"time": "2026-04-18 12:24:16.905270", "level": "INFO", "message": "env Select map in order: episode=300, map_id=1 from map_list=[1, 2, 3, 4, 5, 6, 7, 8, 9, 10]", "file": "data_handler.py", "line": "148", "module": "env", "process": "data_handler", "function": "handle_usr_conf", "stack": "", "pid": 97}
{"time": "2026-04-18 12:24:22.027604", "level": "INFO", "message": "env data_handler finish success", "file": "data_handler.py", "line": "189", "module": "env", "process": "data_handler", "function": "finish", "stack": "", "pid": 97}
{"time": "2026-04-18 12:24:22.028139", "level": "INFO", "message": "env env run once episode done, process_run_count is 242100", "file": "remote_env_server.py", "line": "298", "module": "env", "process": "remote_env_server", "function": "run_once", "stack": "", "pid": 97}
{"time": "2026-04-18 12:24:22.062619", "level": "INFO", "message": "env env recv reset message", "file": "remote_env_server.py", "line": "282", "module": "env", "process": "remote_env_server", "function": "run_once", "stack": "", "pid": 97}
{"time": "2026-04-18 12:24:22.063435", "level": "INFO", "message": "env Select map in order: episode=301, map_id=2 from map_list=[1, 2, 3, 4, 5, 6, 7, 8, 9, 10]", "file": "data_handler.py", "line": "148", "module": "env", "process": "data_handler", "function": "handle_usr_conf", "stack": "", "pid": 97}
{"time": "2026-04-18 12:24:28.094069", "level": "INFO", "message": "env finish monitor_data is {'total_score': 897, 'clean_score': 897, 'total_map': 10, 'map_random': 0, 'map_code': 2, 'max_steps': 1000, 'finished_steps': 1000, 'total_charger': 4, 'charge_count': 9, 'remaining_charge': 168}", "file": "monitor_helper.py", "line": "95", "module": "env", "process": "monitor_helper", "function": "finish", "stack": "", "pid": 97}
{"time": "2026-04-18 12:24:28.094783", "level": "INFO", "message": "env data_handler finish success", "file": "data_handler.py", "line": "189", "module": "env", "process": "data_handler", "function": "finish", "stack": "", "pid": 97}
{"time": "2026-04-18 12:24:28.095350", "level": "INFO", "message": "env env run once episode done, process_run_count is 243101", "file": "remote_env_server.py", "line": "298", "module": "env", "process": "remote_env_server", "function": "run_once", "stack": "", "pid": 97}
{"time": "2026-04-18 12:24:28.127025", "level": "INFO", "message": "env env recv reset message", "file": "remote_env_server.py", "line": "282", "module": "env", "process": "remote_env_server", "function": "run_once", "stack": "", "pid": 97}
{"time": "2026-04-18 12:24:28.127808", "level": "INFO", "message": "env Select map in order: episode=302, map_id=3 from map_list=[1, 2, 3, 4, 5, 6, 7, 8, 9, 10]", "file": "data_handler.py", "line": "148", "module": "env", "process": "data_handler", "function": "handle_usr_conf", "stack": "", "pid": 97}
{"time": "2026-04-18 12:24:34.195972", "level": "INFO", "message": "env data_handler finish success", "file": "data_handler.py", "line": "189", "module": "env", "process": "data_handler", "function": "finish", "stack": "", "pid": 97}
{"time": "2026-04-18 12:24:34.196465", "level": "INFO", "message": "env env run once episode done, process_run_count is 244102", "file": "remote_env_server.py", "line": "298", "module": "env", "process": "remote_env_server", "function": "run_once", "stack": "", "pid": 97}
{"time": "2026-04-18 12:24:34.229250", "level": "INFO", "message": "env env recv reset message", "file": "remote_env_server.py", "line": "282", "module": "env", "process": "remote_env_server", "function": "run_once", "stack": "", "pid": 97}
{"time": "2026-04-18 12:24:34.229896", "level": "INFO", "message": "env Select map in order: episode=303, map_id=4 from map_list=[1, 2, 3, 4, 5, 6, 7, 8, 9, 10]", "file": "data_handler.py", "line": "148", "module": "env", "process": "data_handler", "function": "handle_usr_conf", "stack": "", "pid": 97}
{"time": "2026-04-18 12:24:40.316051", "level": "INFO", "message": "env data_handler finish success", "file": "data_handler.py", "line": "189", "module": "env", "process": "data_handler", "function": "finish", "stack": "", "pid": 97}
{"time": "2026-04-18 12:24:40.316663", "level": "INFO", "message": "env env run once episode done, process_run_count is 245103", "file": "remote_env_server.py", "line": "298", "module": "env", "process": "remote_env_server", "function": "run_once", "stack": "", "pid": 97}
{"time": "2026-04-18 12:24:40.349278", "level": "INFO", "message": "env env recv reset message", "file": "remote_env_server.py", "line": "282", "module": "env", "process": "remote_env_server", "function": "run_once", "stack": "", "pid": 97}
{"time": "2026-04-18 12:24:40.350277", "level": "INFO", "message": "env Select map in order: episode=304, map_id=5 from map_list=[1, 2, 3, 4, 5, 6, 7, 8, 9, 10]", "file": "data_handler.py", "line": "148", "module": "env", "process": "data_handler", "function": "handle_usr_conf", "stack": "", "pid": 97}
{"time": "2026-04-18 12:24:41.286915", "level": "INFO", "message": "env data_handler finish success", "file": "data_handler.py", "line": "189", "module": "env", "process": "data_handler", "function": "finish", "stack": "", "pid": 97}
{"time": "2026-04-18 12:24:41.287425", "level": "INFO", "message": "env env run once episode done, process_run_count is 245234", "file": "remote_env_server.py", "line": "298", "module": "env", "process": "remote_env_server", "function": "run_once", "stack": "", "pid": 97}
{"time": "2026-04-18 12:24:41.294491", "level": "INFO", "message": "env env recv reset message", "file": "remote_env_server.py", "line": "282", "module": "env", "process": "remote_env_server", "function": "run_once", "stack": "", "pid": 97}
{"time": "2026-04-18 12:24:41.295240", "level": "INFO", "message": "env Select map in order: episode=305, map_id=6 from map_list=[1, 2, 3, 4, 5, 6, 7, 8, 9, 10]", "file": "data_handler.py", "line": "148", "module": "env", "process": "data_handler", "function": "handle_usr_conf", "stack": "", "pid": 97}
{"time": "2026-04-18 12:24:47.376815", "level": "INFO", "message": "env data_handler finish success", "file": "data_handler.py", "line": "189", "module": "env", "process": "data_handler", "function": "finish", "stack": "", "pid": 97}
{"time": "2026-04-18 12:24:47.377287", "level": "INFO", "message": "env env run once episode done, process_run_count is 246235", "file": "remote_env_server.py", "line": "298", "module": "env", "process": "remote_env_server", "function": "run_once", "stack": "", "pid": 97}
{"time": "2026-04-18 12:24:47.413366", "level": "INFO", "message": "env env recv reset message", "file": "remote_env_server.py", "line": "282", "module": "env", "process": "remote_env_server", "function": "run_once", "stack": "", "pid": 97}
{"time": "2026-04-18 12:24:47.413900", "level": "INFO", "message": "env Select map in order: episode=306, map_id=7 from map_list=[1, 2, 3, 4, 5, 6, 7, 8, 9, 10]", "file": "data_handler.py", "line": "148", "module": "env", "process": "data_handler", "function": "handle_usr_conf", "stack": "", "pid": 97}
{"time": "2026-04-18 12:24:51.244304", "level": "INFO", "message": "env data_handler finish success", "file": "data_handler.py", "line": "189", "module": "env", "process": "data_handler", "function": "finish", "stack": "", "pid": 97}
{"time": "2026-04-18 12:24:51.244869", "level": "INFO", "message": "env env run once episode done, process_run_count is 247030", "file": "remote_env_server.py", "line": "298", "module": "env", "process": "remote_env_server", "function": "run_once", "stack": "", "pid": 97}
{"time": "2026-04-18 12:24:51.271485", "level": "INFO", "message": "env env recv reset message", "file": "remote_env_server.py", "line": "282", "module": "env", "process": "remote_env_server", "function": "run_once", "stack": "", "pid": 97}
{"time": "2026-04-18 12:24:51.272323", "level": "INFO", "message": "env Select map in order: episode=307, map_id=8 from map_list=[1, 2, 3, 4, 5, 6, 7, 8, 9, 10]", "file": "data_handler.py", "line": "148", "module": "env", "process": "data_handler", "function": "handle_usr_conf", "stack": "", "pid": 97}
{"time": "2026-04-18 12:24:57.261423", "level": "INFO", "message": "env data_handler finish success", "file": "data_handler.py", "line": "189", "module": "env", "process": "data_handler", "function": "finish", "stack": "", "pid": 97}
{"time": "2026-04-18 12:24:57.262014", "level": "INFO", "message": "env env run once episode done, process_run_count is 248031", "file": "remote_env_server.py", "line": "298", "module": "env", "process": "remote_env_server", "function": "run_once", "stack": "", "pid": 97}
{"time": "2026-04-18 12:24:57.294665", "level": "INFO", "message": "env env recv reset message", "file": "remote_env_server.py", "line": "282", "module": "env", "process": "remote_env_server", "function": "run_once", "stack": "", "pid": 97}
{"time": "2026-04-18 12:24:57.295390", "level": "INFO", "message": "env Select map in order: episode=308, map_id=9 from map_list=[1, 2, 3, 4, 5, 6, 7, 8, 9, 10]", "file": "data_handler.py", "line": "148", "module": "env", "process": "data_handler", "function": "handle_usr_conf", "stack": "", "pid": 97}
{"time": "2026-04-18 12:25:02.346287", "level": "INFO", "message": "env data_handler finish success", "file": "data_handler.py", "line": "189", "module": "env", "process": "data_handler", "function": "finish", "stack": "", "pid": 97}
{"time": "2026-04-18 12:25:02.347145", "level": "INFO", "message": "env env run once episode done, process_run_count is 248865", "file": "remote_env_server.py", "line": "298", "module": "env", "process": "remote_env_server", "function": "run_once", "stack": "", "pid": 97}
{"time": "2026-04-18 12:25:02.375784", "level": "INFO", "message": "env env recv reset message", "file": "remote_env_server.py", "line": "282", "module": "env", "process": "remote_env_server", "function": "run_once", "stack": "", "pid": 97}
{"time": "2026-04-18 12:25:02.376398", "level": "INFO", "message": "env Select map in order: episode=309, map_id=10 from map_list=[1, 2, 3, 4, 5, 6, 7, 8, 9, 10]", "file": "data_handler.py", "line": "148", "module": "env", "process": "data_handler", "function": "handle_usr_conf", "stack": "", "pid": 97}
{"time": "2026-04-18 12:25:05.211760", "level": "INFO", "message": "env data_handler finish success", "file": "data_handler.py", "line": "189", "module": "env", "process": "data_handler", "function": "finish", "stack": "", "pid": 97}
{"time": "2026-04-18 12:25:05.212442", "level": "INFO", "message": "env env run once episode done, process_run_count is 249320", "file": "remote_env_server.py", "line": "298", "module": "env", "process": "remote_env_server", "function": "run_once", "stack": "", "pid": 97}
{"time": "2026-04-18 12:25:05.229965", "level": "INFO", "message": "env env recv reset message", "file": "remote_env_server.py", "line": "282", "module": "env", "process": "remote_env_server", "function": "run_once", "stack": "", "pid": 97}
{"time": "2026-04-18 12:25:05.230859", "level": "INFO", "message": "env Select map in order: episode=310, map_id=1 from map_list=[1, 2, 3, 4, 5, 6, 7, 8, 9, 10]", "file": "data_handler.py", "line": "148", "module": "env", "process": "data_handler", "function": "handle_usr_conf", "stack": "", "pid": 97}
{"time": "2026-04-18 12:25:11.248251", "level": "INFO", "message": "env data_handler finish success", "file": "data_handler.py", "line": "189", "module": "env", "process": "data_handler", "function": "finish", "stack": "", "pid": 97}
{"time": "2026-04-18 12:25:11.248862", "level": "INFO", "message": "env env run once episode done, process_run_count is 250321", "file": "remote_env_server.py", "line": "298", "module": "env", "process": "remote_env_server", "function": "run_once", "stack": "", "pid": 97}
{"time": "2026-04-18 12:25:11.283700", "level": "INFO", "message": "env env recv reset message", "file": "remote_env_server.py", "line": "282", "module": "env", "process": "remote_env_server", "function": "run_once", "stack": "", "pid": 97}
{"time": "2026-04-18 12:25:11.284303", "level": "INFO", "message": "env Select map in order: episode=311, map_id=2 from map_list=[1, 2, 3, 4, 5, 6, 7, 8, 9, 10]", "file": "data_handler.py", "line": "148", "module": "env", "process": "data_handler", "function": "handle_usr_conf", "stack": "", "pid": 97}
{"time": "2026-04-18 12:25:17.315504", "level": "INFO", "message": "env data_handler finish success", "file": "data_handler.py", "line": "189", "module": "env", "process": "data_handler", "function": "finish", "stack": "", "pid": 97}
{"time": "2026-04-18 12:25:17.316414", "level": "INFO", "message": "env env run once episode done, process_run_count is 251322", "file": "remote_env_server.py", "line": "298", "module": "env", "process": "remote_env_server", "function": "run_once", "stack": "", "pid": 97}
{"time": "2026-04-18 12:25:17.350512", "level": "INFO", "message": "env env recv reset message", "file": "remote_env_server.py", "line": "282", "module": "env", "process": "remote_env_server", "function": "run_once", "stack": "", "pid": 97}
{"time": "2026-04-18 12:25:17.352407", "level": "INFO", "message": "env Select map in order: episode=312, map_id=3 from map_list=[1, 2, 3, 4, 5, 6, 7, 8, 9, 10]", "file": "data_handler.py", "line": "148", "module": "env", "process": "data_handler", "function": "handle_usr_conf", "stack": "", "pid": 97}
{"time": "2026-04-18 12:25:22.460175", "level": "INFO", "message": "env data_handler finish success", "file": "data_handler.py", "line": "189", "module": "env", "process": "data_handler", "function": "finish", "stack": "", "pid": 97}
{"time": "2026-04-18 12:25:22.460820", "level": "INFO", "message": "env env run once episode done, process_run_count is 252238", "file": "remote_env_server.py", "line": "298", "module": "env", "process": "remote_env_server", "function": "run_once", "stack": "", "pid": 97}
{"time": "2026-04-18 12:25:22.493544", "level": "INFO", "message": "env env recv reset message", "file": "remote_env_server.py", "line": "282", "module": "env", "process": "remote_env_server", "function": "run_once", "stack": "", "pid": 97}
{"time": "2026-04-18 12:25:22.494334", "level": "INFO", "message": "env Select map in order: episode=313, map_id=4 from map_list=[1, 2, 3, 4, 5, 6, 7, 8, 9, 10]", "file": "data_handler.py", "line": "148", "module": "env", "process": "data_handler", "function": "handle_usr_conf", "stack": "", "pid": 97}
{"time": "2026-04-18 12:25:27.251277", "level": "INFO", "message": "env data_handler finish success", "file": "data_handler.py", "line": "189", "module": "env", "process": "data_handler", "function": "finish", "stack": "", "pid": 97}
{"time": "2026-04-18 12:25:27.251798", "level": "INFO", "message": "env env run once episode done, process_run_count is 253023", "file": "remote_env_server.py", "line": "298", "module": "env", "process": "remote_env_server", "function": "run_once", "stack": "", "pid": 97}
{"time": "2026-04-18 12:25:27.279206", "level": "INFO", "message": "env env recv reset message", "file": "remote_env_server.py", "line": "282", "module": "env", "process": "remote_env_server", "function": "run_once", "stack": "", "pid": 97}
{"time": "2026-04-18 12:25:27.279670", "level": "INFO", "message": "env Select map in order: episode=314, map_id=5 from map_list=[1, 2, 3, 4, 5, 6, 7, 8, 9, 10]", "file": "data_handler.py", "line": "148", "module": "env", "process": "data_handler", "function": "handle_usr_conf", "stack": "", "pid": 97}
{"time": "2026-04-18 12:25:33.268175", "level": "INFO", "message": "env finish monitor_data is {'total_score': 918, 'clean_score': 918, 'total_map': 10, 'map_random': 0, 'map_code': 5, 'max_steps': 1000, 'finished_steps': 1000, 'total_charger': 4, 'charge_count': 10, 'remaining_charge': 71}", "file": "monitor_helper.py", "line": "95", "module": "env", "process": "monitor_helper", "function": "finish", "stack": "", "pid": 97}
{"time": "2026-04-18 12:25:33.268829", "level": "INFO", "message": "env data_handler finish success", "file": "data_handler.py", "line": "189", "module": "env", "process": "data_handler", "function": "finish", "stack": "", "pid": 97}
{"time": "2026-04-18 12:25:33.269591", "level": "INFO", "message": "env env run once episode done, process_run_count is 254024", "file": "remote_env_server.py", "line": "298", "module": "env", "process": "remote_env_server", "function": "run_once", "stack": "", "pid": 97}
{"time": "2026-04-18 12:25:33.301762", "level": "INFO", "message": "env env recv reset message", "file": "remote_env_server.py", "line": "282", "module": "env", "process": "remote_env_server", "function": "run_once", "stack": "", "pid": 97}
{"time": "2026-04-18 12:25:33.302519", "level": "INFO", "message": "env Select map in order: episode=315, map_id=6 from map_list=[1, 2, 3, 4, 5, 6, 7, 8, 9, 10]", "file": "data_handler.py", "line": "148", "module": "env", "process": "data_handler", "function": "handle_usr_conf", "stack": "", "pid": 97}
{"time": "2026-04-18 12:25:38.262029", "level": "INFO", "message": "env data_handler finish success", "file": "data_handler.py", "line": "189", "module": "env", "process": "data_handler", "function": "finish", "stack": "", "pid": 97}
{"time": "2026-04-18 12:25:38.262540", "level": "INFO", "message": "env env run once episode done, process_run_count is 255025", "file": "remote_env_server.py", "line": "298", "module": "env", "process": "remote_env_server", "function": "run_once", "stack": "", "pid": 97}
{"time": "2026-04-18 12:25:38.296221", "level": "INFO", "message": "env env recv reset message", "file": "remote_env_server.py", "line": "282", "module": "env", "process": "remote_env_server", "function": "run_once", "stack": "", "pid": 97}
{"time": "2026-04-18 12:25:38.297135", "level": "INFO", "message": "env Select map in order: episode=316, map_id=7 from map_list=[1, 2, 3, 4, 5, 6, 7, 8, 9, 10]", "file": "data_handler.py", "line": "148", "module": "env", "process": "data_handler", "function": "handle_usr_conf", "stack": "", "pid": 97}
{"time": "2026-04-18 12:25:42.426331", "level": "INFO", "message": "env data_handler finish success", "file": "data_handler.py", "line": "189", "module": "env", "process": "data_handler", "function": "finish", "stack": "", "pid": 97}
{"time": "2026-04-18 12:25:42.427003", "level": "INFO", "message": "env env run once episode done, process_run_count is 255708", "file": "remote_env_server.py", "line": "298", "module": "env", "process": "remote_env_server", "function": "run_once", "stack": "", "pid": 97}
{"time": "2026-04-18 12:25:42.450012", "level": "INFO", "message": "env env recv reset message", "file": "remote_env_server.py", "line": "282", "module": "env", "process": "remote_env_server", "function": "run_once", "stack": "", "pid": 97}
{"time": "2026-04-18 12:25:42.450897", "level": "INFO", "message": "env Select map in order: episode=317, map_id=8 from map_list=[1, 2, 3, 4, 5, 6, 7, 8, 9, 10]", "file": "data_handler.py", "line": "148", "module": "env", "process": "data_handler", "function": "handle_usr_conf", "stack": "", "pid": 97}
{"time": "2026-04-18 12:25:45.756532", "level": "INFO", "message": "env data_handler finish success", "file": "data_handler.py", "line": "189", "module": "env", "process": "data_handler", "function": "finish", "stack": "", "pid": 97}
{"time": "2026-04-18 12:25:45.757151", "level": "INFO", "message": "env env run once episode done, process_run_count is 256252", "file": "remote_env_server.py", "line": "298", "module": "env", "process": "remote_env_server", "function": "run_once", "stack": "", "pid": 97}
{"time": "2026-04-18 12:25:45.777949", "level": "INFO", "message": "env env recv reset message", "file": "remote_env_server.py", "line": "282", "module": "env", "process": "remote_env_server", "function": "run_once", "stack": "", "pid": 97}
{"time": "2026-04-18 12:25:45.778637", "level": "INFO", "message": "env Select map in order: episode=318, map_id=9 from map_list=[1, 2, 3, 4, 5, 6, 7, 8, 9, 10]", "file": "data_handler.py", "line": "148", "module": "env", "process": "data_handler", "function": "handle_usr_conf", "stack": "", "pid": 97}
{"time": "2026-04-18 12:25:51.426385", "level": "INFO", "message": "env data_handler finish success", "file": "data_handler.py", "line": "189", "module": "env", "process": "data_handler", "function": "finish", "stack": "", "pid": 97}
{"time": "2026-04-18 12:25:51.426923", "level": "INFO", "message": "env env run once episode done, process_run_count is 257253", "file": "remote_env_server.py", "line": "298", "module": "env", "process": "remote_env_server", "function": "run_once", "stack": "", "pid": 97}
{"time": "2026-04-18 12:25:51.460066", "level": "INFO", "message": "env env recv reset message", "file": "remote_env_server.py", "line": "282", "module": "env", "process": "remote_env_server", "function": "run_once", "stack": "", "pid": 97}
{"time": "2026-04-18 12:25:51.460579", "level": "INFO", "message": "env Select map in order: episode=319, map_id=10 from map_list=[1, 2, 3, 4, 5, 6, 7, 8, 9, 10]", "file": "data_handler.py", "line": "148", "module": "env", "process": "data_handler", "function": "handle_usr_conf", "stack": "", "pid": 97}
{"time": "2026-04-18 12:25:57.507606", "level": "INFO", "message": "env data_handler finish success", "file": "data_handler.py", "line": "189", "module": "env", "process": "data_handler", "function": "finish", "stack": "", "pid": 97}
{"time": "2026-04-18 12:25:57.508186", "level": "INFO", "message": "env env run once episode done, process_run_count is 258254", "file": "remote_env_server.py", "line": "298", "module": "env", "process": "remote_env_server", "function": "run_once", "stack": "", "pid": 97}
{"time": "2026-04-18 12:25:57.541709", "level": "INFO", "message": "env env recv reset message", "file": "remote_env_server.py", "line": "282", "module": "env", "process": "remote_env_server", "function": "run_once", "stack": "", "pid": 97}
{"time": "2026-04-18 12:25:57.542274", "level": "INFO", "message": "env Select map in order: episode=320, map_id=1 from map_list=[1, 2, 3, 4, 5, 6, 7, 8, 9, 10]", "file": "data_handler.py", "line": "148", "module": "env", "process": "data_handler", "function": "handle_usr_conf", "stack": "", "pid": 97}
{"time": "2026-04-18 12:26:03.584347", "level": "INFO", "message": "env data_handler finish success", "file": "data_handler.py", "line": "189", "module": "env", "process": "data_handler", "function": "finish", "stack": "", "pid": 97}
{"time": "2026-04-18 12:26:03.584825", "level": "INFO", "message": "env env run once episode done, process_run_count is 259255", "file": "remote_env_server.py", "line": "298", "module": "env", "process": "remote_env_server", "function": "run_once", "stack": "", "pid": 97}
{"time": "2026-04-18 12:26:03.617749", "level": "INFO", "message": "env env recv reset message", "file": "remote_env_server.py", "line": "282", "module": "env", "process": "remote_env_server", "function": "run_once", "stack": "", "pid": 97}
{"time": "2026-04-18 12:26:03.622170", "level": "INFO", "message": "env Select map in order: episode=321, map_id=2 from map_list=[1, 2, 3, 4, 5, 6, 7, 8, 9, 10]", "file": "data_handler.py", "line": "148", "module": "env", "process": "data_handler", "function": "handle_usr_conf", "stack": "", "pid": 97}
{"time": "2026-04-18 12:26:07.510358", "level": "INFO", "message": "env data_handler finish success", "file": "data_handler.py", "line": "189", "module": "env", "process": "data_handler", "function": "finish", "stack": "", "pid": 97}
{"time": "2026-04-18 12:26:07.510896", "level": "INFO", "message": "env env run once episode done, process_run_count is 259869", "file": "remote_env_server.py", "line": "298", "module": "env", "process": "remote_env_server", "function": "run_once", "stack": "", "pid": 97}
{"time": "2026-04-18 12:26:07.532518", "level": "INFO", "message": "env env recv reset message", "file": "remote_env_server.py", "line": "282", "module": "env", "process": "remote_env_server", "function": "run_once", "stack": "", "pid": 97}
{"time": "2026-04-18 12:26:07.533301", "level": "INFO", "message": "env Select map in order: episode=322, map_id=3 from map_list=[1, 2, 3, 4, 5, 6, 7, 8, 9, 10]", "file": "data_handler.py", "line": "148", "module": "env", "process": "data_handler", "function": "handle_usr_conf", "stack": "", "pid": 97}
{"time": "2026-04-18 12:26:11.641411", "level": "INFO", "message": "env data_handler finish success", "file": "data_handler.py", "line": "189", "module": "env", "process": "data_handler", "function": "finish", "stack": "", "pid": 97}
{"time": "2026-04-18 12:26:11.641982", "level": "INFO", "message": "env env run once episode done, process_run_count is 260533", "file": "remote_env_server.py", "line": "298", "module": "env", "process": "remote_env_server", "function": "run_once", "stack": "", "pid": 97}
{"time": "2026-04-18 12:26:11.664933", "level": "INFO", "message": "env env recv reset message", "file": "remote_env_server.py", "line": "282", "module": "env", "process": "remote_env_server", "function": "run_once", "stack": "", "pid": 97}
{"time": "2026-04-18 12:26:11.665553", "level": "INFO", "message": "env Select map in order: episode=323, map_id=4 from map_list=[1, 2, 3, 4, 5, 6, 7, 8, 9, 10]", "file": "data_handler.py", "line": "148", "module": "env", "process": "data_handler", "function": "handle_usr_conf", "stack": "", "pid": 97}
{"time": "2026-04-18 12:26:17.716469", "level": "INFO", "message": "env data_handler finish success", "file": "data_handler.py", "line": "189", "module": "env", "process": "data_handler", "function": "finish", "stack": "", "pid": 97}
{"time": "2026-04-18 12:26:17.717045", "level": "INFO", "message": "env env run once episode done, process_run_count is 261534", "file": "remote_env_server.py", "line": "298", "module": "env", "process": "remote_env_server", "function": "run_once", "stack": "", "pid": 97}
{"time": "2026-04-18 12:26:17.748776", "level": "INFO", "message": "env env recv reset message", "file": "remote_env_server.py", "line": "282", "module": "env", "process": "remote_env_server", "function": "run_once", "stack": "", "pid": 97}
{"time": "2026-04-18 12:26:17.749497", "level": "INFO", "message": "env Select map in order: episode=324, map_id=5 from map_list=[1, 2, 3, 4, 5, 6, 7, 8, 9, 10]", "file": "data_handler.py", "line": "148", "module": "env", "process": "data_handler", "function": "handle_usr_conf", "stack": "", "pid": 97}
{"time": "2026-04-18 12:26:23.231671", "level": "INFO", "message": "env data_handler finish success", "file": "data_handler.py", "line": "189", "module": "env", "process": "data_handler", "function": "finish", "stack": "", "pid": 97}
{"time": "2026-04-18 12:26:23.234123", "level": "INFO", "message": "env env run once episode done, process_run_count is 262535", "file": "remote_env_server.py", "line": "298", "module": "env", "process": "remote_env_server", "function": "run_once", "stack": "", "pid": 97}
{"time": "2026-04-18 12:26:23.266353", "level": "INFO", "message": "env env recv reset message", "file": "remote_env_server.py", "line": "282", "module": "env", "process": "remote_env_server", "function": "run_once", "stack": "", "pid": 97}
{"time": "2026-04-18 12:26:23.267162", "level": "INFO", "message": "env Select map in order: episode=325, map_id=6 from map_list=[1, 2, 3, 4, 5, 6, 7, 8, 9, 10]", "file": "data_handler.py", "line": "148", "module": "env", "process": "data_handler", "function": "handle_usr_conf", "stack": "", "pid": 97}
{"time": "2026-04-18 12:26:28.543089", "level": "INFO", "message": "env data_handler finish success", "file": "data_handler.py", "line": "189", "module": "env", "process": "data_handler", "function": "finish", "stack": "", "pid": 97}
{"time": "2026-04-18 12:26:28.543589", "level": "INFO", "message": "env env run once episode done, process_run_count is 263477", "file": "remote_env_server.py", "line": "298", "module": "env", "process": "remote_env_server", "function": "run_once", "stack": "", "pid": 97}
{"time": "2026-04-18 12:26:28.574248", "level": "INFO", "message": "env env recv reset message", "file": "remote_env_server.py", "line": "282", "module": "env", "process": "remote_env_server", "function": "run_once", "stack": "", "pid": 97}
{"time": "2026-04-18 12:26:28.574781", "level": "INFO", "message": "env Select map in order: episode=326, map_id=7 from map_list=[1, 2, 3, 4, 5, 6, 7, 8, 9, 10]", "file": "data_handler.py", "line": "148", "module": "env", "process": "data_handler", "function": "handle_usr_conf", "stack": "", "pid": 97}
{"time": "2026-04-18 12:26:30.290051", "level": "INFO", "message": "env data_handler finish success", "file": "data_handler.py", "line": "189", "module": "env", "process": "data_handler", "function": "finish", "stack": "", "pid": 97}
{"time": "2026-04-18 12:26:30.290629", "level": "INFO", "message": "env env run once episode done, process_run_count is 263764", "file": "remote_env_server.py", "line": "298", "module": "env", "process": "remote_env_server", "function": "run_once", "stack": "", "pid": 97}
{"time": "2026-04-18 12:26:30.302697", "level": "INFO", "message": "env env recv reset message", "file": "remote_env_server.py", "line": "282", "module": "env", "process": "remote_env_server", "function": "run_once", "stack": "", "pid": 97}
{"time": "2026-04-18 12:26:30.303382", "level": "INFO", "message": "env Select map in order: episode=327, map_id=8 from map_list=[1, 2, 3, 4, 5, 6, 7, 8, 9, 10]", "file": "data_handler.py", "line": "148", "module": "env", "process": "data_handler", "function": "handle_usr_conf", "stack": "", "pid": 97}
{"time": "2026-04-18 12:26:35.122304", "level": "INFO", "message": "env finish monitor_data is {'total_score': 913, 'clean_score': 913, 'total_map': 10, 'map_random': 0, 'map_code': 8, 'max_steps': 1000, 'finished_steps': 1000, 'total_charger': 4, 'charge_count': 9, 'remaining_charge': 138}", "file": "monitor_helper.py", "line": "95", "module": "env", "process": "monitor_helper", "function": "finish", "stack": "", "pid": 97}
{"time": "2026-04-18 12:26:35.123149", "level": "INFO", "message": "env data_handler finish success", "file": "data_handler.py", "line": "189", "module": "env", "process": "data_handler", "function": "finish", "stack": "", "pid": 97}
{"time": "2026-04-18 12:26:35.123791", "level": "INFO", "message": "env env run once episode done, process_run_count is 264765", "file": "remote_env_server.py", "line": "298", "module": "env", "process": "remote_env_server", "function": "run_once", "stack": "", "pid": 97}
{"time": "2026-04-18 12:26:35.156546", "level": "INFO", "message": "env env recv reset message", "file": "remote_env_server.py", "line": "282", "module": "env", "process": "remote_env_server", "function": "run_once", "stack": "", "pid": 97}
{"time": "2026-04-18 12:26:35.157348", "level": "INFO", "message": "env Select map in order: episode=328, map_id=9 from map_list=[1, 2, 3, 4, 5, 6, 7, 8, 9, 10]", "file": "data_handler.py", "line": "148", "module": "env", "process": "data_handler", "function": "handle_usr_conf", "stack": "", "pid": 97}
{"time": "2026-04-18 12:26:41.292907", "level": "INFO", "message": "env data_handler finish success", "file": "data_handler.py", "line": "189", "module": "env", "process": "data_handler", "function": "finish", "stack": "", "pid": 97}
{"time": "2026-04-18 12:26:41.293560", "level": "INFO", "message": "env env run once episode done, process_run_count is 265766", "file": "remote_env_server.py", "line": "298", "module": "env", "process": "remote_env_server", "function": "run_once", "stack": "", "pid": 97}
{"time": "2026-04-18 12:26:41.329121", "level": "INFO", "message": "env env recv reset message", "file": "remote_env_server.py", "line": "282", "module": "env", "process": "remote_env_server", "function": "run_once", "stack": "", "pid": 97}
{"time": "2026-04-18 12:26:41.329766", "level": "INFO", "message": "env Select map in order: episode=329, map_id=10 from map_list=[1, 2, 3, 4, 5, 6, 7, 8, 9, 10]", "file": "data_handler.py", "line": "148", "module": "env", "process": "data_handler", "function": "handle_usr_conf", "stack": "", "pid": 97}
{"time": "2026-04-18 12:26:46.987975", "level": "INFO", "message": "env data_handler finish success", "file": "data_handler.py", "line": "189", "module": "env", "process": "data_handler", "function": "finish", "stack": "", "pid": 97}
{"time": "2026-04-18 12:26:46.988512", "level": "INFO", "message": "env env run once episode done, process_run_count is 266767", "file": "remote_env_server.py", "line": "298", "module": "env", "process": "remote_env_server", "function": "run_once", "stack": "", "pid": 97}
{"time": "2026-04-18 12:26:47.020690", "level": "INFO", "message": "env env recv reset message", "file": "remote_env_server.py", "line": "282", "module": "env", "process": "remote_env_server", "function": "run_once", "stack": "", "pid": 97}
{"time": "2026-04-18 12:26:47.021337", "level": "INFO", "message": "env Select map in order: episode=330, map_id=1 from map_list=[1, 2, 3, 4, 5, 6, 7, 8, 9, 10]", "file": "data_handler.py", "line": "148", "module": "env", "process": "data_handler", "function": "handle_usr_conf", "stack": "", "pid": 97}
{"time": "2026-04-18 12:26:52.744270", "level": "INFO", "message": "env data_handler finish success", "file": "data_handler.py", "line": "189", "module": "env", "process": "data_handler", "function": "finish", "stack": "", "pid": 97}
{"time": "2026-04-18 12:26:52.744876", "level": "INFO", "message": "env env run once episode done, process_run_count is 267768", "file": "remote_env_server.py", "line": "298", "module": "env", "process": "remote_env_server", "function": "run_once", "stack": "", "pid": 97}
{"time": "2026-04-18 12:26:52.776294", "level": "INFO", "message": "env env recv reset message", "file": "remote_env_server.py", "line": "282", "module": "env", "process": "remote_env_server", "function": "run_once", "stack": "", "pid": 97}
{"time": "2026-04-18 12:26:52.776835", "level": "INFO", "message": "env Select map in order: episode=331, map_id=2 from map_list=[1, 2, 3, 4, 5, 6, 7, 8, 9, 10]", "file": "data_handler.py", "line": "148", "module": "env", "process": "data_handler", "function": "handle_usr_conf", "stack": "", "pid": 97}
{"time": "2026-04-18 12:26:58.843039", "level": "INFO", "message": "env data_handler finish success", "file": "data_handler.py", "line": "189", "module": "env", "process": "data_handler", "function": "finish", "stack": "", "pid": 97}
{"time": "2026-04-18 12:26:58.843614", "level": "INFO", "message": "env env run once episode done, process_run_count is 268769", "file": "remote_env_server.py", "line": "298", "module": "env", "process": "remote_env_server", "function": "run_once", "stack": "", "pid": 97}
{"time": "2026-04-18 12:26:58.877051", "level": "INFO", "message": "env env recv reset message", "file": "remote_env_server.py", "line": "282", "module": "env", "process": "remote_env_server", "function": "run_once", "stack": "", "pid": 97}
{"time": "2026-04-18 12:26:58.877860", "level": "INFO", "message": "env Select map in order: episode=332, map_id=3 from map_list=[1, 2, 3, 4, 5, 6, 7, 8, 9, 10]", "file": "data_handler.py", "line": "148", "module": "env", "process": "data_handler", "function": "handle_usr_conf", "stack": "", "pid": 97}
{"time": "2026-04-18 12:27:05.202834", "level": "INFO", "message": "env data_handler finish success", "file": "data_handler.py", "line": "189", "module": "env", "process": "data_handler", "function": "finish", "stack": "", "pid": 97}
{"time": "2026-04-18 12:27:05.203333", "level": "INFO", "message": "env env run once episode done, process_run_count is 269770", "file": "remote_env_server.py", "line": "298", "module": "env", "process": "remote_env_server", "function": "run_once", "stack": "", "pid": 97}
{"time": "2026-04-18 12:27:05.235705", "level": "INFO", "message": "env env recv reset message", "file": "remote_env_server.py", "line": "282", "module": "env", "process": "remote_env_server", "function": "run_once", "stack": "", "pid": 97}
{"time": "2026-04-18 12:27:05.236236", "level": "INFO", "message": "env Select map in order: episode=333, map_id=4 from map_list=[1, 2, 3, 4, 5, 6, 7, 8, 9, 10]", "file": "data_handler.py", "line": "148", "module": "env", "process": "data_handler", "function": "handle_usr_conf", "stack": "", "pid": 97}
{"time": "2026-04-18 12:27:11.258128", "level": "INFO", "message": "env data_handler finish success", "file": "data_handler.py", "line": "189", "module": "env", "process": "data_handler", "function": "finish", "stack": "", "pid": 97}
{"time": "2026-04-18 12:27:11.258783", "level": "INFO", "message": "env env run once episode done, process_run_count is 270701", "file": "remote_env_server.py", "line": "298", "module": "env", "process": "remote_env_server", "function": "run_once", "stack": "", "pid": 97}
{"time": "2026-04-18 12:27:11.289462", "level": "INFO", "message": "env env recv reset message", "file": "remote_env_server.py", "line": "282", "module": "env", "process": "remote_env_server", "function": "run_once", "stack": "", "pid": 97}
{"time": "2026-04-18 12:27:11.290190", "level": "INFO", "message": "env Select map in order: episode=334, map_id=5 from map_list=[1, 2, 3, 4, 5, 6, 7, 8, 9, 10]", "file": "data_handler.py", "line": "148", "module": "env", "process": "data_handler", "function": "handle_usr_conf", "stack": "", "pid": 97}
{"time": "2026-04-18 12:27:15.755100", "level": "INFO", "message": "env data_handler finish success", "file": "data_handler.py", "line": "189", "module": "env", "process": "data_handler", "function": "finish", "stack": "", "pid": 97}
{"time": "2026-04-18 12:27:15.755650", "level": "INFO", "message": "env env run once episode done, process_run_count is 271465", "file": "remote_env_server.py", "line": "298", "module": "env", "process": "remote_env_server", "function": "run_once", "stack": "", "pid": 97}
{"time": "2026-04-18 12:27:15.784019", "level": "INFO", "message": "env env recv reset message", "file": "remote_env_server.py", "line": "282", "module": "env", "process": "remote_env_server", "function": "run_once", "stack": "", "pid": 97}
{"time": "2026-04-18 12:27:15.784594", "level": "INFO", "message": "env Select map in order: episode=335, map_id=6 from map_list=[1, 2, 3, 4, 5, 6, 7, 8, 9, 10]", "file": "data_handler.py", "line": "148", "module": "env", "process": "data_handler", "function": "handle_usr_conf", "stack": "", "pid": 97}
