{"time": "2026-04-18 11:53:54.982234", "level": "INFO", "message": "env env using shared MonitorProxy (PID: 130) not_server", "file": "worker.py", "line": "178", "module": "env", "process": "worker", "function": "worker_start_up", "stack": "", "pid": 124}
{"time": "2026-04-18 11:53:54.984643", "level": "INFO", "message": "env timeit enabled: False", "file": "env_core.py", "line": "132", "module": "env", "process": "env_core", "function": "init_data_handler", "stack": "", "pid": 124}
{"time": "2026-04-18 11:53:55.183129", "level": "INFO", "message": "env KaiwuDataHandler init success, KaiwuDataHandler class is environments.robot_vacuum.data_handler.KaiwuDataHandler", "file": "env_core.py", "line": "139", "module": "env", "process": "env_core", "function": "init_data_handler", "stack": "", "pid": 124}
{"time": "2026-04-18 11:53:55.189766", "level": "INFO", "message": "env timeit enabled: False", "file": "env_core.py", "line": "46", "module": "env", "process": "env_core", "function": "init_env_adapter", "stack": "", "pid": 124}
{"time": "2026-04-18 11:53:55.207759", "level": "INFO", "message": "env EnvAdapter init success, EnvAdapter class is environments.robot_vacuum.env_adapter.EnvAdapter", "file": "env_core.py", "line": "53", "module": "env", "process": "env_core", "function": "init_env_adapter", "stack": "", "pid": 124}
{"time": "2026-04-18 11:53:55.210668", "level": "INFO", "message": "env env_wrapper, zmq_server aisrv <--> env or entity <--> env, start at 172.19.0.10:5566 success", "file": "inter_process_communication.py", "line": "68", "module": "env", "process": "inter_process_communication", "function": "create_server", "stack": "", "pid": 124}
{"time": "2026-04-18 11:53:57.107352", "level": "INFO", "message": "env env recv reset message", "file": "remote_env_server.py", "line": "282", "module": "env", "process": "remote_env_server", "function": "run_once", "stack": "", "pid": 124}
{"time": "2026-04-18 11:53:57.110613", "level": "INFO", "message": "env Select map in order: episode=0, map_id=1 from map_list=[1, 2, 3, 4, 5, 6, 7, 8, 9, 10]", "file": "data_handler.py", "line": "148", "module": "env", "process": "data_handler", "function": "handle_usr_conf", "stack": "", "pid": 124}
{"time": "2026-04-18 11:54:09.537050", "level": "INFO", "message": "env finish monitor_data is {'total_score': 830, 'clean_score': 830, 'total_map': 10, 'map_random': 0, 'map_code': 1, 'max_steps': 1000, 'finished_steps': 1000, 'total_charger': 4, 'charge_count': 10, 'remaining_charge': 141}", "file": "monitor_helper.py", "line": "95", "module": "env", "process": "monitor_helper", "function": "finish", "stack": "", "pid": 124}
{"time": "2026-04-18 11:54:09.537868", "level": "INFO", "message": "env data_handler finish success", "file": "data_handler.py", "line": "189", "module": "env", "process": "data_handler", "function": "finish", "stack": "", "pid": 124}
{"time": "2026-04-18 11:54:09.538452", "level": "INFO", "message": "env env run once episode done, process_run_count is 1001", "file": "remote_env_server.py", "line": "298", "module": "env", "process": "remote_env_server", "function": "run_once", "stack": "", "pid": 124}
{"time": "2026-04-18 11:54:09.618102", "level": "INFO", "message": "env env recv reset message", "file": "remote_env_server.py", "line": "282", "module": "env", "process": "remote_env_server", "function": "run_once", "stack": "", "pid": 124}
{"time": "2026-04-18 11:54:09.619021", "level": "INFO", "message": "env Select map in order: episode=1, map_id=2 from map_list=[1, 2, 3, 4, 5, 6, 7, 8, 9, 10]", "file": "data_handler.py", "line": "148", "module": "env", "process": "data_handler", "function": "handle_usr_conf", "stack": "", "pid": 124}
{"time": "2026-04-18 11:54:21.294166", "level": "INFO", "message": "env data_handler finish success", "file": "data_handler.py", "line": "189", "module": "env", "process": "data_handler", "function": "finish", "stack": "", "pid": 124}
{"time": "2026-04-18 11:54:21.294745", "level": "INFO", "message": "env env run once episode done, process_run_count is 2002", "file": "remote_env_server.py", "line": "298", "module": "env", "process": "remote_env_server", "function": "run_once", "stack": "", "pid": 124}
{"time": "2026-04-18 11:54:21.333919", "level": "INFO", "message": "env env recv reset message", "file": "remote_env_server.py", "line": "282", "module": "env", "process": "remote_env_server", "function": "run_once", "stack": "", "pid": 124}
{"time": "2026-04-18 11:54:21.334858", "level": "INFO", "message": "env Select map in order: episode=2, map_id=3 from map_list=[1, 2, 3, 4, 5, 6, 7, 8, 9, 10]", "file": "data_handler.py", "line": "148", "module": "env", "process": "data_handler", "function": "handle_usr_conf", "stack": "", "pid": 124}
{"time": "2026-04-18 11:54:30.154935", "level": "INFO", "message": "env data_handler finish success", "file": "data_handler.py", "line": "189", "module": "env", "process": "data_handler", "function": "finish", "stack": "", "pid": 124}
{"time": "2026-04-18 11:54:30.155615", "level": "INFO", "message": "env env run once episode done, process_run_count is 3003", "file": "remote_env_server.py", "line": "298", "module": "env", "process": "remote_env_server", "function": "run_once", "stack": "", "pid": 124}
{"time": "2026-04-18 11:54:30.192592", "level": "INFO", "message": "env env recv reset message", "file": "remote_env_server.py", "line": "282", "module": "env", "process": "remote_env_server", "function": "run_once", "stack": "", "pid": 124}
{"time": "2026-04-18 11:54:30.193680", "level": "INFO", "message": "env Select map in order: episode=3, map_id=4 from map_list=[1, 2, 3, 4, 5, 6, 7, 8, 9, 10]", "file": "data_handler.py", "line": "148", "module": "env", "process": "data_handler", "function": "handle_usr_conf", "stack": "", "pid": 124}
{"time": "2026-04-18 11:54:39.641600", "level": "INFO", "message": "env data_handler finish success", "file": "data_handler.py", "line": "189", "module": "env", "process": "data_handler", "function": "finish", "stack": "", "pid": 124}
{"time": "2026-04-18 11:54:39.642428", "level": "INFO", "message": "env env run once episode done, process_run_count is 4004", "file": "remote_env_server.py", "line": "298", "module": "env", "process": "remote_env_server", "function": "run_once", "stack": "", "pid": 124}
{"time": "2026-04-18 11:54:39.684327", "level": "INFO", "message": "env env recv reset message", "file": "remote_env_server.py", "line": "282", "module": "env", "process": "remote_env_server", "function": "run_once", "stack": "", "pid": 124}
{"time": "2026-04-18 11:54:39.685717", "level": "INFO", "message": "env Select map in order: episode=4, map_id=5 from map_list=[1, 2, 3, 4, 5, 6, 7, 8, 9, 10]", "file": "data_handler.py", "line": "148", "module": "env", "process": "data_handler", "function": "handle_usr_conf", "stack": "", "pid": 124}
{"time": "2026-04-18 11:54:48.906288", "level": "INFO", "message": "env data_handler finish success", "file": "data_handler.py", "line": "189", "module": "env", "process": "data_handler", "function": "finish", "stack": "", "pid": 124}
{"time": "2026-04-18 11:54:48.906893", "level": "INFO", "message": "env env run once episode done, process_run_count is 5005", "file": "remote_env_server.py", "line": "298", "module": "env", "process": "remote_env_server", "function": "run_once", "stack": "", "pid": 124}
{"time": "2026-04-18 11:54:48.950396", "level": "INFO", "message": "env env recv reset message", "file": "remote_env_server.py", "line": "282", "module": "env", "process": "remote_env_server", "function": "run_once", "stack": "", "pid": 124}
{"time": "2026-04-18 11:54:48.951352", "level": "INFO", "message": "env Select map in order: episode=5, map_id=6 from map_list=[1, 2, 3, 4, 5, 6, 7, 8, 9, 10]", "file": "data_handler.py", "line": "148", "module": "env", "process": "data_handler", "function": "handle_usr_conf", "stack": "", "pid": 124}
{"time": "2026-04-18 11:54:57.095267", "level": "INFO", "message": "env data_handler finish success", "file": "data_handler.py", "line": "189", "module": "env", "process": "data_handler", "function": "finish", "stack": "", "pid": 124}
{"time": "2026-04-18 11:54:57.096145", "level": "INFO", "message": "env env run once episode done, process_run_count is 6006", "file": "remote_env_server.py", "line": "298", "module": "env", "process": "remote_env_server", "function": "run_once", "stack": "", "pid": 124}
{"time": "2026-04-18 11:54:57.151507", "level": "INFO", "message": "env env recv reset message", "file": "remote_env_server.py", "line": "282", "module": "env", "process": "remote_env_server", "function": "run_once", "stack": "", "pid": 124}
{"time": "2026-04-18 11:54:57.155618", "level": "INFO", "message": "env Select map in order: episode=6, map_id=7 from map_list=[1, 2, 3, 4, 5, 6, 7, 8, 9, 10]", "file": "data_handler.py", "line": "148", "module": "env", "process": "data_handler", "function": "handle_usr_conf", "stack": "", "pid": 124}
{"time": "2026-04-18 11:55:04.455343", "level": "INFO", "message": "env data_handler finish success", "file": "data_handler.py", "line": "189", "module": "env", "process": "data_handler", "function": "finish", "stack": "", "pid": 124}
{"time": "2026-04-18 11:55:04.456125", "level": "INFO", "message": "env env run once episode done, process_run_count is 6804", "file": "remote_env_server.py", "line": "298", "module": "env", "process": "remote_env_server", "function": "run_once", "stack": "", "pid": 124}
{"time": "2026-04-18 11:55:04.490657", "level": "INFO", "message": "env env recv reset message", "file": "remote_env_server.py", "line": "282", "module": "env", "process": "remote_env_server", "function": "run_once", "stack": "", "pid": 124}
{"time": "2026-04-18 11:55:04.491417", "level": "INFO", "message": "env Select map in order: episode=7, map_id=8 from map_list=[1, 2, 3, 4, 5, 6, 7, 8, 9, 10]", "file": "data_handler.py", "line": "148", "module": "env", "process": "data_handler", "function": "handle_usr_conf", "stack": "", "pid": 124}
{"time": "2026-04-18 11:55:12.594076", "level": "INFO", "message": "env finish monitor_data is {'total_score': 702, 'clean_score': 702, 'total_map': 10, 'map_random': 0, 'map_code': 8, 'max_steps': 1000, 'finished_steps': 875, 'total_charger': 4, 'charge_count': 7, 'remaining_charge': 0}", "file": "monitor_helper.py", "line": "95", "module": "env", "process": "monitor_helper", "function": "finish", "stack": "", "pid": 124}
{"time": "2026-04-18 11:55:12.598573", "level": "INFO", "message": "env data_handler finish success", "file": "data_handler.py", "line": "189", "module": "env", "process": "data_handler", "function": "finish", "stack": "", "pid": 124}
{"time": "2026-04-18 11:55:12.600939", "level": "INFO", "message": "env env run once episode done, process_run_count is 7680", "file": "remote_env_server.py", "line": "298", "module": "env", "process": "remote_env_server", "function": "run_once", "stack": "", "pid": 124}
{"time": "2026-04-18 11:55:12.630061", "level": "INFO", "message": "env env recv reset message", "file": "remote_env_server.py", "line": "282", "module": "env", "process": "remote_env_server", "function": "run_once", "stack": "", "pid": 124}
{"time": "2026-04-18 11:55:12.630895", "level": "INFO", "message": "env Select map in order: episode=8, map_id=9 from map_list=[1, 2, 3, 4, 5, 6, 7, 8, 9, 10]", "file": "data_handler.py", "line": "148", "module": "env", "process": "data_handler", "function": "handle_usr_conf", "stack": "", "pid": 124}
{"time": "2026-04-18 11:55:19.465804", "level": "INFO", "message": "env data_handler finish success", "file": "data_handler.py", "line": "189", "module": "env", "process": "data_handler", "function": "finish", "stack": "", "pid": 124}
{"time": "2026-04-18 11:55:19.466447", "level": "INFO", "message": "env env run once episode done, process_run_count is 8413", "file": "remote_env_server.py", "line": "298", "module": "env", "process": "remote_env_server", "function": "run_once", "stack": "", "pid": 124}
{"time": "2026-04-18 11:55:19.507023", "level": "INFO", "message": "env env recv reset message", "file": "remote_env_server.py", "line": "282", "module": "env", "process": "remote_env_server", "function": "run_once", "stack": "", "pid": 124}
{"time": "2026-04-18 11:55:19.508025", "level": "INFO", "message": "env Select map in order: episode=9, map_id=10 from map_list=[1, 2, 3, 4, 5, 6, 7, 8, 9, 10]", "file": "data_handler.py", "line": "148", "module": "env", "process": "data_handler", "function": "handle_usr_conf", "stack": "", "pid": 124}
{"time": "2026-04-18 11:55:27.626007", "level": "INFO", "message": "env data_handler finish success", "file": "data_handler.py", "line": "189", "module": "env", "process": "data_handler", "function": "finish", "stack": "", "pid": 124}
{"time": "2026-04-18 11:55:27.626548", "level": "INFO", "message": "env env run once episode done, process_run_count is 9414", "file": "remote_env_server.py", "line": "298", "module": "env", "process": "remote_env_server", "function": "run_once", "stack": "", "pid": 124}
{"time": "2026-04-18 11:55:27.665225", "level": "INFO", "message": "env env recv reset message", "file": "remote_env_server.py", "line": "282", "module": "env", "process": "remote_env_server", "function": "run_once", "stack": "", "pid": 124}
{"time": "2026-04-18 11:55:27.666032", "level": "INFO", "message": "env Select map in order: episode=10, map_id=1 from map_list=[1, 2, 3, 4, 5, 6, 7, 8, 9, 10]", "file": "data_handler.py", "line": "148", "module": "env", "process": "data_handler", "function": "handle_usr_conf", "stack": "", "pid": 124}
{"time": "2026-04-18 11:55:36.393899", "level": "INFO", "message": "env data_handler finish success", "file": "data_handler.py", "line": "189", "module": "env", "process": "data_handler", "function": "finish", "stack": "", "pid": 124}
{"time": "2026-04-18 11:55:36.394673", "level": "INFO", "message": "env env run once episode done, process_run_count is 10342", "file": "remote_env_server.py", "line": "298", "module": "env", "process": "remote_env_server", "function": "run_once", "stack": "", "pid": 124}
{"time": "2026-04-18 11:55:36.429718", "level": "INFO", "message": "env env recv reset message", "file": "remote_env_server.py", "line": "282", "module": "env", "process": "remote_env_server", "function": "run_once", "stack": "", "pid": 124}
{"time": "2026-04-18 11:55:36.430426", "level": "INFO", "message": "env Select map in order: episode=11, map_id=2 from map_list=[1, 2, 3, 4, 5, 6, 7, 8, 9, 10]", "file": "data_handler.py", "line": "148", "module": "env", "process": "data_handler", "function": "handle_usr_conf", "stack": "", "pid": 124}
{"time": "2026-04-18 11:55:43.633461", "level": "INFO", "message": "env data_handler finish success", "file": "data_handler.py", "line": "189", "module": "env", "process": "data_handler", "function": "finish", "stack": "", "pid": 124}
{"time": "2026-04-18 11:55:43.634184", "level": "INFO", "message": "env env run once episode done, process_run_count is 11118", "file": "remote_env_server.py", "line": "298", "module": "env", "process": "remote_env_server", "function": "run_once", "stack": "", "pid": 124}
{"time": "2026-04-18 11:55:43.662694", "level": "INFO", "message": "env env recv reset message", "file": "remote_env_server.py", "line": "282", "module": "env", "process": "remote_env_server", "function": "run_once", "stack": "", "pid": 124}
{"time": "2026-04-18 11:55:43.663603", "level": "INFO", "message": "env Select map in order: episode=12, map_id=3 from map_list=[1, 2, 3, 4, 5, 6, 7, 8, 9, 10]", "file": "data_handler.py", "line": "148", "module": "env", "process": "data_handler", "function": "handle_usr_conf", "stack": "", "pid": 124}
{"time": "2026-04-18 11:55:51.960368", "level": "INFO", "message": "env data_handler finish success", "file": "data_handler.py", "line": "189", "module": "env", "process": "data_handler", "function": "finish", "stack": "", "pid": 124}
{"time": "2026-04-18 11:55:51.961011", "level": "INFO", "message": "env env run once episode done, process_run_count is 12119", "file": "remote_env_server.py", "line": "298", "module": "env", "process": "remote_env_server", "function": "run_once", "stack": "", "pid": 124}
{"time": "2026-04-18 11:55:51.997576", "level": "INFO", "message": "env env recv reset message", "file": "remote_env_server.py", "line": "282", "module": "env", "process": "remote_env_server", "function": "run_once", "stack": "", "pid": 124}
{"time": "2026-04-18 11:55:51.998451", "level": "INFO", "message": "env Select map in order: episode=13, map_id=4 from map_list=[1, 2, 3, 4, 5, 6, 7, 8, 9, 10]", "file": "data_handler.py", "line": "148", "module": "env", "process": "data_handler", "function": "handle_usr_conf", "stack": "", "pid": 124}
{"time": "2026-04-18 11:55:59.304849", "level": "INFO", "message": "env data_handler finish success", "file": "data_handler.py", "line": "189", "module": "env", "process": "data_handler", "function": "finish", "stack": "", "pid": 124}
{"time": "2026-04-18 11:55:59.306754", "level": "INFO", "message": "env env run once episode done, process_run_count is 12917", "file": "remote_env_server.py", "line": "298", "module": "env", "process": "remote_env_server", "function": "run_once", "stack": "", "pid": 124}
{"time": "2026-04-18 11:55:59.351178", "level": "INFO", "message": "env env recv reset message", "file": "remote_env_server.py", "line": "282", "module": "env", "process": "remote_env_server", "function": "run_once", "stack": "", "pid": 124}
{"time": "2026-04-18 11:55:59.354855", "level": "INFO", "message": "env Select map in order: episode=14, map_id=5 from map_list=[1, 2, 3, 4, 5, 6, 7, 8, 9, 10]", "file": "data_handler.py", "line": "148", "module": "env", "process": "data_handler", "function": "handle_usr_conf", "stack": "", "pid": 124}
{"time": "2026-04-18 11:56:08.412270", "level": "INFO", "message": "env data_handler finish success", "file": "data_handler.py", "line": "189", "module": "env", "process": "data_handler", "function": "finish", "stack": "", "pid": 124}
{"time": "2026-04-18 11:56:08.412981", "level": "INFO", "message": "env env run once episode done, process_run_count is 13918", "file": "remote_env_server.py", "line": "298", "module": "env", "process": "remote_env_server", "function": "run_once", "stack": "", "pid": 124}
{"time": "2026-04-18 11:56:08.459338", "level": "INFO", "message": "env env recv reset message", "file": "remote_env_server.py", "line": "282", "module": "env", "process": "remote_env_server", "function": "run_once", "stack": "", "pid": 124}
{"time": "2026-04-18 11:56:08.460125", "level": "INFO", "message": "env Select map in order: episode=15, map_id=6 from map_list=[1, 2, 3, 4, 5, 6, 7, 8, 9, 10]", "file": "data_handler.py", "line": "148", "module": "env", "process": "data_handler", "function": "handle_usr_conf", "stack": "", "pid": 124}
{"time": "2026-04-18 11:56:17.603896", "level": "INFO", "message": "env finish monitor_data is {'total_score': 859, 'clean_score': 859, 'total_map': 10, 'map_random': 0, 'map_code': 6, 'max_steps': 1000, 'finished_steps': 994, 'total_charger': 4, 'charge_count': 7, 'remaining_charge': 0}", "file": "monitor_helper.py", "line": "95", "module": "env", "process": "monitor_helper", "function": "finish", "stack": "", "pid": 124}
{"time": "2026-04-18 11:56:17.605729", "level": "INFO", "message": "env data_handler finish success", "file": "data_handler.py", "line": "189", "module": "env", "process": "data_handler", "function": "finish", "stack": "", "pid": 124}
{"time": "2026-04-18 11:56:17.606481", "level": "INFO", "message": "env env run once episode done, process_run_count is 14913", "file": "remote_env_server.py", "line": "298", "module": "env", "process": "remote_env_server", "function": "run_once", "stack": "", "pid": 124}
{"time": "2026-04-18 11:56:17.656779", "level": "INFO", "message": "env env recv reset message", "file": "remote_env_server.py", "line": "282", "module": "env", "process": "remote_env_server", "function": "run_once", "stack": "", "pid": 124}
{"time": "2026-04-18 11:56:17.657681", "level": "INFO", "message": "env Select map in order: episode=16, map_id=7 from map_list=[1, 2, 3, 4, 5, 6, 7, 8, 9, 10]", "file": "data_handler.py", "line": "148", "module": "env", "process": "data_handler", "function": "handle_usr_conf", "stack": "", "pid": 124}
{"time": "2026-04-18 11:56:23.136562", "level": "INFO", "message": "env data_handler finish success", "file": "data_handler.py", "line": "189", "module": "env", "process": "data_handler", "function": "finish", "stack": "", "pid": 124}
{"time": "2026-04-18 11:56:23.137477", "level": "INFO", "message": "env env run once episode done, process_run_count is 15625", "file": "remote_env_server.py", "line": "298", "module": "env", "process": "remote_env_server", "function": "run_once", "stack": "", "pid": 124}
{"time": "2026-04-18 11:56:23.166491", "level": "INFO", "message": "env env recv reset message", "file": "remote_env_server.py", "line": "282", "module": "env", "process": "remote_env_server", "function": "run_once", "stack": "", "pid": 124}
{"time": "2026-04-18 11:56:23.167423", "level": "INFO", "message": "env Select map in order: episode=17, map_id=8 from map_list=[1, 2, 3, 4, 5, 6, 7, 8, 9, 10]", "file": "data_handler.py", "line": "148", "module": "env", "process": "data_handler", "function": "handle_usr_conf", "stack": "", "pid": 124}
{"time": "2026-04-18 11:56:32.367454", "level": "INFO", "message": "env data_handler finish success", "file": "data_handler.py", "line": "189", "module": "env", "process": "data_handler", "function": "finish", "stack": "", "pid": 124}
{"time": "2026-04-18 11:56:32.368141", "level": "INFO", "message": "env env run once episode done, process_run_count is 16626", "file": "remote_env_server.py", "line": "298", "module": "env", "process": "remote_env_server", "function": "run_once", "stack": "", "pid": 124}
{"time": "2026-04-18 11:56:32.405201", "level": "INFO", "message": "env env recv reset message", "file": "remote_env_server.py", "line": "282", "module": "env", "process": "remote_env_server", "function": "run_once", "stack": "", "pid": 124}
{"time": "2026-04-18 11:56:32.406011", "level": "INFO", "message": "env Select map in order: episode=18, map_id=9 from map_list=[1, 2, 3, 4, 5, 6, 7, 8, 9, 10]", "file": "data_handler.py", "line": "148", "module": "env", "process": "data_handler", "function": "handle_usr_conf", "stack": "", "pid": 124}
{"time": "2026-04-18 11:56:41.426582", "level": "INFO", "message": "env data_handler finish success", "file": "data_handler.py", "line": "189", "module": "env", "process": "data_handler", "function": "finish", "stack": "", "pid": 124}
{"time": "2026-04-18 11:56:41.427205", "level": "INFO", "message": "env env run once episode done, process_run_count is 17627", "file": "remote_env_server.py", "line": "298", "module": "env", "process": "remote_env_server", "function": "run_once", "stack": "", "pid": 124}
{"time": "2026-04-18 11:56:41.470513", "level": "INFO", "message": "env env recv reset message", "file": "remote_env_server.py", "line": "282", "module": "env", "process": "remote_env_server", "function": "run_once", "stack": "", "pid": 124}
{"time": "2026-04-18 11:56:41.471439", "level": "INFO", "message": "env Select map in order: episode=19, map_id=10 from map_list=[1, 2, 3, 4, 5, 6, 7, 8, 9, 10]", "file": "data_handler.py", "line": "148", "module": "env", "process": "data_handler", "function": "handle_usr_conf", "stack": "", "pid": 124}
{"time": "2026-04-18 11:56:48.897268", "level": "INFO", "message": "env data_handler finish success", "file": "data_handler.py", "line": "189", "module": "env", "process": "data_handler", "function": "finish", "stack": "", "pid": 124}
{"time": "2026-04-18 11:56:48.897924", "level": "INFO", "message": "env env run once episode done, process_run_count is 18560", "file": "remote_env_server.py", "line": "298", "module": "env", "process": "remote_env_server", "function": "run_once", "stack": "", "pid": 124}
{"time": "2026-04-18 11:56:48.939618", "level": "INFO", "message": "env env recv reset message", "file": "remote_env_server.py", "line": "282", "module": "env", "process": "remote_env_server", "function": "run_once", "stack": "", "pid": 124}
{"time": "2026-04-18 11:56:48.940512", "level": "INFO", "message": "env Select map in order: episode=20, map_id=1 from map_list=[1, 2, 3, 4, 5, 6, 7, 8, 9, 10]", "file": "data_handler.py", "line": "148", "module": "env", "process": "data_handler", "function": "handle_usr_conf", "stack": "", "pid": 124}
{"time": "2026-04-18 11:56:58.061198", "level": "INFO", "message": "env data_handler finish success", "file": "data_handler.py", "line": "189", "module": "env", "process": "data_handler", "function": "finish", "stack": "", "pid": 124}
{"time": "2026-04-18 11:56:58.062992", "level": "INFO", "message": "env env run once episode done, process_run_count is 19561", "file": "remote_env_server.py", "line": "298", "module": "env", "process": "remote_env_server", "function": "run_once", "stack": "", "pid": 124}
{"time": "2026-04-18 11:56:58.100712", "level": "INFO", "message": "env env recv reset message", "file": "remote_env_server.py", "line": "282", "module": "env", "process": "remote_env_server", "function": "run_once", "stack": "", "pid": 124}
{"time": "2026-04-18 11:56:58.101682", "level": "INFO", "message": "env Select map in order: episode=21, map_id=2 from map_list=[1, 2, 3, 4, 5, 6, 7, 8, 9, 10]", "file": "data_handler.py", "line": "148", "module": "env", "process": "data_handler", "function": "handle_usr_conf", "stack": "", "pid": 124}
{"time": "2026-04-18 11:57:07.301889", "level": "INFO", "message": "env data_handler finish success", "file": "data_handler.py", "line": "189", "module": "env", "process": "data_handler", "function": "finish", "stack": "", "pid": 124}
{"time": "2026-04-18 11:57:07.305513", "level": "INFO", "message": "env env run once episode done, process_run_count is 20562", "file": "remote_env_server.py", "line": "298", "module": "env", "process": "remote_env_server", "function": "run_once", "stack": "", "pid": 124}
{"time": "2026-04-18 11:57:07.354807", "level": "INFO", "message": "env env recv reset message", "file": "remote_env_server.py", "line": "282", "module": "env", "process": "remote_env_server", "function": "run_once", "stack": "", "pid": 124}
{"time": "2026-04-18 11:57:07.355677", "level": "INFO", "message": "env Select map in order: episode=22, map_id=3 from map_list=[1, 2, 3, 4, 5, 6, 7, 8, 9, 10]", "file": "data_handler.py", "line": "148", "module": "env", "process": "data_handler", "function": "handle_usr_conf", "stack": "", "pid": 124}
{"time": "2026-04-18 11:57:16.459654", "level": "INFO", "message": "env data_handler finish success", "file": "data_handler.py", "line": "189", "module": "env", "process": "data_handler", "function": "finish", "stack": "", "pid": 124}
{"time": "2026-04-18 11:57:16.461576", "level": "INFO", "message": "env env run once episode done, process_run_count is 21563", "file": "remote_env_server.py", "line": "298", "module": "env", "process": "remote_env_server", "function": "run_once", "stack": "", "pid": 124}
{"time": "2026-04-18 11:57:16.499790", "level": "INFO", "message": "env env recv reset message", "file": "remote_env_server.py", "line": "282", "module": "env", "process": "remote_env_server", "function": "run_once", "stack": "", "pid": 124}
{"time": "2026-04-18 11:57:16.500635", "level": "INFO", "message": "env Select map in order: episode=23, map_id=4 from map_list=[1, 2, 3, 4, 5, 6, 7, 8, 9, 10]", "file": "data_handler.py", "line": "148", "module": "env", "process": "data_handler", "function": "handle_usr_conf", "stack": "", "pid": 124}
{"time": "2026-04-18 11:57:24.440475", "level": "INFO", "message": "env finish monitor_data is {'total_score': 674, 'clean_score': 674, 'total_map': 10, 'map_random': 0, 'map_code': 4, 'max_steps': 1000, 'finished_steps': 972, 'total_charger': 4, 'charge_count': 7, 'remaining_charge': 0}", "file": "monitor_helper.py", "line": "95", "module": "env", "process": "monitor_helper", "function": "finish", "stack": "", "pid": 124}
{"time": "2026-04-18 11:57:24.441163", "level": "INFO", "message": "env data_handler finish success", "file": "data_handler.py", "line": "189", "module": "env", "process": "data_handler", "function": "finish", "stack": "", "pid": 124}
{"time": "2026-04-18 11:57:24.441839", "level": "INFO", "message": "env env run once episode done, process_run_count is 22536", "file": "remote_env_server.py", "line": "298", "module": "env", "process": "remote_env_server", "function": "run_once", "stack": "", "pid": 124}
{"time": "2026-04-18 11:57:24.487765", "level": "INFO", "message": "env env recv reset message", "file": "remote_env_server.py", "line": "282", "module": "env", "process": "remote_env_server", "function": "run_once", "stack": "", "pid": 124}
{"time": "2026-04-18 11:57:24.488646", "level": "INFO", "message": "env Select map in order: episode=24, map_id=5 from map_list=[1, 2, 3, 4, 5, 6, 7, 8, 9, 10]", "file": "data_handler.py", "line": "148", "module": "env", "process": "data_handler", "function": "handle_usr_conf", "stack": "", "pid": 124}
{"time": "2026-04-18 11:57:27.736189", "level": "INFO", "message": "env data_handler finish success", "file": "data_handler.py", "line": "189", "module": "env", "process": "data_handler", "function": "finish", "stack": "", "pid": 124}
{"time": "2026-04-18 11:57:27.736779", "level": "INFO", "message": "env env run once episode done, process_run_count is 22883", "file": "remote_env_server.py", "line": "298", "module": "env", "process": "remote_env_server", "function": "run_once", "stack": "", "pid": 124}
{"time": "2026-04-18 11:57:27.751961", "level": "INFO", "message": "env env recv reset message", "file": "remote_env_server.py", "line": "282", "module": "env", "process": "remote_env_server", "function": "run_once", "stack": "", "pid": 124}
{"time": "2026-04-18 11:57:27.752671", "level": "INFO", "message": "env Select map in order: episode=25, map_id=6 from map_list=[1, 2, 3, 4, 5, 6, 7, 8, 9, 10]", "file": "data_handler.py", "line": "148", "module": "env", "process": "data_handler", "function": "handle_usr_conf", "stack": "", "pid": 124}
{"time": "2026-04-18 11:57:36.535052", "level": "INFO", "message": "env data_handler finish success", "file": "data_handler.py", "line": "189", "module": "env", "process": "data_handler", "function": "finish", "stack": "", "pid": 124}
{"time": "2026-04-18 11:57:36.535679", "level": "INFO", "message": "env env run once episode done, process_run_count is 23849", "file": "remote_env_server.py", "line": "298", "module": "env", "process": "remote_env_server", "function": "run_once", "stack": "", "pid": 124}
{"time": "2026-04-18 11:57:36.580476", "level": "INFO", "message": "env env recv reset message", "file": "remote_env_server.py", "line": "282", "module": "env", "process": "remote_env_server", "function": "run_once", "stack": "", "pid": 124}
{"time": "2026-04-18 11:57:36.581984", "level": "INFO", "message": "env Select map in order: episode=26, map_id=7 from map_list=[1, 2, 3, 4, 5, 6, 7, 8, 9, 10]", "file": "data_handler.py", "line": "148", "module": "env", "process": "data_handler", "function": "handle_usr_conf", "stack": "", "pid": 124}
{"time": "2026-04-18 11:57:45.817434", "level": "INFO", "message": "env data_handler finish success", "file": "data_handler.py", "line": "189", "module": "env", "process": "data_handler", "function": "finish", "stack": "", "pid": 124}
{"time": "2026-04-18 11:57:45.818183", "level": "INFO", "message": "env env run once episode done, process_run_count is 24850", "file": "remote_env_server.py", "line": "298", "module": "env", "process": "remote_env_server", "function": "run_once", "stack": "", "pid": 124}
{"time": "2026-04-18 11:57:45.860098", "level": "INFO", "message": "env env recv reset message", "file": "remote_env_server.py", "line": "282", "module": "env", "process": "remote_env_server", "function": "run_once", "stack": "", "pid": 124}
{"time": "2026-04-18 11:57:45.861045", "level": "INFO", "message": "env Select map in order: episode=27, map_id=8 from map_list=[1, 2, 3, 4, 5, 6, 7, 8, 9, 10]", "file": "data_handler.py", "line": "148", "module": "env", "process": "data_handler", "function": "handle_usr_conf", "stack": "", "pid": 124}
{"time": "2026-04-18 11:57:45.692488", "level": "INFO", "message": "env data_handler finish success", "file": "data_handler.py", "line": "189", "module": "env", "process": "data_handler", "function": "finish", "stack": "", "pid": 124}
{"time": "2026-04-18 11:57:45.695596", "level": "INFO", "message": "env env run once episode done, process_run_count is 24929", "file": "remote_env_server.py", "line": "298", "module": "env", "process": "remote_env_server", "function": "run_once", "stack": "", "pid": 124}
{"time": "2026-04-18 11:57:45.698079", "level": "INFO", "message": "env env recv reset message", "file": "remote_env_server.py", "line": "282", "module": "env", "process": "remote_env_server", "function": "run_once", "stack": "", "pid": 124}
{"time": "2026-04-18 11:57:45.705006", "level": "INFO", "message": "env Select map in order: episode=28, map_id=9 from map_list=[1, 2, 3, 4, 5, 6, 7, 8, 9, 10]", "file": "data_handler.py", "line": "148", "module": "env", "process": "data_handler", "function": "handle_usr_conf", "stack": "", "pid": 124}
{"time": "2026-04-18 11:57:54.848635", "level": "INFO", "message": "env data_handler finish success", "file": "data_handler.py", "line": "189", "module": "env", "process": "data_handler", "function": "finish", "stack": "", "pid": 124}
{"time": "2026-04-18 11:57:54.851326", "level": "INFO", "message": "env env run once episode done, process_run_count is 25930", "file": "remote_env_server.py", "line": "298", "module": "env", "process": "remote_env_server", "function": "run_once", "stack": "", "pid": 124}
{"time": "2026-04-18 11:57:54.885971", "level": "INFO", "message": "env env recv reset message", "file": "remote_env_server.py", "line": "282", "module": "env", "process": "remote_env_server", "function": "run_once", "stack": "", "pid": 124}
{"time": "2026-04-18 11:57:54.886597", "level": "INFO", "message": "env Select map in order: episode=29, map_id=10 from map_list=[1, 2, 3, 4, 5, 6, 7, 8, 9, 10]", "file": "data_handler.py", "line": "148", "module": "env", "process": "data_handler", "function": "handle_usr_conf", "stack": "", "pid": 124}
{"time": "2026-04-18 11:57:57.317728", "level": "INFO", "message": "env data_handler finish success", "file": "data_handler.py", "line": "189", "module": "env", "process": "data_handler", "function": "finish", "stack": "", "pid": 124}
{"time": "2026-04-18 11:57:57.318454", "level": "INFO", "message": "env env run once episode done, process_run_count is 26179", "file": "remote_env_server.py", "line": "298", "module": "env", "process": "remote_env_server", "function": "run_once", "stack": "", "pid": 124}
{"time": "2026-04-18 11:57:57.338211", "level": "INFO", "message": "env env recv reset message", "file": "remote_env_server.py", "line": "282", "module": "env", "process": "remote_env_server", "function": "run_once", "stack": "", "pid": 124}
{"time": "2026-04-18 11:57:57.339399", "level": "INFO", "message": "env Select map in order: episode=30, map_id=1 from map_list=[1, 2, 3, 4, 5, 6, 7, 8, 9, 10]", "file": "data_handler.py", "line": "148", "module": "env", "process": "data_handler", "function": "handle_usr_conf", "stack": "", "pid": 124}
{"time": "2026-04-18 11:58:06.676106", "level": "INFO", "message": "env data_handler finish success", "file": "data_handler.py", "line": "189", "module": "env", "process": "data_handler", "function": "finish", "stack": "", "pid": 124}
{"time": "2026-04-18 11:58:06.676836", "level": "INFO", "message": "env env run once episode done, process_run_count is 27180", "file": "remote_env_server.py", "line": "298", "module": "env", "process": "remote_env_server", "function": "run_once", "stack": "", "pid": 124}
{"time": "2026-04-18 11:58:06.723706", "level": "INFO", "message": "env env recv reset message", "file": "remote_env_server.py", "line": "282", "module": "env", "process": "remote_env_server", "function": "run_once", "stack": "", "pid": 124}
{"time": "2026-04-18 11:58:06.724549", "level": "INFO", "message": "env Select map in order: episode=31, map_id=2 from map_list=[1, 2, 3, 4, 5, 6, 7, 8, 9, 10]", "file": "data_handler.py", "line": "148", "module": "env", "process": "data_handler", "function": "handle_usr_conf", "stack": "", "pid": 124}
{"time": "2026-04-18 11:58:08.318344", "level": "INFO", "message": "env data_handler finish success", "file": "data_handler.py", "line": "189", "module": "env", "process": "data_handler", "function": "finish", "stack": "", "pid": 124}
{"time": "2026-04-18 11:58:08.318893", "level": "INFO", "message": "env env run once episode done, process_run_count is 27336", "file": "remote_env_server.py", "line": "298", "module": "env", "process": "remote_env_server", "function": "run_once", "stack": "", "pid": 124}
{"time": "2026-04-18 11:58:08.334610", "level": "INFO", "message": "env env recv reset message", "file": "remote_env_server.py", "line": "282", "module": "env", "process": "remote_env_server", "function": "run_once", "stack": "", "pid": 124}
{"time": "2026-04-18 11:58:08.335564", "level": "INFO", "message": "env Select map in order: episode=32, map_id=3 from map_list=[1, 2, 3, 4, 5, 6, 7, 8, 9, 10]", "file": "data_handler.py", "line": "148", "module": "env", "process": "data_handler", "function": "handle_usr_conf", "stack": "", "pid": 124}
{"time": "2026-04-18 11:58:13.558729", "level": "INFO", "message": "env data_handler finish success", "file": "data_handler.py", "line": "189", "module": "env", "process": "data_handler", "function": "finish", "stack": "", "pid": 124}
{"time": "2026-04-18 11:58:13.559482", "level": "INFO", "message": "env env run once episode done, process_run_count is 27881", "file": "remote_env_server.py", "line": "298", "module": "env", "process": "remote_env_server", "function": "run_once", "stack": "", "pid": 124}
{"time": "2026-04-18 11:58:13.595828", "level": "INFO", "message": "env env recv reset message", "file": "remote_env_server.py", "line": "282", "module": "env", "process": "remote_env_server", "function": "run_once", "stack": "", "pid": 124}
{"time": "2026-04-18 11:58:13.596867", "level": "INFO", "message": "env Select map in order: episode=33, map_id=4 from map_list=[1, 2, 3, 4, 5, 6, 7, 8, 9, 10]", "file": "data_handler.py", "line": "148", "module": "env", "process": "data_handler", "function": "handle_usr_conf", "stack": "", "pid": 124}
{"time": "2026-04-18 11:58:19.838135", "level": "INFO", "message": "env data_handler finish success", "file": "data_handler.py", "line": "189", "module": "env", "process": "data_handler", "function": "finish", "stack": "", "pid": 124}
{"time": "2026-04-18 11:58:19.838808", "level": "INFO", "message": "env env run once episode done, process_run_count is 28650", "file": "remote_env_server.py", "line": "298", "module": "env", "process": "remote_env_server", "function": "run_once", "stack": "", "pid": 124}
{"time": "2026-04-18 11:58:19.873087", "level": "INFO", "message": "env env recv reset message", "file": "remote_env_server.py", "line": "282", "module": "env", "process": "remote_env_server", "function": "run_once", "stack": "", "pid": 124}
{"time": "2026-04-18 11:58:19.873913", "level": "INFO", "message": "env Select map in order: episode=34, map_id=5 from map_list=[1, 2, 3, 4, 5, 6, 7, 8, 9, 10]", "file": "data_handler.py", "line": "148", "module": "env", "process": "data_handler", "function": "handle_usr_conf", "stack": "", "pid": 124}
{"time": "2026-04-18 11:58:29.377611", "level": "INFO", "message": "env finish monitor_data is {'total_score': 921, 'clean_score': 921, 'total_map': 10, 'map_random': 0, 'map_code': 5, 'max_steps': 1000, 'finished_steps': 1000, 'total_charger': 4, 'charge_count': 10, 'remaining_charge': 118}", "file": "monitor_helper.py", "line": "95", "module": "env", "process": "monitor_helper", "function": "finish", "stack": "", "pid": 124}
{"time": "2026-04-18 11:58:29.379226", "level": "INFO", "message": "env data_handler finish success", "file": "data_handler.py", "line": "189", "module": "env", "process": "data_handler", "function": "finish", "stack": "", "pid": 124}
{"time": "2026-04-18 11:58:29.382962", "level": "INFO", "message": "env env run once episode done, process_run_count is 29651", "file": "remote_env_server.py", "line": "298", "module": "env", "process": "remote_env_server", "function": "run_once", "stack": "", "pid": 124}
{"time": "2026-04-18 11:58:29.424009", "level": "INFO", "message": "env env recv reset message", "file": "remote_env_server.py", "line": "282", "module": "env", "process": "remote_env_server", "function": "run_once", "stack": "", "pid": 124}
{"time": "2026-04-18 11:58:29.424970", "level": "INFO", "message": "env Select map in order: episode=35, map_id=6 from map_list=[1, 2, 3, 4, 5, 6, 7, 8, 9, 10]", "file": "data_handler.py", "line": "148", "module": "env", "process": "data_handler", "function": "handle_usr_conf", "stack": "", "pid": 124}
{"time": "2026-04-18 11:58:33.965467", "level": "INFO", "message": "env data_handler finish success", "file": "data_handler.py", "line": "189", "module": "env", "process": "data_handler", "function": "finish", "stack": "", "pid": 124}
{"time": "2026-04-18 11:58:33.966318", "level": "INFO", "message": "env env run once episode done, process_run_count is 30104", "file": "remote_env_server.py", "line": "298", "module": "env", "process": "remote_env_server", "function": "run_once", "stack": "", "pid": 124}
{"time": "2026-04-18 11:58:33.987918", "level": "INFO", "message": "env env recv reset message", "file": "remote_env_server.py", "line": "282", "module": "env", "process": "remote_env_server", "function": "run_once", "stack": "", "pid": 124}
{"time": "2026-04-18 11:58:33.988708", "level": "INFO", "message": "env Select map in order: episode=36, map_id=7 from map_list=[1, 2, 3, 4, 5, 6, 7, 8, 9, 10]", "file": "data_handler.py", "line": "148", "module": "env", "process": "data_handler", "function": "handle_usr_conf", "stack": "", "pid": 124}
{"time": "2026-04-18 11:58:42.689637", "level": "INFO", "message": "env data_handler finish success", "file": "data_handler.py", "line": "189", "module": "env", "process": "data_handler", "function": "finish", "stack": "", "pid": 124}
{"time": "2026-04-18 11:58:42.695468", "level": "INFO", "message": "env env run once episode done, process_run_count is 31044", "file": "remote_env_server.py", "line": "298", "module": "env", "process": "remote_env_server", "function": "run_once", "stack": "", "pid": 124}
{"time": "2026-04-18 11:58:42.729453", "level": "INFO", "message": "env env recv reset message", "file": "remote_env_server.py", "line": "282", "module": "env", "process": "remote_env_server", "function": "run_once", "stack": "", "pid": 124}
{"time": "2026-04-18 11:58:42.730390", "level": "INFO", "message": "env Select map in order: episode=37, map_id=8 from map_list=[1, 2, 3, 4, 5, 6, 7, 8, 9, 10]", "file": "data_handler.py", "line": "148", "module": "env", "process": "data_handler", "function": "handle_usr_conf", "stack": "", "pid": 124}
{"time": "2026-04-18 11:58:50.901987", "level": "INFO", "message": "env data_handler finish success", "file": "data_handler.py", "line": "189", "module": "env", "process": "data_handler", "function": "finish", "stack": "", "pid": 124}
{"time": "2026-04-18 11:58:50.902649", "level": "INFO", "message": "env env run once episode done, process_run_count is 32045", "file": "remote_env_server.py", "line": "298", "module": "env", "process": "remote_env_server", "function": "run_once", "stack": "", "pid": 124}
{"time": "2026-04-18 11:58:50.949158", "level": "INFO", "message": "env env recv reset message", "file": "remote_env_server.py", "line": "282", "module": "env", "process": "remote_env_server", "function": "run_once", "stack": "", "pid": 124}
{"time": "2026-04-18 11:58:50.949977", "level": "INFO", "message": "env Select map in order: episode=38, map_id=9 from map_list=[1, 2, 3, 4, 5, 6, 7, 8, 9, 10]", "file": "data_handler.py", "line": "148", "module": "env", "process": "data_handler", "function": "handle_usr_conf", "stack": "", "pid": 124}
{"time": "2026-04-18 11:59:00.153750", "level": "INFO", "message": "env data_handler finish success", "file": "data_handler.py", "line": "189", "module": "env", "process": "data_handler", "function": "finish", "stack": "", "pid": 124}
{"time": "2026-04-18 11:59:00.155843", "level": "INFO", "message": "env env run once episode done, process_run_count is 33046", "file": "remote_env_server.py", "line": "298", "module": "env", "process": "remote_env_server", "function": "run_once", "stack": "", "pid": 124}
{"time": "2026-04-18 11:59:00.192842", "level": "INFO", "message": "env env recv reset message", "file": "remote_env_server.py", "line": "282", "module": "env", "process": "remote_env_server", "function": "run_once", "stack": "", "pid": 124}
{"time": "2026-04-18 11:59:00.193720", "level": "INFO", "message": "env Select map in order: episode=39, map_id=10 from map_list=[1, 2, 3, 4, 5, 6, 7, 8, 9, 10]", "file": "data_handler.py", "line": "148", "module": "env", "process": "data_handler", "function": "handle_usr_conf", "stack": "", "pid": 124}
{"time": "2026-04-18 11:59:09.770540", "level": "INFO", "message": "env data_handler finish success", "file": "data_handler.py", "line": "189", "module": "env", "process": "data_handler", "function": "finish", "stack": "", "pid": 124}
{"time": "2026-04-18 11:59:09.771307", "level": "INFO", "message": "env env run once episode done, process_run_count is 34047", "file": "remote_env_server.py", "line": "298", "module": "env", "process": "remote_env_server", "function": "run_once", "stack": "", "pid": 124}
{"time": "2026-04-18 11:59:09.829139", "level": "INFO", "message": "env env recv reset message", "file": "remote_env_server.py", "line": "282", "module": "env", "process": "remote_env_server", "function": "run_once", "stack": "", "pid": 124}
{"time": "2026-04-18 11:59:09.829881", "level": "INFO", "message": "env Select map in order: episode=40, map_id=1 from map_list=[1, 2, 3, 4, 5, 6, 7, 8, 9, 10]", "file": "data_handler.py", "line": "148", "module": "env", "process": "data_handler", "function": "handle_usr_conf", "stack": "", "pid": 124}
{"time": "2026-04-18 11:59:14.519621", "level": "INFO", "message": "env data_handler finish success", "file": "data_handler.py", "line": "189", "module": "env", "process": "data_handler", "function": "finish", "stack": "", "pid": 124}
{"time": "2026-04-18 11:59:14.520323", "level": "INFO", "message": "env env run once episode done, process_run_count is 34653", "file": "remote_env_server.py", "line": "298", "module": "env", "process": "remote_env_server", "function": "run_once", "stack": "", "pid": 124}
{"time": "2026-04-18 11:59:14.548815", "level": "INFO", "message": "env env recv reset message", "file": "remote_env_server.py", "line": "282", "module": "env", "process": "remote_env_server", "function": "run_once", "stack": "", "pid": 124}
{"time": "2026-04-18 11:59:14.549641", "level": "INFO", "message": "env Select map in order: episode=41, map_id=2 from map_list=[1, 2, 3, 4, 5, 6, 7, 8, 9, 10]", "file": "data_handler.py", "line": "148", "module": "env", "process": "data_handler", "function": "handle_usr_conf", "stack": "", "pid": 124}
{"time": "2026-04-18 11:59:23.689831", "level": "INFO", "message": "env data_handler finish success", "file": "data_handler.py", "line": "189", "module": "env", "process": "data_handler", "function": "finish", "stack": "", "pid": 124}
{"time": "2026-04-18 11:59:23.690621", "level": "INFO", "message": "env env run once episode done, process_run_count is 35654", "file": "remote_env_server.py", "line": "298", "module": "env", "process": "remote_env_server", "function": "run_once", "stack": "", "pid": 124}
{"time": "2026-04-18 11:59:23.728891", "level": "INFO", "message": "env env recv reset message", "file": "remote_env_server.py", "line": "282", "module": "env", "process": "remote_env_server", "function": "run_once", "stack": "", "pid": 124}
{"time": "2026-04-18 11:59:23.732441", "level": "INFO", "message": "env Select map in order: episode=42, map_id=3 from map_list=[1, 2, 3, 4, 5, 6, 7, 8, 9, 10]", "file": "data_handler.py", "line": "148", "module": "env", "process": "data_handler", "function": "handle_usr_conf", "stack": "", "pid": 124}
{"time": "2026-04-18 11:59:32.903775", "level": "INFO", "message": "env finish monitor_data is {'total_score': 853, 'clean_score': 853, 'total_map': 10, 'map_random': 0, 'map_code': 3, 'max_steps': 1000, 'finished_steps': 1000, 'total_charger': 4, 'charge_count': 10, 'remaining_charge': 166}", "file": "monitor_helper.py", "line": "95", "module": "env", "process": "monitor_helper", "function": "finish", "stack": "", "pid": 124}
{"time": "2026-04-18 11:59:32.904641", "level": "INFO", "message": "env data_handler finish success", "file": "data_handler.py", "line": "189", "module": "env", "process": "data_handler", "function": "finish", "stack": "", "pid": 124}
{"time": "2026-04-18 11:59:32.905197", "level": "INFO", "message": "env env run once episode done, process_run_count is 36655", "file": "remote_env_server.py", "line": "298", "module": "env", "process": "remote_env_server", "function": "run_once", "stack": "", "pid": 124}
{"time": "2026-04-18 11:59:32.955653", "level": "INFO", "message": "env env recv reset message", "file": "remote_env_server.py", "line": "282", "module": "env", "process": "remote_env_server", "function": "run_once", "stack": "", "pid": 124}
{"time": "2026-04-18 11:59:32.956561", "level": "INFO", "message": "env Select map in order: episode=43, map_id=4 from map_list=[1, 2, 3, 4, 5, 6, 7, 8, 9, 10]", "file": "data_handler.py", "line": "148", "module": "env", "process": "data_handler", "function": "handle_usr_conf", "stack": "", "pid": 124}
{"time": "2026-04-18 11:59:37.260230", "level": "INFO", "message": "env data_handler finish success", "file": "data_handler.py", "line": "189", "module": "env", "process": "data_handler", "function": "finish", "stack": "", "pid": 124}
{"time": "2026-04-18 11:59:37.264464", "level": "INFO", "message": "env env run once episode done, process_run_count is 37108", "file": "remote_env_server.py", "line": "298", "module": "env", "process": "remote_env_server", "function": "run_once", "stack": "", "pid": 124}
{"time": "2026-04-18 11:59:37.282326", "level": "INFO", "message": "env env recv reset message", "file": "remote_env_server.py", "line": "282", "module": "env", "process": "remote_env_server", "function": "run_once", "stack": "", "pid": 124}
{"time": "2026-04-18 11:59:37.283006", "level": "INFO", "message": "env Select map in order: episode=44, map_id=5 from map_list=[1, 2, 3, 4, 5, 6, 7, 8, 9, 10]", "file": "data_handler.py", "line": "148", "module": "env", "process": "data_handler", "function": "handle_usr_conf", "stack": "", "pid": 124}
{"time": "2026-04-18 11:59:43.904731", "level": "INFO", "message": "env data_handler finish success", "file": "data_handler.py", "line": "189", "module": "env", "process": "data_handler", "function": "finish", "stack": "", "pid": 124}
{"time": "2026-04-18 11:59:43.905628", "level": "INFO", "message": "env env run once episode done, process_run_count is 37945", "file": "remote_env_server.py", "line": "298", "module": "env", "process": "remote_env_server", "function": "run_once", "stack": "", "pid": 124}
{"time": "2026-04-18 11:59:43.943487", "level": "INFO", "message": "env env recv reset message", "file": "remote_env_server.py", "line": "282", "module": "env", "process": "remote_env_server", "function": "run_once", "stack": "", "pid": 124}
{"time": "2026-04-18 11:59:43.944356", "level": "INFO", "message": "env Select map in order: episode=45, map_id=6 from map_list=[1, 2, 3, 4, 5, 6, 7, 8, 9, 10]", "file": "data_handler.py", "line": "148", "module": "env", "process": "data_handler", "function": "handle_usr_conf", "stack": "", "pid": 124}
{"time": "2026-04-18 11:59:48.440874", "level": "INFO", "message": "env data_handler finish success", "file": "data_handler.py", "line": "189", "module": "env", "process": "data_handler", "function": "finish", "stack": "", "pid": 124}
{"time": "2026-04-18 11:59:48.441619", "level": "INFO", "message": "env env run once episode done, process_run_count is 38395", "file": "remote_env_server.py", "line": "298", "module": "env", "process": "remote_env_server", "function": "run_once", "stack": "", "pid": 124}
{"time": "2026-04-18 11:59:48.463872", "level": "INFO", "message": "env env recv reset message", "file": "remote_env_server.py", "line": "282", "module": "env", "process": "remote_env_server", "function": "run_once", "stack": "", "pid": 124}
{"time": "2026-04-18 11:59:48.464843", "level": "INFO", "message": "env Select map in order: episode=46, map_id=7 from map_list=[1, 2, 3, 4, 5, 6, 7, 8, 9, 10]", "file": "data_handler.py", "line": "148", "module": "env", "process": "data_handler", "function": "handle_usr_conf", "stack": "", "pid": 124}
{"time": "2026-04-18 11:59:56.631582", "level": "INFO", "message": "env data_handler finish success", "file": "data_handler.py", "line": "189", "module": "env", "process": "data_handler", "function": "finish", "stack": "", "pid": 124}
{"time": "2026-04-18 11:59:56.632321", "level": "INFO", "message": "env env run once episode done, process_run_count is 39241", "file": "remote_env_server.py", "line": "298", "module": "env", "process": "remote_env_server", "function": "run_once", "stack": "", "pid": 124}
{"time": "2026-04-18 11:59:56.666913", "level": "INFO", "message": "env env recv reset message", "file": "remote_env_server.py", "line": "282", "module": "env", "process": "remote_env_server", "function": "run_once", "stack": "", "pid": 124}
{"time": "2026-04-18 11:59:56.667802", "level": "INFO", "message": "env Select map in order: episode=47, map_id=8 from map_list=[1, 2, 3, 4, 5, 6, 7, 8, 9, 10]", "file": "data_handler.py", "line": "148", "module": "env", "process": "data_handler", "function": "handle_usr_conf", "stack": "", "pid": 124}
{"time": "2026-04-18 12:00:06.384310", "level": "INFO", "message": "env data_handler finish success", "file": "data_handler.py", "line": "189", "module": "env", "process": "data_handler", "function": "finish", "stack": "", "pid": 124}
{"time": "2026-04-18 12:00:06.385183", "level": "INFO", "message": "env env run once episode done, process_run_count is 40242", "file": "remote_env_server.py", "line": "298", "module": "env", "process": "remote_env_server", "function": "run_once", "stack": "", "pid": 124}
{"time": "2026-04-18 12:00:06.433614", "level": "INFO", "message": "env env recv reset message", "file": "remote_env_server.py", "line": "282", "module": "env", "process": "remote_env_server", "function": "run_once", "stack": "", "pid": 124}
{"time": "2026-04-18 12:00:06.434549", "level": "INFO", "message": "env Select map in order: episode=48, map_id=9 from map_list=[1, 2, 3, 4, 5, 6, 7, 8, 9, 10]", "file": "data_handler.py", "line": "148", "module": "env", "process": "data_handler", "function": "handle_usr_conf", "stack": "", "pid": 124}
{"time": "2026-04-18 12:00:13.527750", "level": "INFO", "message": "env data_handler finish success", "file": "data_handler.py", "line": "189", "module": "env", "process": "data_handler", "function": "finish", "stack": "", "pid": 124}
{"time": "2026-04-18 12:00:13.528324", "level": "INFO", "message": "env env run once episode done, process_run_count is 41088", "file": "remote_env_server.py", "line": "298", "module": "env", "process": "remote_env_server", "function": "run_once", "stack": "", "pid": 124}
{"time": "2026-04-18 12:00:13.572997", "level": "INFO", "message": "env env recv reset message", "file": "remote_env_server.py", "line": "282", "module": "env", "process": "remote_env_server", "function": "run_once", "stack": "", "pid": 124}
{"time": "2026-04-18 12:00:13.573811", "level": "INFO", "message": "env Select map in order: episode=49, map_id=10 from map_list=[1, 2, 3, 4, 5, 6, 7, 8, 9, 10]", "file": "data_handler.py", "line": "148", "module": "env", "process": "data_handler", "function": "handle_usr_conf", "stack": "", "pid": 124}
{"time": "2026-04-18 12:00:20.808356", "level": "INFO", "message": "env data_handler finish success", "file": "data_handler.py", "line": "189", "module": "env", "process": "data_handler", "function": "finish", "stack": "", "pid": 124}
{"time": "2026-04-18 12:00:20.810015", "level": "INFO", "message": "env env run once episode done, process_run_count is 41858", "file": "remote_env_server.py", "line": "298", "module": "env", "process": "remote_env_server", "function": "run_once", "stack": "", "pid": 124}
{"time": "2026-04-18 12:00:20.844178", "level": "INFO", "message": "env env recv reset message", "file": "remote_env_server.py", "line": "282", "module": "env", "process": "remote_env_server", "function": "run_once", "stack": "", "pid": 124}
{"time": "2026-04-18 12:00:20.849606", "level": "INFO", "message": "env Select map in order: episode=50, map_id=1 from map_list=[1, 2, 3, 4, 5, 6, 7, 8, 9, 10]", "file": "data_handler.py", "line": "148", "module": "env", "process": "data_handler", "function": "handle_usr_conf", "stack": "", "pid": 124}
{"time": "2026-04-18 12:00:30.073134", "level": "INFO", "message": "env data_handler finish success", "file": "data_handler.py", "line": "189", "module": "env", "process": "data_handler", "function": "finish", "stack": "", "pid": 124}
{"time": "2026-04-18 12:00:30.074036", "level": "INFO", "message": "env env run once episode done, process_run_count is 42859", "file": "remote_env_server.py", "line": "298", "module": "env", "process": "remote_env_server", "function": "run_once", "stack": "", "pid": 124}
{"time": "2026-04-18 12:00:30.120832", "level": "INFO", "message": "env env recv reset message", "file": "remote_env_server.py", "line": "282", "module": "env", "process": "remote_env_server", "function": "run_once", "stack": "", "pid": 124}
{"time": "2026-04-18 12:00:30.126241", "level": "INFO", "message": "env Select map in order: episode=51, map_id=2 from map_list=[1, 2, 3, 4, 5, 6, 7, 8, 9, 10]", "file": "data_handler.py", "line": "148", "module": "env", "process": "data_handler", "function": "handle_usr_conf", "stack": "", "pid": 124}
{"time": "2026-04-18 12:00:32.850336", "level": "INFO", "message": "env data_handler finish success", "file": "data_handler.py", "line": "189", "module": "env", "process": "data_handler", "function": "finish", "stack": "", "pid": 124}
{"time": "2026-04-18 12:00:32.850925", "level": "INFO", "message": "env env run once episode done, process_run_count is 43137", "file": "remote_env_server.py", "line": "298", "module": "env", "process": "remote_env_server", "function": "run_once", "stack": "", "pid": 124}
{"time": "2026-04-18 12:00:32.861913", "level": "INFO", "message": "env env recv reset message", "file": "remote_env_server.py", "line": "282", "module": "env", "process": "remote_env_server", "function": "run_once", "stack": "", "pid": 124}
{"time": "2026-04-18 12:00:32.862805", "level": "INFO", "message": "env Select map in order: episode=52, map_id=3 from map_list=[1, 2, 3, 4, 5, 6, 7, 8, 9, 10]", "file": "data_handler.py", "line": "148", "module": "env", "process": "data_handler", "function": "handle_usr_conf", "stack": "", "pid": 124}
{"time": "2026-04-18 12:00:38.630210", "level": "INFO", "message": "env finish monitor_data is {'total_score': 465, 'clean_score': 465, 'total_map': 10, 'map_random': 0, 'map_code': 3, 'max_steps': 1000, 'finished_steps': 636, 'total_charger': 4, 'charge_count': 4, 'remaining_charge': 0}", "file": "monitor_helper.py", "line": "95", "module": "env", "process": "monitor_helper", "function": "finish", "stack": "", "pid": 124}
{"time": "2026-04-18 12:00:38.634049", "level": "INFO", "message": "env data_handler finish success", "file": "data_handler.py", "line": "189", "module": "env", "process": "data_handler", "function": "finish", "stack": "", "pid": 124}
{"time": "2026-04-18 12:00:38.634818", "level": "INFO", "message": "env env run once episode done, process_run_count is 43774", "file": "remote_env_server.py", "line": "298", "module": "env", "process": "remote_env_server", "function": "run_once", "stack": "", "pid": 124}
{"time": "2026-04-18 12:00:38.663566", "level": "INFO", "message": "env env recv reset message", "file": "remote_env_server.py", "line": "282", "module": "env", "process": "remote_env_server", "function": "run_once", "stack": "", "pid": 124}
{"time": "2026-04-18 12:00:38.664492", "level": "INFO", "message": "env Select map in order: episode=53, map_id=4 from map_list=[1, 2, 3, 4, 5, 6, 7, 8, 9, 10]", "file": "data_handler.py", "line": "148", "module": "env", "process": "data_handler", "function": "handle_usr_conf", "stack": "", "pid": 124}
{"time": "2026-04-18 12:00:42.643016", "level": "INFO", "message": "env data_handler finish success", "file": "data_handler.py", "line": "189", "module": "env", "process": "data_handler", "function": "finish", "stack": "", "pid": 124}
{"time": "2026-04-18 12:00:42.643617", "level": "INFO", "message": "env env run once episode done, process_run_count is 44307", "file": "remote_env_server.py", "line": "298", "module": "env", "process": "remote_env_server", "function": "run_once", "stack": "", "pid": 124}
{"time": "2026-04-18 12:00:42.665873", "level": "INFO", "message": "env env recv reset message", "file": "remote_env_server.py", "line": "282", "module": "env", "process": "remote_env_server", "function": "run_once", "stack": "", "pid": 124}
{"time": "2026-04-18 12:00:42.670010", "level": "INFO", "message": "env Select map in order: episode=54, map_id=5 from map_list=[1, 2, 3, 4, 5, 6, 7, 8, 9, 10]", "file": "data_handler.py", "line": "148", "module": "env", "process": "data_handler", "function": "handle_usr_conf", "stack": "", "pid": 124}
{"time": "2026-04-18 12:00:51.780768", "level": "INFO", "message": "env data_handler finish success", "file": "data_handler.py", "line": "189", "module": "env", "process": "data_handler", "function": "finish", "stack": "", "pid": 124}
{"time": "2026-04-18 12:00:51.781485", "level": "INFO", "message": "env env run once episode done, process_run_count is 45308", "file": "remote_env_server.py", "line": "298", "module": "env", "process": "remote_env_server", "function": "run_once", "stack": "", "pid": 124}
{"time": "2026-04-18 12:00:51.817759", "level": "INFO", "message": "env env recv reset message", "file": "remote_env_server.py", "line": "282", "module": "env", "process": "remote_env_server", "function": "run_once", "stack": "", "pid": 124}
{"time": "2026-04-18 12:00:51.818446", "level": "INFO", "message": "env Select map in order: episode=55, map_id=6 from map_list=[1, 2, 3, 4, 5, 6, 7, 8, 9, 10]", "file": "data_handler.py", "line": "148", "module": "env", "process": "data_handler", "function": "handle_usr_conf", "stack": "", "pid": 124}
{"time": "2026-04-18 12:00:58.613835", "level": "INFO", "message": "env data_handler finish success", "file": "data_handler.py", "line": "189", "module": "env", "process": "data_handler", "function": "finish", "stack": "", "pid": 124}
{"time": "2026-04-18 12:00:58.614618", "level": "INFO", "message": "env env run once episode done, process_run_count is 46047", "file": "remote_env_server.py", "line": "298", "module": "env", "process": "remote_env_server", "function": "run_once", "stack": "", "pid": 124}
{"time": "2026-04-18 12:00:58.648991", "level": "INFO", "message": "env env recv reset message", "file": "remote_env_server.py", "line": "282", "module": "env", "process": "remote_env_server", "function": "run_once", "stack": "", "pid": 124}
{"time": "2026-04-18 12:00:58.650036", "level": "INFO", "message": "env Select map in order: episode=56, map_id=7 from map_list=[1, 2, 3, 4, 5, 6, 7, 8, 9, 10]", "file": "data_handler.py", "line": "148", "module": "env", "process": "data_handler", "function": "handle_usr_conf", "stack": "", "pid": 124}
{"time": "2026-04-18 12:01:07.817546", "level": "INFO", "message": "env data_handler finish success", "file": "data_handler.py", "line": "189", "module": "env", "process": "data_handler", "function": "finish", "stack": "", "pid": 124}
{"time": "2026-04-18 12:01:07.818224", "level": "INFO", "message": "env env run once episode done, process_run_count is 47048", "file": "remote_env_server.py", "line": "298", "module": "env", "process": "remote_env_server", "function": "run_once", "stack": "", "pid": 124}
{"time": "2026-04-18 12:01:07.872338", "level": "INFO", "message": "env env recv reset message", "file": "remote_env_server.py", "line": "282", "module": "env", "process": "remote_env_server", "function": "run_once", "stack": "", "pid": 124}
{"time": "2026-04-18 12:01:07.873323", "level": "INFO", "message": "env Select map in order: episode=57, map_id=8 from map_list=[1, 2, 3, 4, 5, 6, 7, 8, 9, 10]", "file": "data_handler.py", "line": "148", "module": "env", "process": "data_handler", "function": "handle_usr_conf", "stack": "", "pid": 124}
{"time": "2026-04-18 12:01:15.941044", "level": "INFO", "message": "env data_handler finish success", "file": "data_handler.py", "line": "189", "module": "env", "process": "data_handler", "function": "finish", "stack": "", "pid": 124}
{"time": "2026-04-18 12:01:15.941638", "level": "INFO", "message": "env env run once episode done, process_run_count is 48049", "file": "remote_env_server.py", "line": "298", "module": "env", "process": "remote_env_server", "function": "run_once", "stack": "", "pid": 124}
{"time": "2026-04-18 12:01:16.005773", "level": "INFO", "message": "env env recv reset message", "file": "remote_env_server.py", "line": "282", "module": "env", "process": "remote_env_server", "function": "run_once", "stack": "", "pid": 124}
{"time": "2026-04-18 12:01:16.006598", "level": "INFO", "message": "env Select map in order: episode=58, map_id=9 from map_list=[1, 2, 3, 4, 5, 6, 7, 8, 9, 10]", "file": "data_handler.py", "line": "148", "module": "env", "process": "data_handler", "function": "handle_usr_conf", "stack": "", "pid": 124}
{"time": "2026-04-18 12:01:25.247067", "level": "INFO", "message": "env data_handler finish success", "file": "data_handler.py", "line": "189", "module": "env", "process": "data_handler", "function": "finish", "stack": "", "pid": 124}
{"time": "2026-04-18 12:01:25.247727", "level": "INFO", "message": "env env run once episode done, process_run_count is 49050", "file": "remote_env_server.py", "line": "298", "module": "env", "process": "remote_env_server", "function": "run_once", "stack": "", "pid": 124}
{"time": "2026-04-18 12:01:25.292742", "level": "INFO", "message": "env env recv reset message", "file": "remote_env_server.py", "line": "282", "module": "env", "process": "remote_env_server", "function": "run_once", "stack": "", "pid": 124}
{"time": "2026-04-18 12:01:25.294973", "level": "INFO", "message": "env Select map in order: episode=59, map_id=10 from map_list=[1, 2, 3, 4, 5, 6, 7, 8, 9, 10]", "file": "data_handler.py", "line": "148", "module": "env", "process": "data_handler", "function": "handle_usr_conf", "stack": "", "pid": 124}
{"time": "2026-04-18 12:01:34.829919", "level": "INFO", "message": "env data_handler finish success", "file": "data_handler.py", "line": "189", "module": "env", "process": "data_handler", "function": "finish", "stack": "", "pid": 124}
{"time": "2026-04-18 12:01:34.830842", "level": "INFO", "message": "env env run once episode done, process_run_count is 50025", "file": "remote_env_server.py", "line": "298", "module": "env", "process": "remote_env_server", "function": "run_once", "stack": "", "pid": 124}
{"time": "2026-04-18 12:01:34.881151", "level": "INFO", "message": "env env recv reset message", "file": "remote_env_server.py", "line": "282", "module": "env", "process": "remote_env_server", "function": "run_once", "stack": "", "pid": 124}
{"time": "2026-04-18 12:01:34.881994", "level": "INFO", "message": "env Select map in order: episode=60, map_id=1 from map_list=[1, 2, 3, 4, 5, 6, 7, 8, 9, 10]", "file": "data_handler.py", "line": "148", "module": "env", "process": "data_handler", "function": "handle_usr_conf", "stack": "", "pid": 124}
{"time": "2026-04-18 12:01:43.605802", "level": "INFO", "message": "env finish monitor_data is {'total_score': 864, 'clean_score': 864, 'total_map': 10, 'map_random': 0, 'map_code': 1, 'max_steps': 1000, 'finished_steps': 1000, 'total_charger': 4, 'charge_count': 9, 'remaining_charge': 153}", "file": "monitor_helper.py", "line": "95", "module": "env", "process": "monitor_helper", "function": "finish", "stack": "", "pid": 124}
{"time": "2026-04-18 12:01:43.607482", "level": "INFO", "message": "env data_handler finish success", "file": "data_handler.py", "line": "189", "module": "env", "process": "data_handler", "function": "finish", "stack": "", "pid": 124}
{"time": "2026-04-18 12:01:43.608220", "level": "INFO", "message": "env env run once episode done, process_run_count is 51026", "file": "remote_env_server.py", "line": "298", "module": "env", "process": "remote_env_server", "function": "run_once", "stack": "", "pid": 124}
{"time": "2026-04-18 12:01:43.681304", "level": "INFO", "message": "env env recv reset message", "file": "remote_env_server.py", "line": "282", "module": "env", "process": "remote_env_server", "function": "run_once", "stack": "", "pid": 124}
{"time": "2026-04-18 12:01:43.683619", "level": "INFO", "message": "env Select map in order: episode=61, map_id=2 from map_list=[1, 2, 3, 4, 5, 6, 7, 8, 9, 10]", "file": "data_handler.py", "line": "148", "module": "env", "process": "data_handler", "function": "handle_usr_conf", "stack": "", "pid": 124}
{"time": "2026-04-18 12:01:53.583751", "level": "INFO", "message": "env data_handler finish success", "file": "data_handler.py", "line": "189", "module": "env", "process": "data_handler", "function": "finish", "stack": "", "pid": 124}
{"time": "2026-04-18 12:01:53.584653", "level": "INFO", "message": "env env run once episode done, process_run_count is 52027", "file": "remote_env_server.py", "line": "298", "module": "env", "process": "remote_env_server", "function": "run_once", "stack": "", "pid": 124}
{"time": "2026-04-18 12:01:53.647124", "level": "INFO", "message": "env env recv reset message", "file": "remote_env_server.py", "line": "282", "module": "env", "process": "remote_env_server", "function": "run_once", "stack": "", "pid": 124}
{"time": "2026-04-18 12:01:53.649873", "level": "INFO", "message": "env Select map in order: episode=62, map_id=3 from map_list=[1, 2, 3, 4, 5, 6, 7, 8, 9, 10]", "file": "data_handler.py", "line": "148", "module": "env", "process": "data_handler", "function": "handle_usr_conf", "stack": "", "pid": 124}
{"time": "2026-04-18 12:01:57.900785", "level": "INFO", "message": "env data_handler finish success", "file": "data_handler.py", "line": "189", "module": "env", "process": "data_handler", "function": "finish", "stack": "", "pid": 124}
{"time": "2026-04-18 12:01:57.901495", "level": "INFO", "message": "env env run once episode done, process_run_count is 52425", "file": "remote_env_server.py", "line": "298", "module": "env", "process": "remote_env_server", "function": "run_once", "stack": "", "pid": 124}
{"time": "2026-04-18 12:01:57.916252", "level": "INFO", "message": "env env recv reset message", "file": "remote_env_server.py", "line": "282", "module": "env", "process": "remote_env_server", "function": "run_once", "stack": "", "pid": 124}
{"time": "2026-04-18 12:01:57.917139", "level": "INFO", "message": "env Select map in order: episode=63, map_id=4 from map_list=[1, 2, 3, 4, 5, 6, 7, 8, 9, 10]", "file": "data_handler.py", "line": "148", "module": "env", "process": "data_handler", "function": "handle_usr_conf", "stack": "", "pid": 124}
{"time": "2026-04-18 12:02:05.232431", "level": "INFO", "message": "env data_handler finish success", "file": "data_handler.py", "line": "189", "module": "env", "process": "data_handler", "function": "finish", "stack": "", "pid": 124}
{"time": "2026-04-18 12:02:05.233215", "level": "INFO", "message": "env env run once episode done, process_run_count is 53172", "file": "remote_env_server.py", "line": "298", "module": "env", "process": "remote_env_server", "function": "run_once", "stack": "", "pid": 124}
{"time": "2026-04-18 12:02:05.263879", "level": "INFO", "message": "env env recv reset message", "file": "remote_env_server.py", "line": "282", "module": "env", "process": "remote_env_server", "function": "run_once", "stack": "", "pid": 124}
{"time": "2026-04-18 12:02:05.265272", "level": "INFO", "message": "env Select map in order: episode=64, map_id=5 from map_list=[1, 2, 3, 4, 5, 6, 7, 8, 9, 10]", "file": "data_handler.py", "line": "148", "module": "env", "process": "data_handler", "function": "handle_usr_conf", "stack": "", "pid": 124}
{"time": "2026-04-18 12:02:13.751920", "level": "INFO", "message": "env data_handler finish success", "file": "data_handler.py", "line": "189", "module": "env", "process": "data_handler", "function": "finish", "stack": "", "pid": 124}
{"time": "2026-04-18 12:02:13.752714", "level": "INFO", "message": "env env run once episode done, process_run_count is 54173", "file": "remote_env_server.py", "line": "298", "module": "env", "process": "remote_env_server", "function": "run_once", "stack": "", "pid": 124}
{"time": "2026-04-18 12:02:13.785961", "level": "INFO", "message": "env env recv reset message", "file": "remote_env_server.py", "line": "282", "module": "env", "process": "remote_env_server", "function": "run_once", "stack": "", "pid": 124}
{"time": "2026-04-18 12:02:13.786801", "level": "INFO", "message": "env Select map in order: episode=65, map_id=6 from map_list=[1, 2, 3, 4, 5, 6, 7, 8, 9, 10]", "file": "data_handler.py", "line": "148", "module": "env", "process": "data_handler", "function": "handle_usr_conf", "stack": "", "pid": 124}
{"time": "2026-04-18 12:02:19.183056", "level": "INFO", "message": "env data_handler finish success", "file": "data_handler.py", "line": "189", "module": "env", "process": "data_handler", "function": "finish", "stack": "", "pid": 124}
{"time": "2026-04-18 12:02:19.183748", "level": "INFO", "message": "env env run once episode done, process_run_count is 54737", "file": "remote_env_server.py", "line": "298", "module": "env", "process": "remote_env_server", "function": "run_once", "stack": "", "pid": 124}
{"time": "2026-04-18 12:02:19.219866", "level": "INFO", "message": "env env recv reset message", "file": "remote_env_server.py", "line": "282", "module": "env", "process": "remote_env_server", "function": "run_once", "stack": "", "pid": 124}
{"time": "2026-04-18 12:02:19.220769", "level": "INFO", "message": "env Select map in order: episode=66, map_id=7 from map_list=[1, 2, 3, 4, 5, 6, 7, 8, 9, 10]", "file": "data_handler.py", "line": "148", "module": "env", "process": "data_handler", "function": "handle_usr_conf", "stack": "", "pid": 124}
{"time": "2026-04-18 12:02:25.434538", "level": "INFO", "message": "env data_handler finish success", "file": "data_handler.py", "line": "189", "module": "env", "process": "data_handler", "function": "finish", "stack": "", "pid": 124}
{"time": "2026-04-18 12:02:25.435096", "level": "INFO", "message": "env env run once episode done, process_run_count is 55380", "file": "remote_env_server.py", "line": "298", "module": "env", "process": "remote_env_server", "function": "run_once", "stack": "", "pid": 124}
{"time": "2026-04-18 12:02:25.468613", "level": "INFO", "message": "env env recv reset message", "file": "remote_env_server.py", "line": "282", "module": "env", "process": "remote_env_server", "function": "run_once", "stack": "", "pid": 124}
{"time": "2026-04-18 12:02:25.469680", "level": "INFO", "message": "env Select map in order: episode=67, map_id=8 from map_list=[1, 2, 3, 4, 5, 6, 7, 8, 9, 10]", "file": "data_handler.py", "line": "148", "module": "env", "process": "data_handler", "function": "handle_usr_conf", "stack": "", "pid": 124}
{"time": "2026-04-18 12:02:34.977943", "level": "INFO", "message": "env data_handler finish success", "file": "data_handler.py", "line": "189", "module": "env", "process": "data_handler", "function": "finish", "stack": "", "pid": 124}
{"time": "2026-04-18 12:02:34.978564", "level": "INFO", "message": "env env run once episode done, process_run_count is 56381", "file": "remote_env_server.py", "line": "298", "module": "env", "process": "remote_env_server", "function": "run_once", "stack": "", "pid": 124}
{"time": "2026-04-18 12:02:35.030931", "level": "INFO", "message": "env env recv reset message", "file": "remote_env_server.py", "line": "282", "module": "env", "process": "remote_env_server", "function": "run_once", "stack": "", "pid": 124}
{"time": "2026-04-18 12:02:35.033154", "level": "INFO", "message": "env Select map in order: episode=68, map_id=9 from map_list=[1, 2, 3, 4, 5, 6, 7, 8, 9, 10]", "file": "data_handler.py", "line": "148", "module": "env", "process": "data_handler", "function": "handle_usr_conf", "stack": "", "pid": 124}
{"time": "2026-04-18 12:02:42.748106", "level": "INFO", "message": "env data_handler finish success", "file": "data_handler.py", "line": "189", "module": "env", "process": "data_handler", "function": "finish", "stack": "", "pid": 124}
{"time": "2026-04-18 12:02:42.748796", "level": "INFO", "message": "env env run once episode done, process_run_count is 57267", "file": "remote_env_server.py", "line": "298", "module": "env", "process": "remote_env_server", "function": "run_once", "stack": "", "pid": 124}
{"time": "2026-04-18 12:02:42.786138", "level": "INFO", "message": "env env recv reset message", "file": "remote_env_server.py", "line": "282", "module": "env", "process": "remote_env_server", "function": "run_once", "stack": "", "pid": 124}
{"time": "2026-04-18 12:02:42.787176", "level": "INFO", "message": "env Select map in order: episode=69, map_id=10 from map_list=[1, 2, 3, 4, 5, 6, 7, 8, 9, 10]", "file": "data_handler.py", "line": "148", "module": "env", "process": "data_handler", "function": "handle_usr_conf", "stack": "", "pid": 124}
{"time": "2026-04-18 12:02:52.003729", "level": "INFO", "message": "env finish monitor_data is {'total_score': 893, 'clean_score': 893, 'total_map': 10, 'map_random': 0, 'map_code': 10, 'max_steps': 1000, 'finished_steps': 1000, 'total_charger': 4, 'charge_count': 10, 'remaining_charge': 147}", "file": "monitor_helper.py", "line": "95", "module": "env", "process": "monitor_helper", "function": "finish", "stack": "", "pid": 124}
{"time": "2026-04-18 12:02:52.004458", "level": "INFO", "message": "env data_handler finish success", "file": "data_handler.py", "line": "189", "module": "env", "process": "data_handler", "function": "finish", "stack": "", "pid": 124}
{"time": "2026-04-18 12:02:52.005065", "level": "INFO", "message": "env env run once episode done, process_run_count is 58268", "file": "remote_env_server.py", "line": "298", "module": "env", "process": "remote_env_server", "function": "run_once", "stack": "", "pid": 124}
{"time": "2026-04-18 12:02:52.068727", "level": "INFO", "message": "env env recv reset message", "file": "remote_env_server.py", "line": "282", "module": "env", "process": "remote_env_server", "function": "run_once", "stack": "", "pid": 124}
{"time": "2026-04-18 12:02:52.069499", "level": "INFO", "message": "env Select map in order: episode=70, map_id=1 from map_list=[1, 2, 3, 4, 5, 6, 7, 8, 9, 10]", "file": "data_handler.py", "line": "148", "module": "env", "process": "data_handler", "function": "handle_usr_conf", "stack": "", "pid": 124}
{"time": "2026-04-18 12:03:01.289070", "level": "INFO", "message": "env data_handler finish success", "file": "data_handler.py", "line": "189", "module": "env", "process": "data_handler", "function": "finish", "stack": "", "pid": 124}
{"time": "2026-04-18 12:03:01.289936", "level": "INFO", "message": "env env run once episode done, process_run_count is 59269", "file": "remote_env_server.py", "line": "298", "module": "env", "process": "remote_env_server", "function": "run_once", "stack": "", "pid": 124}
{"time": "2026-04-18 12:03:01.340896", "level": "INFO", "message": "env env recv reset message", "file": "remote_env_server.py", "line": "282", "module": "env", "process": "remote_env_server", "function": "run_once", "stack": "", "pid": 124}
{"time": "2026-04-18 12:03:01.341767", "level": "INFO", "message": "env Select map in order: episode=71, map_id=2 from map_list=[1, 2, 3, 4, 5, 6, 7, 8, 9, 10]", "file": "data_handler.py", "line": "148", "module": "env", "process": "data_handler", "function": "handle_usr_conf", "stack": "", "pid": 124}
{"time": "2026-04-18 12:03:09.979085", "level": "INFO", "message": "env data_handler finish success", "file": "data_handler.py", "line": "189", "module": "env", "process": "data_handler", "function": "finish", "stack": "", "pid": 124}
{"time": "2026-04-18 12:03:09.979826", "level": "INFO", "message": "env env run once episode done, process_run_count is 60270", "file": "remote_env_server.py", "line": "298", "module": "env", "process": "remote_env_server", "function": "run_once", "stack": "", "pid": 124}
{"time": "2026-04-18 12:03:10.042006", "level": "INFO", "message": "env env recv reset message", "file": "remote_env_server.py", "line": "282", "module": "env", "process": "remote_env_server", "function": "run_once", "stack": "", "pid": 124}
{"time": "2026-04-18 12:03:10.047759", "level": "INFO", "message": "env Select map in order: episode=72, map_id=3 from map_list=[1, 2, 3, 4, 5, 6, 7, 8, 9, 10]", "file": "data_handler.py", "line": "148", "module": "env", "process": "data_handler", "function": "handle_usr_conf", "stack": "", "pid": 124}
{"time": "2026-04-18 12:03:19.983914", "level": "INFO", "message": "env data_handler finish success", "file": "data_handler.py", "line": "189", "module": "env", "process": "data_handler", "function": "finish", "stack": "", "pid": 124}
{"time": "2026-04-18 12:03:19.984574", "level": "INFO", "message": "env env run once episode done, process_run_count is 61271", "file": "remote_env_server.py", "line": "298", "module": "env", "process": "remote_env_server", "function": "run_once", "stack": "", "pid": 124}
{"time": "2026-04-18 12:03:20.042748", "level": "INFO", "message": "env env recv reset message", "file": "remote_env_server.py", "line": "282", "module": "env", "process": "remote_env_server", "function": "run_once", "stack": "", "pid": 124}
{"time": "2026-04-18 12:03:20.045331", "level": "INFO", "message": "env Select map in order: episode=73, map_id=4 from map_list=[1, 2, 3, 4, 5, 6, 7, 8, 9, 10]", "file": "data_handler.py", "line": "148", "module": "env", "process": "data_handler", "function": "handle_usr_conf", "stack": "", "pid": 124}
{"time": "2026-04-18 12:03:21.645923", "level": "INFO", "message": "env data_handler finish success", "file": "data_handler.py", "line": "189", "module": "env", "process": "data_handler", "function": "finish", "stack": "", "pid": 124}
{"time": "2026-04-18 12:03:21.646551", "level": "INFO", "message": "env env run once episode done, process_run_count is 61401", "file": "remote_env_server.py", "line": "298", "module": "env", "process": "remote_env_server", "function": "run_once", "stack": "", "pid": 124}
{"time": "2026-04-18 12:03:21.653946", "level": "INFO", "message": "env env recv reset message", "file": "remote_env_server.py", "line": "282", "module": "env", "process": "remote_env_server", "function": "run_once", "stack": "", "pid": 124}
{"time": "2026-04-18 12:03:21.654712", "level": "INFO", "message": "env Select map in order: episode=74, map_id=5 from map_list=[1, 2, 3, 4, 5, 6, 7, 8, 9, 10]", "file": "data_handler.py", "line": "148", "module": "env", "process": "data_handler", "function": "handle_usr_conf", "stack": "", "pid": 124}
{"time": "2026-04-18 12:03:28.821420", "level": "INFO", "message": "env data_handler finish success", "file": "data_handler.py", "line": "189", "module": "env", "process": "data_handler", "function": "finish", "stack": "", "pid": 124}
{"time": "2026-04-18 12:03:28.821996", "level": "INFO", "message": "env env run once episode done, process_run_count is 62127", "file": "remote_env_server.py", "line": "298", "module": "env", "process": "remote_env_server", "function": "run_once", "stack": "", "pid": 124}
{"time": "2026-04-18 12:03:28.852438", "level": "INFO", "message": "env env recv reset message", "file": "remote_env_server.py", "line": "282", "module": "env", "process": "remote_env_server", "function": "run_once", "stack": "", "pid": 124}
{"time": "2026-04-18 12:03:28.853229", "level": "INFO", "message": "env Select map in order: episode=75, map_id=6 from map_list=[1, 2, 3, 4, 5, 6, 7, 8, 9, 10]", "file": "data_handler.py", "line": "148", "module": "env", "process": "data_handler", "function": "handle_usr_conf", "stack": "", "pid": 124}
{"time": "2026-04-18 12:03:36.775833", "level": "INFO", "message": "env data_handler finish success", "file": "data_handler.py", "line": "189", "module": "env", "process": "data_handler", "function": "finish", "stack": "", "pid": 124}
{"time": "2026-04-18 12:03:36.776669", "level": "INFO", "message": "env env run once episode done, process_run_count is 62998", "file": "remote_env_server.py", "line": "298", "module": "env", "process": "remote_env_server", "function": "run_once", "stack": "", "pid": 124}
{"time": "2026-04-18 12:03:36.814943", "level": "INFO", "message": "env env recv reset message", "file": "remote_env_server.py", "line": "282", "module": "env", "process": "remote_env_server", "function": "run_once", "stack": "", "pid": 124}
{"time": "2026-04-18 12:03:36.820374", "level": "INFO", "message": "env Select map in order: episode=76, map_id=7 from map_list=[1, 2, 3, 4, 5, 6, 7, 8, 9, 10]", "file": "data_handler.py", "line": "148", "module": "env", "process": "data_handler", "function": "handle_usr_conf", "stack": "", "pid": 124}
{"time": "2026-04-18 12:03:46.049475", "level": "INFO", "message": "env data_handler finish success", "file": "data_handler.py", "line": "189", "module": "env", "process": "data_handler", "function": "finish", "stack": "", "pid": 124}
{"time": "2026-04-18 12:03:46.050339", "level": "INFO", "message": "env env run once episode done, process_run_count is 63999", "file": "remote_env_server.py", "line": "298", "module": "env", "process": "remote_env_server", "function": "run_once", "stack": "", "pid": 124}
{"time": "2026-04-18 12:03:46.097691", "level": "INFO", "message": "env env recv reset message", "file": "remote_env_server.py", "line": "282", "module": "env", "process": "remote_env_server", "function": "run_once", "stack": "", "pid": 124}
{"time": "2026-04-18 12:03:46.098669", "level": "INFO", "message": "env Select map in order: episode=77, map_id=8 from map_list=[1, 2, 3, 4, 5, 6, 7, 8, 9, 10]", "file": "data_handler.py", "line": "148", "module": "env", "process": "data_handler", "function": "handle_usr_conf", "stack": "", "pid": 124}
{"time": "2026-04-18 12:03:52.585321", "level": "INFO", "message": "env finish monitor_data is {'total_score': 685, 'clean_score': 685, 'total_map': 10, 'map_random': 0, 'map_code': 8, 'max_steps': 1000, 'finished_steps': 812, 'total_charger': 4, 'charge_count': 6, 'remaining_charge': 0}", "file": "monitor_helper.py", "line": "95", "module": "env", "process": "monitor_helper", "function": "finish", "stack": "", "pid": 124}
{"time": "2026-04-18 12:03:52.586274", "level": "INFO", "message": "env data_handler finish success", "file": "data_handler.py", "line": "189", "module": "env", "process": "data_handler", "function": "finish", "stack": "", "pid": 124}
{"time": "2026-04-18 12:03:52.587048", "level": "INFO", "message": "env env run once episode done, process_run_count is 64812", "file": "remote_env_server.py", "line": "298", "module": "env", "process": "remote_env_server", "function": "run_once", "stack": "", "pid": 124}
{"time": "2026-04-18 12:03:52.627580", "level": "INFO", "message": "env env recv reset message", "file": "remote_env_server.py", "line": "282", "module": "env", "process": "remote_env_server", "function": "run_once", "stack": "", "pid": 124}
{"time": "2026-04-18 12:03:52.628459", "level": "INFO", "message": "env Select map in order: episode=78, map_id=9 from map_list=[1, 2, 3, 4, 5, 6, 7, 8, 9, 10]", "file": "data_handler.py", "line": "148", "module": "env", "process": "data_handler", "function": "handle_usr_conf", "stack": "", "pid": 124}
{"time": "2026-04-18 12:03:55.607088", "level": "INFO", "message": "env data_handler finish success", "file": "data_handler.py", "line": "189", "module": "env", "process": "data_handler", "function": "finish", "stack": "", "pid": 124}
{"time": "2026-04-18 12:03:55.607744", "level": "INFO", "message": "env env run once episode done, process_run_count is 65120", "file": "remote_env_server.py", "line": "298", "module": "env", "process": "remote_env_server", "function": "run_once", "stack": "", "pid": 124}
{"time": "2026-04-18 12:03:55.620434", "level": "INFO", "message": "env env recv reset message", "file": "remote_env_server.py", "line": "282", "module": "env", "process": "remote_env_server", "function": "run_once", "stack": "", "pid": 124}
{"time": "2026-04-18 12:03:55.621303", "level": "INFO", "message": "env Select map in order: episode=79, map_id=10 from map_list=[1, 2, 3, 4, 5, 6, 7, 8, 9, 10]", "file": "data_handler.py", "line": "148", "module": "env", "process": "data_handler", "function": "handle_usr_conf", "stack": "", "pid": 124}
{"time": "2026-04-18 12:04:02.516302", "level": "INFO", "message": "env data_handler finish success", "file": "data_handler.py", "line": "189", "module": "env", "process": "data_handler", "function": "finish", "stack": "", "pid": 124}
{"time": "2026-04-18 12:04:02.518338", "level": "INFO", "message": "env env run once episode done, process_run_count is 65920", "file": "remote_env_server.py", "line": "298", "module": "env", "process": "remote_env_server", "function": "run_once", "stack": "", "pid": 124}
{"time": "2026-04-18 12:04:02.546490", "level": "INFO", "message": "env env recv reset message", "file": "remote_env_server.py", "line": "282", "module": "env", "process": "remote_env_server", "function": "run_once", "stack": "", "pid": 124}
{"time": "2026-04-18 12:04:02.547313", "level": "INFO", "message": "env Select map in order: episode=80, map_id=1 from map_list=[1, 2, 3, 4, 5, 6, 7, 8, 9, 10]", "file": "data_handler.py", "line": "148", "module": "env", "process": "data_handler", "function": "handle_usr_conf", "stack": "", "pid": 124}
{"time": "2026-04-18 12:04:08.393855", "level": "INFO", "message": "env data_handler finish success", "file": "data_handler.py", "line": "189", "module": "env", "process": "data_handler", "function": "finish", "stack": "", "pid": 124}
{"time": "2026-04-18 12:04:08.399276", "level": "INFO", "message": "env env run once episode done, process_run_count is 66543", "file": "remote_env_server.py", "line": "298", "module": "env", "process": "remote_env_server", "function": "run_once", "stack": "", "pid": 124}
{"time": "2026-04-18 12:04:08.423487", "level": "INFO", "message": "env env recv reset message", "file": "remote_env_server.py", "line": "282", "module": "env", "process": "remote_env_server", "function": "run_once", "stack": "", "pid": 124}
{"time": "2026-04-18 12:04:08.424241", "level": "INFO", "message": "env Select map in order: episode=81, map_id=2 from map_list=[1, 2, 3, 4, 5, 6, 7, 8, 9, 10]", "file": "data_handler.py", "line": "148", "module": "env", "process": "data_handler", "function": "handle_usr_conf", "stack": "", "pid": 124}
{"time": "2026-04-18 12:04:12.554126", "level": "INFO", "message": "env data_handler finish success", "file": "data_handler.py", "line": "189", "module": "env", "process": "data_handler", "function": "finish", "stack": "", "pid": 124}
{"time": "2026-04-18 12:04:12.554696", "level": "INFO", "message": "env env run once episode done, process_run_count is 66976", "file": "remote_env_server.py", "line": "298", "module": "env", "process": "remote_env_server", "function": "run_once", "stack": "", "pid": 124}
{"time": "2026-04-18 12:04:12.570893", "level": "INFO", "message": "env env recv reset message", "file": "remote_env_server.py", "line": "282", "module": "env", "process": "remote_env_server", "function": "run_once", "stack": "", "pid": 124}
{"time": "2026-04-18 12:04:12.571838", "level": "INFO", "message": "env Select map in order: episode=82, map_id=3 from map_list=[1, 2, 3, 4, 5, 6, 7, 8, 9, 10]", "file": "data_handler.py", "line": "148", "module": "env", "process": "data_handler", "function": "handle_usr_conf", "stack": "", "pid": 124}
{"time": "2026-04-18 12:04:16.831245", "level": "INFO", "message": "env data_handler finish success", "file": "data_handler.py", "line": "189", "module": "env", "process": "data_handler", "function": "finish", "stack": "", "pid": 124}
{"time": "2026-04-18 12:04:16.831873", "level": "INFO", "message": "env env run once episode done, process_run_count is 67429", "file": "remote_env_server.py", "line": "298", "module": "env", "process": "remote_env_server", "function": "run_once", "stack": "", "pid": 124}
{"time": "2026-04-18 12:04:16.855342", "level": "INFO", "message": "env env recv reset message", "file": "remote_env_server.py", "line": "282", "module": "env", "process": "remote_env_server", "function": "run_once", "stack": "", "pid": 124}
{"time": "2026-04-18 12:04:16.856572", "level": "INFO", "message": "env Select map in order: episode=83, map_id=4 from map_list=[1, 2, 3, 4, 5, 6, 7, 8, 9, 10]", "file": "data_handler.py", "line": "148", "module": "env", "process": "data_handler", "function": "handle_usr_conf", "stack": "", "pid": 124}
{"time": "2026-04-18 12:04:24.344227", "level": "INFO", "message": "env data_handler finish success", "file": "data_handler.py", "line": "189", "module": "env", "process": "data_handler", "function": "finish", "stack": "", "pid": 124}
{"time": "2026-04-18 12:04:24.345947", "level": "INFO", "message": "env env run once episode done, process_run_count is 68219", "file": "remote_env_server.py", "line": "298", "module": "env", "process": "remote_env_server", "function": "run_once", "stack": "", "pid": 124}
{"time": "2026-04-18 12:04:24.405789", "level": "INFO", "message": "env env recv reset message", "file": "remote_env_server.py", "line": "282", "module": "env", "process": "remote_env_server", "function": "run_once", "stack": "", "pid": 124}
{"time": "2026-04-18 12:04:24.406774", "level": "INFO", "message": "env Select map in order: episode=84, map_id=5 from map_list=[1, 2, 3, 4, 5, 6, 7, 8, 9, 10]", "file": "data_handler.py", "line": "148", "module": "env", "process": "data_handler", "function": "handle_usr_conf", "stack": "", "pid": 124}
{"time": "2026-04-18 12:04:33.223968", "level": "INFO", "message": "env data_handler finish success", "file": "data_handler.py", "line": "189", "module": "env", "process": "data_handler", "function": "finish", "stack": "", "pid": 124}
{"time": "2026-04-18 12:04:33.224569", "level": "INFO", "message": "env env run once episode done, process_run_count is 69220", "file": "remote_env_server.py", "line": "298", "module": "env", "process": "remote_env_server", "function": "run_once", "stack": "", "pid": 124}
{"time": "2026-04-18 12:04:33.276923", "level": "INFO", "message": "env env recv reset message", "file": "remote_env_server.py", "line": "282", "module": "env", "process": "remote_env_server", "function": "run_once", "stack": "", "pid": 124}
{"time": "2026-04-18 12:04:33.277591", "level": "INFO", "message": "env Select map in order: episode=85, map_id=6 from map_list=[1, 2, 3, 4, 5, 6, 7, 8, 9, 10]", "file": "data_handler.py", "line": "148", "module": "env", "process": "data_handler", "function": "handle_usr_conf", "stack": "", "pid": 124}
{"time": "2026-04-18 12:04:37.780854", "level": "INFO", "message": "env data_handler finish success", "file": "data_handler.py", "line": "189", "module": "env", "process": "data_handler", "function": "finish", "stack": "", "pid": 124}
{"time": "2026-04-18 12:04:37.781571", "level": "INFO", "message": "env env run once episode done, process_run_count is 69662", "file": "remote_env_server.py", "line": "298", "module": "env", "process": "remote_env_server", "function": "run_once", "stack": "", "pid": 124}
{"time": "2026-04-18 12:04:37.799932", "level": "INFO", "message": "env env recv reset message", "file": "remote_env_server.py", "line": "282", "module": "env", "process": "remote_env_server", "function": "run_once", "stack": "", "pid": 124}
{"time": "2026-04-18 12:04:37.800855", "level": "INFO", "message": "env Select map in order: episode=86, map_id=7 from map_list=[1, 2, 3, 4, 5, 6, 7, 8, 9, 10]", "file": "data_handler.py", "line": "148", "module": "env", "process": "data_handler", "function": "handle_usr_conf", "stack": "", "pid": 124}
{"time": "2026-04-18 12:04:40.086016", "level": "INFO", "message": "env data_handler finish success", "file": "data_handler.py", "line": "189", "module": "env", "process": "data_handler", "function": "finish", "stack": "", "pid": 124}
{"time": "2026-04-18 12:04:40.086706", "level": "INFO", "message": "env env run once episode done, process_run_count is 69880", "file": "remote_env_server.py", "line": "298", "module": "env", "process": "remote_env_server", "function": "run_once", "stack": "", "pid": 124}
{"time": "2026-04-18 12:04:40.096091", "level": "INFO", "message": "env env recv reset message", "file": "remote_env_server.py", "line": "282", "module": "env", "process": "remote_env_server", "function": "run_once", "stack": "", "pid": 124}
{"time": "2026-04-18 12:04:40.096967", "level": "INFO", "message": "env Select map in order: episode=87, map_id=8 from map_list=[1, 2, 3, 4, 5, 6, 7, 8, 9, 10]", "file": "data_handler.py", "line": "148", "module": "env", "process": "data_handler", "function": "handle_usr_conf", "stack": "", "pid": 124}
{"time": "2026-04-18 12:04:49.376964", "level": "INFO", "message": "env data_handler finish success", "file": "data_handler.py", "line": "189", "module": "env", "process": "data_handler", "function": "finish", "stack": "", "pid": 124}
{"time": "2026-04-18 12:04:49.377657", "level": "INFO", "message": "env env run once episode done, process_run_count is 70881", "file": "remote_env_server.py", "line": "298", "module": "env", "process": "remote_env_server", "function": "run_once", "stack": "", "pid": 124}
{"time": "2026-04-18 12:04:49.417807", "level": "INFO", "message": "env env recv reset message", "file": "remote_env_server.py", "line": "282", "module": "env", "process": "remote_env_server", "function": "run_once", "stack": "", "pid": 124}
{"time": "2026-04-18 12:04:49.418562", "level": "INFO", "message": "env Select map in order: episode=88, map_id=9 from map_list=[1, 2, 3, 4, 5, 6, 7, 8, 9, 10]", "file": "data_handler.py", "line": "148", "module": "env", "process": "data_handler", "function": "handle_usr_conf", "stack": "", "pid": 124}
{"time": "2026-04-18 12:04:51.176612", "level": "INFO", "message": "env data_handler finish success", "file": "data_handler.py", "line": "189", "module": "env", "process": "data_handler", "function": "finish", "stack": "", "pid": 124}
{"time": "2026-04-18 12:04:51.177268", "level": "INFO", "message": "env env run once episode done, process_run_count is 71082", "file": "remote_env_server.py", "line": "298", "module": "env", "process": "remote_env_server", "function": "run_once", "stack": "", "pid": 124}
{"time": "2026-04-18 12:04:51.187172", "level": "INFO", "message": "env env recv reset message", "file": "remote_env_server.py", "line": "282", "module": "env", "process": "remote_env_server", "function": "run_once", "stack": "", "pid": 124}
{"time": "2026-04-18 12:04:51.187764", "level": "INFO", "message": "env Select map in order: episode=89, map_id=10 from map_list=[1, 2, 3, 4, 5, 6, 7, 8, 9, 10]", "file": "data_handler.py", "line": "148", "module": "env", "process": "data_handler", "function": "handle_usr_conf", "stack": "", "pid": 124}
{"time": "2026-04-18 12:04:59.620138", "level": "INFO", "message": "env finish monitor_data is {'total_score': 861, 'clean_score': 861, 'total_map': 10, 'map_random': 0, 'map_code': 10, 'max_steps': 1000, 'finished_steps': 1000, 'total_charger': 4, 'charge_count': 10, 'remaining_charge': 143}", "file": "monitor_helper.py", "line": "95", "module": "env", "process": "monitor_helper", "function": "finish", "stack": "", "pid": 124}
{"time": "2026-04-18 12:04:59.620681", "level": "INFO", "message": "env data_handler finish success", "file": "data_handler.py", "line": "189", "module": "env", "process": "data_handler", "function": "finish", "stack": "", "pid": 124}
{"time": "2026-04-18 12:04:59.621175", "level": "INFO", "message": "env env run once episode done, process_run_count is 72083", "file": "remote_env_server.py", "line": "298", "module": "env", "process": "remote_env_server", "function": "run_once", "stack": "", "pid": 124}
{"time": "2026-04-18 12:04:59.654367", "level": "INFO", "message": "env env recv reset message", "file": "remote_env_server.py", "line": "282", "module": "env", "process": "remote_env_server", "function": "run_once", "stack": "", "pid": 124}
{"time": "2026-04-18 12:04:59.655107", "level": "INFO", "message": "env Select map in order: episode=90, map_id=1 from map_list=[1, 2, 3, 4, 5, 6, 7, 8, 9, 10]", "file": "data_handler.py", "line": "148", "module": "env", "process": "data_handler", "function": "handle_usr_conf", "stack": "", "pid": 124}
{"time": "2026-04-18 12:05:06.773629", "level": "INFO", "message": "env data_handler finish success", "file": "data_handler.py", "line": "189", "module": "env", "process": "data_handler", "function": "finish", "stack": "", "pid": 124}
{"time": "2026-04-18 12:05:06.774735", "level": "INFO", "message": "env env run once episode done, process_run_count is 73084", "file": "remote_env_server.py", "line": "298", "module": "env", "process": "remote_env_server", "function": "run_once", "stack": "", "pid": 124}
{"time": "2026-04-18 12:05:06.811572", "level": "INFO", "message": "env env recv reset message", "file": "remote_env_server.py", "line": "282", "module": "env", "process": "remote_env_server", "function": "run_once", "stack": "", "pid": 124}
{"time": "2026-04-18 12:05:06.812563", "level": "INFO", "message": "env Select map in order: episode=91, map_id=2 from map_list=[1, 2, 3, 4, 5, 6, 7, 8, 9, 10]", "file": "data_handler.py", "line": "148", "module": "env", "process": "data_handler", "function": "handle_usr_conf", "stack": "", "pid": 124}
{"time": "2026-04-18 12:05:08.490561", "level": "INFO", "message": "env data_handler finish success", "file": "data_handler.py", "line": "189", "module": "env", "process": "data_handler", "function": "finish", "stack": "", "pid": 124}
{"time": "2026-04-18 12:05:08.491246", "level": "INFO", "message": "env env run once episode done, process_run_count is 73285", "file": "remote_env_server.py", "line": "298", "module": "env", "process": "remote_env_server", "function": "run_once", "stack": "", "pid": 124}
{"time": "2026-04-18 12:05:08.499907", "level": "INFO", "message": "env env recv reset message", "file": "remote_env_server.py", "line": "282", "module": "env", "process": "remote_env_server", "function": "run_once", "stack": "", "pid": 124}
{"time": "2026-04-18 12:05:08.500631", "level": "INFO", "message": "env Select map in order: episode=92, map_id=3 from map_list=[1, 2, 3, 4, 5, 6, 7, 8, 9, 10]", "file": "data_handler.py", "line": "148", "module": "env", "process": "data_handler", "function": "handle_usr_conf", "stack": "", "pid": 124}
{"time": "2026-04-18 12:05:16.633820", "level": "INFO", "message": "env data_handler finish success", "file": "data_handler.py", "line": "189", "module": "env", "process": "data_handler", "function": "finish", "stack": "", "pid": 124}
{"time": "2026-04-18 12:05:16.634473", "level": "INFO", "message": "env env run once episode done, process_run_count is 74286", "file": "remote_env_server.py", "line": "298", "module": "env", "process": "remote_env_server", "function": "run_once", "stack": "", "pid": 124}
{"time": "2026-04-18 12:05:16.671136", "level": "INFO", "message": "env env recv reset message", "file": "remote_env_server.py", "line": "282", "module": "env", "process": "remote_env_server", "function": "run_once", "stack": "", "pid": 124}
{"time": "2026-04-18 12:05:16.672061", "level": "INFO", "message": "env Select map in order: episode=93, map_id=4 from map_list=[1, 2, 3, 4, 5, 6, 7, 8, 9, 10]", "file": "data_handler.py", "line": "148", "module": "env", "process": "data_handler", "function": "handle_usr_conf", "stack": "", "pid": 124}
{"time": "2026-04-18 12:05:20.637445", "level": "INFO", "message": "env data_handler finish success", "file": "data_handler.py", "line": "189", "module": "env", "process": "data_handler", "function": "finish", "stack": "", "pid": 124}
{"time": "2026-04-18 12:05:20.638005", "level": "INFO", "message": "env env run once episode done, process_run_count is 74745", "file": "remote_env_server.py", "line": "298", "module": "env", "process": "remote_env_server", "function": "run_once", "stack": "", "pid": 124}
{"time": "2026-04-18 12:05:20.663752", "level": "INFO", "message": "env env recv reset message", "file": "remote_env_server.py", "line": "282", "module": "env", "process": "remote_env_server", "function": "run_once", "stack": "", "pid": 124}
{"time": "2026-04-18 12:05:20.664615", "level": "INFO", "message": "env Select map in order: episode=94, map_id=5 from map_list=[1, 2, 3, 4, 5, 6, 7, 8, 9, 10]", "file": "data_handler.py", "line": "148", "module": "env", "process": "data_handler", "function": "handle_usr_conf", "stack": "", "pid": 124}
{"time": "2026-04-18 12:05:25.752799", "level": "INFO", "message": "env data_handler finish success", "file": "data_handler.py", "line": "189", "module": "env", "process": "data_handler", "function": "finish", "stack": "", "pid": 124}
{"time": "2026-04-18 12:05:25.759291", "level": "INFO", "message": "env env run once episode done, process_run_count is 75347", "file": "remote_env_server.py", "line": "298", "module": "env", "process": "remote_env_server", "function": "run_once", "stack": "", "pid": 124}
{"time": "2026-04-18 12:05:25.777606", "level": "INFO", "message": "env env recv reset message", "file": "remote_env_server.py", "line": "282", "module": "env", "process": "remote_env_server", "function": "run_once", "stack": "", "pid": 124}
{"time": "2026-04-18 12:05:25.778288", "level": "INFO", "message": "env Select map in order: episode=95, map_id=6 from map_list=[1, 2, 3, 4, 5, 6, 7, 8, 9, 10]", "file": "data_handler.py", "line": "148", "module": "env", "process": "data_handler", "function": "handle_usr_conf", "stack": "", "pid": 124}
{"time": "2026-04-18 12:05:27.705741", "level": "INFO", "message": "env data_handler finish success", "file": "data_handler.py", "line": "189", "module": "env", "process": "data_handler", "function": "finish", "stack": "", "pid": 124}
{"time": "2026-04-18 12:05:27.706405", "level": "INFO", "message": "env env run once episode done, process_run_count is 75548", "file": "remote_env_server.py", "line": "298", "module": "env", "process": "remote_env_server", "function": "run_once", "stack": "", "pid": 124}
{"time": "2026-04-18 12:05:27.715956", "level": "INFO", "message": "env env recv reset message", "file": "remote_env_server.py", "line": "282", "module": "env", "process": "remote_env_server", "function": "run_once", "stack": "", "pid": 124}
{"time": "2026-04-18 12:05:27.716819", "level": "INFO", "message": "env Select map in order: episode=96, map_id=7 from map_list=[1, 2, 3, 4, 5, 6, 7, 8, 9, 10]", "file": "data_handler.py", "line": "148", "module": "env", "process": "data_handler", "function": "handle_usr_conf", "stack": "", "pid": 124}
{"time": "2026-04-18 12:05:31.936311", "level": "INFO", "message": "env data_handler finish success", "file": "data_handler.py", "line": "189", "module": "env", "process": "data_handler", "function": "finish", "stack": "", "pid": 124}
{"time": "2026-04-18 12:05:31.937244", "level": "INFO", "message": "env env run once episode done, process_run_count is 76159", "file": "remote_env_server.py", "line": "298", "module": "env", "process": "remote_env_server", "function": "run_once", "stack": "", "pid": 124}
{"time": "2026-04-18 12:05:31.961237", "level": "INFO", "message": "env env recv reset message", "file": "remote_env_server.py", "line": "282", "module": "env", "process": "remote_env_server", "function": "run_once", "stack": "", "pid": 124}
{"time": "2026-04-18 12:05:31.961883", "level": "INFO", "message": "env Select map in order: episode=97, map_id=8 from map_list=[1, 2, 3, 4, 5, 6, 7, 8, 9, 10]", "file": "data_handler.py", "line": "148", "module": "env", "process": "data_handler", "function": "handle_usr_conf", "stack": "", "pid": 124}
{"time": "2026-04-18 12:05:36.713184", "level": "INFO", "message": "env data_handler finish success", "file": "data_handler.py", "line": "189", "module": "env", "process": "data_handler", "function": "finish", "stack": "", "pid": 124}
{"time": "2026-04-18 12:05:36.713802", "level": "INFO", "message": "env env run once episode done, process_run_count is 76731", "file": "remote_env_server.py", "line": "298", "module": "env", "process": "remote_env_server", "function": "run_once", "stack": "", "pid": 124}
{"time": "2026-04-18 12:05:36.740257", "level": "INFO", "message": "env env recv reset message", "file": "remote_env_server.py", "line": "282", "module": "env", "process": "remote_env_server", "function": "run_once", "stack": "", "pid": 124}
{"time": "2026-04-18 12:05:36.741025", "level": "INFO", "message": "env Select map in order: episode=98, map_id=9 from map_list=[1, 2, 3, 4, 5, 6, 7, 8, 9, 10]", "file": "data_handler.py", "line": "148", "module": "env", "process": "data_handler", "function": "handle_usr_conf", "stack": "", "pid": 124}
{"time": "2026-04-18 12:05:44.867122", "level": "INFO", "message": "env data_handler finish success", "file": "data_handler.py", "line": "189", "module": "env", "process": "data_handler", "function": "finish", "stack": "", "pid": 124}
{"time": "2026-04-18 12:05:44.867856", "level": "INFO", "message": "env env run once episode done, process_run_count is 77732", "file": "remote_env_server.py", "line": "298", "module": "env", "process": "remote_env_server", "function": "run_once", "stack": "", "pid": 124}
{"time": "2026-04-18 12:05:44.909453", "level": "INFO", "message": "env env recv reset message", "file": "remote_env_server.py", "line": "282", "module": "env", "process": "remote_env_server", "function": "run_once", "stack": "", "pid": 124}
{"time": "2026-04-18 12:05:44.910169", "level": "INFO", "message": "env Select map in order: episode=99, map_id=10 from map_list=[1, 2, 3, 4, 5, 6, 7, 8, 9, 10]", "file": "data_handler.py", "line": "148", "module": "env", "process": "data_handler", "function": "handle_usr_conf", "stack": "", "pid": 124}
{"time": "2026-04-18 12:05:53.126808", "level": "INFO", "message": "env data_handler finish success", "file": "data_handler.py", "line": "189", "module": "env", "process": "data_handler", "function": "finish", "stack": "", "pid": 124}
{"time": "2026-04-18 12:05:53.127404", "level": "INFO", "message": "env env run once episode done, process_run_count is 78733", "file": "remote_env_server.py", "line": "298", "module": "env", "process": "remote_env_server", "function": "run_once", "stack": "", "pid": 124}
{"time": "2026-04-18 12:05:53.176339", "level": "INFO", "message": "env env recv reset message", "file": "remote_env_server.py", "line": "282", "module": "env", "process": "remote_env_server", "function": "run_once", "stack": "", "pid": 124}
{"time": "2026-04-18 12:05:53.177131", "level": "INFO", "message": "env Select map in order: episode=100, map_id=1 from map_list=[1, 2, 3, 4, 5, 6, 7, 8, 9, 10]", "file": "data_handler.py", "line": "148", "module": "env", "process": "data_handler", "function": "handle_usr_conf", "stack": "", "pid": 124}
{"time": "2026-04-18 12:05:58.110699", "level": "INFO", "message": "env data_handler finish success", "file": "data_handler.py", "line": "189", "module": "env", "process": "data_handler", "function": "finish", "stack": "", "pid": 124}
{"time": "2026-04-18 12:05:58.111394", "level": "INFO", "message": "env env run once episode done, process_run_count is 79333", "file": "remote_env_server.py", "line": "298", "module": "env", "process": "remote_env_server", "function": "run_once", "stack": "", "pid": 124}
{"time": "2026-04-18 12:05:58.136101", "level": "INFO", "message": "env env recv reset message", "file": "remote_env_server.py", "line": "282", "module": "env", "process": "remote_env_server", "function": "run_once", "stack": "", "pid": 124}
{"time": "2026-04-18 12:05:58.136739", "level": "INFO", "message": "env Select map in order: episode=101, map_id=2 from map_list=[1, 2, 3, 4, 5, 6, 7, 8, 9, 10]", "file": "data_handler.py", "line": "148", "module": "env", "process": "data_handler", "function": "handle_usr_conf", "stack": "", "pid": 124}
{"time": "2026-04-18 12:06:03.192286", "level": "INFO", "message": "env finish monitor_data is {'total_score': 575, 'clean_score': 575, 'total_map': 10, 'map_random': 0, 'map_code': 2, 'max_steps': 1000, 'finished_steps': 682, 'total_charger': 4, 'charge_count': 4, 'remaining_charge': 0}", "file": "monitor_helper.py", "line": "95", "module": "env", "process": "monitor_helper", "function": "finish", "stack": "", "pid": 124}
{"time": "2026-04-18 12:06:03.193111", "level": "INFO", "message": "env data_handler finish success", "file": "data_handler.py", "line": "189", "module": "env", "process": "data_handler", "function": "finish", "stack": "", "pid": 124}
{"time": "2026-04-18 12:06:03.193632", "level": "INFO", "message": "env env run once episode done, process_run_count is 80016", "file": "remote_env_server.py", "line": "298", "module": "env", "process": "remote_env_server", "function": "run_once", "stack": "", "pid": 124}
{"time": "2026-04-18 12:06:03.227081", "level": "INFO", "message": "env env recv reset message", "file": "remote_env_server.py", "line": "282", "module": "env", "process": "remote_env_server", "function": "run_once", "stack": "", "pid": 124}
{"time": "2026-04-18 12:06:03.227902", "level": "INFO", "message": "env Select map in order: episode=102, map_id=3 from map_list=[1, 2, 3, 4, 5, 6, 7, 8, 9, 10]", "file": "data_handler.py", "line": "148", "module": "env", "process": "data_handler", "function": "handle_usr_conf", "stack": "", "pid": 124}
{"time": "2026-04-18 12:06:07.644737", "level": "INFO", "message": "env data_handler finish success", "file": "data_handler.py", "line": "189", "module": "env", "process": "data_handler", "function": "finish", "stack": "", "pid": 124}
{"time": "2026-04-18 12:06:07.645333", "level": "INFO", "message": "env env run once episode done, process_run_count is 80554", "file": "remote_env_server.py", "line": "298", "module": "env", "process": "remote_env_server", "function": "run_once", "stack": "", "pid": 124}
{"time": "2026-04-18 12:06:07.666711", "level": "INFO", "message": "env env recv reset message", "file": "remote_env_server.py", "line": "282", "module": "env", "process": "remote_env_server", "function": "run_once", "stack": "", "pid": 124}
{"time": "2026-04-18 12:06:07.667501", "level": "INFO", "message": "env Select map in order: episode=103, map_id=4 from map_list=[1, 2, 3, 4, 5, 6, 7, 8, 9, 10]", "file": "data_handler.py", "line": "148", "module": "env", "process": "data_handler", "function": "handle_usr_conf", "stack": "", "pid": 124}
{"time": "2026-04-18 12:06:13.242582", "level": "INFO", "message": "env data_handler finish success", "file": "data_handler.py", "line": "189", "module": "env", "process": "data_handler", "function": "finish", "stack": "", "pid": 124}
{"time": "2026-04-18 12:06:13.243272", "level": "INFO", "message": "env env run once episode done, process_run_count is 81215", "file": "remote_env_server.py", "line": "298", "module": "env", "process": "remote_env_server", "function": "run_once", "stack": "", "pid": 124}
{"time": "2026-04-18 12:06:13.272315", "level": "INFO", "message": "env env recv reset message", "file": "remote_env_server.py", "line": "282", "module": "env", "process": "remote_env_server", "function": "run_once", "stack": "", "pid": 124}
{"time": "2026-04-18 12:06:13.273073", "level": "INFO", "message": "env Select map in order: episode=104, map_id=5 from map_list=[1, 2, 3, 4, 5, 6, 7, 8, 9, 10]", "file": "data_handler.py", "line": "148", "module": "env", "process": "data_handler", "function": "handle_usr_conf", "stack": "", "pid": 124}
{"time": "2026-04-18 12:06:20.492393", "level": "INFO", "message": "env data_handler finish success", "file": "data_handler.py", "line": "189", "module": "env", "process": "data_handler", "function": "finish", "stack": "", "pid": 124}
{"time": "2026-04-18 12:06:20.493034", "level": "INFO", "message": "env env run once episode done, process_run_count is 82216", "file": "remote_env_server.py", "line": "298", "module": "env", "process": "remote_env_server", "function": "run_once", "stack": "", "pid": 124}
{"time": "2026-04-18 12:06:20.543513", "level": "INFO", "message": "env env recv reset message", "file": "remote_env_server.py", "line": "282", "module": "env", "process": "remote_env_server", "function": "run_once", "stack": "", "pid": 124}
{"time": "2026-04-18 12:06:20.544261", "level": "INFO", "message": "env Select map in order: episode=105, map_id=6 from map_list=[1, 2, 3, 4, 5, 6, 7, 8, 9, 10]", "file": "data_handler.py", "line": "148", "module": "env", "process": "data_handler", "function": "handle_usr_conf", "stack": "", "pid": 124}
{"time": "2026-04-18 12:06:25.781907", "level": "INFO", "message": "env data_handler finish success", "file": "data_handler.py", "line": "189", "module": "env", "process": "data_handler", "function": "finish", "stack": "", "pid": 124}
{"time": "2026-04-18 12:06:25.782404", "level": "INFO", "message": "env env run once episode done, process_run_count is 82851", "file": "remote_env_server.py", "line": "298", "module": "env", "process": "remote_env_server", "function": "run_once", "stack": "", "pid": 124}
{"time": "2026-04-18 12:06:25.818277", "level": "INFO", "message": "env env recv reset message", "file": "remote_env_server.py", "line": "282", "module": "env", "process": "remote_env_server", "function": "run_once", "stack": "", "pid": 124}
{"time": "2026-04-18 12:06:25.819220", "level": "INFO", "message": "env Select map in order: episode=106, map_id=7 from map_list=[1, 2, 3, 4, 5, 6, 7, 8, 9, 10]", "file": "data_handler.py", "line": "148", "module": "env", "process": "data_handler", "function": "handle_usr_conf", "stack": "", "pid": 124}
{"time": "2026-04-18 12:06:33.461611", "level": "INFO", "message": "env data_handler finish success", "file": "data_handler.py", "line": "189", "module": "env", "process": "data_handler", "function": "finish", "stack": "", "pid": 124}
{"time": "2026-04-18 12:06:33.462199", "level": "INFO", "message": "env env run once episode done, process_run_count is 83828", "file": "remote_env_server.py", "line": "298", "module": "env", "process": "remote_env_server", "function": "run_once", "stack": "", "pid": 124}
{"time": "2026-04-18 12:06:33.513955", "level": "INFO", "message": "env env recv reset message", "file": "remote_env_server.py", "line": "282", "module": "env", "process": "remote_env_server", "function": "run_once", "stack": "", "pid": 124}
{"time": "2026-04-18 12:06:33.514715", "level": "INFO", "message": "env Select map in order: episode=107, map_id=8 from map_list=[1, 2, 3, 4, 5, 6, 7, 8, 9, 10]", "file": "data_handler.py", "line": "148", "module": "env", "process": "data_handler", "function": "handle_usr_conf", "stack": "", "pid": 124}
{"time": "2026-04-18 12:06:35.339494", "level": "INFO", "message": "env data_handler finish success", "file": "data_handler.py", "line": "189", "module": "env", "process": "data_handler", "function": "finish", "stack": "", "pid": 124}
{"time": "2026-04-18 12:06:35.340026", "level": "INFO", "message": "env env run once episode done, process_run_count is 84029", "file": "remote_env_server.py", "line": "298", "module": "env", "process": "remote_env_server", "function": "run_once", "stack": "", "pid": 124}
{"time": "2026-04-18 12:06:35.348854", "level": "INFO", "message": "env env recv reset message", "file": "remote_env_server.py", "line": "282", "module": "env", "process": "remote_env_server", "function": "run_once", "stack": "", "pid": 124}
{"time": "2026-04-18 12:06:35.349686", "level": "INFO", "message": "env Select map in order: episode=108, map_id=9 from map_list=[1, 2, 3, 4, 5, 6, 7, 8, 9, 10]", "file": "data_handler.py", "line": "148", "module": "env", "process": "data_handler", "function": "handle_usr_conf", "stack": "", "pid": 124}
{"time": "2026-04-18 12:06:43.135063", "level": "INFO", "message": "env data_handler finish success", "file": "data_handler.py", "line": "189", "module": "env", "process": "data_handler", "function": "finish", "stack": "", "pid": 124}
{"time": "2026-04-18 12:06:43.135734", "level": "INFO", "message": "env env run once episode done, process_run_count is 85030", "file": "remote_env_server.py", "line": "298", "module": "env", "process": "remote_env_server", "function": "run_once", "stack": "", "pid": 124}
{"time": "2026-04-18 12:06:43.181765", "level": "INFO", "message": "env env recv reset message", "file": "remote_env_server.py", "line": "282", "module": "env", "process": "remote_env_server", "function": "run_once", "stack": "", "pid": 124}
{"time": "2026-04-18 12:06:43.182678", "level": "INFO", "message": "env Select map in order: episode=109, map_id=10 from map_list=[1, 2, 3, 4, 5, 6, 7, 8, 9, 10]", "file": "data_handler.py", "line": "148", "module": "env", "process": "data_handler", "function": "handle_usr_conf", "stack": "", "pid": 124}
{"time": "2026-04-18 12:06:50.917177", "level": "INFO", "message": "env data_handler finish success", "file": "data_handler.py", "line": "189", "module": "env", "process": "data_handler", "function": "finish", "stack": "", "pid": 124}
{"time": "2026-04-18 12:06:50.917743", "level": "INFO", "message": "env env run once episode done, process_run_count is 86031", "file": "remote_env_server.py", "line": "298", "module": "env", "process": "remote_env_server", "function": "run_once", "stack": "", "pid": 124}
{"time": "2026-04-18 12:06:50.961873", "level": "INFO", "message": "env env recv reset message", "file": "remote_env_server.py", "line": "282", "module": "env", "process": "remote_env_server", "function": "run_once", "stack": "", "pid": 124}
{"time": "2026-04-18 12:06:50.962651", "level": "INFO", "message": "env Select map in order: episode=110, map_id=1 from map_list=[1, 2, 3, 4, 5, 6, 7, 8, 9, 10]", "file": "data_handler.py", "line": "148", "module": "env", "process": "data_handler", "function": "handle_usr_conf", "stack": "", "pid": 124}
{"time": "2026-04-18 12:06:57.681652", "level": "INFO", "message": "env data_handler finish success", "file": "data_handler.py", "line": "189", "module": "env", "process": "data_handler", "function": "finish", "stack": "", "pid": 124}
{"time": "2026-04-18 12:06:57.682265", "level": "INFO", "message": "env env run once episode done, process_run_count is 87032", "file": "remote_env_server.py", "line": "298", "module": "env", "process": "remote_env_server", "function": "run_once", "stack": "", "pid": 124}
{"time": "2026-04-18 12:06:57.729871", "level": "INFO", "message": "env env recv reset message", "file": "remote_env_server.py", "line": "282", "module": "env", "process": "remote_env_server", "function": "run_once", "stack": "", "pid": 124}
{"time": "2026-04-18 12:06:57.730549", "level": "INFO", "message": "env Select map in order: episode=111, map_id=2 from map_list=[1, 2, 3, 4, 5, 6, 7, 8, 9, 10]", "file": "data_handler.py", "line": "148", "module": "env", "process": "data_handler", "function": "handle_usr_conf", "stack": "", "pid": 124}
{"time": "2026-04-18 12:07:05.417468", "level": "INFO", "message": "env finish monitor_data is {'total_score': 809, 'clean_score': 809, 'total_map': 10, 'map_random': 0, 'map_code': 2, 'max_steps': 1000, 'finished_steps': 1000, 'total_charger': 4, 'charge_count': 7, 'remaining_charge': 27}", "file": "monitor_helper.py", "line": "95", "module": "env", "process": "monitor_helper", "function": "finish", "stack": "", "pid": 124}
{"time": "2026-04-18 12:07:05.417987", "level": "INFO", "message": "env data_handler finish success", "file": "data_handler.py", "line": "189", "module": "env", "process": "data_handler", "function": "finish", "stack": "", "pid": 124}
{"time": "2026-04-18 12:07:05.418504", "level": "INFO", "message": "env env run once episode done, process_run_count is 88033", "file": "remote_env_server.py", "line": "298", "module": "env", "process": "remote_env_server", "function": "run_once", "stack": "", "pid": 124}
{"time": "2026-04-18 12:07:05.473537", "level": "INFO", "message": "env env recv reset message", "file": "remote_env_server.py", "line": "282", "module": "env", "process": "remote_env_server", "function": "run_once", "stack": "", "pid": 124}
{"time": "2026-04-18 12:07:05.478516", "level": "INFO", "message": "env Select map in order: episode=112, map_id=3 from map_list=[1, 2, 3, 4, 5, 6, 7, 8, 9, 10]", "file": "data_handler.py", "line": "148", "module": "env", "process": "data_handler", "function": "handle_usr_conf", "stack": "", "pid": 124}
{"time": "2026-04-18 12:07:10.097102", "level": "INFO", "message": "env data_handler finish success", "file": "data_handler.py", "line": "189", "module": "env", "process": "data_handler", "function": "finish", "stack": "", "pid": 124}
{"time": "2026-04-18 12:07:10.097649", "level": "INFO", "message": "env env run once episode done, process_run_count is 88602", "file": "remote_env_server.py", "line": "298", "module": "env", "process": "remote_env_server", "function": "run_once", "stack": "", "pid": 124}
{"time": "2026-04-18 12:07:10.125806", "level": "INFO", "message": "env env recv reset message", "file": "remote_env_server.py", "line": "282", "module": "env", "process": "remote_env_server", "function": "run_once", "stack": "", "pid": 124}
{"time": "2026-04-18 12:07:10.126623", "level": "INFO", "message": "env Select map in order: episode=113, map_id=4 from map_list=[1, 2, 3, 4, 5, 6, 7, 8, 9, 10]", "file": "data_handler.py", "line": "148", "module": "env", "process": "data_handler", "function": "handle_usr_conf", "stack": "", "pid": 124}
{"time": "2026-04-18 12:07:13.785809", "level": "INFO", "message": "env data_handler finish success", "file": "data_handler.py", "line": "189", "module": "env", "process": "data_handler", "function": "finish", "stack": "", "pid": 124}
{"time": "2026-04-18 12:07:13.786427", "level": "INFO", "message": "env env run once episode done, process_run_count is 89057", "file": "remote_env_server.py", "line": "298", "module": "env", "process": "remote_env_server", "function": "run_once", "stack": "", "pid": 124}
{"time": "2026-04-18 12:07:13.806344", "level": "INFO", "message": "env env recv reset message", "file": "remote_env_server.py", "line": "282", "module": "env", "process": "remote_env_server", "function": "run_once", "stack": "", "pid": 124}
{"time": "2026-04-18 12:07:13.807124", "level": "INFO", "message": "env Select map in order: episode=114, map_id=5 from map_list=[1, 2, 3, 4, 5, 6, 7, 8, 9, 10]", "file": "data_handler.py", "line": "148", "module": "env", "process": "data_handler", "function": "handle_usr_conf", "stack": "", "pid": 124}
{"time": "2026-04-18 12:07:15.487551", "level": "INFO", "message": "env data_handler finish success", "file": "data_handler.py", "line": "189", "module": "env", "process": "data_handler", "function": "finish", "stack": "", "pid": 124}
{"time": "2026-04-18 12:07:15.488216", "level": "INFO", "message": "env env run once episode done, process_run_count is 89258", "file": "remote_env_server.py", "line": "298", "module": "env", "process": "remote_env_server", "function": "run_once", "stack": "", "pid": 124}
{"time": "2026-04-18 12:07:15.498428", "level": "INFO", "message": "env env recv reset message", "file": "remote_env_server.py", "line": "282", "module": "env", "process": "remote_env_server", "function": "run_once", "stack": "", "pid": 124}
{"time": "2026-04-18 12:07:15.499162", "level": "INFO", "message": "env Select map in order: episode=115, map_id=6 from map_list=[1, 2, 3, 4, 5, 6, 7, 8, 9, 10]", "file": "data_handler.py", "line": "148", "module": "env", "process": "data_handler", "function": "handle_usr_conf", "stack": "", "pid": 124}
{"time": "2026-04-18 12:07:18.760722", "level": "INFO", "message": "env data_handler finish success", "file": "data_handler.py", "line": "189", "module": "env", "process": "data_handler", "function": "finish", "stack": "", "pid": 124}
{"time": "2026-04-18 12:07:18.762354", "level": "INFO", "message": "env env run once episode done, process_run_count is 89673", "file": "remote_env_server.py", "line": "298", "module": "env", "process": "remote_env_server", "function": "run_once", "stack": "", "pid": 124}
{"time": "2026-04-18 12:07:18.777535", "level": "INFO", "message": "env env recv reset message", "file": "remote_env_server.py", "line": "282", "module": "env", "process": "remote_env_server", "function": "run_once", "stack": "", "pid": 124}
{"time": "2026-04-18 12:07:18.778304", "level": "INFO", "message": "env Select map in order: episode=116, map_id=7 from map_list=[1, 2, 3, 4, 5, 6, 7, 8, 9, 10]", "file": "data_handler.py", "line": "148", "module": "env", "process": "data_handler", "function": "handle_usr_conf", "stack": "", "pid": 124}
{"time": "2026-04-18 12:07:25.599332", "level": "INFO", "message": "env data_handler finish success", "file": "data_handler.py", "line": "189", "module": "env", "process": "data_handler", "function": "finish", "stack": "", "pid": 124}
{"time": "2026-04-18 12:07:25.599940", "level": "INFO", "message": "env env run once episode done, process_run_count is 90674", "file": "remote_env_server.py", "line": "298", "module": "env", "process": "remote_env_server", "function": "run_once", "stack": "", "pid": 124}
{"time": "2026-04-18 12:07:25.656320", "level": "INFO", "message": "env env recv reset message", "file": "remote_env_server.py", "line": "282", "module": "env", "process": "remote_env_server", "function": "run_once", "stack": "", "pid": 124}
{"time": "2026-04-18 12:07:25.657247", "level": "INFO", "message": "env Select map in order: episode=117, map_id=8 from map_list=[1, 2, 3, 4, 5, 6, 7, 8, 9, 10]", "file": "data_handler.py", "line": "148", "module": "env", "process": "data_handler", "function": "handle_usr_conf", "stack": "", "pid": 124}
{"time": "2026-04-18 12:07:33.461006", "level": "INFO", "message": "env data_handler finish success", "file": "data_handler.py", "line": "189", "module": "env", "process": "data_handler", "function": "finish", "stack": "", "pid": 124}
{"time": "2026-04-18 12:07:33.461672", "level": "INFO", "message": "env env run once episode done, process_run_count is 91675", "file": "remote_env_server.py", "line": "298", "module": "env", "process": "remote_env_server", "function": "run_once", "stack": "", "pid": 124}
{"time": "2026-04-18 12:07:33.518262", "level": "INFO", "message": "env env recv reset message", "file": "remote_env_server.py", "line": "282", "module": "env", "process": "remote_env_server", "function": "run_once", "stack": "", "pid": 124}
{"time": "2026-04-18 12:07:33.520341", "level": "INFO", "message": "env Select map in order: episode=118, map_id=9 from map_list=[1, 2, 3, 4, 5, 6, 7, 8, 9, 10]", "file": "data_handler.py", "line": "148", "module": "env", "process": "data_handler", "function": "handle_usr_conf", "stack": "", "pid": 124}
{"time": "2026-04-18 12:07:41.403339", "level": "INFO", "message": "env data_handler finish success", "file": "data_handler.py", "line": "189", "module": "env", "process": "data_handler", "function": "finish", "stack": "", "pid": 124}
{"time": "2026-04-18 12:07:41.404144", "level": "INFO", "message": "env env run once episode done, process_run_count is 92673", "file": "remote_env_server.py", "line": "298", "module": "env", "process": "remote_env_server", "function": "run_once", "stack": "", "pid": 124}
{"time": "2026-04-18 12:07:41.450499", "level": "INFO", "message": "env env recv reset message", "file": "remote_env_server.py", "line": "282", "module": "env", "process": "remote_env_server", "function": "run_once", "stack": "", "pid": 124}
{"time": "2026-04-18 12:07:41.451298", "level": "INFO", "message": "env Select map in order: episode=119, map_id=10 from map_list=[1, 2, 3, 4, 5, 6, 7, 8, 9, 10]", "file": "data_handler.py", "line": "148", "module": "env", "process": "data_handler", "function": "handle_usr_conf", "stack": "", "pid": 124}
{"time": "2026-04-18 12:07:49.482020", "level": "INFO", "message": "env data_handler finish success", "file": "data_handler.py", "line": "189", "module": "env", "process": "data_handler", "function": "finish", "stack": "", "pid": 124}
{"time": "2026-04-18 12:07:49.482707", "level": "INFO", "message": "env env run once episode done, process_run_count is 93674", "file": "remote_env_server.py", "line": "298", "module": "env", "process": "remote_env_server", "function": "run_once", "stack": "", "pid": 124}
{"time": "2026-04-18 12:07:49.532258", "level": "INFO", "message": "env env recv reset message", "file": "remote_env_server.py", "line": "282", "module": "env", "process": "remote_env_server", "function": "run_once", "stack": "", "pid": 124}
{"time": "2026-04-18 12:07:49.532999", "level": "INFO", "message": "env Select map in order: episode=120, map_id=1 from map_list=[1, 2, 3, 4, 5, 6, 7, 8, 9, 10]", "file": "data_handler.py", "line": "148", "module": "env", "process": "data_handler", "function": "handle_usr_conf", "stack": "", "pid": 124}
{"time": "2026-04-18 12:07:56.254269", "level": "INFO", "message": "env data_handler finish success", "file": "data_handler.py", "line": "189", "module": "env", "process": "data_handler", "function": "finish", "stack": "", "pid": 124}
{"time": "2026-04-18 12:07:56.254966", "level": "INFO", "message": "env env run once episode done, process_run_count is 94675", "file": "remote_env_server.py", "line": "298", "module": "env", "process": "remote_env_server", "function": "run_once", "stack": "", "pid": 124}
{"time": "2026-04-18 12:07:56.302096", "level": "INFO", "message": "env env recv reset message", "file": "remote_env_server.py", "line": "282", "module": "env", "process": "remote_env_server", "function": "run_once", "stack": "", "pid": 124}
{"time": "2026-04-18 12:07:56.302834", "level": "INFO", "message": "env Select map in order: episode=121, map_id=2 from map_list=[1, 2, 3, 4, 5, 6, 7, 8, 9, 10]", "file": "data_handler.py", "line": "148", "module": "env", "process": "data_handler", "function": "handle_usr_conf", "stack": "", "pid": 124}
{"time": "2026-04-18 12:08:04.025827", "level": "INFO", "message": "env data_handler finish success", "file": "data_handler.py", "line": "189", "module": "env", "process": "data_handler", "function": "finish", "stack": "", "pid": 124}
{"time": "2026-04-18 12:08:04.026327", "level": "INFO", "message": "env env run once episode done, process_run_count is 95676", "file": "remote_env_server.py", "line": "298", "module": "env", "process": "remote_env_server", "function": "run_once", "stack": "", "pid": 124}
{"time": "2026-04-18 12:08:04.071989", "level": "INFO", "message": "env env recv reset message", "file": "remote_env_server.py", "line": "282", "module": "env", "process": "remote_env_server", "function": "run_once", "stack": "", "pid": 124}
{"time": "2026-04-18 12:08:04.072807", "level": "INFO", "message": "env Select map in order: episode=122, map_id=3 from map_list=[1, 2, 3, 4, 5, 6, 7, 8, 9, 10]", "file": "data_handler.py", "line": "148", "module": "env", "process": "data_handler", "function": "handle_usr_conf", "stack": "", "pid": 124}
{"time": "2026-04-18 12:08:11.942003", "level": "INFO", "message": "env finish monitor_data is {'total_score': 811, 'clean_score': 811, 'total_map': 10, 'map_random': 0, 'map_code': 3, 'max_steps': 1000, 'finished_steps': 1000, 'total_charger': 4, 'charge_count': 9, 'remaining_charge': 184}", "file": "monitor_helper.py", "line": "95", "module": "env", "process": "monitor_helper", "function": "finish", "stack": "", "pid": 124}
{"time": "2026-04-18 12:08:11.942968", "level": "INFO", "message": "env data_handler finish success", "file": "data_handler.py", "line": "189", "module": "env", "process": "data_handler", "function": "finish", "stack": "", "pid": 124}
{"time": "2026-04-18 12:08:11.943463", "level": "INFO", "message": "env env run once episode done, process_run_count is 96677", "file": "remote_env_server.py", "line": "298", "module": "env", "process": "remote_env_server", "function": "run_once", "stack": "", "pid": 124}
{"time": "2026-04-18 12:08:12.008040", "level": "INFO", "message": "env env recv reset message", "file": "remote_env_server.py", "line": "282", "module": "env", "process": "remote_env_server", "function": "run_once", "stack": "", "pid": 124}
{"time": "2026-04-18 12:08:12.010926", "level": "INFO", "message": "env Select map in order: episode=123, map_id=4 from map_list=[1, 2, 3, 4, 5, 6, 7, 8, 9, 10]", "file": "data_handler.py", "line": "148", "module": "env", "process": "data_handler", "function": "handle_usr_conf", "stack": "", "pid": 124}
{"time": "2026-04-18 12:08:15.897567", "level": "INFO", "message": "env data_handler finish success", "file": "data_handler.py", "line": "189", "module": "env", "process": "data_handler", "function": "finish", "stack": "", "pid": 124}
{"time": "2026-04-18 12:08:15.898251", "level": "INFO", "message": "env env run once episode done, process_run_count is 97162", "file": "remote_env_server.py", "line": "298", "module": "env", "process": "remote_env_server", "function": "run_once", "stack": "", "pid": 124}
{"time": "2026-04-18 12:08:15.916518", "level": "INFO", "message": "env env recv reset message", "file": "remote_env_server.py", "line": "282", "module": "env", "process": "remote_env_server", "function": "run_once", "stack": "", "pid": 124}
{"time": "2026-04-18 12:08:15.917373", "level": "INFO", "message": "env Select map in order: episode=124, map_id=5 from map_list=[1, 2, 3, 4, 5, 6, 7, 8, 9, 10]", "file": "data_handler.py", "line": "148", "module": "env", "process": "data_handler", "function": "handle_usr_conf", "stack": "", "pid": 124}
{"time": "2026-04-18 12:08:23.664922", "level": "INFO", "message": "env data_handler finish success", "file": "data_handler.py", "line": "189", "module": "env", "process": "data_handler", "function": "finish", "stack": "", "pid": 124}
{"time": "2026-04-18 12:08:23.665534", "level": "INFO", "message": "env env run once episode done, process_run_count is 98163", "file": "remote_env_server.py", "line": "298", "module": "env", "process": "remote_env_server", "function": "run_once", "stack": "", "pid": 124}
{"time": "2026-04-18 12:08:23.712670", "level": "INFO", "message": "env env recv reset message", "file": "remote_env_server.py", "line": "282", "module": "env", "process": "remote_env_server", "function": "run_once", "stack": "", "pid": 124}
{"time": "2026-04-18 12:08:23.713417", "level": "INFO", "message": "env Select map in order: episode=125, map_id=6 from map_list=[1, 2, 3, 4, 5, 6, 7, 8, 9, 10]", "file": "data_handler.py", "line": "148", "module": "env", "process": "data_handler", "function": "handle_usr_conf", "stack": "", "pid": 124}
{"time": "2026-04-18 12:08:26.081726", "level": "INFO", "message": "env data_handler finish success", "file": "data_handler.py", "line": "189", "module": "env", "process": "data_handler", "function": "finish", "stack": "", "pid": 124}
{"time": "2026-04-18 12:08:26.082332", "level": "INFO", "message": "env env run once episode done, process_run_count is 98585", "file": "remote_env_server.py", "line": "298", "module": "env", "process": "remote_env_server", "function": "run_once", "stack": "", "pid": 124}
{"time": "2026-04-18 12:08:26.098755", "level": "INFO", "message": "env env recv reset message", "file": "remote_env_server.py", "line": "282", "module": "env", "process": "remote_env_server", "function": "run_once", "stack": "", "pid": 124}
{"time": "2026-04-18 12:08:26.099458", "level": "INFO", "message": "env Select map in order: episode=126, map_id=7 from map_list=[1, 2, 3, 4, 5, 6, 7, 8, 9, 10]", "file": "data_handler.py", "line": "148", "module": "env", "process": "data_handler", "function": "handle_usr_conf", "stack": "", "pid": 124}
{"time": "2026-04-18 12:08:32.326475", "level": "INFO", "message": "env data_handler finish success", "file": "data_handler.py", "line": "189", "module": "env", "process": "data_handler", "function": "finish", "stack": "", "pid": 124}
{"time": "2026-04-18 12:08:32.327164", "level": "INFO", "message": "env env run once episode done, process_run_count is 99389", "file": "remote_env_server.py", "line": "298", "module": "env", "process": "remote_env_server", "function": "run_once", "stack": "", "pid": 124}
{"time": "2026-04-18 12:08:32.362603", "level": "INFO", "message": "env env recv reset message", "file": "remote_env_server.py", "line": "282", "module": "env", "process": "remote_env_server", "function": "run_once", "stack": "", "pid": 124}
{"time": "2026-04-18 12:08:32.363408", "level": "INFO", "message": "env Select map in order: episode=127, map_id=8 from map_list=[1, 2, 3, 4, 5, 6, 7, 8, 9, 10]", "file": "data_handler.py", "line": "148", "module": "env", "process": "data_handler", "function": "handle_usr_conf", "stack": "", "pid": 124}
{"time": "2026-04-18 12:08:40.141491", "level": "INFO", "message": "env data_handler finish success", "file": "data_handler.py", "line": "189", "module": "env", "process": "data_handler", "function": "finish", "stack": "", "pid": 124}
{"time": "2026-04-18 12:08:40.142163", "level": "INFO", "message": "env env run once episode done, process_run_count is 100390", "file": "remote_env_server.py", "line": "298", "module": "env", "process": "remote_env_server", "function": "run_once", "stack": "", "pid": 124}
{"time": "2026-04-18 12:08:40.199866", "level": "INFO", "message": "env env recv reset message", "file": "remote_env_server.py", "line": "282", "module": "env", "process": "remote_env_server", "function": "run_once", "stack": "", "pid": 124}
{"time": "2026-04-18 12:08:40.200672", "level": "INFO", "message": "env Select map in order: episode=128, map_id=9 from map_list=[1, 2, 3, 4, 5, 6, 7, 8, 9, 10]", "file": "data_handler.py", "line": "148", "module": "env", "process": "data_handler", "function": "handle_usr_conf", "stack": "", "pid": 124}
{"time": "2026-04-18 12:08:48.145818", "level": "INFO", "message": "env data_handler finish success", "file": "data_handler.py", "line": "189", "module": "env", "process": "data_handler", "function": "finish", "stack": "", "pid": 124}
{"time": "2026-04-18 12:08:48.146382", "level": "INFO", "message": "env env run once episode done, process_run_count is 101391", "file": "remote_env_server.py", "line": "298", "module": "env", "process": "remote_env_server", "function": "run_once", "stack": "", "pid": 124}
{"time": "2026-04-18 12:08:48.200984", "level": "INFO", "message": "env env recv reset message", "file": "remote_env_server.py", "line": "282", "module": "env", "process": "remote_env_server", "function": "run_once", "stack": "", "pid": 124}
{"time": "2026-04-18 12:08:48.202857", "level": "INFO", "message": "env Select map in order: episode=129, map_id=10 from map_list=[1, 2, 3, 4, 5, 6, 7, 8, 9, 10]", "file": "data_handler.py", "line": "148", "module": "env", "process": "data_handler", "function": "handle_usr_conf", "stack": "", "pid": 124}
{"time": "2026-04-18 12:08:55.518157", "level": "INFO", "message": "env data_handler finish success", "file": "data_handler.py", "line": "189", "module": "env", "process": "data_handler", "function": "finish", "stack": "", "pid": 124}
{"time": "2026-04-18 12:08:55.518707", "level": "INFO", "message": "env env run once episode done, process_run_count is 102392", "file": "remote_env_server.py", "line": "298", "module": "env", "process": "remote_env_server", "function": "run_once", "stack": "", "pid": 124}
{"time": "2026-04-18 12:08:55.566946", "level": "INFO", "message": "env env recv reset message", "file": "remote_env_server.py", "line": "282", "module": "env", "process": "remote_env_server", "function": "run_once", "stack": "", "pid": 124}
{"time": "2026-04-18 12:08:55.567788", "level": "INFO", "message": "env Select map in order: episode=130, map_id=1 from map_list=[1, 2, 3, 4, 5, 6, 7, 8, 9, 10]", "file": "data_handler.py", "line": "148", "module": "env", "process": "data_handler", "function": "handle_usr_conf", "stack": "", "pid": 124}
{"time": "2026-04-18 12:09:02.822334", "level": "INFO", "message": "env data_handler finish success", "file": "data_handler.py", "line": "189", "module": "env", "process": "data_handler", "function": "finish", "stack": "", "pid": 124}
{"time": "2026-04-18 12:09:02.823007", "level": "INFO", "message": "env env run once episode done, process_run_count is 103315", "file": "remote_env_server.py", "line": "298", "module": "env", "process": "remote_env_server", "function": "run_once", "stack": "", "pid": 124}
{"time": "2026-04-18 12:09:02.875045", "level": "INFO", "message": "env env recv reset message", "file": "remote_env_server.py", "line": "282", "module": "env", "process": "remote_env_server", "function": "run_once", "stack": "", "pid": 124}
{"time": "2026-04-18 12:09:02.878235", "level": "INFO", "message": "env Select map in order: episode=131, map_id=2 from map_list=[1, 2, 3, 4, 5, 6, 7, 8, 9, 10]", "file": "data_handler.py", "line": "148", "module": "env", "process": "data_handler", "function": "handle_usr_conf", "stack": "", "pid": 124}
{"time": "2026-04-18 12:09:09.097212", "level": "INFO", "message": "env data_handler finish success", "file": "data_handler.py", "line": "189", "module": "env", "process": "data_handler", "function": "finish", "stack": "", "pid": 124}
{"time": "2026-04-18 12:09:09.101560", "level": "INFO", "message": "env env run once episode done, process_run_count is 104253", "file": "remote_env_server.py", "line": "298", "module": "env", "process": "remote_env_server", "function": "run_once", "stack": "", "pid": 124}
{"time": "2026-04-18 12:09:09.153624", "level": "INFO", "message": "env env recv reset message", "file": "remote_env_server.py", "line": "282", "module": "env", "process": "remote_env_server", "function": "run_once", "stack": "", "pid": 124}
{"time": "2026-04-18 12:09:09.154391", "level": "INFO", "message": "env Select map in order: episode=132, map_id=3 from map_list=[1, 2, 3, 4, 5, 6, 7, 8, 9, 10]", "file": "data_handler.py", "line": "148", "module": "env", "process": "data_handler", "function": "handle_usr_conf", "stack": "", "pid": 124}
{"time": "2026-04-18 12:09:16.941698", "level": "INFO", "message": "env finish monitor_data is {'total_score': 870, 'clean_score': 870, 'total_map': 10, 'map_random': 0, 'map_code': 3, 'max_steps': 1000, 'finished_steps': 1000, 'total_charger': 4, 'charge_count': 8, 'remaining_charge': 170}", "file": "monitor_helper.py", "line": "95", "module": "env", "process": "monitor_helper", "function": "finish", "stack": "", "pid": 124}
{"time": "2026-04-18 12:09:16.942474", "level": "INFO", "message": "env data_handler finish success", "file": "data_handler.py", "line": "189", "module": "env", "process": "data_handler", "function": "finish", "stack": "", "pid": 124}
{"time": "2026-04-18 12:09:16.942994", "level": "INFO", "message": "env env run once episode done, process_run_count is 105254", "file": "remote_env_server.py", "line": "298", "module": "env", "process": "remote_env_server", "function": "run_once", "stack": "", "pid": 124}
{"time": "2026-04-18 12:09:16.995206", "level": "INFO", "message": "env env recv reset message", "file": "remote_env_server.py", "line": "282", "module": "env", "process": "remote_env_server", "function": "run_once", "stack": "", "pid": 124}
{"time": "2026-04-18 12:09:16.996018", "level": "INFO", "message": "env Select map in order: episode=133, map_id=4 from map_list=[1, 2, 3, 4, 5, 6, 7, 8, 9, 10]", "file": "data_handler.py", "line": "148", "module": "env", "process": "data_handler", "function": "handle_usr_conf", "stack": "", "pid": 124}
{"time": "2026-04-18 12:09:24.047035", "level": "INFO", "message": "env data_handler finish success", "file": "data_handler.py", "line": "189", "module": "env", "process": "data_handler", "function": "finish", "stack": "", "pid": 124}
{"time": "2026-04-18 12:09:24.047692", "level": "INFO", "message": "env env run once episode done, process_run_count is 106202", "file": "remote_env_server.py", "line": "298", "module": "env", "process": "remote_env_server", "function": "run_once", "stack": "", "pid": 124}
{"time": "2026-04-18 12:09:24.085807", "level": "INFO", "message": "env env recv reset message", "file": "remote_env_server.py", "line": "282", "module": "env", "process": "remote_env_server", "function": "run_once", "stack": "", "pid": 124}
{"time": "2026-04-18 12:09:24.086718", "level": "INFO", "message": "env Select map in order: episode=134, map_id=5 from map_list=[1, 2, 3, 4, 5, 6, 7, 8, 9, 10]", "file": "data_handler.py", "line": "148", "module": "env", "process": "data_handler", "function": "handle_usr_conf", "stack": "", "pid": 124}
{"time": "2026-04-18 12:09:31.921788", "level": "INFO", "message": "env data_handler finish success", "file": "data_handler.py", "line": "189", "module": "env", "process": "data_handler", "function": "finish", "stack": "", "pid": 124}
{"time": "2026-04-18 12:09:31.922390", "level": "INFO", "message": "env env run once episode done, process_run_count is 107203", "file": "remote_env_server.py", "line": "298", "module": "env", "process": "remote_env_server", "function": "run_once", "stack": "", "pid": 124}
{"time": "2026-04-18 12:09:31.965863", "level": "INFO", "message": "env env recv reset message", "file": "remote_env_server.py", "line": "282", "module": "env", "process": "remote_env_server", "function": "run_once", "stack": "", "pid": 124}
{"time": "2026-04-18 12:09:31.966693", "level": "INFO", "message": "env Select map in order: episode=135, map_id=6 from map_list=[1, 2, 3, 4, 5, 6, 7, 8, 9, 10]", "file": "data_handler.py", "line": "148", "module": "env", "process": "data_handler", "function": "handle_usr_conf", "stack": "", "pid": 124}
{"time": "2026-04-18 12:09:39.797679", "level": "INFO", "message": "env data_handler finish success", "file": "data_handler.py", "line": "189", "module": "env", "process": "data_handler", "function": "finish", "stack": "", "pid": 124}
{"time": "2026-04-18 12:09:39.798353", "level": "INFO", "message": "env env run once episode done, process_run_count is 108204", "file": "remote_env_server.py", "line": "298", "module": "env", "process": "remote_env_server", "function": "run_once", "stack": "", "pid": 124}
{"time": "2026-04-18 12:09:39.853280", "level": "INFO", "message": "env env recv reset message", "file": "remote_env_server.py", "line": "282", "module": "env", "process": "remote_env_server", "function": "run_once", "stack": "", "pid": 124}
{"time": "2026-04-18 12:09:39.854152", "level": "INFO", "message": "env Select map in order: episode=136, map_id=7 from map_list=[1, 2, 3, 4, 5, 6, 7, 8, 9, 10]", "file": "data_handler.py", "line": "148", "module": "env", "process": "data_handler", "function": "handle_usr_conf", "stack": "", "pid": 124}
{"time": "2026-04-18 12:09:47.551851", "level": "INFO", "message": "env data_handler finish success", "file": "data_handler.py", "line": "189", "module": "env", "process": "data_handler", "function": "finish", "stack": "", "pid": 124}
{"time": "2026-04-18 12:09:47.552486", "level": "INFO", "message": "env env run once episode done, process_run_count is 109205", "file": "remote_env_server.py", "line": "298", "module": "env", "process": "remote_env_server", "function": "run_once", "stack": "", "pid": 124}
{"time": "2026-04-18 12:09:47.601008", "level": "INFO", "message": "env env recv reset message", "file": "remote_env_server.py", "line": "282", "module": "env", "process": "remote_env_server", "function": "run_once", "stack": "", "pid": 124}
{"time": "2026-04-18 12:09:47.602672", "level": "INFO", "message": "env Select map in order: episode=137, map_id=8 from map_list=[1, 2, 3, 4, 5, 6, 7, 8, 9, 10]", "file": "data_handler.py", "line": "148", "module": "env", "process": "data_handler", "function": "handle_usr_conf", "stack": "", "pid": 124}
{"time": "2026-04-18 12:09:52.163400", "level": "INFO", "message": "env data_handler finish success", "file": "data_handler.py", "line": "189", "module": "env", "process": "data_handler", "function": "finish", "stack": "", "pid": 124}
{"time": "2026-04-18 12:09:52.164274", "level": "INFO", "message": "env env run once episode done, process_run_count is 109915", "file": "remote_env_server.py", "line": "298", "module": "env", "process": "remote_env_server", "function": "run_once", "stack": "", "pid": 124}
{"time": "2026-04-18 12:09:52.193450", "level": "INFO", "message": "env env recv reset message", "file": "remote_env_server.py", "line": "282", "module": "env", "process": "remote_env_server", "function": "run_once", "stack": "", "pid": 124}
{"time": "2026-04-18 12:09:52.194249", "level": "INFO", "message": "env Select map in order: episode=138, map_id=9 from map_list=[1, 2, 3, 4, 5, 6, 7, 8, 9, 10]", "file": "data_handler.py", "line": "148", "module": "env", "process": "data_handler", "function": "handle_usr_conf", "stack": "", "pid": 124}
{"time": "2026-04-18 12:09:59.826949", "level": "INFO", "message": "env data_handler finish success", "file": "data_handler.py", "line": "189", "module": "env", "process": "data_handler", "function": "finish", "stack": "", "pid": 124}
{"time": "2026-04-18 12:09:59.827585", "level": "INFO", "message": "env env run once episode done, process_run_count is 110916", "file": "remote_env_server.py", "line": "298", "module": "env", "process": "remote_env_server", "function": "run_once", "stack": "", "pid": 124}
{"time": "2026-04-18 12:09:59.875809", "level": "INFO", "message": "env env recv reset message", "file": "remote_env_server.py", "line": "282", "module": "env", "process": "remote_env_server", "function": "run_once", "stack": "", "pid": 124}
{"time": "2026-04-18 12:09:59.876553", "level": "INFO", "message": "env Select map in order: episode=139, map_id=10 from map_list=[1, 2, 3, 4, 5, 6, 7, 8, 9, 10]", "file": "data_handler.py", "line": "148", "module": "env", "process": "data_handler", "function": "handle_usr_conf", "stack": "", "pid": 124}
{"time": "2026-04-18 12:10:05.744719", "level": "INFO", "message": "env data_handler finish success", "file": "data_handler.py", "line": "189", "module": "env", "process": "data_handler", "function": "finish", "stack": "", "pid": 124}
{"time": "2026-04-18 12:10:05.745540", "level": "INFO", "message": "env env run once episode done, process_run_count is 111656", "file": "remote_env_server.py", "line": "298", "module": "env", "process": "remote_env_server", "function": "run_once", "stack": "", "pid": 124}
{"time": "2026-04-18 12:10:05.774345", "level": "INFO", "message": "env env recv reset message", "file": "remote_env_server.py", "line": "282", "module": "env", "process": "remote_env_server", "function": "run_once", "stack": "", "pid": 124}
{"time": "2026-04-18 12:10:05.775294", "level": "INFO", "message": "env Select map in order: episode=140, map_id=1 from map_list=[1, 2, 3, 4, 5, 6, 7, 8, 9, 10]", "file": "data_handler.py", "line": "148", "module": "env", "process": "data_handler", "function": "handle_usr_conf", "stack": "", "pid": 124}
{"time": "2026-04-18 12:10:13.725622", "level": "INFO", "message": "env data_handler finish success", "file": "data_handler.py", "line": "189", "module": "env", "process": "data_handler", "function": "finish", "stack": "", "pid": 124}
{"time": "2026-04-18 12:10:13.726157", "level": "INFO", "message": "env env run once episode done, process_run_count is 112657", "file": "remote_env_server.py", "line": "298", "module": "env", "process": "remote_env_server", "function": "run_once", "stack": "", "pid": 124}
{"time": "2026-04-18 12:10:13.778385", "level": "INFO", "message": "env env recv reset message", "file": "remote_env_server.py", "line": "282", "module": "env", "process": "remote_env_server", "function": "run_once", "stack": "", "pid": 124}
{"time": "2026-04-18 12:10:13.779228", "level": "INFO", "message": "env Select map in order: episode=141, map_id=2 from map_list=[1, 2, 3, 4, 5, 6, 7, 8, 9, 10]", "file": "data_handler.py", "line": "148", "module": "env", "process": "data_handler", "function": "handle_usr_conf", "stack": "", "pid": 124}
{"time": "2026-04-18 12:10:15.450691", "level": "INFO", "message": "env data_handler finish success", "file": "data_handler.py", "line": "189", "module": "env", "process": "data_handler", "function": "finish", "stack": "", "pid": 124}
{"time": "2026-04-18 12:10:15.451191", "level": "INFO", "message": "env env run once episode done, process_run_count is 112858", "file": "remote_env_server.py", "line": "298", "module": "env", "process": "remote_env_server", "function": "run_once", "stack": "", "pid": 124}
{"time": "2026-04-18 12:10:15.460558", "level": "INFO", "message": "env env recv reset message", "file": "remote_env_server.py", "line": "282", "module": "env", "process": "remote_env_server", "function": "run_once", "stack": "", "pid": 124}
{"time": "2026-04-18 12:10:15.461315", "level": "INFO", "message": "env Select map in order: episode=142, map_id=3 from map_list=[1, 2, 3, 4, 5, 6, 7, 8, 9, 10]", "file": "data_handler.py", "line": "148", "module": "env", "process": "data_handler", "function": "handle_usr_conf", "stack": "", "pid": 124}
{"time": "2026-04-18 12:10:22.268058", "level": "INFO", "message": "env finish monitor_data is {'total_score': 836, 'clean_score': 836, 'total_map': 10, 'map_random': 0, 'map_code': 3, 'max_steps': 1000, 'finished_steps': 1000, 'total_charger': 4, 'charge_count': 9, 'remaining_charge': 187}", "file": "monitor_helper.py", "line": "95", "module": "env", "process": "monitor_helper", "function": "finish", "stack": "", "pid": 124}
{"time": "2026-04-18 12:10:22.268736", "level": "INFO", "message": "env data_handler finish success", "file": "data_handler.py", "line": "189", "module": "env", "process": "data_handler", "function": "finish", "stack": "", "pid": 124}
{"time": "2026-04-18 12:10:22.269300", "level": "INFO", "message": "env env run once episode done, process_run_count is 113859", "file": "remote_env_server.py", "line": "298", "module": "env", "process": "remote_env_server", "function": "run_once", "stack": "", "pid": 124}
{"time": "2026-04-18 12:10:22.318375", "level": "INFO", "message": "env env recv reset message", "file": "remote_env_server.py", "line": "282", "module": "env", "process": "remote_env_server", "function": "run_once", "stack": "", "pid": 124}
{"time": "2026-04-18 12:10:22.319156", "level": "INFO", "message": "env Select map in order: episode=143, map_id=4 from map_list=[1, 2, 3, 4, 5, 6, 7, 8, 9, 10]", "file": "data_handler.py", "line": "148", "module": "env", "process": "data_handler", "function": "handle_usr_conf", "stack": "", "pid": 124}
{"time": "2026-04-18 12:10:24.019018", "level": "INFO", "message": "env data_handler finish success", "file": "data_handler.py", "line": "189", "module": "env", "process": "data_handler", "function": "finish", "stack": "", "pid": 124}
{"time": "2026-04-18 12:10:24.019741", "level": "INFO", "message": "env env run once episode done, process_run_count is 114060", "file": "remote_env_server.py", "line": "298", "module": "env", "process": "remote_env_server", "function": "run_once", "stack": "", "pid": 124}
{"time": "2026-04-18 12:10:24.028913", "level": "INFO", "message": "env env recv reset message", "file": "remote_env_server.py", "line": "282", "module": "env", "process": "remote_env_server", "function": "run_once", "stack": "", "pid": 124}
{"time": "2026-04-18 12:10:24.029876", "level": "INFO", "message": "env Select map in order: episode=144, map_id=5 from map_list=[1, 2, 3, 4, 5, 6, 7, 8, 9, 10]", "file": "data_handler.py", "line": "148", "module": "env", "process": "data_handler", "function": "handle_usr_conf", "stack": "", "pid": 124}
{"time": "2026-04-18 12:10:28.164855", "level": "INFO", "message": "env data_handler finish success", "file": "data_handler.py", "line": "189", "module": "env", "process": "data_handler", "function": "finish", "stack": "", "pid": 124}
{"time": "2026-04-18 12:10:28.165584", "level": "INFO", "message": "env env run once episode done, process_run_count is 114584", "file": "remote_env_server.py", "line": "298", "module": "env", "process": "remote_env_server", "function": "run_once", "stack": "", "pid": 124}
{"time": "2026-04-18 12:10:28.189559", "level": "INFO", "message": "env env recv reset message", "file": "remote_env_server.py", "line": "282", "module": "env", "process": "remote_env_server", "function": "run_once", "stack": "", "pid": 124}
{"time": "2026-04-18 12:10:28.190208", "level": "INFO", "message": "env Select map in order: episode=145, map_id=6 from map_list=[1, 2, 3, 4, 5, 6, 7, 8, 9, 10]", "file": "data_handler.py", "line": "148", "module": "env", "process": "data_handler", "function": "handle_usr_conf", "stack": "", "pid": 124}
{"time": "2026-04-18 12:10:29.835343", "level": "INFO", "message": "env data_handler finish success", "file": "data_handler.py", "line": "189", "module": "env", "process": "data_handler", "function": "finish", "stack": "", "pid": 124}
{"time": "2026-04-18 12:10:29.835909", "level": "INFO", "message": "env env run once episode done, process_run_count is 114785", "file": "remote_env_server.py", "line": "298", "module": "env", "process": "remote_env_server", "function": "run_once", "stack": "", "pid": 124}
{"time": "2026-04-18 12:10:29.846954", "level": "INFO", "message": "env env recv reset message", "file": "remote_env_server.py", "line": "282", "module": "env", "process": "remote_env_server", "function": "run_once", "stack": "", "pid": 124}
{"time": "2026-04-18 12:10:29.847653", "level": "INFO", "message": "env Select map in order: episode=146, map_id=7 from map_list=[1, 2, 3, 4, 5, 6, 7, 8, 9, 10]", "file": "data_handler.py", "line": "148", "module": "env", "process": "data_handler", "function": "handle_usr_conf", "stack": "", "pid": 124}
{"time": "2026-04-18 12:10:37.706370", "level": "INFO", "message": "env data_handler finish success", "file": "data_handler.py", "line": "189", "module": "env", "process": "data_handler", "function": "finish", "stack": "", "pid": 124}
{"time": "2026-04-18 12:10:37.706932", "level": "INFO", "message": "env env run once episode done, process_run_count is 115786", "file": "remote_env_server.py", "line": "298", "module": "env", "process": "remote_env_server", "function": "run_once", "stack": "", "pid": 124}
{"time": "2026-04-18 12:10:37.759165", "level": "INFO", "message": "env env recv reset message", "file": "remote_env_server.py", "line": "282", "module": "env", "process": "remote_env_server", "function": "run_once", "stack": "", "pid": 124}
{"time": "2026-04-18 12:10:37.759897", "level": "INFO", "message": "env Select map in order: episode=147, map_id=8 from map_list=[1, 2, 3, 4, 5, 6, 7, 8, 9, 10]", "file": "data_handler.py", "line": "148", "module": "env", "process": "data_handler", "function": "handle_usr_conf", "stack": "", "pid": 124}
{"time": "2026-04-18 12:10:45.959932", "level": "INFO", "message": "env data_handler finish success", "file": "data_handler.py", "line": "189", "module": "env", "process": "data_handler", "function": "finish", "stack": "", "pid": 124}
{"time": "2026-04-18 12:10:45.960789", "level": "INFO", "message": "env env run once episode done, process_run_count is 116787", "file": "remote_env_server.py", "line": "298", "module": "env", "process": "remote_env_server", "function": "run_once", "stack": "", "pid": 124}
{"time": "2026-04-18 12:10:46.009172", "level": "INFO", "message": "env env recv reset message", "file": "remote_env_server.py", "line": "282", "module": "env", "process": "remote_env_server", "function": "run_once", "stack": "", "pid": 124}
{"time": "2026-04-18 12:10:46.009806", "level": "INFO", "message": "env Select map in order: episode=148, map_id=9 from map_list=[1, 2, 3, 4, 5, 6, 7, 8, 9, 10]", "file": "data_handler.py", "line": "148", "module": "env", "process": "data_handler", "function": "handle_usr_conf", "stack": "", "pid": 124}
{"time": "2026-04-18 12:10:52.965324", "level": "INFO", "message": "env data_handler finish success", "file": "data_handler.py", "line": "189", "module": "env", "process": "data_handler", "function": "finish", "stack": "", "pid": 124}
{"time": "2026-04-18 12:10:52.967094", "level": "INFO", "message": "env env run once episode done, process_run_count is 117788", "file": "remote_env_server.py", "line": "298", "module": "env", "process": "remote_env_server", "function": "run_once", "stack": "", "pid": 124}
{"time": "2026-04-18 12:10:53.012752", "level": "INFO", "message": "env env recv reset message", "file": "remote_env_server.py", "line": "282", "module": "env", "process": "remote_env_server", "function": "run_once", "stack": "", "pid": 124}
{"time": "2026-04-18 12:10:53.016205", "level": "INFO", "message": "env Select map in order: episode=149, map_id=10 from map_list=[1, 2, 3, 4, 5, 6, 7, 8, 9, 10]", "file": "data_handler.py", "line": "148", "module": "env", "process": "data_handler", "function": "handle_usr_conf", "stack": "", "pid": 124}
{"time": "2026-04-18 12:11:00.888141", "level": "INFO", "message": "env data_handler finish success", "file": "data_handler.py", "line": "189", "module": "env", "process": "data_handler", "function": "finish", "stack": "", "pid": 124}
{"time": "2026-04-18 12:11:00.888761", "level": "INFO", "message": "env env run once episode done, process_run_count is 118789", "file": "remote_env_server.py", "line": "298", "module": "env", "process": "remote_env_server", "function": "run_once", "stack": "", "pid": 124}
{"time": "2026-04-18 12:11:00.943144", "level": "INFO", "message": "env env recv reset message", "file": "remote_env_server.py", "line": "282", "module": "env", "process": "remote_env_server", "function": "run_once", "stack": "", "pid": 124}
{"time": "2026-04-18 12:11:00.943812", "level": "INFO", "message": "env Select map in order: episode=150, map_id=1 from map_list=[1, 2, 3, 4, 5, 6, 7, 8, 9, 10]", "file": "data_handler.py", "line": "148", "module": "env", "process": "data_handler", "function": "handle_usr_conf", "stack": "", "pid": 124}
{"time": "2026-04-18 12:11:08.833164", "level": "INFO", "message": "env data_handler finish success", "file": "data_handler.py", "line": "189", "module": "env", "process": "data_handler", "function": "finish", "stack": "", "pid": 124}
{"time": "2026-04-18 12:11:08.833862", "level": "INFO", "message": "env env run once episode done, process_run_count is 119790", "file": "remote_env_server.py", "line": "298", "module": "env", "process": "remote_env_server", "function": "run_once", "stack": "", "pid": 124}
{"time": "2026-04-18 12:11:08.880495", "level": "INFO", "message": "env env recv reset message", "file": "remote_env_server.py", "line": "282", "module": "env", "process": "remote_env_server", "function": "run_once", "stack": "", "pid": 124}
{"time": "2026-04-18 12:11:08.881195", "level": "INFO", "message": "env Select map in order: episode=151, map_id=2 from map_list=[1, 2, 3, 4, 5, 6, 7, 8, 9, 10]", "file": "data_handler.py", "line": "148", "module": "env", "process": "data_handler", "function": "handle_usr_conf", "stack": "", "pid": 124}
{"time": "2026-04-18 12:11:11.350827", "level": "INFO", "message": "env data_handler finish success", "file": "data_handler.py", "line": "189", "module": "env", "process": "data_handler", "function": "finish", "stack": "", "pid": 124}
{"time": "2026-04-18 12:11:11.351501", "level": "INFO", "message": "env env run once episode done, process_run_count is 120087", "file": "remote_env_server.py", "line": "298", "module": "env", "process": "remote_env_server", "function": "run_once", "stack": "", "pid": 124}
{"time": "2026-04-18 12:11:11.364179", "level": "INFO", "message": "env env recv reset message", "file": "remote_env_server.py", "line": "282", "module": "env", "process": "remote_env_server", "function": "run_once", "stack": "", "pid": 124}
{"time": "2026-04-18 12:11:11.364839", "level": "INFO", "message": "env Select map in order: episode=152, map_id=3 from map_list=[1, 2, 3, 4, 5, 6, 7, 8, 9, 10]", "file": "data_handler.py", "line": "148", "module": "env", "process": "data_handler", "function": "handle_usr_conf", "stack": "", "pid": 124}
{"time": "2026-04-18 12:11:18.101671", "level": "INFO", "message": "env data_handler finish success", "file": "data_handler.py", "line": "189", "module": "env", "process": "data_handler", "function": "finish", "stack": "", "pid": 124}
{"time": "2026-04-18 12:11:18.102235", "level": "INFO", "message": "env env run once episode done, process_run_count is 121088", "file": "remote_env_server.py", "line": "298", "module": "env", "process": "remote_env_server", "function": "run_once", "stack": "", "pid": 124}
{"time": "2026-04-18 12:11:18.149092", "level": "INFO", "message": "env env recv reset message", "file": "remote_env_server.py", "line": "282", "module": "env", "process": "remote_env_server", "function": "run_once", "stack": "", "pid": 124}
{"time": "2026-04-18 12:11:18.149782", "level": "INFO", "message": "env Select map in order: episode=153, map_id=4 from map_list=[1, 2, 3, 4, 5, 6, 7, 8, 9, 10]", "file": "data_handler.py", "line": "148", "module": "env", "process": "data_handler", "function": "handle_usr_conf", "stack": "", "pid": 124}
{"time": "2026-04-18 12:11:25.894060", "level": "INFO", "message": "env finish monitor_data is {'total_score': 803, 'clean_score': 803, 'total_map': 10, 'map_random': 0, 'map_code': 4, 'max_steps': 1000, 'finished_steps': 1000, 'total_charger': 4, 'charge_count': 9, 'remaining_charge': 184}", "file": "monitor_helper.py", "line": "95", "module": "env", "process": "monitor_helper", "function": "finish", "stack": "", "pid": 124}
{"time": "2026-04-18 12:11:25.894830", "level": "INFO", "message": "env data_handler finish success", "file": "data_handler.py", "line": "189", "module": "env", "process": "data_handler", "function": "finish", "stack": "", "pid": 124}
{"time": "2026-04-18 12:11:25.897304", "level": "INFO", "message": "env env run once episode done, process_run_count is 122089", "file": "remote_env_server.py", "line": "298", "module": "env", "process": "remote_env_server", "function": "run_once", "stack": "", "pid": 124}
{"time": "2026-04-18 12:11:25.937585", "level": "INFO", "message": "env env recv reset message", "file": "remote_env_server.py", "line": "282", "module": "env", "process": "remote_env_server", "function": "run_once", "stack": "", "pid": 124}
{"time": "2026-04-18 12:11:25.938472", "level": "INFO", "message": "env Select map in order: episode=154, map_id=5 from map_list=[1, 2, 3, 4, 5, 6, 7, 8, 9, 10]", "file": "data_handler.py", "line": "148", "module": "env", "process": "data_handler", "function": "handle_usr_conf", "stack": "", "pid": 124}
{"time": "2026-04-18 12:11:33.663144", "level": "INFO", "message": "env data_handler finish success", "file": "data_handler.py", "line": "189", "module": "env", "process": "data_handler", "function": "finish", "stack": "", "pid": 124}
{"time": "2026-04-18 12:11:33.663666", "level": "INFO", "message": "env env run once episode done, process_run_count is 123090", "file": "remote_env_server.py", "line": "298", "module": "env", "process": "remote_env_server", "function": "run_once", "stack": "", "pid": 124}
{"time": "2026-04-18 12:11:33.708630", "level": "INFO", "message": "env env recv reset message", "file": "remote_env_server.py", "line": "282", "module": "env", "process": "remote_env_server", "function": "run_once", "stack": "", "pid": 124}
{"time": "2026-04-18 12:11:33.709390", "level": "INFO", "message": "env Select map in order: episode=155, map_id=6 from map_list=[1, 2, 3, 4, 5, 6, 7, 8, 9, 10]", "file": "data_handler.py", "line": "148", "module": "env", "process": "data_handler", "function": "handle_usr_conf", "stack": "", "pid": 124}
{"time": "2026-04-18 12:11:41.368992", "level": "INFO", "message": "env data_handler finish success", "file": "data_handler.py", "line": "189", "module": "env", "process": "data_handler", "function": "finish", "stack": "", "pid": 124}
{"time": "2026-04-18 12:11:41.369634", "level": "INFO", "message": "env env run once episode done, process_run_count is 124091", "file": "remote_env_server.py", "line": "298", "module": "env", "process": "remote_env_server", "function": "run_once", "stack": "", "pid": 124}
{"time": "2026-04-18 12:11:41.416930", "level": "INFO", "message": "env env recv reset message", "file": "remote_env_server.py", "line": "282", "module": "env", "process": "remote_env_server", "function": "run_once", "stack": "", "pid": 124}
{"time": "2026-04-18 12:11:41.417578", "level": "INFO", "message": "env Select map in order: episode=156, map_id=7 from map_list=[1, 2, 3, 4, 5, 6, 7, 8, 9, 10]", "file": "data_handler.py", "line": "148", "module": "env", "process": "data_handler", "function": "handle_usr_conf", "stack": "", "pid": 124}
{"time": "2026-04-18 12:11:47.978201", "level": "INFO", "message": "env data_handler finish success", "file": "data_handler.py", "line": "189", "module": "env", "process": "data_handler", "function": "finish", "stack": "", "pid": 124}
{"time": "2026-04-18 12:11:47.978722", "level": "INFO", "message": "env env run once episode done, process_run_count is 125092", "file": "remote_env_server.py", "line": "298", "module": "env", "process": "remote_env_server", "function": "run_once", "stack": "", "pid": 124}
{"time": "2026-04-18 12:11:48.022566", "level": "INFO", "message": "env env recv reset message", "file": "remote_env_server.py", "line": "282", "module": "env", "process": "remote_env_server", "function": "run_once", "stack": "", "pid": 124}
{"time": "2026-04-18 12:11:48.023267", "level": "INFO", "message": "env Select map in order: episode=157, map_id=8 from map_list=[1, 2, 3, 4, 5, 6, 7, 8, 9, 10]", "file": "data_handler.py", "line": "148", "module": "env", "process": "data_handler", "function": "handle_usr_conf", "stack": "", "pid": 124}
{"time": "2026-04-18 12:11:52.885221", "level": "INFO", "message": "env data_handler finish success", "file": "data_handler.py", "line": "189", "module": "env", "process": "data_handler", "function": "finish", "stack": "", "pid": 124}
{"time": "2026-04-18 12:11:52.886056", "level": "INFO", "message": "env env run once episode done, process_run_count is 125733", "file": "remote_env_server.py", "line": "298", "module": "env", "process": "remote_env_server", "function": "run_once", "stack": "", "pid": 124}
{"time": "2026-04-18 12:11:52.916699", "level": "INFO", "message": "env env recv reset message", "file": "remote_env_server.py", "line": "282", "module": "env", "process": "remote_env_server", "function": "run_once", "stack": "", "pid": 124}
{"time": "2026-04-18 12:11:52.917390", "level": "INFO", "message": "env Select map in order: episode=158, map_id=9 from map_list=[1, 2, 3, 4, 5, 6, 7, 8, 9, 10]", "file": "data_handler.py", "line": "148", "module": "env", "process": "data_handler", "function": "handle_usr_conf", "stack": "", "pid": 124}
{"time": "2026-04-18 12:12:00.301881", "level": "INFO", "message": "env data_handler finish success", "file": "data_handler.py", "line": "189", "module": "env", "process": "data_handler", "function": "finish", "stack": "", "pid": 124}
{"time": "2026-04-18 12:12:00.302430", "level": "INFO", "message": "env env run once episode done, process_run_count is 126734", "file": "remote_env_server.py", "line": "298", "module": "env", "process": "remote_env_server", "function": "run_once", "stack": "", "pid": 124}
{"time": "2026-04-18 12:12:00.342611", "level": "INFO", "message": "env env recv reset message", "file": "remote_env_server.py", "line": "282", "module": "env", "process": "remote_env_server", "function": "run_once", "stack": "", "pid": 124}
{"time": "2026-04-18 12:12:00.343354", "level": "INFO", "message": "env Select map in order: episode=159, map_id=10 from map_list=[1, 2, 3, 4, 5, 6, 7, 8, 9, 10]", "file": "data_handler.py", "line": "148", "module": "env", "process": "data_handler", "function": "handle_usr_conf", "stack": "", "pid": 124}
{"time": "2026-04-18 12:12:07.813312", "level": "INFO", "message": "env data_handler finish success", "file": "data_handler.py", "line": "189", "module": "env", "process": "data_handler", "function": "finish", "stack": "", "pid": 124}
{"time": "2026-04-18 12:12:07.814024", "level": "INFO", "message": "env env run once episode done, process_run_count is 127735", "file": "remote_env_server.py", "line": "298", "module": "env", "process": "remote_env_server", "function": "run_once", "stack": "", "pid": 124}
{"time": "2026-04-18 12:12:07.856020", "level": "INFO", "message": "env env recv reset message", "file": "remote_env_server.py", "line": "282", "module": "env", "process": "remote_env_server", "function": "run_once", "stack": "", "pid": 124}
{"time": "2026-04-18 12:12:07.856786", "level": "INFO", "message": "env Select map in order: episode=160, map_id=1 from map_list=[1, 2, 3, 4, 5, 6, 7, 8, 9, 10]", "file": "data_handler.py", "line": "148", "module": "env", "process": "data_handler", "function": "handle_usr_conf", "stack": "", "pid": 124}
{"time": "2026-04-18 12:12:15.271067", "level": "INFO", "message": "env data_handler finish success", "file": "data_handler.py", "line": "189", "module": "env", "process": "data_handler", "function": "finish", "stack": "", "pid": 124}
{"time": "2026-04-18 12:12:15.271570", "level": "INFO", "message": "env env run once episode done, process_run_count is 128736", "file": "remote_env_server.py", "line": "298", "module": "env", "process": "remote_env_server", "function": "run_once", "stack": "", "pid": 124}
{"time": "2026-04-18 12:12:15.311899", "level": "INFO", "message": "env env recv reset message", "file": "remote_env_server.py", "line": "282", "module": "env", "process": "remote_env_server", "function": "run_once", "stack": "", "pid": 124}
{"time": "2026-04-18 12:12:15.312528", "level": "INFO", "message": "env Select map in order: episode=161, map_id=2 from map_list=[1, 2, 3, 4, 5, 6, 7, 8, 9, 10]", "file": "data_handler.py", "line": "148", "module": "env", "process": "data_handler", "function": "handle_usr_conf", "stack": "", "pid": 124}
{"time": "2026-04-18 12:12:21.744913", "level": "INFO", "message": "env data_handler finish success", "file": "data_handler.py", "line": "189", "module": "env", "process": "data_handler", "function": "finish", "stack": "", "pid": 124}
{"time": "2026-04-18 12:12:21.745555", "level": "INFO", "message": "env env run once episode done, process_run_count is 129737", "file": "remote_env_server.py", "line": "298", "module": "env", "process": "remote_env_server", "function": "run_once", "stack": "", "pid": 124}
{"time": "2026-04-18 12:12:21.785390", "level": "INFO", "message": "env env recv reset message", "file": "remote_env_server.py", "line": "282", "module": "env", "process": "remote_env_server", "function": "run_once", "stack": "", "pid": 124}
{"time": "2026-04-18 12:12:21.786234", "level": "INFO", "message": "env Select map in order: episode=162, map_id=3 from map_list=[1, 2, 3, 4, 5, 6, 7, 8, 9, 10]", "file": "data_handler.py", "line": "148", "module": "env", "process": "data_handler", "function": "handle_usr_conf", "stack": "", "pid": 124}
{"time": "2026-04-18 12:12:29.199727", "level": "INFO", "message": "env finish monitor_data is {'total_score': 795, 'clean_score': 795, 'total_map': 10, 'map_random': 0, 'map_code': 3, 'max_steps': 1000, 'finished_steps': 1000, 'total_charger': 4, 'charge_count': 8, 'remaining_charge': 34}", "file": "monitor_helper.py", "line": "95", "module": "env", "process": "monitor_helper", "function": "finish", "stack": "", "pid": 124}
{"time": "2026-04-18 12:12:29.200608", "level": "INFO", "message": "env data_handler finish success", "file": "data_handler.py", "line": "189", "module": "env", "process": "data_handler", "function": "finish", "stack": "", "pid": 124}
{"time": "2026-04-18 12:12:29.201148", "level": "INFO", "message": "env env run once episode done, process_run_count is 130738", "file": "remote_env_server.py", "line": "298", "module": "env", "process": "remote_env_server", "function": "run_once", "stack": "", "pid": 124}
{"time": "2026-04-18 12:12:29.240775", "level": "INFO", "message": "env env recv reset message", "file": "remote_env_server.py", "line": "282", "module": "env", "process": "remote_env_server", "function": "run_once", "stack": "", "pid": 124}
{"time": "2026-04-18 12:12:29.241524", "level": "INFO", "message": "env Select map in order: episode=163, map_id=4 from map_list=[1, 2, 3, 4, 5, 6, 7, 8, 9, 10]", "file": "data_handler.py", "line": "148", "module": "env", "process": "data_handler", "function": "handle_usr_conf", "stack": "", "pid": 124}
{"time": "2026-04-18 12:12:32.858751", "level": "INFO", "message": "env data_handler finish success", "file": "data_handler.py", "line": "189", "module": "env", "process": "data_handler", "function": "finish", "stack": "", "pid": 124}
{"time": "2026-04-18 12:12:32.859343", "level": "INFO", "message": "env env run once episode done, process_run_count is 131213", "file": "remote_env_server.py", "line": "298", "module": "env", "process": "remote_env_server", "function": "run_once", "stack": "", "pid": 124}
{"time": "2026-04-18 12:12:32.879913", "level": "INFO", "message": "env env recv reset message", "file": "remote_env_server.py", "line": "282", "module": "env", "process": "remote_env_server", "function": "run_once", "stack": "", "pid": 124}
{"time": "2026-04-18 12:12:32.880680", "level": "INFO", "message": "env Select map in order: episode=164, map_id=5 from map_list=[1, 2, 3, 4, 5, 6, 7, 8, 9, 10]", "file": "data_handler.py", "line": "148", "module": "env", "process": "data_handler", "function": "handle_usr_conf", "stack": "", "pid": 124}
{"time": "2026-04-18 12:12:40.277077", "level": "INFO", "message": "env data_handler finish success", "file": "data_handler.py", "line": "189", "module": "env", "process": "data_handler", "function": "finish", "stack": "", "pid": 124}
{"time": "2026-04-18 12:12:40.277620", "level": "INFO", "message": "env env run once episode done, process_run_count is 132214", "file": "remote_env_server.py", "line": "298", "module": "env", "process": "remote_env_server", "function": "run_once", "stack": "", "pid": 124}
{"time": "2026-04-18 12:12:40.318368", "level": "INFO", "message": "env env recv reset message", "file": "remote_env_server.py", "line": "282", "module": "env", "process": "remote_env_server", "function": "run_once", "stack": "", "pid": 124}
{"time": "2026-04-18 12:12:40.319076", "level": "INFO", "message": "env Select map in order: episode=165, map_id=6 from map_list=[1, 2, 3, 4, 5, 6, 7, 8, 9, 10]", "file": "data_handler.py", "line": "148", "module": "env", "process": "data_handler", "function": "handle_usr_conf", "stack": "", "pid": 124}
{"time": "2026-04-18 12:12:46.728067", "level": "INFO", "message": "env data_handler finish success", "file": "data_handler.py", "line": "189", "module": "env", "process": "data_handler", "function": "finish", "stack": "", "pid": 124}
{"time": "2026-04-18 12:12:46.728641", "level": "INFO", "message": "env env run once episode done, process_run_count is 133215", "file": "remote_env_server.py", "line": "298", "module": "env", "process": "remote_env_server", "function": "run_once", "stack": "", "pid": 124}
{"time": "2026-04-18 12:12:46.767525", "level": "INFO", "message": "env env recv reset message", "file": "remote_env_server.py", "line": "282", "module": "env", "process": "remote_env_server", "function": "run_once", "stack": "", "pid": 124}
{"time": "2026-04-18 12:12:46.768312", "level": "INFO", "message": "env Select map in order: episode=166, map_id=7 from map_list=[1, 2, 3, 4, 5, 6, 7, 8, 9, 10]", "file": "data_handler.py", "line": "148", "module": "env", "process": "data_handler", "function": "handle_usr_conf", "stack": "", "pid": 124}
{"time": "2026-04-18 12:12:53.853599", "level": "INFO", "message": "env data_handler finish success", "file": "data_handler.py", "line": "189", "module": "env", "process": "data_handler", "function": "finish", "stack": "", "pid": 124}
{"time": "2026-04-18 12:12:53.854246", "level": "INFO", "message": "env env run once episode done, process_run_count is 134171", "file": "remote_env_server.py", "line": "298", "module": "env", "process": "remote_env_server", "function": "run_once", "stack": "", "pid": 124}
{"time": "2026-04-18 12:12:53.891861", "level": "INFO", "message": "env env recv reset message", "file": "remote_env_server.py", "line": "282", "module": "env", "process": "remote_env_server", "function": "run_once", "stack": "", "pid": 124}
{"time": "2026-04-18 12:12:53.892749", "level": "INFO", "message": "env Select map in order: episode=167, map_id=8 from map_list=[1, 2, 3, 4, 5, 6, 7, 8, 9, 10]", "file": "data_handler.py", "line": "148", "module": "env", "process": "data_handler", "function": "handle_usr_conf", "stack": "", "pid": 124}
{"time": "2026-04-18 12:13:01.206418", "level": "INFO", "message": "env data_handler finish success", "file": "data_handler.py", "line": "189", "module": "env", "process": "data_handler", "function": "finish", "stack": "", "pid": 124}
{"time": "2026-04-18 12:13:01.206996", "level": "INFO", "message": "env env run once episode done, process_run_count is 135172", "file": "remote_env_server.py", "line": "298", "module": "env", "process": "remote_env_server", "function": "run_once", "stack": "", "pid": 124}
{"time": "2026-04-18 12:13:01.248680", "level": "INFO", "message": "env env recv reset message", "file": "remote_env_server.py", "line": "282", "module": "env", "process": "remote_env_server", "function": "run_once", "stack": "", "pid": 124}
{"time": "2026-04-18 12:13:01.249290", "level": "INFO", "message": "env Select map in order: episode=168, map_id=9 from map_list=[1, 2, 3, 4, 5, 6, 7, 8, 9, 10]", "file": "data_handler.py", "line": "148", "module": "env", "process": "data_handler", "function": "handle_usr_conf", "stack": "", "pid": 124}
{"time": "2026-04-18 12:13:07.852946", "level": "INFO", "message": "env data_handler finish success", "file": "data_handler.py", "line": "189", "module": "env", "process": "data_handler", "function": "finish", "stack": "", "pid": 124}
{"time": "2026-04-18 12:13:07.853476", "level": "INFO", "message": "env env run once episode done, process_run_count is 136053", "file": "remote_env_server.py", "line": "298", "module": "env", "process": "remote_env_server", "function": "run_once", "stack": "", "pid": 124}
{"time": "2026-04-18 12:13:07.885226", "level": "INFO", "message": "env env recv reset message", "file": "remote_env_server.py", "line": "282", "module": "env", "process": "remote_env_server", "function": "run_once", "stack": "", "pid": 124}
{"time": "2026-04-18 12:13:07.886123", "level": "INFO", "message": "env Select map in order: episode=169, map_id=10 from map_list=[1, 2, 3, 4, 5, 6, 7, 8, 9, 10]", "file": "data_handler.py", "line": "148", "module": "env", "process": "data_handler", "function": "handle_usr_conf", "stack": "", "pid": 124}
{"time": "2026-04-18 12:13:14.607983", "level": "INFO", "message": "env data_handler finish success", "file": "data_handler.py", "line": "189", "module": "env", "process": "data_handler", "function": "finish", "stack": "", "pid": 124}
{"time": "2026-04-18 12:13:14.608697", "level": "INFO", "message": "env env run once episode done, process_run_count is 137054", "file": "remote_env_server.py", "line": "298", "module": "env", "process": "remote_env_server", "function": "run_once", "stack": "", "pid": 124}
{"time": "2026-04-18 12:13:14.646114", "level": "INFO", "message": "env env recv reset message", "file": "remote_env_server.py", "line": "282", "module": "env", "process": "remote_env_server", "function": "run_once", "stack": "", "pid": 124}
{"time": "2026-04-18 12:13:14.646976", "level": "INFO", "message": "env Select map in order: episode=170, map_id=1 from map_list=[1, 2, 3, 4, 5, 6, 7, 8, 9, 10]", "file": "data_handler.py", "line": "148", "module": "env", "process": "data_handler", "function": "handle_usr_conf", "stack": "", "pid": 124}
{"time": "2026-04-18 12:13:22.135339", "level": "INFO", "message": "env data_handler finish success", "file": "data_handler.py", "line": "189", "module": "env", "process": "data_handler", "function": "finish", "stack": "", "pid": 124}
{"time": "2026-04-18 12:13:22.136254", "level": "INFO", "message": "env env run once episode done, process_run_count is 138055", "file": "remote_env_server.py", "line": "298", "module": "env", "process": "remote_env_server", "function": "run_once", "stack": "", "pid": 124}
{"time": "2026-04-18 12:13:22.177761", "level": "INFO", "message": "env env recv reset message", "file": "remote_env_server.py", "line": "282", "module": "env", "process": "remote_env_server", "function": "run_once", "stack": "", "pid": 124}
{"time": "2026-04-18 12:13:22.178646", "level": "INFO", "message": "env Select map in order: episode=171, map_id=2 from map_list=[1, 2, 3, 4, 5, 6, 7, 8, 9, 10]", "file": "data_handler.py", "line": "148", "module": "env", "process": "data_handler", "function": "handle_usr_conf", "stack": "", "pid": 124}
{"time": "2026-04-18 12:13:29.179590", "level": "INFO", "message": "env data_handler finish success", "file": "data_handler.py", "line": "189", "module": "env", "process": "data_handler", "function": "finish", "stack": "", "pid": 124}
{"time": "2026-04-18 12:13:29.180184", "level": "INFO", "message": "env env run once episode done, process_run_count is 138989", "file": "remote_env_server.py", "line": "298", "module": "env", "process": "remote_env_server", "function": "run_once", "stack": "", "pid": 124}
{"time": "2026-04-18 12:13:29.221012", "level": "INFO", "message": "env env recv reset message", "file": "remote_env_server.py", "line": "282", "module": "env", "process": "remote_env_server", "function": "run_once", "stack": "", "pid": 124}
{"time": "2026-04-18 12:13:29.221855", "level": "INFO", "message": "env Select map in order: episode=172, map_id=3 from map_list=[1, 2, 3, 4, 5, 6, 7, 8, 9, 10]", "file": "data_handler.py", "line": "148", "module": "env", "process": "data_handler", "function": "handle_usr_conf", "stack": "", "pid": 124}
{"time": "2026-04-18 12:13:36.396001", "level": "INFO", "message": "env finish monitor_data is {'total_score': 882, 'clean_score': 882, 'total_map': 10, 'map_random': 0, 'map_code': 3, 'max_steps': 1000, 'finished_steps': 1000, 'total_charger': 4, 'charge_count': 8, 'remaining_charge': 135}", "file": "monitor_helper.py", "line": "95", "module": "env", "process": "monitor_helper", "function": "finish", "stack": "", "pid": 124}
{"time": "2026-04-18 12:13:36.396693", "level": "INFO", "message": "env data_handler finish success", "file": "data_handler.py", "line": "189", "module": "env", "process": "data_handler", "function": "finish", "stack": "", "pid": 124}
{"time": "2026-04-18 12:13:36.397158", "level": "INFO", "message": "env env run once episode done, process_run_count is 139990", "file": "remote_env_server.py", "line": "298", "module": "env", "process": "remote_env_server", "function": "run_once", "stack": "", "pid": 124}
{"time": "2026-04-18 12:13:36.433387", "level": "INFO", "message": "env env recv reset message", "file": "remote_env_server.py", "line": "282", "module": "env", "process": "remote_env_server", "function": "run_once", "stack": "", "pid": 124}
{"time": "2026-04-18 12:13:36.434130", "level": "INFO", "message": "env Select map in order: episode=173, map_id=4 from map_list=[1, 2, 3, 4, 5, 6, 7, 8, 9, 10]", "file": "data_handler.py", "line": "148", "module": "env", "process": "data_handler", "function": "handle_usr_conf", "stack": "", "pid": 124}
{"time": "2026-04-18 12:13:39.046527", "level": "INFO", "message": "env data_handler finish success", "file": "data_handler.py", "line": "189", "module": "env", "process": "data_handler", "function": "finish", "stack": "", "pid": 124}
{"time": "2026-04-18 12:13:39.047435", "level": "INFO", "message": "env env run once episode done, process_run_count is 140345", "file": "remote_env_server.py", "line": "298", "module": "env", "process": "remote_env_server", "function": "run_once", "stack": "", "pid": 124}
{"time": "2026-04-18 12:13:39.062087", "level": "INFO", "message": "env env recv reset message", "file": "remote_env_server.py", "line": "282", "module": "env", "process": "remote_env_server", "function": "run_once", "stack": "", "pid": 124}
{"time": "2026-04-18 12:13:39.062780", "level": "INFO", "message": "env Select map in order: episode=174, map_id=5 from map_list=[1, 2, 3, 4, 5, 6, 7, 8, 9, 10]", "file": "data_handler.py", "line": "148", "module": "env", "process": "data_handler", "function": "handle_usr_conf", "stack": "", "pid": 124}
{"time": "2026-04-18 12:13:44.724750", "level": "INFO", "message": "env data_handler finish success", "file": "data_handler.py", "line": "189", "module": "env", "process": "data_handler", "function": "finish", "stack": "", "pid": 124}
{"time": "2026-04-18 12:13:44.725318", "level": "INFO", "message": "env env run once episode done, process_run_count is 141238", "file": "remote_env_server.py", "line": "298", "module": "env", "process": "remote_env_server", "function": "run_once", "stack": "", "pid": 124}
{"time": "2026-04-18 12:13:44.757203", "level": "INFO", "message": "env env recv reset message", "file": "remote_env_server.py", "line": "282", "module": "env", "process": "remote_env_server", "function": "run_once", "stack": "", "pid": 124}
{"time": "2026-04-18 12:13:44.757900", "level": "INFO", "message": "env Select map in order: episode=175, map_id=6 from map_list=[1, 2, 3, 4, 5, 6, 7, 8, 9, 10]", "file": "data_handler.py", "line": "148", "module": "env", "process": "data_handler", "function": "handle_usr_conf", "stack": "", "pid": 124}
{"time": "2026-04-18 12:13:51.724022", "level": "INFO", "message": "env data_handler finish success", "file": "data_handler.py", "line": "189", "module": "env", "process": "data_handler", "function": "finish", "stack": "", "pid": 124}
{"time": "2026-04-18 12:13:51.724537", "level": "INFO", "message": "env env run once episode done, process_run_count is 142239", "file": "remote_env_server.py", "line": "298", "module": "env", "process": "remote_env_server", "function": "run_once", "stack": "", "pid": 124}
{"time": "2026-04-18 12:13:51.762208", "level": "INFO", "message": "env env recv reset message", "file": "remote_env_server.py", "line": "282", "module": "env", "process": "remote_env_server", "function": "run_once", "stack": "", "pid": 124}
{"time": "2026-04-18 12:13:51.762917", "level": "INFO", "message": "env Select map in order: episode=176, map_id=7 from map_list=[1, 2, 3, 4, 5, 6, 7, 8, 9, 10]", "file": "data_handler.py", "line": "148", "module": "env", "process": "data_handler", "function": "handle_usr_conf", "stack": "", "pid": 124}
{"time": "2026-04-18 12:13:58.710039", "level": "INFO", "message": "env data_handler finish success", "file": "data_handler.py", "line": "189", "module": "env", "process": "data_handler", "function": "finish", "stack": "", "pid": 124}
{"time": "2026-04-18 12:13:58.710723", "level": "INFO", "message": "env env run once episode done, process_run_count is 143240", "file": "remote_env_server.py", "line": "298", "module": "env", "process": "remote_env_server", "function": "run_once", "stack": "", "pid": 124}
{"time": "2026-04-18 12:13:58.747272", "level": "INFO", "message": "env env recv reset message", "file": "remote_env_server.py", "line": "282", "module": "env", "process": "remote_env_server", "function": "run_once", "stack": "", "pid": 124}
{"time": "2026-04-18 12:13:58.747988", "level": "INFO", "message": "env Select map in order: episode=177, map_id=8 from map_list=[1, 2, 3, 4, 5, 6, 7, 8, 9, 10]", "file": "data_handler.py", "line": "148", "module": "env", "process": "data_handler", "function": "handle_usr_conf", "stack": "", "pid": 124}
{"time": "2026-04-18 12:14:05.621748", "level": "INFO", "message": "env data_handler finish success", "file": "data_handler.py", "line": "189", "module": "env", "process": "data_handler", "function": "finish", "stack": "", "pid": 124}
{"time": "2026-04-18 12:14:05.622376", "level": "INFO", "message": "env env run once episode done, process_run_count is 144241", "file": "remote_env_server.py", "line": "298", "module": "env", "process": "remote_env_server", "function": "run_once", "stack": "", "pid": 124}
{"time": "2026-04-18 12:14:05.665671", "level": "INFO", "message": "env env recv reset message", "file": "remote_env_server.py", "line": "282", "module": "env", "process": "remote_env_server", "function": "run_once", "stack": "", "pid": 124}
{"time": "2026-04-18 12:14:05.668165", "level": "INFO", "message": "env Select map in order: episode=178, map_id=9 from map_list=[1, 2, 3, 4, 5, 6, 7, 8, 9, 10]", "file": "data_handler.py", "line": "148", "module": "env", "process": "data_handler", "function": "handle_usr_conf", "stack": "", "pid": 124}
{"time": "2026-04-18 12:14:12.178497", "level": "INFO", "message": "env data_handler finish success", "file": "data_handler.py", "line": "189", "module": "env", "process": "data_handler", "function": "finish", "stack": "", "pid": 124}
{"time": "2026-04-18 12:14:12.179040", "level": "INFO", "message": "env env run once episode done, process_run_count is 145242", "file": "remote_env_server.py", "line": "298", "module": "env", "process": "remote_env_server", "function": "run_once", "stack": "", "pid": 124}
{"time": "2026-04-18 12:14:11.696212", "level": "INFO", "message": "env env recv reset message", "file": "remote_env_server.py", "line": "282", "module": "env", "process": "remote_env_server", "function": "run_once", "stack": "", "pid": 124}
{"time": "2026-04-18 12:14:11.697074", "level": "INFO", "message": "env Select map in order: episode=179, map_id=10 from map_list=[1, 2, 3, 4, 5, 6, 7, 8, 9, 10]", "file": "data_handler.py", "line": "148", "module": "env", "process": "data_handler", "function": "handle_usr_conf", "stack": "", "pid": 124}
{"time": "2026-04-18 12:14:18.662872", "level": "INFO", "message": "env data_handler finish success", "file": "data_handler.py", "line": "189", "module": "env", "process": "data_handler", "function": "finish", "stack": "", "pid": 124}
{"time": "2026-04-18 12:14:18.663499", "level": "INFO", "message": "env env run once episode done, process_run_count is 146243", "file": "remote_env_server.py", "line": "298", "module": "env", "process": "remote_env_server", "function": "run_once", "stack": "", "pid": 124}
{"time": "2026-04-18 12:14:18.699435", "level": "INFO", "message": "env env recv reset message", "file": "remote_env_server.py", "line": "282", "module": "env", "process": "remote_env_server", "function": "run_once", "stack": "", "pid": 124}
{"time": "2026-04-18 12:14:18.700222", "level": "INFO", "message": "env Select map in order: episode=180, map_id=1 from map_list=[1, 2, 3, 4, 5, 6, 7, 8, 9, 10]", "file": "data_handler.py", "line": "148", "module": "env", "process": "data_handler", "function": "handle_usr_conf", "stack": "", "pid": 124}
{"time": "2026-04-18 12:14:21.452952", "level": "INFO", "message": "env data_handler finish success", "file": "data_handler.py", "line": "189", "module": "env", "process": "data_handler", "function": "finish", "stack": "", "pid": 124}
{"time": "2026-04-18 12:14:21.453644", "level": "INFO", "message": "env env run once episode done, process_run_count is 146628", "file": "remote_env_server.py", "line": "298", "module": "env", "process": "remote_env_server", "function": "run_once", "stack": "", "pid": 124}
{"time": "2026-04-18 12:14:21.470773", "level": "INFO", "message": "env env recv reset message", "file": "remote_env_server.py", "line": "282", "module": "env", "process": "remote_env_server", "function": "run_once", "stack": "", "pid": 124}
{"time": "2026-04-18 12:14:21.471355", "level": "INFO", "message": "env Select map in order: episode=181, map_id=2 from map_list=[1, 2, 3, 4, 5, 6, 7, 8, 9, 10]", "file": "data_handler.py", "line": "148", "module": "env", "process": "data_handler", "function": "handle_usr_conf", "stack": "", "pid": 124}
{"time": "2026-04-18 12:14:28.438408", "level": "INFO", "message": "env data_handler finish success", "file": "data_handler.py", "line": "189", "module": "env", "process": "data_handler", "function": "finish", "stack": "", "pid": 124}
{"time": "2026-04-18 12:14:28.439079", "level": "INFO", "message": "env env run once episode done, process_run_count is 147629", "file": "remote_env_server.py", "line": "298", "module": "env", "process": "remote_env_server", "function": "run_once", "stack": "", "pid": 124}
{"time": "2026-04-18 12:14:28.476381", "level": "INFO", "message": "env env recv reset message", "file": "remote_env_server.py", "line": "282", "module": "env", "process": "remote_env_server", "function": "run_once", "stack": "", "pid": 124}
{"time": "2026-04-18 12:14:28.477599", "level": "INFO", "message": "env Select map in order: episode=182, map_id=3 from map_list=[1, 2, 3, 4, 5, 6, 7, 8, 9, 10]", "file": "data_handler.py", "line": "148", "module": "env", "process": "data_handler", "function": "handle_usr_conf", "stack": "", "pid": 124}
{"time": "2026-04-18 12:14:35.416634", "level": "INFO", "message": "env data_handler finish success", "file": "data_handler.py", "line": "189", "module": "env", "process": "data_handler", "function": "finish", "stack": "", "pid": 124}
{"time": "2026-04-18 12:14:35.417349", "level": "INFO", "message": "env env run once episode done, process_run_count is 148630", "file": "remote_env_server.py", "line": "298", "module": "env", "process": "remote_env_server", "function": "run_once", "stack": "", "pid": 124}
{"time": "2026-04-18 12:14:35.452964", "level": "INFO", "message": "env env recv reset message", "file": "remote_env_server.py", "line": "282", "module": "env", "process": "remote_env_server", "function": "run_once", "stack": "", "pid": 124}
{"time": "2026-04-18 12:14:35.453732", "level": "INFO", "message": "env Select map in order: episode=183, map_id=4 from map_list=[1, 2, 3, 4, 5, 6, 7, 8, 9, 10]", "file": "data_handler.py", "line": "148", "module": "env", "process": "data_handler", "function": "handle_usr_conf", "stack": "", "pid": 124}
{"time": "2026-04-18 12:14:38.049623", "level": "INFO", "message": "env finish monitor_data is {'total_score': 307, 'clean_score': 307, 'total_map': 10, 'map_random': 0, 'map_code': 4, 'max_steps': 1000, 'finished_steps': 354, 'total_charger': 4, 'charge_count': 3, 'remaining_charge': 192}", "file": "monitor_helper.py", "line": "95", "module": "env", "process": "monitor_helper", "function": "finish", "stack": "", "pid": 124}
{"time": "2026-04-18 12:14:38.050290", "level": "INFO", "message": "env data_handler finish success", "file": "data_handler.py", "line": "189", "module": "env", "process": "data_handler", "function": "finish", "stack": "", "pid": 124}
{"time": "2026-04-18 12:14:38.050816", "level": "INFO", "message": "env env run once episode done, process_run_count is 148985", "file": "remote_env_server.py", "line": "298", "module": "env", "process": "remote_env_server", "function": "run_once", "stack": "", "pid": 124}
{"time": "2026-04-18 12:14:38.068002", "level": "INFO", "message": "env env recv reset message", "file": "remote_env_server.py", "line": "282", "module": "env", "process": "remote_env_server", "function": "run_once", "stack": "", "pid": 124}
{"time": "2026-04-18 12:14:38.068577", "level": "INFO", "message": "env Select map in order: episode=184, map_id=5 from map_list=[1, 2, 3, 4, 5, 6, 7, 8, 9, 10]", "file": "data_handler.py", "line": "148", "module": "env", "process": "data_handler", "function": "handle_usr_conf", "stack": "", "pid": 124}
{"time": "2026-04-18 12:14:42.371920", "level": "INFO", "message": "env data_handler finish success", "file": "data_handler.py", "line": "189", "module": "env", "process": "data_handler", "function": "finish", "stack": "", "pid": 124}
{"time": "2026-04-18 12:14:42.372424", "level": "INFO", "message": "env env run once episode done, process_run_count is 149793", "file": "remote_env_server.py", "line": "298", "module": "env", "process": "remote_env_server", "function": "run_once", "stack": "", "pid": 124}
{"time": "2026-04-18 12:14:42.401088", "level": "INFO", "message": "env env recv reset message", "file": "remote_env_server.py", "line": "282", "module": "env", "process": "remote_env_server", "function": "run_once", "stack": "", "pid": 124}
{"time": "2026-04-18 12:14:42.401823", "level": "INFO", "message": "env Select map in order: episode=185, map_id=6 from map_list=[1, 2, 3, 4, 5, 6, 7, 8, 9, 10]", "file": "data_handler.py", "line": "148", "module": "env", "process": "data_handler", "function": "handle_usr_conf", "stack": "", "pid": 124}
{"time": "2026-04-18 12:14:48.678592", "level": "INFO", "message": "env data_handler finish success", "file": "data_handler.py", "line": "189", "module": "env", "process": "data_handler", "function": "finish", "stack": "", "pid": 124}
{"time": "2026-04-18 12:14:48.679137", "level": "INFO", "message": "env env run once episode done, process_run_count is 150660", "file": "remote_env_server.py", "line": "298", "module": "env", "process": "remote_env_server", "function": "run_once", "stack": "", "pid": 124}
{"time": "2026-04-18 12:14:48.715087", "level": "INFO", "message": "env env recv reset message", "file": "remote_env_server.py", "line": "282", "module": "env", "process": "remote_env_server", "function": "run_once", "stack": "", "pid": 124}
{"time": "2026-04-18 12:14:48.715791", "level": "INFO", "message": "env Select map in order: episode=186, map_id=7 from map_list=[1, 2, 3, 4, 5, 6, 7, 8, 9, 10]", "file": "data_handler.py", "line": "148", "module": "env", "process": "data_handler", "function": "handle_usr_conf", "stack": "", "pid": 124}
{"time": "2026-04-18 12:14:55.674217", "level": "INFO", "message": "env data_handler finish success", "file": "data_handler.py", "line": "189", "module": "env", "process": "data_handler", "function": "finish", "stack": "", "pid": 124}
{"time": "2026-04-18 12:14:55.674802", "level": "INFO", "message": "env env run once episode done, process_run_count is 151661", "file": "remote_env_server.py", "line": "298", "module": "env", "process": "remote_env_server", "function": "run_once", "stack": "", "pid": 124}
{"time": "2026-04-18 12:14:55.708568", "level": "INFO", "message": "env env recv reset message", "file": "remote_env_server.py", "line": "282", "module": "env", "process": "remote_env_server", "function": "run_once", "stack": "", "pid": 124}
{"time": "2026-04-18 12:14:55.709472", "level": "INFO", "message": "env Select map in order: episode=187, map_id=8 from map_list=[1, 2, 3, 4, 5, 6, 7, 8, 9, 10]", "file": "data_handler.py", "line": "148", "module": "env", "process": "data_handler", "function": "handle_usr_conf", "stack": "", "pid": 124}
{"time": "2026-04-18 12:14:57.218573", "level": "INFO", "message": "env data_handler finish success", "file": "data_handler.py", "line": "189", "module": "env", "process": "data_handler", "function": "finish", "stack": "", "pid": 124}
{"time": "2026-04-18 12:14:57.219428", "level": "INFO", "message": "env env run once episode done, process_run_count is 151862", "file": "remote_env_server.py", "line": "298", "module": "env", "process": "remote_env_server", "function": "run_once", "stack": "", "pid": 124}
{"time": "2026-04-18 12:14:57.229282", "level": "INFO", "message": "env env recv reset message", "file": "remote_env_server.py", "line": "282", "module": "env", "process": "remote_env_server", "function": "run_once", "stack": "", "pid": 124}
{"time": "2026-04-18 12:14:57.230367", "level": "INFO", "message": "env Select map in order: episode=188, map_id=9 from map_list=[1, 2, 3, 4, 5, 6, 7, 8, 9, 10]", "file": "data_handler.py", "line": "148", "module": "env", "process": "data_handler", "function": "handle_usr_conf", "stack": "", "pid": 124}
{"time": "2026-04-18 12:15:04.164649", "level": "INFO", "message": "env data_handler finish success", "file": "data_handler.py", "line": "189", "module": "env", "process": "data_handler", "function": "finish", "stack": "", "pid": 124}
{"time": "2026-04-18 12:15:04.165335", "level": "INFO", "message": "env env run once episode done, process_run_count is 152863", "file": "remote_env_server.py", "line": "298", "module": "env", "process": "remote_env_server", "function": "run_once", "stack": "", "pid": 124}
{"time": "2026-04-18 12:15:04.198528", "level": "INFO", "message": "env env recv reset message", "file": "remote_env_server.py", "line": "282", "module": "env", "process": "remote_env_server", "function": "run_once", "stack": "", "pid": 124}
{"time": "2026-04-18 12:15:04.199283", "level": "INFO", "message": "env Select map in order: episode=189, map_id=10 from map_list=[1, 2, 3, 4, 5, 6, 7, 8, 9, 10]", "file": "data_handler.py", "line": "148", "module": "env", "process": "data_handler", "function": "handle_usr_conf", "stack": "", "pid": 124}
{"time": "2026-04-18 12:15:10.485108", "level": "INFO", "message": "env data_handler finish success", "file": "data_handler.py", "line": "189", "module": "env", "process": "data_handler", "function": "finish", "stack": "", "pid": 124}
{"time": "2026-04-18 12:15:10.485733", "level": "INFO", "message": "env env run once episode done, process_run_count is 153864", "file": "remote_env_server.py", "line": "298", "module": "env", "process": "remote_env_server", "function": "run_once", "stack": "", "pid": 124}
{"time": "2026-04-18 12:15:10.526483", "level": "INFO", "message": "env env recv reset message", "file": "remote_env_server.py", "line": "282", "module": "env", "process": "remote_env_server", "function": "run_once", "stack": "", "pid": 124}
{"time": "2026-04-18 12:15:10.527216", "level": "INFO", "message": "env Select map in order: episode=190, map_id=1 from map_list=[1, 2, 3, 4, 5, 6, 7, 8, 9, 10]", "file": "data_handler.py", "line": "148", "module": "env", "process": "data_handler", "function": "handle_usr_conf", "stack": "", "pid": 124}
{"time": "2026-04-18 12:15:17.475345", "level": "INFO", "message": "env data_handler finish success", "file": "data_handler.py", "line": "189", "module": "env", "process": "data_handler", "function": "finish", "stack": "", "pid": 124}
{"time": "2026-04-18 12:15:17.476129", "level": "INFO", "message": "env env run once episode done, process_run_count is 154865", "file": "remote_env_server.py", "line": "298", "module": "env", "process": "remote_env_server", "function": "run_once", "stack": "", "pid": 124}
{"time": "2026-04-18 12:15:17.510591", "level": "INFO", "message": "env env recv reset message", "file": "remote_env_server.py", "line": "282", "module": "env", "process": "remote_env_server", "function": "run_once", "stack": "", "pid": 124}
{"time": "2026-04-18 12:15:17.511658", "level": "INFO", "message": "env Select map in order: episode=191, map_id=2 from map_list=[1, 2, 3, 4, 5, 6, 7, 8, 9, 10]", "file": "data_handler.py", "line": "148", "module": "env", "process": "data_handler", "function": "handle_usr_conf", "stack": "", "pid": 124}
{"time": "2026-04-18 12:15:22.253642", "level": "INFO", "message": "env data_handler finish success", "file": "data_handler.py", "line": "189", "module": "env", "process": "data_handler", "function": "finish", "stack": "", "pid": 124}
{"time": "2026-04-18 12:15:22.254293", "level": "INFO", "message": "env env run once episode done, process_run_count is 155541", "file": "remote_env_server.py", "line": "298", "module": "env", "process": "remote_env_server", "function": "run_once", "stack": "", "pid": 124}
{"time": "2026-04-18 12:15:22.281141", "level": "INFO", "message": "env env recv reset message", "file": "remote_env_server.py", "line": "282", "module": "env", "process": "remote_env_server", "function": "run_once", "stack": "", "pid": 124}
{"time": "2026-04-18 12:15:22.281959", "level": "INFO", "message": "env Select map in order: episode=192, map_id=3 from map_list=[1, 2, 3, 4, 5, 6, 7, 8, 9, 10]", "file": "data_handler.py", "line": "148", "module": "env", "process": "data_handler", "function": "handle_usr_conf", "stack": "", "pid": 124}
{"time": "2026-04-18 12:15:29.264373", "level": "INFO", "message": "env data_handler finish success", "file": "data_handler.py", "line": "189", "module": "env", "process": "data_handler", "function": "finish", "stack": "", "pid": 124}
{"time": "2026-04-18 12:15:29.264944", "level": "INFO", "message": "env env run once episode done, process_run_count is 156542", "file": "remote_env_server.py", "line": "298", "module": "env", "process": "remote_env_server", "function": "run_once", "stack": "", "pid": 124}
{"time": "2026-04-18 12:15:29.300829", "level": "INFO", "message": "env env recv reset message", "file": "remote_env_server.py", "line": "282", "module": "env", "process": "remote_env_server", "function": "run_once", "stack": "", "pid": 124}
{"time": "2026-04-18 12:15:29.301516", "level": "INFO", "message": "env Select map in order: episode=193, map_id=4 from map_list=[1, 2, 3, 4, 5, 6, 7, 8, 9, 10]", "file": "data_handler.py", "line": "148", "module": "env", "process": "data_handler", "function": "handle_usr_conf", "stack": "", "pid": 124}
{"time": "2026-04-18 12:15:32.293606", "level": "INFO", "message": "env data_handler finish success", "file": "data_handler.py", "line": "189", "module": "env", "process": "data_handler", "function": "finish", "stack": "", "pid": 124}
{"time": "2026-04-18 12:15:32.294297", "level": "INFO", "message": "env env run once episode done, process_run_count is 156959", "file": "remote_env_server.py", "line": "298", "module": "env", "process": "remote_env_server", "function": "run_once", "stack": "", "pid": 124}
{"time": "2026-04-18 12:15:32.312100", "level": "INFO", "message": "env env recv reset message", "file": "remote_env_server.py", "line": "282", "module": "env", "process": "remote_env_server", "function": "run_once", "stack": "", "pid": 124}
{"time": "2026-04-18 12:15:32.312997", "level": "INFO", "message": "env Select map in order: episode=194, map_id=5 from map_list=[1, 2, 3, 4, 5, 6, 7, 8, 9, 10]", "file": "data_handler.py", "line": "148", "module": "env", "process": "data_handler", "function": "handle_usr_conf", "stack": "", "pid": 124}
{"time": "2026-04-18 12:15:33.797870", "level": "INFO", "message": "env data_handler finish success", "file": "data_handler.py", "line": "189", "module": "env", "process": "data_handler", "function": "finish", "stack": "", "pid": 124}
{"time": "2026-04-18 12:15:33.803051", "level": "INFO", "message": "env env run once episode done, process_run_count is 157160", "file": "remote_env_server.py", "line": "298", "module": "env", "process": "remote_env_server", "function": "run_once", "stack": "", "pid": 124}
{"time": "2026-04-18 12:15:33.806886", "level": "INFO", "message": "env env recv reset message", "file": "remote_env_server.py", "line": "282", "module": "env", "process": "remote_env_server", "function": "run_once", "stack": "", "pid": 124}
{"time": "2026-04-18 12:15:33.808933", "level": "INFO", "message": "env Select map in order: episode=195, map_id=6 from map_list=[1, 2, 3, 4, 5, 6, 7, 8, 9, 10]", "file": "data_handler.py", "line": "148", "module": "env", "process": "data_handler", "function": "handle_usr_conf", "stack": "", "pid": 124}
{"time": "2026-04-18 12:15:39.342543", "level": "INFO", "message": "env finish monitor_data is {'total_score': 818, 'clean_score': 818, 'total_map': 10, 'map_random': 0, 'map_code': 6, 'max_steps': 1000, 'finished_steps': 951, 'total_charger': 4, 'charge_count': 7, 'remaining_charge': 0}", "file": "monitor_helper.py", "line": "95", "module": "env", "process": "monitor_helper", "function": "finish", "stack": "", "pid": 124}
{"time": "2026-04-18 12:15:39.343091", "level": "INFO", "message": "env data_handler finish success", "file": "data_handler.py", "line": "189", "module": "env", "process": "data_handler", "function": "finish", "stack": "", "pid": 124}
{"time": "2026-04-18 12:15:39.343561", "level": "INFO", "message": "env env run once episode done, process_run_count is 158112", "file": "remote_env_server.py", "line": "298", "module": "env", "process": "remote_env_server", "function": "run_once", "stack": "", "pid": 124}
{"time": "2026-04-18 12:15:39.380218", "level": "INFO", "message": "env env recv reset message", "file": "remote_env_server.py", "line": "282", "module": "env", "process": "remote_env_server", "function": "run_once", "stack": "", "pid": 124}
{"time": "2026-04-18 12:15:39.380853", "level": "INFO", "message": "env Select map in order: episode=196, map_id=7 from map_list=[1, 2, 3, 4, 5, 6, 7, 8, 9, 10]", "file": "data_handler.py", "line": "148", "module": "env", "process": "data_handler", "function": "handle_usr_conf", "stack": "", "pid": 124}
{"time": "2026-04-18 12:15:40.876497", "level": "INFO", "message": "env data_handler finish success", "file": "data_handler.py", "line": "189", "module": "env", "process": "data_handler", "function": "finish", "stack": "", "pid": 124}
{"time": "2026-04-18 12:15:40.879792", "level": "INFO", "message": "env env run once episode done, process_run_count is 158313", "file": "remote_env_server.py", "line": "298", "module": "env", "process": "remote_env_server", "function": "run_once", "stack": "", "pid": 124}
{"time": "2026-04-18 12:15:40.888488", "level": "INFO", "message": "env env recv reset message", "file": "remote_env_server.py", "line": "282", "module": "env", "process": "remote_env_server", "function": "run_once", "stack": "", "pid": 124}
{"time": "2026-04-18 12:15:40.889313", "level": "INFO", "message": "env Select map in order: episode=197, map_id=8 from map_list=[1, 2, 3, 4, 5, 6, 7, 8, 9, 10]", "file": "data_handler.py", "line": "148", "module": "env", "process": "data_handler", "function": "handle_usr_conf", "stack": "", "pid": 124}
{"time": "2026-04-18 12:15:45.202411", "level": "INFO", "message": "env data_handler finish success", "file": "data_handler.py", "line": "189", "module": "env", "process": "data_handler", "function": "finish", "stack": "", "pid": 124}
{"time": "2026-04-18 12:15:45.202925", "level": "INFO", "message": "env env run once episode done, process_run_count is 158920", "file": "remote_env_server.py", "line": "298", "module": "env", "process": "remote_env_server", "function": "run_once", "stack": "", "pid": 124}
{"time": "2026-04-18 12:15:45.229407", "level": "INFO", "message": "env env recv reset message", "file": "remote_env_server.py", "line": "282", "module": "env", "process": "remote_env_server", "function": "run_once", "stack": "", "pid": 124}
{"time": "2026-04-18 12:15:45.230282", "level": "INFO", "message": "env Select map in order: episode=198, map_id=9 from map_list=[1, 2, 3, 4, 5, 6, 7, 8, 9, 10]", "file": "data_handler.py", "line": "148", "module": "env", "process": "data_handler", "function": "handle_usr_conf", "stack": "", "pid": 124}
{"time": "2026-04-18 12:15:51.001199", "level": "INFO", "message": "env data_handler finish success", "file": "data_handler.py", "line": "189", "module": "env", "process": "data_handler", "function": "finish", "stack": "", "pid": 124}
{"time": "2026-04-18 12:15:51.001916", "level": "INFO", "message": "env env run once episode done, process_run_count is 159740", "file": "remote_env_server.py", "line": "298", "module": "env", "process": "remote_env_server", "function": "run_once", "stack": "", "pid": 124}
{"time": "2026-04-18 12:15:51.031364", "level": "INFO", "message": "env env recv reset message", "file": "remote_env_server.py", "line": "282", "module": "env", "process": "remote_env_server", "function": "run_once", "stack": "", "pid": 124}
{"time": "2026-04-18 12:15:51.032022", "level": "INFO", "message": "env Select map in order: episode=199, map_id=10 from map_list=[1, 2, 3, 4, 5, 6, 7, 8, 9, 10]", "file": "data_handler.py", "line": "148", "module": "env", "process": "data_handler", "function": "handle_usr_conf", "stack": "", "pid": 124}
{"time": "2026-04-18 12:15:57.842724", "level": "INFO", "message": "env data_handler finish success", "file": "data_handler.py", "line": "189", "module": "env", "process": "data_handler", "function": "finish", "stack": "", "pid": 124}
{"time": "2026-04-18 12:15:57.843355", "level": "INFO", "message": "env env run once episode done, process_run_count is 160741", "file": "remote_env_server.py", "line": "298", "module": "env", "process": "remote_env_server", "function": "run_once", "stack": "", "pid": 124}
{"time": "2026-04-18 12:15:57.876575", "level": "INFO", "message": "env env recv reset message", "file": "remote_env_server.py", "line": "282", "module": "env", "process": "remote_env_server", "function": "run_once", "stack": "", "pid": 124}
{"time": "2026-04-18 12:15:57.877232", "level": "INFO", "message": "env Select map in order: episode=200, map_id=1 from map_list=[1, 2, 3, 4, 5, 6, 7, 8, 9, 10]", "file": "data_handler.py", "line": "148", "module": "env", "process": "data_handler", "function": "handle_usr_conf", "stack": "", "pid": 124}
{"time": "2026-04-18 12:16:04.339355", "level": "INFO", "message": "env data_handler finish success", "file": "data_handler.py", "line": "189", "module": "env", "process": "data_handler", "function": "finish", "stack": "", "pid": 124}
{"time": "2026-04-18 12:16:04.340301", "level": "INFO", "message": "env env run once episode done, process_run_count is 161742", "file": "remote_env_server.py", "line": "298", "module": "env", "process": "remote_env_server", "function": "run_once", "stack": "", "pid": 124}
{"time": "2026-04-18 12:16:04.374560", "level": "INFO", "message": "env env recv reset message", "file": "remote_env_server.py", "line": "282", "module": "env", "process": "remote_env_server", "function": "run_once", "stack": "", "pid": 124}
{"time": "2026-04-18 12:16:04.375177", "level": "INFO", "message": "env Select map in order: episode=201, map_id=2 from map_list=[1, 2, 3, 4, 5, 6, 7, 8, 9, 10]", "file": "data_handler.py", "line": "148", "module": "env", "process": "data_handler", "function": "handle_usr_conf", "stack": "", "pid": 124}
{"time": "2026-04-18 12:16:09.911428", "level": "INFO", "message": "env data_handler finish success", "file": "data_handler.py", "line": "189", "module": "env", "process": "data_handler", "function": "finish", "stack": "", "pid": 124}
{"time": "2026-04-18 12:16:09.911891", "level": "INFO", "message": "env env run once episode done, process_run_count is 162743", "file": "remote_env_server.py", "line": "298", "module": "env", "process": "remote_env_server", "function": "run_once", "stack": "", "pid": 124}
{"time": "2026-04-18 12:16:09.948080", "level": "INFO", "message": "env env recv reset message", "file": "remote_env_server.py", "line": "282", "module": "env", "process": "remote_env_server", "function": "run_once", "stack": "", "pid": 124}
{"time": "2026-04-18 12:16:09.949052", "level": "INFO", "message": "env Select map in order: episode=202, map_id=3 from map_list=[1, 2, 3, 4, 5, 6, 7, 8, 9, 10]", "file": "data_handler.py", "line": "148", "module": "env", "process": "data_handler", "function": "handle_usr_conf", "stack": "", "pid": 124}
{"time": "2026-04-18 12:16:16.514864", "level": "INFO", "message": "env data_handler finish success", "file": "data_handler.py", "line": "189", "module": "env", "process": "data_handler", "function": "finish", "stack": "", "pid": 124}
{"time": "2026-04-18 12:16:16.515409", "level": "INFO", "message": "env env run once episode done, process_run_count is 163744", "file": "remote_env_server.py", "line": "298", "module": "env", "process": "remote_env_server", "function": "run_once", "stack": "", "pid": 124}
{"time": "2026-04-18 12:16:16.556157", "level": "INFO", "message": "env env recv reset message", "file": "remote_env_server.py", "line": "282", "module": "env", "process": "remote_env_server", "function": "run_once", "stack": "", "pid": 124}
{"time": "2026-04-18 12:16:16.556831", "level": "INFO", "message": "env Select map in order: episode=203, map_id=4 from map_list=[1, 2, 3, 4, 5, 6, 7, 8, 9, 10]", "file": "data_handler.py", "line": "148", "module": "env", "process": "data_handler", "function": "handle_usr_conf", "stack": "", "pid": 124}
{"time": "2026-04-18 12:16:23.123455", "level": "INFO", "message": "env data_handler finish success", "file": "data_handler.py", "line": "189", "module": "env", "process": "data_handler", "function": "finish", "stack": "", "pid": 124}
{"time": "2026-04-18 12:16:23.128654", "level": "INFO", "message": "env env run once episode done, process_run_count is 164745", "file": "remote_env_server.py", "line": "298", "module": "env", "process": "remote_env_server", "function": "run_once", "stack": "", "pid": 124}
{"time": "2026-04-18 12:16:23.160716", "level": "INFO", "message": "env env recv reset message", "file": "remote_env_server.py", "line": "282", "module": "env", "process": "remote_env_server", "function": "run_once", "stack": "", "pid": 124}
{"time": "2026-04-18 12:16:23.161254", "level": "INFO", "message": "env Select map in order: episode=204, map_id=5 from map_list=[1, 2, 3, 4, 5, 6, 7, 8, 9, 10]", "file": "data_handler.py", "line": "148", "module": "env", "process": "data_handler", "function": "handle_usr_conf", "stack": "", "pid": 124}
{"time": "2026-04-18 12:16:29.644224", "level": "INFO", "message": "env data_handler finish success", "file": "data_handler.py", "line": "189", "module": "env", "process": "data_handler", "function": "finish", "stack": "", "pid": 124}
{"time": "2026-04-18 12:16:29.644936", "level": "INFO", "message": "env env run once episode done, process_run_count is 165746", "file": "remote_env_server.py", "line": "298", "module": "env", "process": "remote_env_server", "function": "run_once", "stack": "", "pid": 124}
{"time": "2026-04-18 12:16:29.679048", "level": "INFO", "message": "env env recv reset message", "file": "remote_env_server.py", "line": "282", "module": "env", "process": "remote_env_server", "function": "run_once", "stack": "", "pid": 124}
{"time": "2026-04-18 12:16:29.679571", "level": "INFO", "message": "env Select map in order: episode=205, map_id=6 from map_list=[1, 2, 3, 4, 5, 6, 7, 8, 9, 10]", "file": "data_handler.py", "line": "148", "module": "env", "process": "data_handler", "function": "handle_usr_conf", "stack": "", "pid": 124}
{"time": "2026-04-18 12:16:34.715765", "level": "INFO", "message": "env data_handler finish success", "file": "data_handler.py", "line": "189", "module": "env", "process": "data_handler", "function": "finish", "stack": "", "pid": 124}
{"time": "2026-04-18 12:16:34.716350", "level": "INFO", "message": "env env run once episode done, process_run_count is 166514", "file": "remote_env_server.py", "line": "298", "module": "env", "process": "remote_env_server", "function": "run_once", "stack": "", "pid": 124}
{"time": "2026-04-18 12:16:34.742315", "level": "INFO", "message": "env env recv reset message", "file": "remote_env_server.py", "line": "282", "module": "env", "process": "remote_env_server", "function": "run_once", "stack": "", "pid": 124}
{"time": "2026-04-18 12:16:34.742969", "level": "INFO", "message": "env Select map in order: episode=206, map_id=7 from map_list=[1, 2, 3, 4, 5, 6, 7, 8, 9, 10]", "file": "data_handler.py", "line": "148", "module": "env", "process": "data_handler", "function": "handle_usr_conf", "stack": "", "pid": 124}
{"time": "2026-04-18 12:16:37.036809", "level": "INFO", "message": "env data_handler finish success", "file": "data_handler.py", "line": "189", "module": "env", "process": "data_handler", "function": "finish", "stack": "", "pid": 124}
{"time": "2026-04-18 12:16:37.037288", "level": "INFO", "message": "env env run once episode done, process_run_count is 167000", "file": "remote_env_server.py", "line": "298", "module": "env", "process": "remote_env_server", "function": "run_once", "stack": "", "pid": 124}
{"time": "2026-04-18 12:16:37.060363", "level": "INFO", "message": "env env recv reset message", "file": "remote_env_server.py", "line": "282", "module": "env", "process": "remote_env_server", "function": "run_once", "stack": "", "pid": 124}
{"time": "2026-04-18 12:16:37.061222", "level": "INFO", "message": "env Select map in order: episode=207, map_id=8 from map_list=[1, 2, 3, 4, 5, 6, 7, 8, 9, 10]", "file": "data_handler.py", "line": "148", "module": "env", "process": "data_handler", "function": "handle_usr_conf", "stack": "", "pid": 124}
{"time": "2026-04-18 12:16:43.760266", "level": "INFO", "message": "env finish monitor_data is {'total_score': 885, 'clean_score': 885, 'total_map': 10, 'map_random': 0, 'map_code': 8, 'max_steps': 1000, 'finished_steps': 1000, 'total_charger': 4, 'charge_count': 10, 'remaining_charge': 182}", "file": "monitor_helper.py", "line": "95", "module": "env", "process": "monitor_helper", "function": "finish", "stack": "", "pid": 124}
{"time": "2026-04-18 12:16:43.761302", "level": "INFO", "message": "env data_handler finish success", "file": "data_handler.py", "line": "189", "module": "env", "process": "data_handler", "function": "finish", "stack": "", "pid": 124}
{"time": "2026-04-18 12:16:43.761936", "level": "INFO", "message": "env env run once episode done, process_run_count is 168001", "file": "remote_env_server.py", "line": "298", "module": "env", "process": "remote_env_server", "function": "run_once", "stack": "", "pid": 124}
{"time": "2026-04-18 12:16:43.799954", "level": "INFO", "message": "env env recv reset message", "file": "remote_env_server.py", "line": "282", "module": "env", "process": "remote_env_server", "function": "run_once", "stack": "", "pid": 124}
{"time": "2026-04-18 12:16:43.800756", "level": "INFO", "message": "env Select map in order: episode=208, map_id=9 from map_list=[1, 2, 3, 4, 5, 6, 7, 8, 9, 10]", "file": "data_handler.py", "line": "148", "module": "env", "process": "data_handler", "function": "handle_usr_conf", "stack": "", "pid": 124}
{"time": "2026-04-18 12:16:50.396316", "level": "INFO", "message": "env data_handler finish success", "file": "data_handler.py", "line": "189", "module": "env", "process": "data_handler", "function": "finish", "stack": "", "pid": 124}
{"time": "2026-04-18 12:16:50.396870", "level": "INFO", "message": "env env run once episode done, process_run_count is 169002", "file": "remote_env_server.py", "line": "298", "module": "env", "process": "remote_env_server", "function": "run_once", "stack": "", "pid": 124}
{"time": "2026-04-18 12:16:50.445346", "level": "INFO", "message": "env env recv reset message", "file": "remote_env_server.py", "line": "282", "module": "env", "process": "remote_env_server", "function": "run_once", "stack": "", "pid": 124}
{"time": "2026-04-18 12:16:50.445975", "level": "INFO", "message": "env Select map in order: episode=209, map_id=10 from map_list=[1, 2, 3, 4, 5, 6, 7, 8, 9, 10]", "file": "data_handler.py", "line": "148", "module": "env", "process": "data_handler", "function": "handle_usr_conf", "stack": "", "pid": 124}
{"time": "2026-04-18 12:16:57.022436", "level": "INFO", "message": "env data_handler finish success", "file": "data_handler.py", "line": "189", "module": "env", "process": "data_handler", "function": "finish", "stack": "", "pid": 124}
{"time": "2026-04-18 12:16:57.022953", "level": "INFO", "message": "env env run once episode done, process_run_count is 170003", "file": "remote_env_server.py", "line": "298", "module": "env", "process": "remote_env_server", "function": "run_once", "stack": "", "pid": 124}
{"time": "2026-04-18 12:16:57.060382", "level": "INFO", "message": "env env recv reset message", "file": "remote_env_server.py", "line": "282", "module": "env", "process": "remote_env_server", "function": "run_once", "stack": "", "pid": 124}
{"time": "2026-04-18 12:16:57.061327", "level": "INFO", "message": "env Select map in order: episode=210, map_id=1 from map_list=[1, 2, 3, 4, 5, 6, 7, 8, 9, 10]", "file": "data_handler.py", "line": "148", "module": "env", "process": "data_handler", "function": "handle_usr_conf", "stack": "", "pid": 124}
{"time": "2026-04-18 12:17:03.558147", "level": "INFO", "message": "env data_handler finish success", "file": "data_handler.py", "line": "189", "module": "env", "process": "data_handler", "function": "finish", "stack": "", "pid": 124}
{"time": "2026-04-18 12:17:03.558670", "level": "INFO", "message": "env env run once episode done, process_run_count is 171004", "file": "remote_env_server.py", "line": "298", "module": "env", "process": "remote_env_server", "function": "run_once", "stack": "", "pid": 124}
{"time": "2026-04-18 12:17:03.593175", "level": "INFO", "message": "env env recv reset message", "file": "remote_env_server.py", "line": "282", "module": "env", "process": "remote_env_server", "function": "run_once", "stack": "", "pid": 124}
{"time": "2026-04-18 12:17:03.593681", "level": "INFO", "message": "env Select map in order: episode=211, map_id=2 from map_list=[1, 2, 3, 4, 5, 6, 7, 8, 9, 10]", "file": "data_handler.py", "line": "148", "module": "env", "process": "data_handler", "function": "handle_usr_conf", "stack": "", "pid": 124}
{"time": "2026-04-18 12:17:09.091229", "level": "INFO", "message": "env data_handler finish success", "file": "data_handler.py", "line": "189", "module": "env", "process": "data_handler", "function": "finish", "stack": "", "pid": 124}
{"time": "2026-04-18 12:17:09.091867", "level": "INFO", "message": "env env run once episode done, process_run_count is 172005", "file": "remote_env_server.py", "line": "298", "module": "env", "process": "remote_env_server", "function": "run_once", "stack": "", "pid": 124}
{"time": "2026-04-18 12:17:09.124255", "level": "INFO", "message": "env env recv reset message", "file": "remote_env_server.py", "line": "282", "module": "env", "process": "remote_env_server", "function": "run_once", "stack": "", "pid": 124}
{"time": "2026-04-18 12:17:09.125215", "level": "INFO", "message": "env Select map in order: episode=212, map_id=3 from map_list=[1, 2, 3, 4, 5, 6, 7, 8, 9, 10]", "file": "data_handler.py", "line": "148", "module": "env", "process": "data_handler", "function": "handle_usr_conf", "stack": "", "pid": 124}
{"time": "2026-04-18 12:17:10.219746", "level": "INFO", "message": "env data_handler finish success", "file": "data_handler.py", "line": "189", "module": "env", "process": "data_handler", "function": "finish", "stack": "", "pid": 124}
{"time": "2026-04-18 12:17:10.220477", "level": "INFO", "message": "env env run once episode done, process_run_count is 172155", "file": "remote_env_server.py", "line": "298", "module": "env", "process": "remote_env_server", "function": "run_once", "stack": "", "pid": 124}
{"time": "2026-04-18 12:17:10.227051", "level": "INFO", "message": "env env recv reset message", "file": "remote_env_server.py", "line": "282", "module": "env", "process": "remote_env_server", "function": "run_once", "stack": "", "pid": 124}
{"time": "2026-04-18 12:17:10.227702", "level": "INFO", "message": "env Select map in order: episode=213, map_id=4 from map_list=[1, 2, 3, 4, 5, 6, 7, 8, 9, 10]", "file": "data_handler.py", "line": "148", "module": "env", "process": "data_handler", "function": "handle_usr_conf", "stack": "", "pid": 124}
{"time": "2026-04-18 12:17:16.056131", "level": "INFO", "message": "env data_handler finish success", "file": "data_handler.py", "line": "189", "module": "env", "process": "data_handler", "function": "finish", "stack": "", "pid": 124}
{"time": "2026-04-18 12:17:16.056700", "level": "INFO", "message": "env env run once episode done, process_run_count is 173032", "file": "remote_env_server.py", "line": "298", "module": "env", "process": "remote_env_server", "function": "run_once", "stack": "", "pid": 124}
{"time": "2026-04-18 12:17:16.087704", "level": "INFO", "message": "env env recv reset message", "file": "remote_env_server.py", "line": "282", "module": "env", "process": "remote_env_server", "function": "run_once", "stack": "", "pid": 124}
{"time": "2026-04-18 12:17:16.088382", "level": "INFO", "message": "env Select map in order: episode=214, map_id=5 from map_list=[1, 2, 3, 4, 5, 6, 7, 8, 9, 10]", "file": "data_handler.py", "line": "148", "module": "env", "process": "data_handler", "function": "handle_usr_conf", "stack": "", "pid": 124}
{"time": "2026-04-18 12:17:19.800500", "level": "INFO", "message": "env data_handler finish success", "file": "data_handler.py", "line": "189", "module": "env", "process": "data_handler", "function": "finish", "stack": "", "pid": 124}
{"time": "2026-04-18 12:17:19.801470", "level": "INFO", "message": "env env run once episode done, process_run_count is 173576", "file": "remote_env_server.py", "line": "298", "module": "env", "process": "remote_env_server", "function": "run_once", "stack": "", "pid": 124}
{"time": "2026-04-18 12:17:19.825641", "level": "INFO", "message": "env env recv reset message", "file": "remote_env_server.py", "line": "282", "module": "env", "process": "remote_env_server", "function": "run_once", "stack": "", "pid": 124}
{"time": "2026-04-18 12:17:19.826323", "level": "INFO", "message": "env Select map in order: episode=215, map_id=6 from map_list=[1, 2, 3, 4, 5, 6, 7, 8, 9, 10]", "file": "data_handler.py", "line": "148", "module": "env", "process": "data_handler", "function": "handle_usr_conf", "stack": "", "pid": 124}
{"time": "2026-04-18 12:17:21.292532", "level": "INFO", "message": "env data_handler finish success", "file": "data_handler.py", "line": "189", "module": "env", "process": "data_handler", "function": "finish", "stack": "", "pid": 124}
{"time": "2026-04-18 12:17:21.293008", "level": "INFO", "message": "env env run once episode done, process_run_count is 173777", "file": "remote_env_server.py", "line": "298", "module": "env", "process": "remote_env_server", "function": "run_once", "stack": "", "pid": 124}
{"time": "2026-04-18 12:17:21.303374", "level": "INFO", "message": "env env recv reset message", "file": "remote_env_server.py", "line": "282", "module": "env", "process": "remote_env_server", "function": "run_once", "stack": "", "pid": 124}
{"time": "2026-04-18 12:17:21.304177", "level": "INFO", "message": "env Select map in order: episode=216, map_id=7 from map_list=[1, 2, 3, 4, 5, 6, 7, 8, 9, 10]", "file": "data_handler.py", "line": "148", "module": "env", "process": "data_handler", "function": "handle_usr_conf", "stack": "", "pid": 124}
{"time": "2026-04-18 12:17:27.438030", "level": "INFO", "message": "env data_handler finish success", "file": "data_handler.py", "line": "189", "module": "env", "process": "data_handler", "function": "finish", "stack": "", "pid": 124}
{"time": "2026-04-18 12:17:27.438677", "level": "INFO", "message": "env env run once episode done, process_run_count is 174714", "file": "remote_env_server.py", "line": "298", "module": "env", "process": "remote_env_server", "function": "run_once", "stack": "", "pid": 124}
{"time": "2026-04-18 12:17:27.472795", "level": "INFO", "message": "env env recv reset message", "file": "remote_env_server.py", "line": "282", "module": "env", "process": "remote_env_server", "function": "run_once", "stack": "", "pid": 124}
{"time": "2026-04-18 12:17:27.473617", "level": "INFO", "message": "env Select map in order: episode=217, map_id=8 from map_list=[1, 2, 3, 4, 5, 6, 7, 8, 9, 10]", "file": "data_handler.py", "line": "148", "module": "env", "process": "data_handler", "function": "handle_usr_conf", "stack": "", "pid": 124}
{"time": "2026-04-18 12:17:29.615022", "level": "INFO", "message": "env data_handler finish success", "file": "data_handler.py", "line": "189", "module": "env", "process": "data_handler", "function": "finish", "stack": "", "pid": 124}
{"time": "2026-04-18 12:17:29.616940", "level": "INFO", "message": "env env run once episode done, process_run_count is 175032", "file": "remote_env_server.py", "line": "298", "module": "env", "process": "remote_env_server", "function": "run_once", "stack": "", "pid": 124}
{"time": "2026-04-18 12:17:29.627649", "level": "INFO", "message": "env env recv reset message", "file": "remote_env_server.py", "line": "282", "module": "env", "process": "remote_env_server", "function": "run_once", "stack": "", "pid": 124}
{"time": "2026-04-18 12:17:29.628438", "level": "INFO", "message": "env Select map in order: episode=218, map_id=9 from map_list=[1, 2, 3, 4, 5, 6, 7, 8, 9, 10]", "file": "data_handler.py", "line": "148", "module": "env", "process": "data_handler", "function": "handle_usr_conf", "stack": "", "pid": 124}
{"time": "2026-04-18 12:17:35.185101", "level": "INFO", "message": "env data_handler finish success", "file": "data_handler.py", "line": "189", "module": "env", "process": "data_handler", "function": "finish", "stack": "", "pid": 124}
{"time": "2026-04-18 12:17:35.185757", "level": "INFO", "message": "env env run once episode done, process_run_count is 176033", "file": "remote_env_server.py", "line": "298", "module": "env", "process": "remote_env_server", "function": "run_once", "stack": "", "pid": 124}
{"time": "2026-04-18 12:17:35.218524", "level": "INFO", "message": "env env recv reset message", "file": "remote_env_server.py", "line": "282", "module": "env", "process": "remote_env_server", "function": "run_once", "stack": "", "pid": 124}
{"time": "2026-04-18 12:17:35.219383", "level": "INFO", "message": "env Select map in order: episode=219, map_id=10 from map_list=[1, 2, 3, 4, 5, 6, 7, 8, 9, 10]", "file": "data_handler.py", "line": "148", "module": "env", "process": "data_handler", "function": "handle_usr_conf", "stack": "", "pid": 124}
{"time": "2026-04-18 12:17:36.820219", "level": "INFO", "message": "env data_handler finish success", "file": "data_handler.py", "line": "189", "module": "env", "process": "data_handler", "function": "finish", "stack": "", "pid": 124}
{"time": "2026-04-18 12:17:36.820784", "level": "INFO", "message": "env env run once episode done, process_run_count is 176258", "file": "remote_env_server.py", "line": "298", "module": "env", "process": "remote_env_server", "function": "run_once", "stack": "", "pid": 124}
{"time": "2026-04-18 12:17:36.831294", "level": "INFO", "message": "env env recv reset message", "file": "remote_env_server.py", "line": "282", "module": "env", "process": "remote_env_server", "function": "run_once", "stack": "", "pid": 124}
{"time": "2026-04-18 12:17:36.832000", "level": "INFO", "message": "env Select map in order: episode=220, map_id=1 from map_list=[1, 2, 3, 4, 5, 6, 7, 8, 9, 10]", "file": "data_handler.py", "line": "148", "module": "env", "process": "data_handler", "function": "handle_usr_conf", "stack": "", "pid": 124}
{"time": "2026-04-18 12:17:43.441993", "level": "INFO", "message": "env data_handler finish success", "file": "data_handler.py", "line": "189", "module": "env", "process": "data_handler", "function": "finish", "stack": "", "pid": 124}
{"time": "2026-04-18 12:17:43.442442", "level": "INFO", "message": "env env run once episode done, process_run_count is 177259", "file": "remote_env_server.py", "line": "298", "module": "env", "process": "remote_env_server", "function": "run_once", "stack": "", "pid": 124}
{"time": "2026-04-18 12:17:43.478371", "level": "INFO", "message": "env env recv reset message", "file": "remote_env_server.py", "line": "282", "module": "env", "process": "remote_env_server", "function": "run_once", "stack": "", "pid": 124}
{"time": "2026-04-18 12:17:43.479007", "level": "INFO", "message": "env Select map in order: episode=221, map_id=2 from map_list=[1, 2, 3, 4, 5, 6, 7, 8, 9, 10]", "file": "data_handler.py", "line": "148", "module": "env", "process": "data_handler", "function": "handle_usr_conf", "stack": "", "pid": 124}
{"time": "2026-04-18 12:17:49.997324", "level": "INFO", "message": "env finish monitor_data is {'total_score': 820, 'clean_score': 820, 'total_map': 10, 'map_random': 0, 'map_code': 2, 'max_steps': 1000, 'finished_steps': 1000, 'total_charger': 4, 'charge_count': 8, 'remaining_charge': 140}", "file": "monitor_helper.py", "line": "95", "module": "env", "process": "monitor_helper", "function": "finish", "stack": "", "pid": 124}
{"time": "2026-04-18 12:17:49.998154", "level": "INFO", "message": "env data_handler finish success", "file": "data_handler.py", "line": "189", "module": "env", "process": "data_handler", "function": "finish", "stack": "", "pid": 124}
{"time": "2026-04-18 12:17:49.998744", "level": "INFO", "message": "env env run once episode done, process_run_count is 178260", "file": "remote_env_server.py", "line": "298", "module": "env", "process": "remote_env_server", "function": "run_once", "stack": "", "pid": 124}
{"time": "2026-04-18 12:17:50.035760", "level": "INFO", "message": "env env recv reset message", "file": "remote_env_server.py", "line": "282", "module": "env", "process": "remote_env_server", "function": "run_once", "stack": "", "pid": 124}
{"time": "2026-04-18 12:17:50.036803", "level": "INFO", "message": "env Select map in order: episode=222, map_id=3 from map_list=[1, 2, 3, 4, 5, 6, 7, 8, 9, 10]", "file": "data_handler.py", "line": "148", "module": "env", "process": "data_handler", "function": "handle_usr_conf", "stack": "", "pid": 124}
{"time": "2026-04-18 12:17:56.482034", "level": "INFO", "message": "env data_handler finish success", "file": "data_handler.py", "line": "189", "module": "env", "process": "data_handler", "function": "finish", "stack": "", "pid": 124}
{"time": "2026-04-18 12:17:56.482563", "level": "INFO", "message": "env env run once episode done, process_run_count is 179261", "file": "remote_env_server.py", "line": "298", "module": "env", "process": "remote_env_server", "function": "run_once", "stack": "", "pid": 124}
{"time": "2026-04-18 12:17:56.516208", "level": "INFO", "message": "env env recv reset message", "file": "remote_env_server.py", "line": "282", "module": "env", "process": "remote_env_server", "function": "run_once", "stack": "", "pid": 124}
{"time": "2026-04-18 12:17:56.516862", "level": "INFO", "message": "env Select map in order: episode=223, map_id=4 from map_list=[1, 2, 3, 4, 5, 6, 7, 8, 9, 10]", "file": "data_handler.py", "line": "148", "module": "env", "process": "data_handler", "function": "handle_usr_conf", "stack": "", "pid": 124}
{"time": "2026-04-18 12:18:01.078343", "level": "INFO", "message": "env data_handler finish success", "file": "data_handler.py", "line": "189", "module": "env", "process": "data_handler", "function": "finish", "stack": "", "pid": 124}
{"time": "2026-04-18 12:18:01.078866", "level": "INFO", "message": "env env run once episode done, process_run_count is 179942", "file": "remote_env_server.py", "line": "298", "module": "env", "process": "remote_env_server", "function": "run_once", "stack": "", "pid": 124}
{"time": "2026-04-18 12:18:01.105813", "level": "INFO", "message": "env env recv reset message", "file": "remote_env_server.py", "line": "282", "module": "env", "process": "remote_env_server", "function": "run_once", "stack": "", "pid": 124}
{"time": "2026-04-18 12:18:01.106526", "level": "INFO", "message": "env Select map in order: episode=224, map_id=5 from map_list=[1, 2, 3, 4, 5, 6, 7, 8, 9, 10]", "file": "data_handler.py", "line": "148", "module": "env", "process": "data_handler", "function": "handle_usr_conf", "stack": "", "pid": 124}
{"time": "2026-04-18 12:18:07.210307", "level": "INFO", "message": "env data_handler finish success", "file": "data_handler.py", "line": "189", "module": "env", "process": "data_handler", "function": "finish", "stack": "", "pid": 124}
{"time": "2026-04-18 12:18:07.210820", "level": "INFO", "message": "env env run once episode done, process_run_count is 180943", "file": "remote_env_server.py", "line": "298", "module": "env", "process": "remote_env_server", "function": "run_once", "stack": "", "pid": 124}
{"time": "2026-04-18 12:18:07.245796", "level": "INFO", "message": "env env recv reset message", "file": "remote_env_server.py", "line": "282", "module": "env", "process": "remote_env_server", "function": "run_once", "stack": "", "pid": 124}
{"time": "2026-04-18 12:18:07.246424", "level": "INFO", "message": "env Select map in order: episode=225, map_id=6 from map_list=[1, 2, 3, 4, 5, 6, 7, 8, 9, 10]", "file": "data_handler.py", "line": "148", "module": "env", "process": "data_handler", "function": "handle_usr_conf", "stack": "", "pid": 124}
{"time": "2026-04-18 12:18:13.785978", "level": "INFO", "message": "env data_handler finish success", "file": "data_handler.py", "line": "189", "module": "env", "process": "data_handler", "function": "finish", "stack": "", "pid": 124}
{"time": "2026-04-18 12:18:13.788492", "level": "INFO", "message": "env env run once episode done, process_run_count is 181944", "file": "remote_env_server.py", "line": "298", "module": "env", "process": "remote_env_server", "function": "run_once", "stack": "", "pid": 124}
{"time": "2026-04-18 12:18:13.822412", "level": "INFO", "message": "env env recv reset message", "file": "remote_env_server.py", "line": "282", "module": "env", "process": "remote_env_server", "function": "run_once", "stack": "", "pid": 124}
{"time": "2026-04-18 12:18:13.822981", "level": "INFO", "message": "env Select map in order: episode=226, map_id=7 from map_list=[1, 2, 3, 4, 5, 6, 7, 8, 9, 10]", "file": "data_handler.py", "line": "148", "module": "env", "process": "data_handler", "function": "handle_usr_conf", "stack": "", "pid": 124}
{"time": "2026-04-18 12:18:19.079697", "level": "INFO", "message": "env data_handler finish success", "file": "data_handler.py", "line": "189", "module": "env", "process": "data_handler", "function": "finish", "stack": "", "pid": 124}
{"time": "2026-04-18 12:18:19.080325", "level": "INFO", "message": "env env run once episode done, process_run_count is 182747", "file": "remote_env_server.py", "line": "298", "module": "env", "process": "remote_env_server", "function": "run_once", "stack": "", "pid": 124}
{"time": "2026-04-18 12:18:19.109395", "level": "INFO", "message": "env env recv reset message", "file": "remote_env_server.py", "line": "282", "module": "env", "process": "remote_env_server", "function": "run_once", "stack": "", "pid": 124}
{"time": "2026-04-18 12:18:19.110013", "level": "INFO", "message": "env Select map in order: episode=227, map_id=8 from map_list=[1, 2, 3, 4, 5, 6, 7, 8, 9, 10]", "file": "data_handler.py", "line": "148", "module": "env", "process": "data_handler", "function": "handle_usr_conf", "stack": "", "pid": 124}
{"time": "2026-04-18 12:18:24.111368", "level": "INFO", "message": "env data_handler finish success", "file": "data_handler.py", "line": "189", "module": "env", "process": "data_handler", "function": "finish", "stack": "", "pid": 124}
{"time": "2026-04-18 12:18:24.112014", "level": "INFO", "message": "env env run once episode done, process_run_count is 183664", "file": "remote_env_server.py", "line": "298", "module": "env", "process": "remote_env_server", "function": "run_once", "stack": "", "pid": 124}
{"time": "2026-04-18 12:18:24.146863", "level": "INFO", "message": "env env recv reset message", "file": "remote_env_server.py", "line": "282", "module": "env", "process": "remote_env_server", "function": "run_once", "stack": "", "pid": 124}
{"time": "2026-04-18 12:18:24.147815", "level": "INFO", "message": "env Select map in order: episode=228, map_id=9 from map_list=[1, 2, 3, 4, 5, 6, 7, 8, 9, 10]", "file": "data_handler.py", "line": "148", "module": "env", "process": "data_handler", "function": "handle_usr_conf", "stack": "", "pid": 124}
{"time": "2026-04-18 12:18:30.677912", "level": "INFO", "message": "env data_handler finish success", "file": "data_handler.py", "line": "189", "module": "env", "process": "data_handler", "function": "finish", "stack": "", "pid": 124}
{"time": "2026-04-18 12:18:30.685120", "level": "INFO", "message": "env env run once episode done, process_run_count is 184665", "file": "remote_env_server.py", "line": "298", "module": "env", "process": "remote_env_server", "function": "run_once", "stack": "", "pid": 124}
{"time": "2026-04-18 12:18:30.716247", "level": "INFO", "message": "env env recv reset message", "file": "remote_env_server.py", "line": "282", "module": "env", "process": "remote_env_server", "function": "run_once", "stack": "", "pid": 124}
{"time": "2026-04-18 12:18:30.716936", "level": "INFO", "message": "env Select map in order: episode=229, map_id=10 from map_list=[1, 2, 3, 4, 5, 6, 7, 8, 9, 10]", "file": "data_handler.py", "line": "148", "module": "env", "process": "data_handler", "function": "handle_usr_conf", "stack": "", "pid": 124}
{"time": "2026-04-18 12:18:36.685245", "level": "INFO", "message": "env data_handler finish success", "file": "data_handler.py", "line": "189", "module": "env", "process": "data_handler", "function": "finish", "stack": "", "pid": 124}
{"time": "2026-04-18 12:18:36.689241", "level": "INFO", "message": "env env run once episode done, process_run_count is 185666", "file": "remote_env_server.py", "line": "298", "module": "env", "process": "remote_env_server", "function": "run_once", "stack": "", "pid": 124}
{"time": "2026-04-18 12:18:36.721871", "level": "INFO", "message": "env env recv reset message", "file": "remote_env_server.py", "line": "282", "module": "env", "process": "remote_env_server", "function": "run_once", "stack": "", "pid": 124}
{"time": "2026-04-18 12:18:36.722513", "level": "INFO", "message": "env Select map in order: episode=230, map_id=1 from map_list=[1, 2, 3, 4, 5, 6, 7, 8, 9, 10]", "file": "data_handler.py", "line": "148", "module": "env", "process": "data_handler", "function": "handle_usr_conf", "stack": "", "pid": 124}
{"time": "2026-04-18 12:18:38.203976", "level": "INFO", "message": "env data_handler finish success", "file": "data_handler.py", "line": "189", "module": "env", "process": "data_handler", "function": "finish", "stack": "", "pid": 124}
{"time": "2026-04-18 12:18:38.204552", "level": "INFO", "message": "env env run once episode done, process_run_count is 185867", "file": "remote_env_server.py", "line": "298", "module": "env", "process": "remote_env_server", "function": "run_once", "stack": "", "pid": 124}
{"time": "2026-04-18 12:18:38.214181", "level": "INFO", "message": "env env recv reset message", "file": "remote_env_server.py", "line": "282", "module": "env", "process": "remote_env_server", "function": "run_once", "stack": "", "pid": 124}
{"time": "2026-04-18 12:18:38.214812", "level": "INFO", "message": "env Select map in order: episode=231, map_id=2 from map_list=[1, 2, 3, 4, 5, 6, 7, 8, 9, 10]", "file": "data_handler.py", "line": "148", "module": "env", "process": "data_handler", "function": "handle_usr_conf", "stack": "", "pid": 124}
{"time": "2026-04-18 12:18:44.867195", "level": "INFO", "message": "env data_handler finish success", "file": "data_handler.py", "line": "189", "module": "env", "process": "data_handler", "function": "finish", "stack": "", "pid": 124}
{"time": "2026-04-18 12:18:44.867986", "level": "INFO", "message": "env env run once episode done, process_run_count is 186868", "file": "remote_env_server.py", "line": "298", "module": "env", "process": "remote_env_server", "function": "run_once", "stack": "", "pid": 124}
{"time": "2026-04-18 12:18:44.901447", "level": "INFO", "message": "env env recv reset message", "file": "remote_env_server.py", "line": "282", "module": "env", "process": "remote_env_server", "function": "run_once", "stack": "", "pid": 124}
{"time": "2026-04-18 12:18:44.902189", "level": "INFO", "message": "env Select map in order: episode=232, map_id=3 from map_list=[1, 2, 3, 4, 5, 6, 7, 8, 9, 10]", "file": "data_handler.py", "line": "148", "module": "env", "process": "data_handler", "function": "handle_usr_conf", "stack": "", "pid": 124}
{"time": "2026-04-18 12:18:51.380545", "level": "INFO", "message": "env finish monitor_data is {'total_score': 850, 'clean_score': 850, 'total_map': 10, 'map_random': 0, 'map_code': 3, 'max_steps': 1000, 'finished_steps': 1000, 'total_charger': 4, 'charge_count': 10, 'remaining_charge': 97}", "file": "monitor_helper.py", "line": "95", "module": "env", "process": "monitor_helper", "function": "finish", "stack": "", "pid": 124}
{"time": "2026-04-18 12:18:51.381606", "level": "INFO", "message": "env data_handler finish success", "file": "data_handler.py", "line": "189", "module": "env", "process": "data_handler", "function": "finish", "stack": "", "pid": 124}
{"time": "2026-04-18 12:18:51.384108", "level": "INFO", "message": "env env run once episode done, process_run_count is 187869", "file": "remote_env_server.py", "line": "298", "module": "env", "process": "remote_env_server", "function": "run_once", "stack": "", "pid": 124}
{"time": "2026-04-18 12:18:51.415046", "level": "INFO", "message": "env env recv reset message", "file": "remote_env_server.py", "line": "282", "module": "env", "process": "remote_env_server", "function": "run_once", "stack": "", "pid": 124}
{"time": "2026-04-18 12:18:51.415773", "level": "INFO", "message": "env Select map in order: episode=233, map_id=4 from map_list=[1, 2, 3, 4, 5, 6, 7, 8, 9, 10]", "file": "data_handler.py", "line": "148", "module": "env", "process": "data_handler", "function": "handle_usr_conf", "stack": "", "pid": 124}
{"time": "2026-04-18 12:18:54.353909", "level": "INFO", "message": "env data_handler finish success", "file": "data_handler.py", "line": "189", "module": "env", "process": "data_handler", "function": "finish", "stack": "", "pid": 124}
{"time": "2026-04-18 12:18:54.354418", "level": "INFO", "message": "env env run once episode done, process_run_count is 188304", "file": "remote_env_server.py", "line": "298", "module": "env", "process": "remote_env_server", "function": "run_once", "stack": "", "pid": 124}
{"time": "2026-04-18 12:18:54.371450", "level": "INFO", "message": "env env recv reset message", "file": "remote_env_server.py", "line": "282", "module": "env", "process": "remote_env_server", "function": "run_once", "stack": "", "pid": 124}
{"time": "2026-04-18 12:18:54.372143", "level": "INFO", "message": "env Select map in order: episode=234, map_id=5 from map_list=[1, 2, 3, 4, 5, 6, 7, 8, 9, 10]", "file": "data_handler.py", "line": "148", "module": "env", "process": "data_handler", "function": "handle_usr_conf", "stack": "", "pid": 124}
{"time": "2026-04-18 12:19:00.541036", "level": "INFO", "message": "env data_handler finish success", "file": "data_handler.py", "line": "189", "module": "env", "process": "data_handler", "function": "finish", "stack": "", "pid": 124}
{"time": "2026-04-18 12:19:00.541554", "level": "INFO", "message": "env env run once episode done, process_run_count is 189256", "file": "remote_env_server.py", "line": "298", "module": "env", "process": "remote_env_server", "function": "run_once", "stack": "", "pid": 124}
{"time": "2026-04-18 12:19:00.576035", "level": "INFO", "message": "env env recv reset message", "file": "remote_env_server.py", "line": "282", "module": "env", "process": "remote_env_server", "function": "run_once", "stack": "", "pid": 124}
{"time": "2026-04-18 12:19:00.576998", "level": "INFO", "message": "env Select map in order: episode=235, map_id=6 from map_list=[1, 2, 3, 4, 5, 6, 7, 8, 9, 10]", "file": "data_handler.py", "line": "148", "module": "env", "process": "data_handler", "function": "handle_usr_conf", "stack": "", "pid": 124}
{"time": "2026-04-18 12:19:01.997907", "level": "INFO", "message": "env data_handler finish success", "file": "data_handler.py", "line": "189", "module": "env", "process": "data_handler", "function": "finish", "stack": "", "pid": 124}
{"time": "2026-04-18 12:19:01.998478", "level": "INFO", "message": "env env run once episode done, process_run_count is 189457", "file": "remote_env_server.py", "line": "298", "module": "env", "process": "remote_env_server", "function": "run_once", "stack": "", "pid": 124}
{"time": "2026-04-18 12:19:02.008135", "level": "INFO", "message": "env env recv reset message", "file": "remote_env_server.py", "line": "282", "module": "env", "process": "remote_env_server", "function": "run_once", "stack": "", "pid": 124}
{"time": "2026-04-18 12:19:02.008971", "level": "INFO", "message": "env Select map in order: episode=236, map_id=7 from map_list=[1, 2, 3, 4, 5, 6, 7, 8, 9, 10]", "file": "data_handler.py", "line": "148", "module": "env", "process": "data_handler", "function": "handle_usr_conf", "stack": "", "pid": 124}
{"time": "2026-04-18 12:19:04.666304", "level": "INFO", "message": "env data_handler finish success", "file": "data_handler.py", "line": "189", "module": "env", "process": "data_handler", "function": "finish", "stack": "", "pid": 124}
{"time": "2026-04-18 12:19:04.667059", "level": "INFO", "message": "env env run once episode done, process_run_count is 189924", "file": "remote_env_server.py", "line": "298", "module": "env", "process": "remote_env_server", "function": "run_once", "stack": "", "pid": 124}
{"time": "2026-04-18 12:19:04.685148", "level": "INFO", "message": "env env recv reset message", "file": "remote_env_server.py", "line": "282", "module": "env", "process": "remote_env_server", "function": "run_once", "stack": "", "pid": 124}
{"time": "2026-04-18 12:19:04.687786", "level": "INFO", "message": "env Select map in order: episode=237, map_id=8 from map_list=[1, 2, 3, 4, 5, 6, 7, 8, 9, 10]", "file": "data_handler.py", "line": "148", "module": "env", "process": "data_handler", "function": "handle_usr_conf", "stack": "", "pid": 124}
{"time": "2026-04-18 12:19:10.705092", "level": "INFO", "message": "env data_handler finish success", "file": "data_handler.py", "line": "189", "module": "env", "process": "data_handler", "function": "finish", "stack": "", "pid": 124}
{"time": "2026-04-18 12:19:10.705569", "level": "INFO", "message": "env env run once episode done, process_run_count is 190847", "file": "remote_env_server.py", "line": "298", "module": "env", "process": "remote_env_server", "function": "run_once", "stack": "", "pid": 124}
{"time": "2026-04-18 12:19:10.739177", "level": "INFO", "message": "env env recv reset message", "file": "remote_env_server.py", "line": "282", "module": "env", "process": "remote_env_server", "function": "run_once", "stack": "", "pid": 124}
{"time": "2026-04-18 12:19:10.739812", "level": "INFO", "message": "env Select map in order: episode=238, map_id=9 from map_list=[1, 2, 3, 4, 5, 6, 7, 8, 9, 10]", "file": "data_handler.py", "line": "148", "module": "env", "process": "data_handler", "function": "handle_usr_conf", "stack": "", "pid": 124}
{"time": "2026-04-18 12:19:17.340946", "level": "INFO", "message": "env data_handler finish success", "file": "data_handler.py", "line": "189", "module": "env", "process": "data_handler", "function": "finish", "stack": "", "pid": 124}
{"time": "2026-04-18 12:19:17.341463", "level": "INFO", "message": "env env run once episode done, process_run_count is 191848", "file": "remote_env_server.py", "line": "298", "module": "env", "process": "remote_env_server", "function": "run_once", "stack": "", "pid": 124}
{"time": "2026-04-18 12:19:17.374692", "level": "INFO", "message": "env env recv reset message", "file": "remote_env_server.py", "line": "282", "module": "env", "process": "remote_env_server", "function": "run_once", "stack": "", "pid": 124}
{"time": "2026-04-18 12:19:17.375369", "level": "INFO", "message": "env Select map in order: episode=239, map_id=10 from map_list=[1, 2, 3, 4, 5, 6, 7, 8, 9, 10]", "file": "data_handler.py", "line": "148", "module": "env", "process": "data_handler", "function": "handle_usr_conf", "stack": "", "pid": 124}
{"time": "2026-04-18 12:19:23.995042", "level": "INFO", "message": "env data_handler finish success", "file": "data_handler.py", "line": "189", "module": "env", "process": "data_handler", "function": "finish", "stack": "", "pid": 124}
{"time": "2026-04-18 12:19:23.995627", "level": "INFO", "message": "env env run once episode done, process_run_count is 192849", "file": "remote_env_server.py", "line": "298", "module": "env", "process": "remote_env_server", "function": "run_once", "stack": "", "pid": 124}
{"time": "2026-04-18 12:19:24.032066", "level": "INFO", "message": "env env recv reset message", "file": "remote_env_server.py", "line": "282", "module": "env", "process": "remote_env_server", "function": "run_once", "stack": "", "pid": 124}
{"time": "2026-04-18 12:19:24.032783", "level": "INFO", "message": "env Select map in order: episode=240, map_id=1 from map_list=[1, 2, 3, 4, 5, 6, 7, 8, 9, 10]", "file": "data_handler.py", "line": "148", "module": "env", "process": "data_handler", "function": "handle_usr_conf", "stack": "", "pid": 124}
{"time": "2026-04-18 12:19:30.525136", "level": "INFO", "message": "env data_handler finish success", "file": "data_handler.py", "line": "189", "module": "env", "process": "data_handler", "function": "finish", "stack": "", "pid": 124}
{"time": "2026-04-18 12:19:30.525643", "level": "INFO", "message": "env env run once episode done, process_run_count is 193850", "file": "remote_env_server.py", "line": "298", "module": "env", "process": "remote_env_server", "function": "run_once", "stack": "", "pid": 124}
{"time": "2026-04-18 12:19:30.564015", "level": "INFO", "message": "env env recv reset message", "file": "remote_env_server.py", "line": "282", "module": "env", "process": "remote_env_server", "function": "run_once", "stack": "", "pid": 124}
{"time": "2026-04-18 12:19:30.564531", "level": "INFO", "message": "env Select map in order: episode=241, map_id=2 from map_list=[1, 2, 3, 4, 5, 6, 7, 8, 9, 10]", "file": "data_handler.py", "line": "148", "module": "env", "process": "data_handler", "function": "handle_usr_conf", "stack": "", "pid": 124}
{"time": "2026-04-18 12:19:32.007312", "level": "INFO", "message": "env data_handler finish success", "file": "data_handler.py", "line": "189", "module": "env", "process": "data_handler", "function": "finish", "stack": "", "pid": 124}
{"time": "2026-04-18 12:19:32.010254", "level": "INFO", "message": "env env run once episode done, process_run_count is 194051", "file": "remote_env_server.py", "line": "298", "module": "env", "process": "remote_env_server", "function": "run_once", "stack": "", "pid": 124}
{"time": "2026-04-18 12:19:32.016622", "level": "INFO", "message": "env env recv reset message", "file": "remote_env_server.py", "line": "282", "module": "env", "process": "remote_env_server", "function": "run_once", "stack": "", "pid": 124}
{"time": "2026-04-18 12:19:32.017406", "level": "INFO", "message": "env Select map in order: episode=242, map_id=3 from map_list=[1, 2, 3, 4, 5, 6, 7, 8, 9, 10]", "file": "data_handler.py", "line": "148", "module": "env", "process": "data_handler", "function": "handle_usr_conf", "stack": "", "pid": 124}
{"time": "2026-04-18 12:19:34.176918", "level": "INFO", "message": "env data_handler finish success", "file": "data_handler.py", "line": "189", "module": "env", "process": "data_handler", "function": "finish", "stack": "", "pid": 124}
{"time": "2026-04-18 12:19:34.177412", "level": "INFO", "message": "env env run once episode done, process_run_count is 194583", "file": "remote_env_server.py", "line": "298", "module": "env", "process": "remote_env_server", "function": "run_once", "stack": "", "pid": 124}
{"time": "2026-04-18 12:19:34.197032", "level": "INFO", "message": "env env recv reset message", "file": "remote_env_server.py", "line": "282", "module": "env", "process": "remote_env_server", "function": "run_once", "stack": "", "pid": 124}
{"time": "2026-04-18 12:19:34.197858", "level": "INFO", "message": "env Select map in order: episode=243, map_id=4 from map_list=[1, 2, 3, 4, 5, 6, 7, 8, 9, 10]", "file": "data_handler.py", "line": "148", "module": "env", "process": "data_handler", "function": "handle_usr_conf", "stack": "", "pid": 124}
{"time": "2026-04-18 12:19:40.932976", "level": "INFO", "message": "env data_handler finish success", "file": "data_handler.py", "line": "189", "module": "env", "process": "data_handler", "function": "finish", "stack": "", "pid": 124}
{"time": "2026-04-18 12:19:40.933585", "level": "INFO", "message": "env env run once episode done, process_run_count is 195584", "file": "remote_env_server.py", "line": "298", "module": "env", "process": "remote_env_server", "function": "run_once", "stack": "", "pid": 124}
{"time": "2026-04-18 12:19:40.971282", "level": "INFO", "message": "env env recv reset message", "file": "remote_env_server.py", "line": "282", "module": "env", "process": "remote_env_server", "function": "run_once", "stack": "", "pid": 124}
{"time": "2026-04-18 12:19:40.972444", "level": "INFO", "message": "env Select map in order: episode=244, map_id=5 from map_list=[1, 2, 3, 4, 5, 6, 7, 8, 9, 10]", "file": "data_handler.py", "line": "148", "module": "env", "process": "data_handler", "function": "handle_usr_conf", "stack": "", "pid": 124}
{"time": "2026-04-18 12:19:42.422719", "level": "INFO", "message": "env data_handler finish success", "file": "data_handler.py", "line": "189", "module": "env", "process": "data_handler", "function": "finish", "stack": "", "pid": 124}
{"time": "2026-04-18 12:19:42.423248", "level": "INFO", "message": "env env run once episode done, process_run_count is 195785", "file": "remote_env_server.py", "line": "298", "module": "env", "process": "remote_env_server", "function": "run_once", "stack": "", "pid": 124}
{"time": "2026-04-18 12:19:42.433735", "level": "INFO", "message": "env env recv reset message", "file": "remote_env_server.py", "line": "282", "module": "env", "process": "remote_env_server", "function": "run_once", "stack": "", "pid": 124}
{"time": "2026-04-18 12:19:42.434440", "level": "INFO", "message": "env Select map in order: episode=245, map_id=6 from map_list=[1, 2, 3, 4, 5, 6, 7, 8, 9, 10]", "file": "data_handler.py", "line": "148", "module": "env", "process": "data_handler", "function": "handle_usr_conf", "stack": "", "pid": 124}
{"time": "2026-04-18 12:19:49.171803", "level": "INFO", "message": "env data_handler finish success", "file": "data_handler.py", "line": "189", "module": "env", "process": "data_handler", "function": "finish", "stack": "", "pid": 124}
{"time": "2026-04-18 12:19:49.173973", "level": "INFO", "message": "env env run once episode done, process_run_count is 196786", "file": "remote_env_server.py", "line": "298", "module": "env", "process": "remote_env_server", "function": "run_once", "stack": "", "pid": 124}
{"time": "2026-04-18 12:19:49.206579", "level": "INFO", "message": "env env recv reset message", "file": "remote_env_server.py", "line": "282", "module": "env", "process": "remote_env_server", "function": "run_once", "stack": "", "pid": 124}
{"time": "2026-04-18 12:19:49.207251", "level": "INFO", "message": "env Select map in order: episode=246, map_id=7 from map_list=[1, 2, 3, 4, 5, 6, 7, 8, 9, 10]", "file": "data_handler.py", "line": "148", "module": "env", "process": "data_handler", "function": "handle_usr_conf", "stack": "", "pid": 124}
{"time": "2026-04-18 12:19:54.125652", "level": "INFO", "message": "env finish monitor_data is {'total_score': 657, 'clean_score': 657, 'total_map': 10, 'map_random': 0, 'map_code': 7, 'max_steps': 1000, 'finished_steps': 749, 'total_charger': 4, 'charge_count': 6, 'remaining_charge': 0}", "file": "monitor_helper.py", "line": "95", "module": "env", "process": "monitor_helper", "function": "finish", "stack": "", "pid": 124}
{"time": "2026-04-18 12:19:54.126360", "level": "INFO", "message": "env data_handler finish success", "file": "data_handler.py", "line": "189", "module": "env", "process": "data_handler", "function": "finish", "stack": "", "pid": 124}
{"time": "2026-04-18 12:19:54.126886", "level": "INFO", "message": "env env run once episode done, process_run_count is 197536", "file": "remote_env_server.py", "line": "298", "module": "env", "process": "remote_env_server", "function": "run_once", "stack": "", "pid": 124}
{"time": "2026-04-18 12:19:54.154375", "level": "INFO", "message": "env env recv reset message", "file": "remote_env_server.py", "line": "282", "module": "env", "process": "remote_env_server", "function": "run_once", "stack": "", "pid": 124}
{"time": "2026-04-18 12:19:54.154986", "level": "INFO", "message": "env Select map in order: episode=247, map_id=8 from map_list=[1, 2, 3, 4, 5, 6, 7, 8, 9, 10]", "file": "data_handler.py", "line": "148", "module": "env", "process": "data_handler", "function": "handle_usr_conf", "stack": "", "pid": 124}
{"time": "2026-04-18 12:19:59.608435", "level": "INFO", "message": "env data_handler finish success", "file": "data_handler.py", "line": "189", "module": "env", "process": "data_handler", "function": "finish", "stack": "", "pid": 124}
{"time": "2026-04-18 12:19:59.609082", "level": "INFO", "message": "env env run once episode done, process_run_count is 198365", "file": "remote_env_server.py", "line": "298", "module": "env", "process": "remote_env_server", "function": "run_once", "stack": "", "pid": 124}
{"time": "2026-04-18 12:19:59.637703", "level": "INFO", "message": "env env recv reset message", "file": "remote_env_server.py", "line": "282", "module": "env", "process": "remote_env_server", "function": "run_once", "stack": "", "pid": 124}
{"time": "2026-04-18 12:19:59.638612", "level": "INFO", "message": "env Select map in order: episode=248, map_id=9 from map_list=[1, 2, 3, 4, 5, 6, 7, 8, 9, 10]", "file": "data_handler.py", "line": "148", "module": "env", "process": "data_handler", "function": "handle_usr_conf", "stack": "", "pid": 124}
{"time": "2026-04-18 12:20:01.913573", "level": "INFO", "message": "env data_handler finish success", "file": "data_handler.py", "line": "189", "module": "env", "process": "data_handler", "function": "finish", "stack": "", "pid": 124}
{"time": "2026-04-18 12:20:01.914222", "level": "INFO", "message": "env env run once episode done, process_run_count is 198845", "file": "remote_env_server.py", "line": "298", "module": "env", "process": "remote_env_server", "function": "run_once", "stack": "", "pid": 124}
{"time": "2026-04-18 12:20:01.931714", "level": "INFO", "message": "env env recv reset message", "file": "remote_env_server.py", "line": "282", "module": "env", "process": "remote_env_server", "function": "run_once", "stack": "", "pid": 124}
{"time": "2026-04-18 12:20:01.932726", "level": "INFO", "message": "env Select map in order: episode=249, map_id=10 from map_list=[1, 2, 3, 4, 5, 6, 7, 8, 9, 10]", "file": "data_handler.py", "line": "148", "module": "env", "process": "data_handler", "function": "handle_usr_conf", "stack": "", "pid": 124}
{"time": "2026-04-18 12:20:08.286072", "level": "INFO", "message": "env data_handler finish success", "file": "data_handler.py", "line": "189", "module": "env", "process": "data_handler", "function": "finish", "stack": "", "pid": 124}
{"time": "2026-04-18 12:20:08.286602", "level": "INFO", "message": "env env run once episode done, process_run_count is 199811", "file": "remote_env_server.py", "line": "298", "module": "env", "process": "remote_env_server", "function": "run_once", "stack": "", "pid": 124}
{"time": "2026-04-18 12:20:08.321344", "level": "INFO", "message": "env env recv reset message", "file": "remote_env_server.py", "line": "282", "module": "env", "process": "remote_env_server", "function": "run_once", "stack": "", "pid": 124}
{"time": "2026-04-18 12:20:08.321985", "level": "INFO", "message": "env Select map in order: episode=250, map_id=1 from map_list=[1, 2, 3, 4, 5, 6, 7, 8, 9, 10]", "file": "data_handler.py", "line": "148", "module": "env", "process": "data_handler", "function": "handle_usr_conf", "stack": "", "pid": 124}
{"time": "2026-04-18 12:20:14.871550", "level": "INFO", "message": "env data_handler finish success", "file": "data_handler.py", "line": "189", "module": "env", "process": "data_handler", "function": "finish", "stack": "", "pid": 124}
{"time": "2026-04-18 12:20:14.872057", "level": "INFO", "message": "env env run once episode done, process_run_count is 200812", "file": "remote_env_server.py", "line": "298", "module": "env", "process": "remote_env_server", "function": "run_once", "stack": "", "pid": 124}
{"time": "2026-04-18 12:20:14.907021", "level": "INFO", "message": "env env recv reset message", "file": "remote_env_server.py", "line": "282", "module": "env", "process": "remote_env_server", "function": "run_once", "stack": "", "pid": 124}
{"time": "2026-04-18 12:20:14.907981", "level": "INFO", "message": "env Select map in order: episode=251, map_id=2 from map_list=[1, 2, 3, 4, 5, 6, 7, 8, 9, 10]", "file": "data_handler.py", "line": "148", "module": "env", "process": "data_handler", "function": "handle_usr_conf", "stack": "", "pid": 124}
{"time": "2026-04-18 12:20:17.821615", "level": "INFO", "message": "env data_handler finish success", "file": "data_handler.py", "line": "189", "module": "env", "process": "data_handler", "function": "finish", "stack": "", "pid": 124}
{"time": "2026-04-18 12:20:17.822395", "level": "INFO", "message": "env env run once episode done, process_run_count is 201246", "file": "remote_env_server.py", "line": "298", "module": "env", "process": "remote_env_server", "function": "run_once", "stack": "", "pid": 124}
{"time": "2026-04-18 12:20:17.838563", "level": "INFO", "message": "env env recv reset message", "file": "remote_env_server.py", "line": "282", "module": "env", "process": "remote_env_server", "function": "run_once", "stack": "", "pid": 124}
{"time": "2026-04-18 12:20:17.839327", "level": "INFO", "message": "env Select map in order: episode=252, map_id=3 from map_list=[1, 2, 3, 4, 5, 6, 7, 8, 9, 10]", "file": "data_handler.py", "line": "148", "module": "env", "process": "data_handler", "function": "handle_usr_conf", "stack": "", "pid": 124}
{"time": "2026-04-18 12:20:20.320353", "level": "INFO", "message": "env data_handler finish success", "file": "data_handler.py", "line": "189", "module": "env", "process": "data_handler", "function": "finish", "stack": "", "pid": 124}
{"time": "2026-04-18 12:20:20.320857", "level": "INFO", "message": "env env run once episode done, process_run_count is 201608", "file": "remote_env_server.py", "line": "298", "module": "env", "process": "remote_env_server", "function": "run_once", "stack": "", "pid": 124}
{"time": "2026-04-18 12:20:20.338917", "level": "INFO", "message": "env env recv reset message", "file": "remote_env_server.py", "line": "282", "module": "env", "process": "remote_env_server", "function": "run_once", "stack": "", "pid": 124}
{"time": "2026-04-18 12:20:20.339847", "level": "INFO", "message": "env Select map in order: episode=253, map_id=4 from map_list=[1, 2, 3, 4, 5, 6, 7, 8, 9, 10]", "file": "data_handler.py", "line": "148", "module": "env", "process": "data_handler", "function": "handle_usr_conf", "stack": "", "pid": 124}
{"time": "2026-04-18 12:20:23.972133", "level": "INFO", "message": "env data_handler finish success", "file": "data_handler.py", "line": "189", "module": "env", "process": "data_handler", "function": "finish", "stack": "", "pid": 124}
{"time": "2026-04-18 12:20:23.972710", "level": "INFO", "message": "env env run once episode done, process_run_count is 202152", "file": "remote_env_server.py", "line": "298", "module": "env", "process": "remote_env_server", "function": "run_once", "stack": "", "pid": 124}
{"time": "2026-04-18 12:20:23.995978", "level": "INFO", "message": "env env recv reset message", "file": "remote_env_server.py", "line": "282", "module": "env", "process": "remote_env_server", "function": "run_once", "stack": "", "pid": 124}
{"time": "2026-04-18 12:20:23.996760", "level": "INFO", "message": "env Select map in order: episode=254, map_id=5 from map_list=[1, 2, 3, 4, 5, 6, 7, 8, 9, 10]", "file": "data_handler.py", "line": "148", "module": "env", "process": "data_handler", "function": "handle_usr_conf", "stack": "", "pid": 124}
{"time": "2026-04-18 12:20:26.779603", "level": "INFO", "message": "env data_handler finish success", "file": "data_handler.py", "line": "189", "module": "env", "process": "data_handler", "function": "finish", "stack": "", "pid": 124}
{"time": "2026-04-18 12:20:26.780330", "level": "INFO", "message": "env env run once episode done, process_run_count is 202564", "file": "remote_env_server.py", "line": "298", "module": "env", "process": "remote_env_server", "function": "run_once", "stack": "", "pid": 124}
{"time": "2026-04-18 12:20:26.799524", "level": "INFO", "message": "env env recv reset message", "file": "remote_env_server.py", "line": "282", "module": "env", "process": "remote_env_server", "function": "run_once", "stack": "", "pid": 124}
{"time": "2026-04-18 12:20:34.257554", "level": "INFO", "message": "env data_handler finish success", "file": "data_handler.py", "line": "189", "module": "env", "process": "data_handler", "function": "finish", "stack": "", "pid": 124}
{"time": "2026-04-18 12:20:34.258059", "level": "INFO", "message": "env env run once episode done, process_run_count is 203829", "file": "remote_env_server.py", "line": "298", "module": "env", "process": "remote_env_server", "function": "run_once", "stack": "", "pid": 124}
{"time": "2026-04-18 12:20:34.298035", "level": "INFO", "message": "env env recv reset message", "file": "remote_env_server.py", "line": "282", "module": "env", "process": "remote_env_server", "function": "run_once", "stack": "", "pid": 124}
{"time": "2026-04-18 12:20:34.298714", "level": "INFO", "message": "env Select map in order: episode=257, map_id=8 from map_list=[1, 2, 3, 4, 5, 6, 7, 8, 9, 10]", "file": "data_handler.py", "line": "148", "module": "env", "process": "data_handler", "function": "handle_usr_conf", "stack": "", "pid": 124}
{"time": "2026-04-18 12:20:39.099988", "level": "INFO", "message": "env data_handler finish success", "file": "data_handler.py", "line": "189", "module": "env", "process": "data_handler", "function": "finish", "stack": "", "pid": 124}
{"time": "2026-04-18 12:20:39.100843", "level": "INFO", "message": "env env run once episode done, process_run_count is 204545", "file": "remote_env_server.py", "line": "298", "module": "env", "process": "remote_env_server", "function": "run_once", "stack": "", "pid": 124}
{"time": "2026-04-18 12:20:39.125260", "level": "INFO", "message": "env env recv reset message", "file": "remote_env_server.py", "line": "282", "module": "env", "process": "remote_env_server", "function": "run_once", "stack": "", "pid": 124}
{"time": "2026-04-18 12:20:39.126266", "level": "INFO", "message": "env Select map in order: episode=258, map_id=9 from map_list=[1, 2, 3, 4, 5, 6, 7, 8, 9, 10]", "file": "data_handler.py", "line": "148", "module": "env", "process": "data_handler", "function": "handle_usr_conf", "stack": "", "pid": 124}
{"time": "2026-04-18 12:20:43.624107", "level": "INFO", "message": "env data_handler finish success", "file": "data_handler.py", "line": "189", "module": "env", "process": "data_handler", "function": "finish", "stack": "", "pid": 124}
{"time": "2026-04-18 12:20:43.624838", "level": "INFO", "message": "env env run once episode done, process_run_count is 205221", "file": "remote_env_server.py", "line": "298", "module": "env", "process": "remote_env_server", "function": "run_once", "stack": "", "pid": 124}
{"time": "2026-04-18 12:20:43.647779", "level": "INFO", "message": "env env recv reset message", "file": "remote_env_server.py", "line": "282", "module": "env", "process": "remote_env_server", "function": "run_once", "stack": "", "pid": 124}
{"time": "2026-04-18 12:20:43.648464", "level": "INFO", "message": "env Select map in order: episode=259, map_id=10 from map_list=[1, 2, 3, 4, 5, 6, 7, 8, 9, 10]", "file": "data_handler.py", "line": "148", "module": "env", "process": "data_handler", "function": "handle_usr_conf", "stack": "", "pid": 124}
{"time": "2026-04-18 12:20:50.297856", "level": "INFO", "message": "env data_handler finish success", "file": "data_handler.py", "line": "189", "module": "env", "process": "data_handler", "function": "finish", "stack": "", "pid": 124}
{"time": "2026-04-18 12:20:50.298514", "level": "INFO", "message": "env env run once episode done, process_run_count is 206222", "file": "remote_env_server.py", "line": "298", "module": "env", "process": "remote_env_server", "function": "run_once", "stack": "", "pid": 124}
{"time": "2026-04-18 12:20:50.334099", "level": "INFO", "message": "env env recv reset message", "file": "remote_env_server.py", "line": "282", "module": "env", "process": "remote_env_server", "function": "run_once", "stack": "", "pid": 124}
{"time": "2026-04-18 12:20:50.334962", "level": "INFO", "message": "env Select map in order: episode=260, map_id=1 from map_list=[1, 2, 3, 4, 5, 6, 7, 8, 9, 10]", "file": "data_handler.py", "line": "148", "module": "env", "process": "data_handler", "function": "handle_usr_conf", "stack": "", "pid": 124}
{"time": "2026-04-18 12:20:56.924440", "level": "INFO", "message": "env finish monitor_data is {'total_score': 791, 'clean_score': 791, 'total_map': 10, 'map_random': 0, 'map_code': 1, 'max_steps': 1000, 'finished_steps': 1000, 'total_charger': 4, 'charge_count': 10, 'remaining_charge': 194}", "file": "monitor_helper.py", "line": "95", "module": "env", "process": "monitor_helper", "function": "finish", "stack": "", "pid": 124}
{"time": "2026-04-18 12:20:56.925022", "level": "INFO", "message": "env data_handler finish success", "file": "data_handler.py", "line": "189", "module": "env", "process": "data_handler", "function": "finish", "stack": "", "pid": 124}
{"time": "2026-04-18 12:20:56.925556", "level": "INFO", "message": "env env run once episode done, process_run_count is 207223", "file": "remote_env_server.py", "line": "298", "module": "env", "process": "remote_env_server", "function": "run_once", "stack": "", "pid": 124}
{"time": "2026-04-18 12:20:56.963367", "level": "INFO", "message": "env env recv reset message", "file": "remote_env_server.py", "line": "282", "module": "env", "process": "remote_env_server", "function": "run_once", "stack": "", "pid": 124}
{"time": "2026-04-18 12:20:56.964095", "level": "INFO", "message": "env Select map in order: episode=261, map_id=2 from map_list=[1, 2, 3, 4, 5, 6, 7, 8, 9, 10]", "file": "data_handler.py", "line": "148", "module": "env", "process": "data_handler", "function": "handle_usr_conf", "stack": "", "pid": 124}
{"time": "2026-04-18 12:21:02.557171", "level": "INFO", "message": "env data_handler finish success", "file": "data_handler.py", "line": "189", "module": "env", "process": "data_handler", "function": "finish", "stack": "", "pid": 124}
{"time": "2026-04-18 12:21:02.557620", "level": "INFO", "message": "env env run once episode done, process_run_count is 208224", "file": "remote_env_server.py", "line": "298", "module": "env", "process": "remote_env_server", "function": "run_once", "stack": "", "pid": 124}
{"time": "2026-04-18 12:21:02.592503", "level": "INFO", "message": "env env recv reset message", "file": "remote_env_server.py", "line": "282", "module": "env", "process": "remote_env_server", "function": "run_once", "stack": "", "pid": 124}
{"time": "2026-04-18 12:21:02.593222", "level": "INFO", "message": "env Select map in order: episode=262, map_id=3 from map_list=[1, 2, 3, 4, 5, 6, 7, 8, 9, 10]", "file": "data_handler.py", "line": "148", "module": "env", "process": "data_handler", "function": "handle_usr_conf", "stack": "", "pid": 124}
{"time": "2026-04-18 12:21:09.155785", "level": "INFO", "message": "env data_handler finish success", "file": "data_handler.py", "line": "189", "module": "env", "process": "data_handler", "function": "finish", "stack": "", "pid": 124}
{"time": "2026-04-18 12:21:09.156277", "level": "INFO", "message": "env env run once episode done, process_run_count is 209225", "file": "remote_env_server.py", "line": "298", "module": "env", "process": "remote_env_server", "function": "run_once", "stack": "", "pid": 124}
{"time": "2026-04-18 12:21:09.189531", "level": "INFO", "message": "env env recv reset message", "file": "remote_env_server.py", "line": "282", "module": "env", "process": "remote_env_server", "function": "run_once", "stack": "", "pid": 124}
{"time": "2026-04-18 12:21:09.190144", "level": "INFO", "message": "env Select map in order: episode=263, map_id=4 from map_list=[1, 2, 3, 4, 5, 6, 7, 8, 9, 10]", "file": "data_handler.py", "line": "148", "module": "env", "process": "data_handler", "function": "handle_usr_conf", "stack": "", "pid": 124}
{"time": "2026-04-18 12:21:10.640690", "level": "INFO", "message": "env data_handler finish success", "file": "data_handler.py", "line": "189", "module": "env", "process": "data_handler", "function": "finish", "stack": "", "pid": 124}
{"time": "2026-04-18 12:21:10.641354", "level": "INFO", "message": "env env run once episode done, process_run_count is 209426", "file": "remote_env_server.py", "line": "298", "module": "env", "process": "remote_env_server", "function": "run_once", "stack": "", "pid": 124}
{"time": "2026-04-18 12:21:10.650543", "level": "INFO", "message": "env env recv reset message", "file": "remote_env_server.py", "line": "282", "module": "env", "process": "remote_env_server", "function": "run_once", "stack": "", "pid": 124}
{"time": "2026-04-18 12:21:10.651102", "level": "INFO", "message": "env Select map in order: episode=264, map_id=5 from map_list=[1, 2, 3, 4, 5, 6, 7, 8, 9, 10]", "file": "data_handler.py", "line": "148", "module": "env", "process": "data_handler", "function": "handle_usr_conf", "stack": "", "pid": 124}
{"time": "2026-04-18 12:21:17.175375", "level": "INFO", "message": "env data_handler finish success", "file": "data_handler.py", "line": "189", "module": "env", "process": "data_handler", "function": "finish", "stack": "", "pid": 124}
{"time": "2026-04-18 12:21:17.176029", "level": "INFO", "message": "env env run once episode done, process_run_count is 210427", "file": "remote_env_server.py", "line": "298", "module": "env", "process": "remote_env_server", "function": "run_once", "stack": "", "pid": 124}
{"time": "2026-04-18 12:21:17.210407", "level": "INFO", "message": "env env recv reset message", "file": "remote_env_server.py", "line": "282", "module": "env", "process": "remote_env_server", "function": "run_once", "stack": "", "pid": 124}
{"time": "2026-04-18 12:21:17.211032", "level": "INFO", "message": "env Select map in order: episode=265, map_id=6 from map_list=[1, 2, 3, 4, 5, 6, 7, 8, 9, 10]", "file": "data_handler.py", "line": "148", "module": "env", "process": "data_handler", "function": "handle_usr_conf", "stack": "", "pid": 124}
{"time": "2026-04-18 12:21:19.287269", "level": "INFO", "message": "env data_handler finish success", "file": "data_handler.py", "line": "189", "module": "env", "process": "data_handler", "function": "finish", "stack": "", "pid": 124}
{"time": "2026-04-18 12:21:19.287781", "level": "INFO", "message": "env env run once episode done, process_run_count is 210728", "file": "remote_env_server.py", "line": "298", "module": "env", "process": "remote_env_server", "function": "run_once", "stack": "", "pid": 124}
{"time": "2026-04-18 12:21:19.300652", "level": "INFO", "message": "env env recv reset message", "file": "remote_env_server.py", "line": "282", "module": "env", "process": "remote_env_server", "function": "run_once", "stack": "", "pid": 124}
{"time": "2026-04-18 12:21:19.301259", "level": "INFO", "message": "env Select map in order: episode=266, map_id=7 from map_list=[1, 2, 3, 4, 5, 6, 7, 8, 9, 10]", "file": "data_handler.py", "line": "148", "module": "env", "process": "data_handler", "function": "handle_usr_conf", "stack": "", "pid": 124}
{"time": "2026-04-18 12:21:25.087700", "level": "INFO", "message": "env data_handler finish success", "file": "data_handler.py", "line": "189", "module": "env", "process": "data_handler", "function": "finish", "stack": "", "pid": 124}
{"time": "2026-04-18 12:21:25.088375", "level": "INFO", "message": "env env run once episode done, process_run_count is 211613", "file": "remote_env_server.py", "line": "298", "module": "env", "process": "remote_env_server", "function": "run_once", "stack": "", "pid": 124}
{"time": "2026-04-18 12:21:25.117829", "level": "INFO", "message": "env env recv reset message", "file": "remote_env_server.py", "line": "282", "module": "env", "process": "remote_env_server", "function": "run_once", "stack": "", "pid": 124}
{"time": "2026-04-18 12:21:25.119011", "level": "INFO", "message": "env Select map in order: episode=267, map_id=8 from map_list=[1, 2, 3, 4, 5, 6, 7, 8, 9, 10]", "file": "data_handler.py", "line": "148", "module": "env", "process": "data_handler", "function": "handle_usr_conf", "stack": "", "pid": 124}
{"time": "2026-04-18 12:21:30.605082", "level": "INFO", "message": "env data_handler finish success", "file": "data_handler.py", "line": "189", "module": "env", "process": "data_handler", "function": "finish", "stack": "", "pid": 124}
{"time": "2026-04-18 12:21:30.605698", "level": "INFO", "message": "env env run once episode done, process_run_count is 212614", "file": "remote_env_server.py", "line": "298", "module": "env", "process": "remote_env_server", "function": "run_once", "stack": "", "pid": 124}
{"time": "2026-04-18 12:21:30.640109", "level": "INFO", "message": "env env recv reset message", "file": "remote_env_server.py", "line": "282", "module": "env", "process": "remote_env_server", "function": "run_once", "stack": "", "pid": 124}
{"time": "2026-04-18 12:21:30.640971", "level": "INFO", "message": "env Select map in order: episode=268, map_id=9 from map_list=[1, 2, 3, 4, 5, 6, 7, 8, 9, 10]", "file": "data_handler.py", "line": "148", "module": "env", "process": "data_handler", "function": "handle_usr_conf", "stack": "", "pid": 124}
{"time": "2026-04-18 12:21:33.236912", "level": "INFO", "message": "env data_handler finish success", "file": "data_handler.py", "line": "189", "module": "env", "process": "data_handler", "function": "finish", "stack": "", "pid": 124}
{"time": "2026-04-18 12:21:33.237407", "level": "INFO", "message": "env env run once episode done, process_run_count is 212995", "file": "remote_env_server.py", "line": "298", "module": "env", "process": "remote_env_server", "function": "run_once", "stack": "", "pid": 124}
{"time": "2026-04-18 12:21:33.253990", "level": "INFO", "message": "env env recv reset message", "file": "remote_env_server.py", "line": "282", "module": "env", "process": "remote_env_server", "function": "run_once", "stack": "", "pid": 124}
{"time": "2026-04-18 12:21:33.254695", "level": "INFO", "message": "env Select map in order: episode=269, map_id=10 from map_list=[1, 2, 3, 4, 5, 6, 7, 8, 9, 10]", "file": "data_handler.py", "line": "148", "module": "env", "process": "data_handler", "function": "handle_usr_conf", "stack": "", "pid": 124}
{"time": "2026-04-18 12:21:39.877148", "level": "INFO", "message": "env data_handler finish success", "file": "data_handler.py", "line": "189", "module": "env", "process": "data_handler", "function": "finish", "stack": "", "pid": 124}
{"time": "2026-04-18 12:21:39.878122", "level": "INFO", "message": "env env run once episode done, process_run_count is 213996", "file": "remote_env_server.py", "line": "298", "module": "env", "process": "remote_env_server", "function": "run_once", "stack": "", "pid": 124}
{"time": "2026-04-18 12:21:39.916279", "level": "INFO", "message": "env env recv reset message", "file": "remote_env_server.py", "line": "282", "module": "env", "process": "remote_env_server", "function": "run_once", "stack": "", "pid": 124}
{"time": "2026-04-18 12:21:39.917429", "level": "INFO", "message": "env Select map in order: episode=270, map_id=1 from map_list=[1, 2, 3, 4, 5, 6, 7, 8, 9, 10]", "file": "data_handler.py", "line": "148", "module": "env", "process": "data_handler", "function": "handle_usr_conf", "stack": "", "pid": 124}
{"time": "2026-04-18 12:21:46.537608", "level": "INFO", "message": "env data_handler finish success", "file": "data_handler.py", "line": "189", "module": "env", "process": "data_handler", "function": "finish", "stack": "", "pid": 124}
{"time": "2026-04-18 12:21:46.538372", "level": "INFO", "message": "env env run once episode done, process_run_count is 214997", "file": "remote_env_server.py", "line": "298", "module": "env", "process": "remote_env_server", "function": "run_once", "stack": "", "pid": 124}
{"time": "2026-04-18 12:21:46.572700", "level": "INFO", "message": "env env recv reset message", "file": "remote_env_server.py", "line": "282", "module": "env", "process": "remote_env_server", "function": "run_once", "stack": "", "pid": 124}
{"time": "2026-04-18 12:21:46.573410", "level": "INFO", "message": "env Select map in order: episode=271, map_id=2 from map_list=[1, 2, 3, 4, 5, 6, 7, 8, 9, 10]", "file": "data_handler.py", "line": "148", "module": "env", "process": "data_handler", "function": "handle_usr_conf", "stack": "", "pid": 124}
{"time": "2026-04-18 12:21:47.981598", "level": "INFO", "message": "env data_handler finish success", "file": "data_handler.py", "line": "189", "module": "env", "process": "data_handler", "function": "finish", "stack": "", "pid": 124}
{"time": "2026-04-18 12:21:47.982279", "level": "INFO", "message": "env env run once episode done, process_run_count is 215198", "file": "remote_env_server.py", "line": "298", "module": "env", "process": "remote_env_server", "function": "run_once", "stack": "", "pid": 124}
{"time": "2026-04-18 12:21:47.990600", "level": "INFO", "message": "env env recv reset message", "file": "remote_env_server.py", "line": "282", "module": "env", "process": "remote_env_server", "function": "run_once", "stack": "", "pid": 124}
{"time": "2026-04-18 12:21:47.991377", "level": "INFO", "message": "env Select map in order: episode=272, map_id=3 from map_list=[1, 2, 3, 4, 5, 6, 7, 8, 9, 10]", "file": "data_handler.py", "line": "148", "module": "env", "process": "data_handler", "function": "handle_usr_conf", "stack": "", "pid": 124}
{"time": "2026-04-18 12:21:49.411776", "level": "INFO", "message": "env data_handler finish success", "file": "data_handler.py", "line": "189", "module": "env", "process": "data_handler", "function": "finish", "stack": "", "pid": 124}
{"time": "2026-04-18 12:21:49.412317", "level": "INFO", "message": "env env run once episode done, process_run_count is 215399", "file": "remote_env_server.py", "line": "298", "module": "env", "process": "remote_env_server", "function": "run_once", "stack": "", "pid": 124}
{"time": "2026-04-18 12:21:49.422462", "level": "INFO", "message": "env env recv reset message", "file": "remote_env_server.py", "line": "282", "module": "env", "process": "remote_env_server", "function": "run_once", "stack": "", "pid": 124}
{"time": "2026-04-18 12:21:49.423057", "level": "INFO", "message": "env Select map in order: episode=273, map_id=4 from map_list=[1, 2, 3, 4, 5, 6, 7, 8, 9, 10]", "file": "data_handler.py", "line": "148", "module": "env", "process": "data_handler", "function": "handle_usr_conf", "stack": "", "pid": 124}
{"time": "2026-04-18 12:21:55.938973", "level": "INFO", "message": "env data_handler finish success", "file": "data_handler.py", "line": "189", "module": "env", "process": "data_handler", "function": "finish", "stack": "", "pid": 124}
{"time": "2026-04-18 12:21:55.939513", "level": "INFO", "message": "env env run once episode done, process_run_count is 216400", "file": "remote_env_server.py", "line": "298", "module": "env", "process": "remote_env_server", "function": "run_once", "stack": "", "pid": 124}
{"time": "2026-04-18 12:21:55.974214", "level": "INFO", "message": "env env recv reset message", "file": "remote_env_server.py", "line": "282", "module": "env", "process": "remote_env_server", "function": "run_once", "stack": "", "pid": 124}
{"time": "2026-04-18 12:21:55.974885", "level": "INFO", "message": "env Select map in order: episode=274, map_id=5 from map_list=[1, 2, 3, 4, 5, 6, 7, 8, 9, 10]", "file": "data_handler.py", "line": "148", "module": "env", "process": "data_handler", "function": "handle_usr_conf", "stack": "", "pid": 124}
{"time": "2026-04-18 12:22:02.051469", "level": "INFO", "message": "env finish monitor_data is {'total_score': 840, 'clean_score': 840, 'total_map': 10, 'map_random': 0, 'map_code': 5, 'max_steps': 1000, 'finished_steps': 1000, 'total_charger': 4, 'charge_count': 9, 'remaining_charge': 197}", "file": "monitor_helper.py", "line": "95", "module": "env", "process": "monitor_helper", "function": "finish", "stack": "", "pid": 124}
{"time": "2026-04-18 12:22:02.051974", "level": "INFO", "message": "env data_handler finish success", "file": "data_handler.py", "line": "189", "module": "env", "process": "data_handler", "function": "finish", "stack": "", "pid": 124}
{"time": "2026-04-18 12:22:02.052485", "level": "INFO", "message": "env env run once episode done, process_run_count is 217401", "file": "remote_env_server.py", "line": "298", "module": "env", "process": "remote_env_server", "function": "run_once", "stack": "", "pid": 124}
{"time": "2026-04-18 12:22:02.086866", "level": "INFO", "message": "env env recv reset message", "file": "remote_env_server.py", "line": "282", "module": "env", "process": "remote_env_server", "function": "run_once", "stack": "", "pid": 124}
{"time": "2026-04-18 12:22:02.087433", "level": "INFO", "message": "env Select map in order: episode=275, map_id=6 from map_list=[1, 2, 3, 4, 5, 6, 7, 8, 9, 10]", "file": "data_handler.py", "line": "148", "module": "env", "process": "data_handler", "function": "handle_usr_conf", "stack": "", "pid": 124}
{"time": "2026-04-18 12:22:08.216741", "level": "INFO", "message": "env data_handler finish success", "file": "data_handler.py", "line": "189", "module": "env", "process": "data_handler", "function": "finish", "stack": "", "pid": 124}
{"time": "2026-04-18 12:22:08.217316", "level": "INFO", "message": "env env run once episode done, process_run_count is 218402", "file": "remote_env_server.py", "line": "298", "module": "env", "process": "remote_env_server", "function": "run_once", "stack": "", "pid": 124}
{"time": "2026-04-18 12:22:08.252520", "level": "INFO", "message": "env env recv reset message", "file": "remote_env_server.py", "line": "282", "module": "env", "process": "remote_env_server", "function": "run_once", "stack": "", "pid": 124}
{"time": "2026-04-18 12:22:08.253214", "level": "INFO", "message": "env Select map in order: episode=276, map_id=7 from map_list=[1, 2, 3, 4, 5, 6, 7, 8, 9, 10]", "file": "data_handler.py", "line": "148", "module": "env", "process": "data_handler", "function": "handle_usr_conf", "stack": "", "pid": 124}
{"time": "2026-04-18 12:22:10.788903", "level": "INFO", "message": "env data_handler finish success", "file": "data_handler.py", "line": "189", "module": "env", "process": "data_handler", "function": "finish", "stack": "", "pid": 124}
{"time": "2026-04-18 12:22:10.789590", "level": "INFO", "message": "env env run once episode done, process_run_count is 218973", "file": "remote_env_server.py", "line": "298", "module": "env", "process": "remote_env_server", "function": "run_once", "stack": "", "pid": 124}
{"time": "2026-04-18 12:22:10.810510", "level": "INFO", "message": "env env recv reset message", "file": "remote_env_server.py", "line": "282", "module": "env", "process": "remote_env_server", "function": "run_once", "stack": "", "pid": 124}
{"time": "2026-04-18 12:22:10.811155", "level": "INFO", "message": "env Select map in order: episode=277, map_id=8 from map_list=[1, 2, 3, 4, 5, 6, 7, 8, 9, 10]", "file": "data_handler.py", "line": "148", "module": "env", "process": "data_handler", "function": "handle_usr_conf", "stack": "", "pid": 124}
{"time": "2026-04-18 12:22:16.820757", "level": "INFO", "message": "env data_handler finish success", "file": "data_handler.py", "line": "189", "module": "env", "process": "data_handler", "function": "finish", "stack": "", "pid": 124}
{"time": "2026-04-18 12:22:16.821268", "level": "INFO", "message": "env env run once episode done, process_run_count is 219974", "file": "remote_env_server.py", "line": "298", "module": "env", "process": "remote_env_server", "function": "run_once", "stack": "", "pid": 124}
{"time": "2026-04-18 12:22:16.854266", "level": "INFO", "message": "env env recv reset message", "file": "remote_env_server.py", "line": "282", "module": "env", "process": "remote_env_server", "function": "run_once", "stack": "", "pid": 124}
{"time": "2026-04-18 12:22:16.854799", "level": "INFO", "message": "env Select map in order: episode=278, map_id=9 from map_list=[1, 2, 3, 4, 5, 6, 7, 8, 9, 10]", "file": "data_handler.py", "line": "148", "module": "env", "process": "data_handler", "function": "handle_usr_conf", "stack": "", "pid": 124}
{"time": "2026-04-18 12:22:22.847259", "level": "INFO", "message": "env data_handler finish success", "file": "data_handler.py", "line": "189", "module": "env", "process": "data_handler", "function": "finish", "stack": "", "pid": 124}
{"time": "2026-04-18 12:22:22.847888", "level": "INFO", "message": "env env run once episode done, process_run_count is 220975", "file": "remote_env_server.py", "line": "298", "module": "env", "process": "remote_env_server", "function": "run_once", "stack": "", "pid": 124}
{"time": "2026-04-18 12:22:22.880352", "level": "INFO", "message": "env env recv reset message", "file": "remote_env_server.py", "line": "282", "module": "env", "process": "remote_env_server", "function": "run_once", "stack": "", "pid": 124}
{"time": "2026-04-18 12:22:22.881007", "level": "INFO", "message": "env Select map in order: episode=279, map_id=10 from map_list=[1, 2, 3, 4, 5, 6, 7, 8, 9, 10]", "file": "data_handler.py", "line": "148", "module": "env", "process": "data_handler", "function": "handle_usr_conf", "stack": "", "pid": 124}
{"time": "2026-04-18 12:22:28.438020", "level": "INFO", "message": "env data_handler finish success", "file": "data_handler.py", "line": "189", "module": "env", "process": "data_handler", "function": "finish", "stack": "", "pid": 124}
{"time": "2026-04-18 12:22:28.438727", "level": "INFO", "message": "env env run once episode done, process_run_count is 221976", "file": "remote_env_server.py", "line": "298", "module": "env", "process": "remote_env_server", "function": "run_once", "stack": "", "pid": 124}
{"time": "2026-04-18 12:22:28.472278", "level": "INFO", "message": "env env recv reset message", "file": "remote_env_server.py", "line": "282", "module": "env", "process": "remote_env_server", "function": "run_once", "stack": "", "pid": 124}
{"time": "2026-04-18 12:22:28.473200", "level": "INFO", "message": "env Select map in order: episode=280, map_id=1 from map_list=[1, 2, 3, 4, 5, 6, 7, 8, 9, 10]", "file": "data_handler.py", "line": "148", "module": "env", "process": "data_handler", "function": "handle_usr_conf", "stack": "", "pid": 124}
{"time": "2026-04-18 12:22:34.501841", "level": "INFO", "message": "env data_handler finish success", "file": "data_handler.py", "line": "189", "module": "env", "process": "data_handler", "function": "finish", "stack": "", "pid": 124}
{"time": "2026-04-18 12:22:34.502347", "level": "INFO", "message": "env env run once episode done, process_run_count is 222977", "file": "remote_env_server.py", "line": "298", "module": "env", "process": "remote_env_server", "function": "run_once", "stack": "", "pid": 124}
{"time": "2026-04-18 12:22:34.536326", "level": "INFO", "message": "env env recv reset message", "file": "remote_env_server.py", "line": "282", "module": "env", "process": "remote_env_server", "function": "run_once", "stack": "", "pid": 124}
{"time": "2026-04-18 12:22:34.536999", "level": "INFO", "message": "env Select map in order: episode=281, map_id=2 from map_list=[1, 2, 3, 4, 5, 6, 7, 8, 9, 10]", "file": "data_handler.py", "line": "148", "module": "env", "process": "data_handler", "function": "handle_usr_conf", "stack": "", "pid": 124}
{"time": "2026-04-18 12:22:40.552965", "level": "INFO", "message": "env data_handler finish success", "file": "data_handler.py", "line": "189", "module": "env", "process": "data_handler", "function": "finish", "stack": "", "pid": 124}
{"time": "2026-04-18 12:22:40.553560", "level": "INFO", "message": "env env run once episode done, process_run_count is 223978", "file": "remote_env_server.py", "line": "298", "module": "env", "process": "remote_env_server", "function": "run_once", "stack": "", "pid": 124}
{"time": "2026-04-18 12:22:40.588505", "level": "INFO", "message": "env env recv reset message", "file": "remote_env_server.py", "line": "282", "module": "env", "process": "remote_env_server", "function": "run_once", "stack": "", "pid": 124}
{"time": "2026-04-18 12:22:40.589336", "level": "INFO", "message": "env Select map in order: episode=282, map_id=3 from map_list=[1, 2, 3, 4, 5, 6, 7, 8, 9, 10]", "file": "data_handler.py", "line": "148", "module": "env", "process": "data_handler", "function": "handle_usr_conf", "stack": "", "pid": 124}
{"time": "2026-04-18 12:22:46.673698", "level": "INFO", "message": "env data_handler finish success", "file": "data_handler.py", "line": "189", "module": "env", "process": "data_handler", "function": "finish", "stack": "", "pid": 124}
{"time": "2026-04-18 12:22:46.674320", "level": "INFO", "message": "env env run once episode done, process_run_count is 224979", "file": "remote_env_server.py", "line": "298", "module": "env", "process": "remote_env_server", "function": "run_once", "stack": "", "pid": 124}
{"time": "2026-04-18 12:22:46.706178", "level": "INFO", "message": "env env recv reset message", "file": "remote_env_server.py", "line": "282", "module": "env", "process": "remote_env_server", "function": "run_once", "stack": "", "pid": 124}
{"time": "2026-04-18 12:22:46.706933", "level": "INFO", "message": "env Select map in order: episode=283, map_id=4 from map_list=[1, 2, 3, 4, 5, 6, 7, 8, 9, 10]", "file": "data_handler.py", "line": "148", "module": "env", "process": "data_handler", "function": "handle_usr_conf", "stack": "", "pid": 124}
{"time": "2026-04-18 12:22:49.072509", "level": "INFO", "message": "env data_handler finish success", "file": "data_handler.py", "line": "189", "module": "env", "process": "data_handler", "function": "finish", "stack": "", "pid": 124}
{"time": "2026-04-18 12:22:49.073069", "level": "INFO", "message": "env env run once episode done, process_run_count is 225346", "file": "remote_env_server.py", "line": "298", "module": "env", "process": "remote_env_server", "function": "run_once", "stack": "", "pid": 124}
{"time": "2026-04-18 12:22:49.089452", "level": "INFO", "message": "env env recv reset message", "file": "remote_env_server.py", "line": "282", "module": "env", "process": "remote_env_server", "function": "run_once", "stack": "", "pid": 124}
{"time": "2026-04-18 12:22:49.090040", "level": "INFO", "message": "env Select map in order: episode=284, map_id=5 from map_list=[1, 2, 3, 4, 5, 6, 7, 8, 9, 10]", "file": "data_handler.py", "line": "148", "module": "env", "process": "data_handler", "function": "handle_usr_conf", "stack": "", "pid": 124}
{"time": "2026-04-18 12:22:54.677811", "level": "INFO", "message": "env data_handler finish success", "file": "data_handler.py", "line": "189", "module": "env", "process": "data_handler", "function": "finish", "stack": "", "pid": 124}
{"time": "2026-04-18 12:22:54.678237", "level": "INFO", "message": "env env run once episode done, process_run_count is 226347", "file": "remote_env_server.py", "line": "298", "module": "env", "process": "remote_env_server", "function": "run_once", "stack": "", "pid": 124}
{"time": "2026-04-18 12:22:54.714176", "level": "INFO", "message": "env env recv reset message", "file": "remote_env_server.py", "line": "282", "module": "env", "process": "remote_env_server", "function": "run_once", "stack": "", "pid": 124}
{"time": "2026-04-18 12:22:54.714834", "level": "INFO", "message": "env Select map in order: episode=285, map_id=6 from map_list=[1, 2, 3, 4, 5, 6, 7, 8, 9, 10]", "file": "data_handler.py", "line": "148", "module": "env", "process": "data_handler", "function": "handle_usr_conf", "stack": "", "pid": 124}
{"time": "2026-04-18 12:23:00.205881", "level": "INFO", "message": "env data_handler finish success", "file": "data_handler.py", "line": "189", "module": "env", "process": "data_handler", "function": "finish", "stack": "", "pid": 124}
{"time": "2026-04-18 12:23:00.206593", "level": "INFO", "message": "env env run once episode done, process_run_count is 227348", "file": "remote_env_server.py", "line": "298", "module": "env", "process": "remote_env_server", "function": "run_once", "stack": "", "pid": 124}
{"time": "2026-04-18 12:23:00.238046", "level": "INFO", "message": "env env recv reset message", "file": "remote_env_server.py", "line": "282", "module": "env", "process": "remote_env_server", "function": "run_once", "stack": "", "pid": 124}
{"time": "2026-04-18 12:23:00.238976", "level": "INFO", "message": "env Select map in order: episode=286, map_id=7 from map_list=[1, 2, 3, 4, 5, 6, 7, 8, 9, 10]", "file": "data_handler.py", "line": "148", "module": "env", "process": "data_handler", "function": "handle_usr_conf", "stack": "", "pid": 124}
{"time": "2026-04-18 12:23:04.862655", "level": "INFO", "message": "env finish monitor_data is {'total_score': 627, 'clean_score': 627, 'total_map': 10, 'map_random': 0, 'map_code': 7, 'max_steps': 1000, 'finished_steps': 723, 'total_charger': 4, 'charge_count': 5, 'remaining_charge': 0}", "file": "monitor_helper.py", "line": "95", "module": "env", "process": "monitor_helper", "function": "finish", "stack": "", "pid": 124}
{"time": "2026-04-18 12:23:04.863271", "level": "INFO", "message": "env data_handler finish success", "file": "data_handler.py", "line": "189", "module": "env", "process": "data_handler", "function": "finish", "stack": "", "pid": 124}
{"time": "2026-04-18 12:23:04.863824", "level": "INFO", "message": "env env run once episode done, process_run_count is 228072", "file": "remote_env_server.py", "line": "298", "module": "env", "process": "remote_env_server", "function": "run_once", "stack": "", "pid": 124}
{"time": "2026-04-18 12:23:04.891195", "level": "INFO", "message": "env env recv reset message", "file": "remote_env_server.py", "line": "282", "module": "env", "process": "remote_env_server", "function": "run_once", "stack": "", "pid": 124}
{"time": "2026-04-18 12:23:04.891768", "level": "INFO", "message": "env Select map in order: episode=287, map_id=8 from map_list=[1, 2, 3, 4, 5, 6, 7, 8, 9, 10]", "file": "data_handler.py", "line": "148", "module": "env", "process": "data_handler", "function": "handle_usr_conf", "stack": "", "pid": 124}
{"time": "2026-04-18 12:23:11.018918", "level": "INFO", "message": "env data_handler finish success", "file": "data_handler.py", "line": "189", "module": "env", "process": "data_handler", "function": "finish", "stack": "", "pid": 124}
{"time": "2026-04-18 12:23:11.019794", "level": "INFO", "message": "env env run once episode done, process_run_count is 229073", "file": "remote_env_server.py", "line": "298", "module": "env", "process": "remote_env_server", "function": "run_once", "stack": "", "pid": 124}
{"time": "2026-04-18 12:23:11.051871", "level": "INFO", "message": "env env recv reset message", "file": "remote_env_server.py", "line": "282", "module": "env", "process": "remote_env_server", "function": "run_once", "stack": "", "pid": 124}
{"time": "2026-04-18 12:23:11.052528", "level": "INFO", "message": "env Select map in order: episode=288, map_id=9 from map_list=[1, 2, 3, 4, 5, 6, 7, 8, 9, 10]", "file": "data_handler.py", "line": "148", "module": "env", "process": "data_handler", "function": "handle_usr_conf", "stack": "", "pid": 124}
{"time": "2026-04-18 12:23:17.094452", "level": "INFO", "message": "env data_handler finish success", "file": "data_handler.py", "line": "189", "module": "env", "process": "data_handler", "function": "finish", "stack": "", "pid": 124}
{"time": "2026-04-18 12:23:17.095023", "level": "INFO", "message": "env env run once episode done, process_run_count is 230074", "file": "remote_env_server.py", "line": "298", "module": "env", "process": "remote_env_server", "function": "run_once", "stack": "", "pid": 124}
{"time": "2026-04-18 12:23:17.127346", "level": "INFO", "message": "env env recv reset message", "file": "remote_env_server.py", "line": "282", "module": "env", "process": "remote_env_server", "function": "run_once", "stack": "", "pid": 124}
{"time": "2026-04-18 12:23:17.128032", "level": "INFO", "message": "env Select map in order: episode=289, map_id=10 from map_list=[1, 2, 3, 4, 5, 6, 7, 8, 9, 10]", "file": "data_handler.py", "line": "148", "module": "env", "process": "data_handler", "function": "handle_usr_conf", "stack": "", "pid": 124}
{"time": "2026-04-18 12:23:23.119256", "level": "INFO", "message": "env data_handler finish success", "file": "data_handler.py", "line": "189", "module": "env", "process": "data_handler", "function": "finish", "stack": "", "pid": 124}
{"time": "2026-04-18 12:23:23.119974", "level": "INFO", "message": "env env run once episode done, process_run_count is 231075", "file": "remote_env_server.py", "line": "298", "module": "env", "process": "remote_env_server", "function": "run_once", "stack": "", "pid": 124}
{"time": "2026-04-18 12:23:23.151250", "level": "INFO", "message": "env env recv reset message", "file": "remote_env_server.py", "line": "282", "module": "env", "process": "remote_env_server", "function": "run_once", "stack": "", "pid": 124}
{"time": "2026-04-18 12:23:23.151986", "level": "INFO", "message": "env Select map in order: episode=290, map_id=1 from map_list=[1, 2, 3, 4, 5, 6, 7, 8, 9, 10]", "file": "data_handler.py", "line": "148", "module": "env", "process": "data_handler", "function": "handle_usr_conf", "stack": "", "pid": 124}
{"time": "2026-04-18 12:23:28.267510", "level": "INFO", "message": "env data_handler finish success", "file": "data_handler.py", "line": "189", "module": "env", "process": "data_handler", "function": "finish", "stack": "", "pid": 124}
{"time": "2026-04-18 12:23:28.268153", "level": "INFO", "message": "env env run once episode done, process_run_count is 232076", "file": "remote_env_server.py", "line": "298", "module": "env", "process": "remote_env_server", "function": "run_once", "stack": "", "pid": 124}
{"time": "2026-04-18 12:23:28.300066", "level": "INFO", "message": "env env recv reset message", "file": "remote_env_server.py", "line": "282", "module": "env", "process": "remote_env_server", "function": "run_once", "stack": "", "pid": 124}
{"time": "2026-04-18 12:23:28.300890", "level": "INFO", "message": "env Select map in order: episode=291, map_id=2 from map_list=[1, 2, 3, 4, 5, 6, 7, 8, 9, 10]", "file": "data_handler.py", "line": "148", "module": "env", "process": "data_handler", "function": "handle_usr_conf", "stack": "", "pid": 124}
{"time": "2026-04-18 12:23:33.807390", "level": "INFO", "message": "env data_handler finish success", "file": "data_handler.py", "line": "189", "module": "env", "process": "data_handler", "function": "finish", "stack": "", "pid": 124}
{"time": "2026-04-18 12:23:33.807986", "level": "INFO", "message": "env env run once episode done, process_run_count is 232982", "file": "remote_env_server.py", "line": "298", "module": "env", "process": "remote_env_server", "function": "run_once", "stack": "", "pid": 124}
{"time": "2026-04-18 12:23:33.836911", "level": "INFO", "message": "env env recv reset message", "file": "remote_env_server.py", "line": "282", "module": "env", "process": "remote_env_server", "function": "run_once", "stack": "", "pid": 124}
{"time": "2026-04-18 12:23:33.839234", "level": "INFO", "message": "env Select map in order: episode=292, map_id=3 from map_list=[1, 2, 3, 4, 5, 6, 7, 8, 9, 10]", "file": "data_handler.py", "line": "148", "module": "env", "process": "data_handler", "function": "handle_usr_conf", "stack": "", "pid": 124}
{"time": "2026-04-18 12:23:35.996250", "level": "INFO", "message": "env data_handler finish success", "file": "data_handler.py", "line": "189", "module": "env", "process": "data_handler", "function": "finish", "stack": "", "pid": 124}
{"time": "2026-04-18 12:23:35.997144", "level": "INFO", "message": "env env run once episode done, process_run_count is 233321", "file": "remote_env_server.py", "line": "298", "module": "env", "process": "remote_env_server", "function": "run_once", "stack": "", "pid": 124}
{"time": "2026-04-18 12:23:36.009772", "level": "INFO", "message": "env env recv reset message", "file": "remote_env_server.py", "line": "282", "module": "env", "process": "remote_env_server", "function": "run_once", "stack": "", "pid": 124}
{"time": "2026-04-18 12:23:36.010612", "level": "INFO", "message": "env Select map in order: episode=293, map_id=4 from map_list=[1, 2, 3, 4, 5, 6, 7, 8, 9, 10]", "file": "data_handler.py", "line": "148", "module": "env", "process": "data_handler", "function": "handle_usr_conf", "stack": "", "pid": 124}
{"time": "2026-04-18 12:23:36.881081", "level": "INFO", "message": "env data_handler finish success", "file": "data_handler.py", "line": "189", "module": "env", "process": "data_handler", "function": "finish", "stack": "", "pid": 124}
{"time": "2026-04-18 12:23:36.881640", "level": "INFO", "message": "env env run once episode done, process_run_count is 233441", "file": "remote_env_server.py", "line": "298", "module": "env", "process": "remote_env_server", "function": "run_once", "stack": "", "pid": 124}
{"time": "2026-04-18 12:23:36.887880", "level": "INFO", "message": "env env recv reset message", "file": "remote_env_server.py", "line": "282", "module": "env", "process": "remote_env_server", "function": "run_once", "stack": "", "pid": 124}
{"time": "2026-04-18 12:23:36.888411", "level": "INFO", "message": "env Select map in order: episode=294, map_id=5 from map_list=[1, 2, 3, 4, 5, 6, 7, 8, 9, 10]", "file": "data_handler.py", "line": "148", "module": "env", "process": "data_handler", "function": "handle_usr_conf", "stack": "", "pid": 124}
{"time": "2026-04-18 12:23:43.073328", "level": "INFO", "message": "env data_handler finish success", "file": "data_handler.py", "line": "189", "module": "env", "process": "data_handler", "function": "finish", "stack": "", "pid": 124}
{"time": "2026-04-18 12:23:43.074406", "level": "INFO", "message": "env env run once episode done, process_run_count is 234442", "file": "remote_env_server.py", "line": "298", "module": "env", "process": "remote_env_server", "function": "run_once", "stack": "", "pid": 124}
{"time": "2026-04-18 12:23:43.112497", "level": "INFO", "message": "env env recv reset message", "file": "remote_env_server.py", "line": "282", "module": "env", "process": "remote_env_server", "function": "run_once", "stack": "", "pid": 124}
{"time": "2026-04-18 12:23:43.113250", "level": "INFO", "message": "env Select map in order: episode=295, map_id=6 from map_list=[1, 2, 3, 4, 5, 6, 7, 8, 9, 10]", "file": "data_handler.py", "line": "148", "module": "env", "process": "data_handler", "function": "handle_usr_conf", "stack": "", "pid": 124}
{"time": "2026-04-18 12:23:44.486584", "level": "INFO", "message": "env data_handler finish success", "file": "data_handler.py", "line": "189", "module": "env", "process": "data_handler", "function": "finish", "stack": "", "pid": 124}
{"time": "2026-04-18 12:23:44.487260", "level": "INFO", "message": "env env run once episode done, process_run_count is 234643", "file": "remote_env_server.py", "line": "298", "module": "env", "process": "remote_env_server", "function": "run_once", "stack": "", "pid": 124}
{"time": "2026-04-18 12:23:44.495959", "level": "INFO", "message": "env env recv reset message", "file": "remote_env_server.py", "line": "282", "module": "env", "process": "remote_env_server", "function": "run_once", "stack": "", "pid": 124}
{"time": "2026-04-18 12:23:44.496596", "level": "INFO", "message": "env Select map in order: episode=296, map_id=7 from map_list=[1, 2, 3, 4, 5, 6, 7, 8, 9, 10]", "file": "data_handler.py", "line": "148", "module": "env", "process": "data_handler", "function": "handle_usr_conf", "stack": "", "pid": 124}
{"time": "2026-04-18 12:23:45.813903", "level": "INFO", "message": "env data_handler finish success", "file": "data_handler.py", "line": "189", "module": "env", "process": "data_handler", "function": "finish", "stack": "", "pid": 124}
{"time": "2026-04-18 12:23:45.814757", "level": "INFO", "message": "env env run once episode done, process_run_count is 234844", "file": "remote_env_server.py", "line": "298", "module": "env", "process": "remote_env_server", "function": "run_once", "stack": "", "pid": 124}
{"time": "2026-04-18 12:23:45.822657", "level": "INFO", "message": "env env recv reset message", "file": "remote_env_server.py", "line": "282", "module": "env", "process": "remote_env_server", "function": "run_once", "stack": "", "pid": 124}
{"time": "2026-04-18 12:23:45.823346", "level": "INFO", "message": "env Select map in order: episode=297, map_id=8 from map_list=[1, 2, 3, 4, 5, 6, 7, 8, 9, 10]", "file": "data_handler.py", "line": "148", "module": "env", "process": "data_handler", "function": "handle_usr_conf", "stack": "", "pid": 124}
{"time": "2026-04-18 12:23:51.871581", "level": "INFO", "message": "env data_handler finish success", "file": "data_handler.py", "line": "189", "module": "env", "process": "data_handler", "function": "finish", "stack": "", "pid": 124}
{"time": "2026-04-18 12:23:51.872041", "level": "INFO", "message": "env env run once episode done, process_run_count is 235845", "file": "remote_env_server.py", "line": "298", "module": "env", "process": "remote_env_server", "function": "run_once", "stack": "", "pid": 124}
{"time": "2026-04-18 12:23:51.905515", "level": "INFO", "message": "env env recv reset message", "file": "remote_env_server.py", "line": "282", "module": "env", "process": "remote_env_server", "function": "run_once", "stack": "", "pid": 124}
{"time": "2026-04-18 12:23:51.906045", "level": "INFO", "message": "env Select map in order: episode=298, map_id=9 from map_list=[1, 2, 3, 4, 5, 6, 7, 8, 9, 10]", "file": "data_handler.py", "line": "148", "module": "env", "process": "data_handler", "function": "handle_usr_conf", "stack": "", "pid": 124}
{"time": "2026-04-18 12:23:57.030440", "level": "INFO", "message": "env data_handler finish success", "file": "data_handler.py", "line": "189", "module": "env", "process": "data_handler", "function": "finish", "stack": "", "pid": 124}
{"time": "2026-04-18 12:23:57.030889", "level": "INFO", "message": "env env run once episode done, process_run_count is 236846", "file": "remote_env_server.py", "line": "298", "module": "env", "process": "remote_env_server", "function": "run_once", "stack": "", "pid": 124}
{"time": "2026-04-18 12:23:57.064044", "level": "INFO", "message": "env env recv reset message", "file": "remote_env_server.py", "line": "282", "module": "env", "process": "remote_env_server", "function": "run_once", "stack": "", "pid": 124}
{"time": "2026-04-18 12:23:57.064682", "level": "INFO", "message": "env Select map in order: episode=299, map_id=10 from map_list=[1, 2, 3, 4, 5, 6, 7, 8, 9, 10]", "file": "data_handler.py", "line": "148", "module": "env", "process": "data_handler", "function": "handle_usr_conf", "stack": "", "pid": 124}
{"time": "2026-04-18 12:24:03.140794", "level": "INFO", "message": "env data_handler finish success", "file": "data_handler.py", "line": "189", "module": "env", "process": "data_handler", "function": "finish", "stack": "", "pid": 124}
{"time": "2026-04-18 12:24:03.141498", "level": "INFO", "message": "env env run once episode done, process_run_count is 237847", "file": "remote_env_server.py", "line": "298", "module": "env", "process": "remote_env_server", "function": "run_once", "stack": "", "pid": 124}
{"time": "2026-04-18 12:24:03.176415", "level": "INFO", "message": "env env recv reset message", "file": "remote_env_server.py", "line": "282", "module": "env", "process": "remote_env_server", "function": "run_once", "stack": "", "pid": 124}
{"time": "2026-04-18 12:24:03.177160", "level": "INFO", "message": "env Select map in order: episode=300, map_id=1 from map_list=[1, 2, 3, 4, 5, 6, 7, 8, 9, 10]", "file": "data_handler.py", "line": "148", "module": "env", "process": "data_handler", "function": "handle_usr_conf", "stack": "", "pid": 124}
{"time": "2026-04-18 12:24:09.347692", "level": "INFO", "message": "env finish monitor_data is {'total_score': 926, 'clean_score': 926, 'total_map': 10, 'map_random': 0, 'map_code': 1, 'max_steps': 1000, 'finished_steps': 1000, 'total_charger': 4, 'charge_count': 9, 'remaining_charge': 128}", "file": "monitor_helper.py", "line": "95", "module": "env", "process": "monitor_helper", "function": "finish", "stack": "", "pid": 124}
{"time": "2026-04-18 12:24:09.351248", "level": "INFO", "message": "env data_handler finish success", "file": "data_handler.py", "line": "189", "module": "env", "process": "data_handler", "function": "finish", "stack": "", "pid": 124}
{"time": "2026-04-18 12:24:09.351932", "level": "INFO", "message": "env env run once episode done, process_run_count is 238848", "file": "remote_env_server.py", "line": "298", "module": "env", "process": "remote_env_server", "function": "run_once", "stack": "", "pid": 124}
{"time": "2026-04-18 12:24:09.381239", "level": "INFO", "message": "env env recv reset message", "file": "remote_env_server.py", "line": "282", "module": "env", "process": "remote_env_server", "function": "run_once", "stack": "", "pid": 124}
{"time": "2026-04-18 12:24:09.381894", "level": "INFO", "message": "env Select map in order: episode=301, map_id=2 from map_list=[1, 2, 3, 4, 5, 6, 7, 8, 9, 10]", "file": "data_handler.py", "line": "148", "module": "env", "process": "data_handler", "function": "handle_usr_conf", "stack": "", "pid": 124}
{"time": "2026-04-18 12:24:15.438382", "level": "INFO", "message": "env data_handler finish success", "file": "data_handler.py", "line": "189", "module": "env", "process": "data_handler", "function": "finish", "stack": "", "pid": 124}
{"time": "2026-04-18 12:24:15.439059", "level": "INFO", "message": "env env run once episode done, process_run_count is 239849", "file": "remote_env_server.py", "line": "298", "module": "env", "process": "remote_env_server", "function": "run_once", "stack": "", "pid": 124}
{"time": "2026-04-18 12:24:15.473630", "level": "INFO", "message": "env env recv reset message", "file": "remote_env_server.py", "line": "282", "module": "env", "process": "remote_env_server", "function": "run_once", "stack": "", "pid": 124}
{"time": "2026-04-18 12:24:15.474333", "level": "INFO", "message": "env Select map in order: episode=302, map_id=3 from map_list=[1, 2, 3, 4, 5, 6, 7, 8, 9, 10]", "file": "data_handler.py", "line": "148", "module": "env", "process": "data_handler", "function": "handle_usr_conf", "stack": "", "pid": 124}
{"time": "2026-04-18 12:24:21.509843", "level": "INFO", "message": "env data_handler finish success", "file": "data_handler.py", "line": "189", "module": "env", "process": "data_handler", "function": "finish", "stack": "", "pid": 124}
{"time": "2026-04-18 12:24:21.510558", "level": "INFO", "message": "env env run once episode done, process_run_count is 240850", "file": "remote_env_server.py", "line": "298", "module": "env", "process": "remote_env_server", "function": "run_once", "stack": "", "pid": 124}
{"time": "2026-04-18 12:24:21.544633", "level": "INFO", "message": "env env recv reset message", "file": "remote_env_server.py", "line": "282", "module": "env", "process": "remote_env_server", "function": "run_once", "stack": "", "pid": 124}
{"time": "2026-04-18 12:24:21.546439", "level": "INFO", "message": "env Select map in order: episode=303, map_id=4 from map_list=[1, 2, 3, 4, 5, 6, 7, 8, 9, 10]", "file": "data_handler.py", "line": "148", "module": "env", "process": "data_handler", "function": "handle_usr_conf", "stack": "", "pid": 124}
{"time": "2026-04-18 12:24:25.018136", "level": "INFO", "message": "env data_handler finish success", "file": "data_handler.py", "line": "189", "module": "env", "process": "data_handler", "function": "finish", "stack": "", "pid": 124}
{"time": "2026-04-18 12:24:25.018834", "level": "INFO", "message": "env env run once episode done, process_run_count is 241573", "file": "remote_env_server.py", "line": "298", "module": "env", "process": "remote_env_server", "function": "run_once", "stack": "", "pid": 124}
{"time": "2026-04-18 12:24:25.043923", "level": "INFO", "message": "env env recv reset message", "file": "remote_env_server.py", "line": "282", "module": "env", "process": "remote_env_server", "function": "run_once", "stack": "", "pid": 124}
{"time": "2026-04-18 12:24:25.044728", "level": "INFO", "message": "env Select map in order: episode=304, map_id=5 from map_list=[1, 2, 3, 4, 5, 6, 7, 8, 9, 10]", "file": "data_handler.py", "line": "148", "module": "env", "process": "data_handler", "function": "handle_usr_conf", "stack": "", "pid": 124}
{"time": "2026-04-18 12:24:31.072559", "level": "INFO", "message": "env data_handler finish success", "file": "data_handler.py", "line": "189", "module": "env", "process": "data_handler", "function": "finish", "stack": "", "pid": 124}
{"time": "2026-04-18 12:24:31.073107", "level": "INFO", "message": "env env run once episode done, process_run_count is 242574", "file": "remote_env_server.py", "line": "298", "module": "env", "process": "remote_env_server", "function": "run_once", "stack": "", "pid": 124}
{"time": "2026-04-18 12:24:31.107396", "level": "INFO", "message": "env env recv reset message", "file": "remote_env_server.py", "line": "282", "module": "env", "process": "remote_env_server", "function": "run_once", "stack": "", "pid": 124}
{"time": "2026-04-18 12:24:31.108116", "level": "INFO", "message": "env Select map in order: episode=305, map_id=6 from map_list=[1, 2, 3, 4, 5, 6, 7, 8, 9, 10]", "file": "data_handler.py", "line": "148", "module": "env", "process": "data_handler", "function": "handle_usr_conf", "stack": "", "pid": 124}
{"time": "2026-04-18 12:24:37.174238", "level": "INFO", "message": "env data_handler finish success", "file": "data_handler.py", "line": "189", "module": "env", "process": "data_handler", "function": "finish", "stack": "", "pid": 124}
{"time": "2026-04-18 12:24:37.174894", "level": "INFO", "message": "env env run once episode done, process_run_count is 243575", "file": "remote_env_server.py", "line": "298", "module": "env", "process": "remote_env_server", "function": "run_once", "stack": "", "pid": 124}
{"time": "2026-04-18 12:24:37.206301", "level": "INFO", "message": "env env recv reset message", "file": "remote_env_server.py", "line": "282", "module": "env", "process": "remote_env_server", "function": "run_once", "stack": "", "pid": 124}
{"time": "2026-04-18 12:24:37.207154", "level": "INFO", "message": "env Select map in order: episode=306, map_id=7 from map_list=[1, 2, 3, 4, 5, 6, 7, 8, 9, 10]", "file": "data_handler.py", "line": "148", "module": "env", "process": "data_handler", "function": "handle_usr_conf", "stack": "", "pid": 124}
{"time": "2026-04-18 12:24:43.365626", "level": "INFO", "message": "env data_handler finish success", "file": "data_handler.py", "line": "189", "module": "env", "process": "data_handler", "function": "finish", "stack": "", "pid": 124}
{"time": "2026-04-18 12:24:43.366389", "level": "INFO", "message": "env env run once episode done, process_run_count is 244576", "file": "remote_env_server.py", "line": "298", "module": "env", "process": "remote_env_server", "function": "run_once", "stack": "", "pid": 124}
{"time": "2026-04-18 12:24:43.402150", "level": "INFO", "message": "env env recv reset message", "file": "remote_env_server.py", "line": "282", "module": "env", "process": "remote_env_server", "function": "run_once", "stack": "", "pid": 124}
{"time": "2026-04-18 12:24:43.402794", "level": "INFO", "message": "env Select map in order: episode=307, map_id=8 from map_list=[1, 2, 3, 4, 5, 6, 7, 8, 9, 10]", "file": "data_handler.py", "line": "148", "module": "env", "process": "data_handler", "function": "handle_usr_conf", "stack": "", "pid": 124}
{"time": "2026-04-18 12:24:49.522754", "level": "INFO", "message": "env data_handler finish success", "file": "data_handler.py", "line": "189", "module": "env", "process": "data_handler", "function": "finish", "stack": "", "pid": 124}
{"time": "2026-04-18 12:24:49.523203", "level": "INFO", "message": "env env run once episode done, process_run_count is 245577", "file": "remote_env_server.py", "line": "298", "module": "env", "process": "remote_env_server", "function": "run_once", "stack": "", "pid": 124}
{"time": "2026-04-18 12:24:49.557446", "level": "INFO", "message": "env env recv reset message", "file": "remote_env_server.py", "line": "282", "module": "env", "process": "remote_env_server", "function": "run_once", "stack": "", "pid": 124}
{"time": "2026-04-18 12:24:49.558020", "level": "INFO", "message": "env Select map in order: episode=308, map_id=9 from map_list=[1, 2, 3, 4, 5, 6, 7, 8, 9, 10]", "file": "data_handler.py", "line": "148", "module": "env", "process": "data_handler", "function": "handle_usr_conf", "stack": "", "pid": 124}
{"time": "2026-04-18 12:24:54.614027", "level": "INFO", "message": "env data_handler finish success", "file": "data_handler.py", "line": "189", "module": "env", "process": "data_handler", "function": "finish", "stack": "", "pid": 124}
{"time": "2026-04-18 12:24:54.614701", "level": "INFO", "message": "env env run once episode done, process_run_count is 246578", "file": "remote_env_server.py", "line": "298", "module": "env", "process": "remote_env_server", "function": "run_once", "stack": "", "pid": 124}
{"time": "2026-04-18 12:24:54.646563", "level": "INFO", "message": "env env recv reset message", "file": "remote_env_server.py", "line": "282", "module": "env", "process": "remote_env_server", "function": "run_once", "stack": "", "pid": 124}
{"time": "2026-04-18 12:24:54.647225", "level": "INFO", "message": "env Select map in order: episode=309, map_id=10 from map_list=[1, 2, 3, 4, 5, 6, 7, 8, 9, 10]", "file": "data_handler.py", "line": "148", "module": "env", "process": "data_handler", "function": "handle_usr_conf", "stack": "", "pid": 124}
{"time": "2026-04-18 12:25:00.693287", "level": "INFO", "message": "env data_handler finish success", "file": "data_handler.py", "line": "189", "module": "env", "process": "data_handler", "function": "finish", "stack": "", "pid": 124}
{"time": "2026-04-18 12:25:00.697093", "level": "INFO", "message": "env env run once episode done, process_run_count is 247579", "file": "remote_env_server.py", "line": "298", "module": "env", "process": "remote_env_server", "function": "run_once", "stack": "", "pid": 124}
{"time": "2026-04-18 12:25:00.725892", "level": "INFO", "message": "env env recv reset message", "file": "remote_env_server.py", "line": "282", "module": "env", "process": "remote_env_server", "function": "run_once", "stack": "", "pid": 124}
{"time": "2026-04-18 12:25:00.726616", "level": "INFO", "message": "env Select map in order: episode=310, map_id=1 from map_list=[1, 2, 3, 4, 5, 6, 7, 8, 9, 10]", "file": "data_handler.py", "line": "148", "module": "env", "process": "data_handler", "function": "handle_usr_conf", "stack": "", "pid": 124}
{"time": "2026-04-18 12:25:06.828106", "level": "INFO", "message": "env data_handler finish success", "file": "data_handler.py", "line": "189", "module": "env", "process": "data_handler", "function": "finish", "stack": "", "pid": 124}
{"time": "2026-04-18 12:25:06.828693", "level": "INFO", "message": "env env run once episode done, process_run_count is 248580", "file": "remote_env_server.py", "line": "298", "module": "env", "process": "remote_env_server", "function": "run_once", "stack": "", "pid": 124}
{"time": "2026-04-18 12:25:06.865375", "level": "INFO", "message": "env env recv reset message", "file": "remote_env_server.py", "line": "282", "module": "env", "process": "remote_env_server", "function": "run_once", "stack": "", "pid": 124}
{"time": "2026-04-18 12:25:06.866176", "level": "INFO", "message": "env Select map in order: episode=311, map_id=2 from map_list=[1, 2, 3, 4, 5, 6, 7, 8, 9, 10]", "file": "data_handler.py", "line": "148", "module": "env", "process": "data_handler", "function": "handle_usr_conf", "stack": "", "pid": 124}
{"time": "2026-04-18 12:25:10.927548", "level": "INFO", "message": "env finish monitor_data is {'total_score': 568, 'clean_score': 568, 'total_map': 10, 'map_random': 0, 'map_code': 2, 'max_steps': 1000, 'finished_steps': 662, 'total_charger': 4, 'charge_count': 4, 'remaining_charge': 0}", "file": "monitor_helper.py", "line": "95", "module": "env", "process": "monitor_helper", "function": "finish", "stack": "", "pid": 124}
{"time": "2026-04-18 12:25:10.928200", "level": "INFO", "message": "env data_handler finish success", "file": "data_handler.py", "line": "189", "module": "env", "process": "data_handler", "function": "finish", "stack": "", "pid": 124}
{"time": "2026-04-18 12:25:10.928783", "level": "INFO", "message": "env env run once episode done, process_run_count is 249243", "file": "remote_env_server.py", "line": "298", "module": "env", "process": "remote_env_server", "function": "run_once", "stack": "", "pid": 124}
{"time": "2026-04-18 12:25:10.951249", "level": "INFO", "message": "env env recv reset message", "file": "remote_env_server.py", "line": "282", "module": "env", "process": "remote_env_server", "function": "run_once", "stack": "", "pid": 124}
{"time": "2026-04-18 12:25:10.952147", "level": "INFO", "message": "env Select map in order: episode=312, map_id=3 from map_list=[1, 2, 3, 4, 5, 6, 7, 8, 9, 10]", "file": "data_handler.py", "line": "148", "module": "env", "process": "data_handler", "function": "handle_usr_conf", "stack": "", "pid": 124}
{"time": "2026-04-18 12:25:17.002856", "level": "INFO", "message": "env data_handler finish success", "file": "data_handler.py", "line": "189", "module": "env", "process": "data_handler", "function": "finish", "stack": "", "pid": 124}
{"time": "2026-04-18 12:25:17.003319", "level": "INFO", "message": "env env run once episode done, process_run_count is 250244", "file": "remote_env_server.py", "line": "298", "module": "env", "process": "remote_env_server", "function": "run_once", "stack": "", "pid": 124}
{"time": "2026-04-18 12:25:17.036487", "level": "INFO", "message": "env env recv reset message", "file": "remote_env_server.py", "line": "282", "module": "env", "process": "remote_env_server", "function": "run_once", "stack": "", "pid": 124}
{"time": "2026-04-18 12:25:17.037127", "level": "INFO", "message": "env Select map in order: episode=313, map_id=4 from map_list=[1, 2, 3, 4, 5, 6, 7, 8, 9, 10]", "file": "data_handler.py", "line": "148", "module": "env", "process": "data_handler", "function": "handle_usr_conf", "stack": "", "pid": 124}
{"time": "2026-04-18 12:25:19.479712", "level": "INFO", "message": "env data_handler finish success", "file": "data_handler.py", "line": "189", "module": "env", "process": "data_handler", "function": "finish", "stack": "", "pid": 124}
{"time": "2026-04-18 12:25:19.480197", "level": "INFO", "message": "env env run once episode done, process_run_count is 250624", "file": "remote_env_server.py", "line": "298", "module": "env", "process": "remote_env_server", "function": "run_once", "stack": "", "pid": 124}
{"time": "2026-04-18 12:25:19.495010", "level": "INFO", "message": "env env recv reset message", "file": "remote_env_server.py", "line": "282", "module": "env", "process": "remote_env_server", "function": "run_once", "stack": "", "pid": 124}
{"time": "2026-04-18 12:25:19.495605", "level": "INFO", "message": "env Select map in order: episode=314, map_id=5 from map_list=[1, 2, 3, 4, 5, 6, 7, 8, 9, 10]", "file": "data_handler.py", "line": "148", "module": "env", "process": "data_handler", "function": "handle_usr_conf", "stack": "", "pid": 124}
{"time": "2026-04-18 12:25:25.048899", "level": "INFO", "message": "env data_handler finish success", "file": "data_handler.py", "line": "189", "module": "env", "process": "data_handler", "function": "finish", "stack": "", "pid": 124}
{"time": "2026-04-18 12:25:25.049510", "level": "INFO", "message": "env env run once episode done, process_run_count is 251625", "file": "remote_env_server.py", "line": "298", "module": "env", "process": "remote_env_server", "function": "run_once", "stack": "", "pid": 124}
{"time": "2026-04-18 12:25:25.081551", "level": "INFO", "message": "env env recv reset message", "file": "remote_env_server.py", "line": "282", "module": "env", "process": "remote_env_server", "function": "run_once", "stack": "", "pid": 124}
{"time": "2026-04-18 12:25:25.082291", "level": "INFO", "message": "env Select map in order: episode=315, map_id=6 from map_list=[1, 2, 3, 4, 5, 6, 7, 8, 9, 10]", "file": "data_handler.py", "line": "148", "module": "env", "process": "data_handler", "function": "handle_usr_conf", "stack": "", "pid": 124}
{"time": "2026-04-18 12:25:28.231444", "level": "INFO", "message": "env data_handler finish success", "file": "data_handler.py", "line": "189", "module": "env", "process": "data_handler", "function": "finish", "stack": "", "pid": 124}
{"time": "2026-04-18 12:25:28.232047", "level": "INFO", "message": "env env run once episode done, process_run_count is 252137", "file": "remote_env_server.py", "line": "298", "module": "env", "process": "remote_env_server", "function": "run_once", "stack": "", "pid": 124}
{"time": "2026-04-18 12:25:28.250166", "level": "INFO", "message": "env env recv reset message", "file": "remote_env_server.py", "line": "282", "module": "env", "process": "remote_env_server", "function": "run_once", "stack": "", "pid": 124}
{"time": "2026-04-18 12:25:28.250834", "level": "INFO", "message": "env Select map in order: episode=316, map_id=7 from map_list=[1, 2, 3, 4, 5, 6, 7, 8, 9, 10]", "file": "data_handler.py", "line": "148", "module": "env", "process": "data_handler", "function": "handle_usr_conf", "stack": "", "pid": 124}
{"time": "2026-04-18 12:25:33.933165", "level": "INFO", "message": "env data_handler finish success", "file": "data_handler.py", "line": "189", "module": "env", "process": "data_handler", "function": "finish", "stack": "", "pid": 124}
{"time": "2026-04-18 12:25:33.933916", "level": "INFO", "message": "env env run once episode done, process_run_count is 253085", "file": "remote_env_server.py", "line": "298", "module": "env", "process": "remote_env_server", "function": "run_once", "stack": "", "pid": 124}
{"time": "2026-04-18 12:25:33.964838", "level": "INFO", "message": "env env recv reset message", "file": "remote_env_server.py", "line": "282", "module": "env", "process": "remote_env_server", "function": "run_once", "stack": "", "pid": 124}
{"time": "2026-04-18 12:25:33.965650", "level": "INFO", "message": "env Select map in order: episode=317, map_id=8 from map_list=[1, 2, 3, 4, 5, 6, 7, 8, 9, 10]", "file": "data_handler.py", "line": "148", "module": "env", "process": "data_handler", "function": "handle_usr_conf", "stack": "", "pid": 124}
{"time": "2026-04-18 12:25:38.036224", "level": "INFO", "message": "env data_handler finish success", "file": "data_handler.py", "line": "189", "module": "env", "process": "data_handler", "function": "finish", "stack": "", "pid": 124}
{"time": "2026-04-18 12:25:38.036735", "level": "INFO", "message": "env env run once episode done, process_run_count is 253914", "file": "remote_env_server.py", "line": "298", "module": "env", "process": "remote_env_server", "function": "run_once", "stack": "", "pid": 124}
{"time": "2026-04-18 12:25:38.066113", "level": "INFO", "message": "env env recv reset message", "file": "remote_env_server.py", "line": "282", "module": "env", "process": "remote_env_server", "function": "run_once", "stack": "", "pid": 124}
{"time": "2026-04-18 12:25:38.067001", "level": "INFO", "message": "env Select map in order: episode=318, map_id=9 from map_list=[1, 2, 3, 4, 5, 6, 7, 8, 9, 10]", "file": "data_handler.py", "line": "148", "module": "env", "process": "data_handler", "function": "handle_usr_conf", "stack": "", "pid": 124}
{"time": "2026-04-18 12:25:44.083584", "level": "INFO", "message": "env data_handler finish success", "file": "data_handler.py", "line": "189", "module": "env", "process": "data_handler", "function": "finish", "stack": "", "pid": 124}
{"time": "2026-04-18 12:25:44.084205", "level": "INFO", "message": "env env run once episode done, process_run_count is 254915", "file": "remote_env_server.py", "line": "298", "module": "env", "process": "remote_env_server", "function": "run_once", "stack": "", "pid": 124}
{"time": "2026-04-18 12:25:44.122641", "level": "INFO", "message": "env env recv reset message", "file": "remote_env_server.py", "line": "282", "module": "env", "process": "remote_env_server", "function": "run_once", "stack": "", "pid": 124}
{"time": "2026-04-18 12:25:44.123281", "level": "INFO", "message": "env Select map in order: episode=319, map_id=10 from map_list=[1, 2, 3, 4, 5, 6, 7, 8, 9, 10]", "file": "data_handler.py", "line": "148", "module": "env", "process": "data_handler", "function": "handle_usr_conf", "stack": "", "pid": 124}
{"time": "2026-04-18 12:25:49.770206", "level": "INFO", "message": "env data_handler finish success", "file": "data_handler.py", "line": "189", "module": "env", "process": "data_handler", "function": "finish", "stack": "", "pid": 124}
{"time": "2026-04-18 12:25:49.770985", "level": "INFO", "message": "env env run once episode done, process_run_count is 255916", "file": "remote_env_server.py", "line": "298", "module": "env", "process": "remote_env_server", "function": "run_once", "stack": "", "pid": 124}
{"time": "2026-04-18 12:25:49.802876", "level": "INFO", "message": "env env recv reset message", "file": "remote_env_server.py", "line": "282", "module": "env", "process": "remote_env_server", "function": "run_once", "stack": "", "pid": 124}
{"time": "2026-04-18 12:25:49.803719", "level": "INFO", "message": "env Select map in order: episode=320, map_id=1 from map_list=[1, 2, 3, 4, 5, 6, 7, 8, 9, 10]", "file": "data_handler.py", "line": "148", "module": "env", "process": "data_handler", "function": "handle_usr_conf", "stack": "", "pid": 124}
{"time": "2026-04-18 12:25:55.850258", "level": "INFO", "message": "env data_handler finish success", "file": "data_handler.py", "line": "189", "module": "env", "process": "data_handler", "function": "finish", "stack": "", "pid": 124}
{"time": "2026-04-18 12:25:55.850947", "level": "INFO", "message": "env env run once episode done, process_run_count is 256917", "file": "remote_env_server.py", "line": "298", "module": "env", "process": "remote_env_server", "function": "run_once", "stack": "", "pid": 124}
{"time": "2026-04-18 12:25:55.882983", "level": "INFO", "message": "env env recv reset message", "file": "remote_env_server.py", "line": "282", "module": "env", "process": "remote_env_server", "function": "run_once", "stack": "", "pid": 124}
{"time": "2026-04-18 12:25:55.883670", "level": "INFO", "message": "env Select map in order: episode=321, map_id=2 from map_list=[1, 2, 3, 4, 5, 6, 7, 8, 9, 10]", "file": "data_handler.py", "line": "148", "module": "env", "process": "data_handler", "function": "handle_usr_conf", "stack": "", "pid": 124}
{"time": "2026-04-18 12:25:57.650245", "level": "INFO", "message": "env data_handler finish success", "file": "data_handler.py", "line": "189", "module": "env", "process": "data_handler", "function": "finish", "stack": "", "pid": 124}
{"time": "2026-04-18 12:25:57.650659", "level": "INFO", "message": "env env run once episode done, process_run_count is 257190", "file": "remote_env_server.py", "line": "298", "module": "env", "process": "remote_env_server", "function": "run_once", "stack": "", "pid": 124}
{"time": "2026-04-18 12:25:57.662173", "level": "INFO", "message": "env env recv reset message", "file": "remote_env_server.py", "line": "282", "module": "env", "process": "remote_env_server", "function": "run_once", "stack": "", "pid": 124}
{"time": "2026-04-18 12:25:57.662727", "level": "INFO", "message": "env Select map in order: episode=322, map_id=3 from map_list=[1, 2, 3, 4, 5, 6, 7, 8, 9, 10]", "file": "data_handler.py", "line": "148", "module": "env", "process": "data_handler", "function": "handle_usr_conf", "stack": "", "pid": 124}
{"time": "2026-04-18 12:26:03.489119", "level": "INFO", "message": "env data_handler finish success", "file": "data_handler.py", "line": "189", "module": "env", "process": "data_handler", "function": "finish", "stack": "", "pid": 124}
{"time": "2026-04-18 12:26:03.489796", "level": "INFO", "message": "env env run once episode done, process_run_count is 258147", "file": "remote_env_server.py", "line": "298", "module": "env", "process": "remote_env_server", "function": "run_once", "stack": "", "pid": 124}
{"time": "2026-04-18 12:26:03.520478", "level": "INFO", "message": "env env recv reset message", "file": "remote_env_server.py", "line": "282", "module": "env", "process": "remote_env_server", "function": "run_once", "stack": "", "pid": 124}
{"time": "2026-04-18 12:26:03.521602", "level": "INFO", "message": "env Select map in order: episode=323, map_id=4 from map_list=[1, 2, 3, 4, 5, 6, 7, 8, 9, 10]", "file": "data_handler.py", "line": "148", "module": "env", "process": "data_handler", "function": "handle_usr_conf", "stack": "", "pid": 124}
{"time": "2026-04-18 12:26:09.557064", "level": "INFO", "message": "env data_handler finish success", "file": "data_handler.py", "line": "189", "module": "env", "process": "data_handler", "function": "finish", "stack": "", "pid": 124}
{"time": "2026-04-18 12:26:09.557708", "level": "INFO", "message": "env env run once episode done, process_run_count is 259114", "file": "remote_env_server.py", "line": "298", "module": "env", "process": "remote_env_server", "function": "run_once", "stack": "", "pid": 124}
{"time": "2026-04-18 12:26:09.591345", "level": "INFO", "message": "env env recv reset message", "file": "remote_env_server.py", "line": "282", "module": "env", "process": "remote_env_server", "function": "run_once", "stack": "", "pid": 124}
{"time": "2026-04-18 12:26:09.592053", "level": "INFO", "message": "env Select map in order: episode=324, map_id=5 from map_list=[1, 2, 3, 4, 5, 6, 7, 8, 9, 10]", "file": "data_handler.py", "line": "148", "module": "env", "process": "data_handler", "function": "handle_usr_conf", "stack": "", "pid": 124}
{"time": "2026-04-18 12:26:15.385389", "level": "INFO", "message": "env finish monitor_data is {'total_score': 812, 'clean_score': 812, 'total_map': 10, 'map_random': 0, 'map_code': 5, 'max_steps': 1000, 'finished_steps': 959, 'total_charger': 4, 'charge_count': 7, 'remaining_charge': 0}", "file": "monitor_helper.py", "line": "95", "module": "env", "process": "monitor_helper", "function": "finish", "stack": "", "pid": 124}
{"time": "2026-04-18 12:26:15.386157", "level": "INFO", "message": "env data_handler finish success", "file": "data_handler.py", "line": "189", "module": "env", "process": "data_handler", "function": "finish", "stack": "", "pid": 124}
{"time": "2026-04-18 12:26:15.386780", "level": "INFO", "message": "env env run once episode done, process_run_count is 260074", "file": "remote_env_server.py", "line": "298", "module": "env", "process": "remote_env_server", "function": "run_once", "stack": "", "pid": 124}
{"time": "2026-04-18 12:26:15.418325", "level": "INFO", "message": "env env recv reset message", "file": "remote_env_server.py", "line": "282", "module": "env", "process": "remote_env_server", "function": "run_once", "stack": "", "pid": 124}
{"time": "2026-04-18 12:26:15.419126", "level": "INFO", "message": "env Select map in order: episode=325, map_id=6 from map_list=[1, 2, 3, 4, 5, 6, 7, 8, 9, 10]", "file": "data_handler.py", "line": "148", "module": "env", "process": "data_handler", "function": "handle_usr_conf", "stack": "", "pid": 124}
{"time": "2026-04-18 12:26:20.939721", "level": "INFO", "message": "env data_handler finish success", "file": "data_handler.py", "line": "189", "module": "env", "process": "data_handler", "function": "finish", "stack": "", "pid": 124}
{"time": "2026-04-18 12:26:20.940379", "level": "INFO", "message": "env env run once episode done, process_run_count is 261075", "file": "remote_env_server.py", "line": "298", "module": "env", "process": "remote_env_server", "function": "run_once", "stack": "", "pid": 124}
{"time": "2026-04-18 12:26:20.972823", "level": "INFO", "message": "env env recv reset message", "file": "remote_env_server.py", "line": "282", "module": "env", "process": "remote_env_server", "function": "run_once", "stack": "", "pid": 124}
{"time": "2026-04-18 12:26:20.973649", "level": "INFO", "message": "env Select map in order: episode=326, map_id=7 from map_list=[1, 2, 3, 4, 5, 6, 7, 8, 9, 10]", "file": "data_handler.py", "line": "148", "module": "env", "process": "data_handler", "function": "handle_usr_conf", "stack": "", "pid": 124}
