{"time": "2026-04-18 11:53:41.844810", "level": "INFO", "message": "env env using shared MonitorProxy (PID: 121) not_server", "file": "worker.py", "line": "178", "module": "env", "process": "worker", "function": "worker_start_up", "stack": "", "pid": 115}
{"time": "2026-04-18 11:53:41.846620", "level": "INFO", "message": "env timeit enabled: False", "file": "env_core.py", "line": "132", "module": "env", "process": "env_core", "function": "init_data_handler", "stack": "", "pid": 115}
{"time": "2026-04-18 11:53:41.952799", "level": "INFO", "message": "env KaiwuDataHandler init success, KaiwuDataHandler class is environments.robot_vacuum.data_handler.KaiwuDataHandler", "file": "env_core.py", "line": "139", "module": "env", "process": "env_core", "function": "init_data_handler", "stack": "", "pid": 115}
{"time": "2026-04-18 11:53:41.953535", "level": "INFO", "message": "env timeit enabled: False", "file": "env_core.py", "line": "46", "module": "env", "process": "env_core", "function": "init_env_adapter", "stack": "", "pid": 115}
{"time": "2026-04-18 11:53:41.966162", "level": "INFO", "message": "env EnvAdapter init success, EnvAdapter class is environments.robot_vacuum.env_adapter.EnvAdapter", "file": "env_core.py", "line": "53", "module": "env", "process": "env_core", "function": "init_env_adapter", "stack": "", "pid": 115}
{"time": "2026-04-18 11:53:41.967733", "level": "INFO", "message": "env env_wrapper, zmq_server aisrv <--> env or entity <--> env, start at 172.19.0.14:5566 success", "file": "inter_process_communication.py", "line": "68", "module": "env", "process": "inter_process_communication", "function": "create_server", "stack": "", "pid": 115}
{"time": "2026-04-18 11:53:47.303556", "level": "INFO", "message": "env env recv reset message", "file": "remote_env_server.py", "line": "282", "module": "env", "process": "remote_env_server", "function": "run_once", "stack": "", "pid": 115}
{"time": "2026-04-18 11:53:47.304699", "level": "INFO", "message": "env Select map in order: episode=0, map_id=1 from map_list=[1, 2, 3, 4, 5, 6, 7, 8, 9, 10]", "file": "data_handler.py", "line": "148", "module": "env", "process": "data_handler", "function": "handle_usr_conf", "stack": "", "pid": 115}
{"time": "2026-04-18 11:53:47.765877", "level": "INFO", "message": "env finish monitor_data is {'total_score': 27, 'clean_score': 27, 'total_map': 10, 'map_random': 0, 'map_code': 1, 'max_steps': 1000, 'finished_steps': 27, 'total_charger': 4, 'charge_count': 0, 'remaining_charge': 173}", "file": "monitor_helper.py", "line": "95", "module": "env", "process": "monitor_helper", "function": "finish", "stack": "", "pid": 115}
{"time": "2026-04-18 11:53:47.766513", "level": "INFO", "message": "env data_handler finish success", "file": "data_handler.py", "line": "189", "module": "env", "process": "data_handler", "function": "finish", "stack": "", "pid": 115}
{"time": "2026-04-18 11:53:47.767024", "level": "INFO", "message": "env env run once episode done, process_run_count is 28", "file": "remote_env_server.py", "line": "298", "module": "env", "process": "remote_env_server", "function": "run_once", "stack": "", "pid": 115}
{"time": "2026-04-18 11:53:47.771749", "level": "INFO", "message": "env env recv reset message", "file": "remote_env_server.py", "line": "282", "module": "env", "process": "remote_env_server", "function": "run_once", "stack": "", "pid": 115}
{"time": "2026-04-18 11:53:47.772569", "level": "INFO", "message": "env Select map in order: episode=1, map_id=2 from map_list=[1, 2, 3, 4, 5, 6, 7, 8, 9, 10]", "file": "data_handler.py", "line": "148", "module": "env", "process": "data_handler", "function": "handle_usr_conf", "stack": "", "pid": 115}
{"time": "2026-04-18 11:53:56.657539", "level": "INFO", "message": "env data_handler finish success", "file": "data_handler.py", "line": "189", "module": "env", "process": "data_handler", "function": "finish", "stack": "", "pid": 115}
{"time": "2026-04-18 11:53:56.658305", "level": "INFO", "message": "env env run once episode done, process_run_count is 1029", "file": "remote_env_server.py", "line": "298", "module": "env", "process": "remote_env_server", "function": "run_once", "stack": "", "pid": 115}
{"time": "2026-04-18 11:53:56.724600", "level": "INFO", "message": "env env recv reset message", "file": "remote_env_server.py", "line": "282", "module": "env", "process": "remote_env_server", "function": "run_once", "stack": "", "pid": 115}
{"time": "2026-04-18 11:53:56.725753", "level": "INFO", "message": "env Select map in order: episode=2, map_id=3 from map_list=[1, 2, 3, 4, 5, 6, 7, 8, 9, 10]", "file": "data_handler.py", "line": "148", "module": "env", "process": "data_handler", "function": "handle_usr_conf", "stack": "", "pid": 115}
{"time": "2026-04-18 11:53:59.315903", "level": "INFO", "message": "env data_handler finish success", "file": "data_handler.py", "line": "189", "module": "env", "process": "data_handler", "function": "finish", "stack": "", "pid": 115}
{"time": "2026-04-18 11:53:59.316776", "level": "INFO", "message": "env env run once episode done, process_run_count is 1230", "file": "remote_env_server.py", "line": "298", "module": "env", "process": "remote_env_server", "function": "run_once", "stack": "", "pid": 115}
{"time": "2026-04-18 11:53:59.334977", "level": "INFO", "message": "env env recv reset message", "file": "remote_env_server.py", "line": "282", "module": "env", "process": "remote_env_server", "function": "run_once", "stack": "", "pid": 115}
{"time": "2026-04-18 11:53:59.336035", "level": "INFO", "message": "env Select map in order: episode=3, map_id=4 from map_list=[1, 2, 3, 4, 5, 6, 7, 8, 9, 10]", "file": "data_handler.py", "line": "148", "module": "env", "process": "data_handler", "function": "handle_usr_conf", "stack": "", "pid": 115}
{"time": "2026-04-18 11:54:05.365768", "level": "INFO", "message": "env data_handler finish success", "file": "data_handler.py", "line": "189", "module": "env", "process": "data_handler", "function": "finish", "stack": "", "pid": 115}
{"time": "2026-04-18 11:54:05.366750", "level": "INFO", "message": "env env run once episode done, process_run_count is 1701", "file": "remote_env_server.py", "line": "298", "module": "env", "process": "remote_env_server", "function": "run_once", "stack": "", "pid": 115}
{"time": "2026-04-18 11:54:05.428125", "level": "INFO", "message": "env env recv reset message", "file": "remote_env_server.py", "line": "282", "module": "env", "process": "remote_env_server", "function": "run_once", "stack": "", "pid": 115}
{"time": "2026-04-18 11:54:05.432163", "level": "INFO", "message": "env Select map in order: episode=4, map_id=5 from map_list=[1, 2, 3, 4, 5, 6, 7, 8, 9, 10]", "file": "data_handler.py", "line": "148", "module": "env", "process": "data_handler", "function": "handle_usr_conf", "stack": "", "pid": 115}
{"time": "2026-04-18 11:54:08.081259", "level": "INFO", "message": "env data_handler finish success", "file": "data_handler.py", "line": "189", "module": "env", "process": "data_handler", "function": "finish", "stack": "", "pid": 115}
{"time": "2026-04-18 11:54:08.082273", "level": "INFO", "message": "env env run once episode done, process_run_count is 1902", "file": "remote_env_server.py", "line": "298", "module": "env", "process": "remote_env_server", "function": "run_once", "stack": "", "pid": 115}
{"time": "2026-04-18 11:54:08.099934", "level": "INFO", "message": "env env recv reset message", "file": "remote_env_server.py", "line": "282", "module": "env", "process": "remote_env_server", "function": "run_once", "stack": "", "pid": 115}
{"time": "2026-04-18 11:54:08.100972", "level": "INFO", "message": "env Select map in order: episode=5, map_id=6 from map_list=[1, 2, 3, 4, 5, 6, 7, 8, 9, 10]", "file": "data_handler.py", "line": "148", "module": "env", "process": "data_handler", "function": "handle_usr_conf", "stack": "", "pid": 115}
{"time": "2026-04-18 11:54:20.045415", "level": "INFO", "message": "env data_handler finish success", "file": "data_handler.py", "line": "189", "module": "env", "process": "data_handler", "function": "finish", "stack": "", "pid": 115}
{"time": "2026-04-18 11:54:20.047424", "level": "INFO", "message": "env env run once episode done, process_run_count is 2903", "file": "remote_env_server.py", "line": "298", "module": "env", "process": "remote_env_server", "function": "run_once", "stack": "", "pid": 115}
{"time": "2026-04-18 11:54:20.112870", "level": "INFO", "message": "env env recv reset message", "file": "remote_env_server.py", "line": "282", "module": "env", "process": "remote_env_server", "function": "run_once", "stack": "", "pid": 115}
{"time": "2026-04-18 11:54:20.114152", "level": "INFO", "message": "env Select map in order: episode=6, map_id=7 from map_list=[1, 2, 3, 4, 5, 6, 7, 8, 9, 10]", "file": "data_handler.py", "line": "148", "module": "env", "process": "data_handler", "function": "handle_usr_conf", "stack": "", "pid": 115}
{"time": "2026-04-18 11:54:28.902267", "level": "INFO", "message": "env data_handler finish success", "file": "data_handler.py", "line": "189", "module": "env", "process": "data_handler", "function": "finish", "stack": "", "pid": 115}
{"time": "2026-04-18 11:54:28.902943", "level": "INFO", "message": "env env run once episode done, process_run_count is 3904", "file": "remote_env_server.py", "line": "298", "module": "env", "process": "remote_env_server", "function": "run_once", "stack": "", "pid": 115}
{"time": "2026-04-18 11:54:28.947213", "level": "INFO", "message": "env env recv reset message", "file": "remote_env_server.py", "line": "282", "module": "env", "process": "remote_env_server", "function": "run_once", "stack": "", "pid": 115}
{"time": "2026-04-18 11:54:28.948153", "level": "INFO", "message": "env Select map in order: episode=7, map_id=8 from map_list=[1, 2, 3, 4, 5, 6, 7, 8, 9, 10]", "file": "data_handler.py", "line": "148", "module": "env", "process": "data_handler", "function": "handle_usr_conf", "stack": "", "pid": 115}
{"time": "2026-04-18 11:54:34.265686", "level": "INFO", "message": "env data_handler finish success", "file": "data_handler.py", "line": "189", "module": "env", "process": "data_handler", "function": "finish", "stack": "", "pid": 115}
{"time": "2026-04-18 11:54:34.266440", "level": "INFO", "message": "env env run once episode done, process_run_count is 4445", "file": "remote_env_server.py", "line": "298", "module": "env", "process": "remote_env_server", "function": "run_once", "stack": "", "pid": 115}
{"time": "2026-04-18 11:54:34.292094", "level": "INFO", "message": "env env recv reset message", "file": "remote_env_server.py", "line": "282", "module": "env", "process": "remote_env_server", "function": "run_once", "stack": "", "pid": 115}
{"time": "2026-04-18 11:54:34.293026", "level": "INFO", "message": "env Select map in order: episode=8, map_id=9 from map_list=[1, 2, 3, 4, 5, 6, 7, 8, 9, 10]", "file": "data_handler.py", "line": "148", "module": "env", "process": "data_handler", "function": "handle_usr_conf", "stack": "", "pid": 115}
{"time": "2026-04-18 11:54:43.461812", "level": "INFO", "message": "env data_handler finish success", "file": "data_handler.py", "line": "189", "module": "env", "process": "data_handler", "function": "finish", "stack": "", "pid": 115}
{"time": "2026-04-18 11:54:43.462431", "level": "INFO", "message": "env env run once episode done, process_run_count is 5446", "file": "remote_env_server.py", "line": "298", "module": "env", "process": "remote_env_server", "function": "run_once", "stack": "", "pid": 115}
{"time": "2026-04-18 11:54:43.501989", "level": "INFO", "message": "env env recv reset message", "file": "remote_env_server.py", "line": "282", "module": "env", "process": "remote_env_server", "function": "run_once", "stack": "", "pid": 115}
{"time": "2026-04-18 11:54:43.502681", "level": "INFO", "message": "env Select map in order: episode=9, map_id=10 from map_list=[1, 2, 3, 4, 5, 6, 7, 8, 9, 10]", "file": "data_handler.py", "line": "148", "module": "env", "process": "data_handler", "function": "handle_usr_conf", "stack": "", "pid": 115}
{"time": "2026-04-18 11:54:51.492614", "level": "INFO", "message": "env finish monitor_data is {'total_score': 775, 'clean_score': 775, 'total_map': 10, 'map_random': 0, 'map_code': 10, 'max_steps': 1000, 'finished_steps': 973, 'total_charger': 4, 'charge_count': 9, 'remaining_charge': 196}", "file": "monitor_helper.py", "line": "95", "module": "env", "process": "monitor_helper", "function": "finish", "stack": "", "pid": 115}
{"time": "2026-04-18 11:54:51.493306", "level": "INFO", "message": "env data_handler finish success", "file": "data_handler.py", "line": "189", "module": "env", "process": "data_handler", "function": "finish", "stack": "", "pid": 115}
{"time": "2026-04-18 11:54:51.493863", "level": "INFO", "message": "env env run once episode done, process_run_count is 6420", "file": "remote_env_server.py", "line": "298", "module": "env", "process": "remote_env_server", "function": "run_once", "stack": "", "pid": 115}
{"time": "2026-04-18 11:54:51.547306", "level": "INFO", "message": "env env recv reset message", "file": "remote_env_server.py", "line": "282", "module": "env", "process": "remote_env_server", "function": "run_once", "stack": "", "pid": 115}
{"time": "2026-04-18 11:54:51.548165", "level": "INFO", "message": "env Select map in order: episode=10, map_id=1 from map_list=[1, 2, 3, 4, 5, 6, 7, 8, 9, 10]", "file": "data_handler.py", "line": "148", "module": "env", "process": "data_handler", "function": "handle_usr_conf", "stack": "", "pid": 115}
{"time": "2026-04-18 11:55:00.703291", "level": "INFO", "message": "env data_handler finish success", "file": "data_handler.py", "line": "189", "module": "env", "process": "data_handler", "function": "finish", "stack": "", "pid": 115}
{"time": "2026-04-18 11:55:00.708135", "level": "INFO", "message": "env env run once episode done, process_run_count is 7421", "file": "remote_env_server.py", "line": "298", "module": "env", "process": "remote_env_server", "function": "run_once", "stack": "", "pid": 115}
{"time": "2026-04-18 11:55:00.745149", "level": "INFO", "message": "env env recv reset message", "file": "remote_env_server.py", "line": "282", "module": "env", "process": "remote_env_server", "function": "run_once", "stack": "", "pid": 115}
{"time": "2026-04-18 11:55:00.752276", "level": "INFO", "message": "env Select map in order: episode=11, map_id=2 from map_list=[1, 2, 3, 4, 5, 6, 7, 8, 9, 10]", "file": "data_handler.py", "line": "148", "module": "env", "process": "data_handler", "function": "handle_usr_conf", "stack": "", "pid": 115}
{"time": "2026-04-18 11:55:09.901402", "level": "INFO", "message": "env data_handler finish success", "file": "data_handler.py", "line": "189", "module": "env", "process": "data_handler", "function": "finish", "stack": "", "pid": 115}
{"time": "2026-04-18 11:55:09.902111", "level": "INFO", "message": "env env run once episode done, process_run_count is 8422", "file": "remote_env_server.py", "line": "298", "module": "env", "process": "remote_env_server", "function": "run_once", "stack": "", "pid": 115}
{"time": "2026-04-18 11:55:09.934698", "level": "INFO", "message": "env env recv reset message", "file": "remote_env_server.py", "line": "282", "module": "env", "process": "remote_env_server", "function": "run_once", "stack": "", "pid": 115}
{"time": "2026-04-18 11:55:09.935543", "level": "INFO", "message": "env Select map in order: episode=12, map_id=3 from map_list=[1, 2, 3, 4, 5, 6, 7, 8, 9, 10]", "file": "data_handler.py", "line": "148", "module": "env", "process": "data_handler", "function": "handle_usr_conf", "stack": "", "pid": 115}
{"time": "2026-04-18 11:55:11.921073", "level": "INFO", "message": "env data_handler finish success", "file": "data_handler.py", "line": "189", "module": "env", "process": "data_handler", "function": "finish", "stack": "", "pid": 115}
{"time": "2026-04-18 11:55:11.921888", "level": "INFO", "message": "env env run once episode done, process_run_count is 8623", "file": "remote_env_server.py", "line": "298", "module": "env", "process": "remote_env_server", "function": "run_once", "stack": "", "pid": 115}
{"time": "2026-04-18 11:55:11.930287", "level": "INFO", "message": "env env recv reset message", "file": "remote_env_server.py", "line": "282", "module": "env", "process": "remote_env_server", "function": "run_once", "stack": "", "pid": 115}
{"time": "2026-04-18 11:55:11.931163", "level": "INFO", "message": "env Select map in order: episode=13, map_id=4 from map_list=[1, 2, 3, 4, 5, 6, 7, 8, 9, 10]", "file": "data_handler.py", "line": "148", "module": "env", "process": "data_handler", "function": "handle_usr_conf", "stack": "", "pid": 115}
{"time": "2026-04-18 11:55:20.702384", "level": "INFO", "message": "env data_handler finish success", "file": "data_handler.py", "line": "189", "module": "env", "process": "data_handler", "function": "finish", "stack": "", "pid": 115}
{"time": "2026-04-18 11:55:20.703110", "level": "INFO", "message": "env env run once episode done, process_run_count is 9624", "file": "remote_env_server.py", "line": "298", "module": "env", "process": "remote_env_server", "function": "run_once", "stack": "", "pid": 115}
{"time": "2026-04-18 11:55:20.739013", "level": "INFO", "message": "env env recv reset message", "file": "remote_env_server.py", "line": "282", "module": "env", "process": "remote_env_server", "function": "run_once", "stack": "", "pid": 115}
{"time": "2026-04-18 11:55:20.739885", "level": "INFO", "message": "env Select map in order: episode=14, map_id=5 from map_list=[1, 2, 3, 4, 5, 6, 7, 8, 9, 10]", "file": "data_handler.py", "line": "148", "module": "env", "process": "data_handler", "function": "handle_usr_conf", "stack": "", "pid": 115}
{"time": "2026-04-18 11:55:29.399636", "level": "INFO", "message": "env data_handler finish success", "file": "data_handler.py", "line": "189", "module": "env", "process": "data_handler", "function": "finish", "stack": "", "pid": 115}
{"time": "2026-04-18 11:55:29.401014", "level": "INFO", "message": "env env run once episode done, process_run_count is 10625", "file": "remote_env_server.py", "line": "298", "module": "env", "process": "remote_env_server", "function": "run_once", "stack": "", "pid": 115}
{"time": "2026-04-18 11:55:29.459567", "level": "INFO", "message": "env env recv reset message", "file": "remote_env_server.py", "line": "282", "module": "env", "process": "remote_env_server", "function": "run_once", "stack": "", "pid": 115}
{"time": "2026-04-18 11:55:29.466648", "level": "INFO", "message": "env Select map in order: episode=15, map_id=6 from map_list=[1, 2, 3, 4, 5, 6, 7, 8, 9, 10]", "file": "data_handler.py", "line": "148", "module": "env", "process": "data_handler", "function": "handle_usr_conf", "stack": "", "pid": 115}
{"time": "2026-04-18 11:55:38.713574", "level": "INFO", "message": "env data_handler finish success", "file": "data_handler.py", "line": "189", "module": "env", "process": "data_handler", "function": "finish", "stack": "", "pid": 115}
{"time": "2026-04-18 11:55:38.714298", "level": "INFO", "message": "env env run once episode done, process_run_count is 11626", "file": "remote_env_server.py", "line": "298", "module": "env", "process": "remote_env_server", "function": "run_once", "stack": "", "pid": 115}
{"time": "2026-04-18 11:55:38.762245", "level": "INFO", "message": "env env recv reset message", "file": "remote_env_server.py", "line": "282", "module": "env", "process": "remote_env_server", "function": "run_once", "stack": "", "pid": 115}
{"time": "2026-04-18 11:55:38.763892", "level": "INFO", "message": "env Select map in order: episode=16, map_id=7 from map_list=[1, 2, 3, 4, 5, 6, 7, 8, 9, 10]", "file": "data_handler.py", "line": "148", "module": "env", "process": "data_handler", "function": "handle_usr_conf", "stack": "", "pid": 115}
{"time": "2026-04-18 11:55:47.979634", "level": "INFO", "message": "env data_handler finish success", "file": "data_handler.py", "line": "189", "module": "env", "process": "data_handler", "function": "finish", "stack": "", "pid": 115}
{"time": "2026-04-18 11:55:47.980303", "level": "INFO", "message": "env env run once episode done, process_run_count is 12627", "file": "remote_env_server.py", "line": "298", "module": "env", "process": "remote_env_server", "function": "run_once", "stack": "", "pid": 115}
{"time": "2026-04-18 11:55:48.023934", "level": "INFO", "message": "env env recv reset message", "file": "remote_env_server.py", "line": "282", "module": "env", "process": "remote_env_server", "function": "run_once", "stack": "", "pid": 115}
{"time": "2026-04-18 11:55:48.026430", "level": "INFO", "message": "env Select map in order: episode=17, map_id=8 from map_list=[1, 2, 3, 4, 5, 6, 7, 8, 9, 10]", "file": "data_handler.py", "line": "148", "module": "env", "process": "data_handler", "function": "handle_usr_conf", "stack": "", "pid": 115}
{"time": "2026-04-18 11:55:55.133124", "level": "INFO", "message": "env finish monitor_data is {'total_score': 718, 'clean_score': 718, 'total_map': 10, 'map_random': 0, 'map_code': 8, 'max_steps': 1000, 'finished_steps': 881, 'total_charger': 4, 'charge_count': 6, 'remaining_charge': 0}", "file": "monitor_helper.py", "line": "95", "module": "env", "process": "monitor_helper", "function": "finish", "stack": "", "pid": 115}
{"time": "2026-04-18 11:55:55.133771", "level": "INFO", "message": "env data_handler finish success", "file": "data_handler.py", "line": "189", "module": "env", "process": "data_handler", "function": "finish", "stack": "", "pid": 115}
{"time": "2026-04-18 11:55:55.134438", "level": "INFO", "message": "env env run once episode done, process_run_count is 13509", "file": "remote_env_server.py", "line": "298", "module": "env", "process": "remote_env_server", "function": "run_once", "stack": "", "pid": 115}
{"time": "2026-04-18 11:55:55.174811", "level": "INFO", "message": "env env recv reset message", "file": "remote_env_server.py", "line": "282", "module": "env", "process": "remote_env_server", "function": "run_once", "stack": "", "pid": 115}
{"time": "2026-04-18 11:55:55.175527", "level": "INFO", "message": "env Select map in order: episode=18, map_id=9 from map_list=[1, 2, 3, 4, 5, 6, 7, 8, 9, 10]", "file": "data_handler.py", "line": "148", "module": "env", "process": "data_handler", "function": "handle_usr_conf", "stack": "", "pid": 115}
{"time": "2026-04-18 11:56:02.918276", "level": "INFO", "message": "env data_handler finish success", "file": "data_handler.py", "line": "189", "module": "env", "process": "data_handler", "function": "finish", "stack": "", "pid": 115}
{"time": "2026-04-18 11:56:02.919112", "level": "INFO", "message": "env env run once episode done, process_run_count is 14343", "file": "remote_env_server.py", "line": "298", "module": "env", "process": "remote_env_server", "function": "run_once", "stack": "", "pid": 115}
{"time": "2026-04-18 11:56:02.950249", "level": "INFO", "message": "env env recv reset message", "file": "remote_env_server.py", "line": "282", "module": "env", "process": "remote_env_server", "function": "run_once", "stack": "", "pid": 115}
{"time": "2026-04-18 11:56:02.951119", "level": "INFO", "message": "env Select map in order: episode=19, map_id=10 from map_list=[1, 2, 3, 4, 5, 6, 7, 8, 9, 10]", "file": "data_handler.py", "line": "148", "module": "env", "process": "data_handler", "function": "handle_usr_conf", "stack": "", "pid": 115}
{"time": "2026-04-18 11:56:12.183088", "level": "INFO", "message": "env data_handler finish success", "file": "data_handler.py", "line": "189", "module": "env", "process": "data_handler", "function": "finish", "stack": "", "pid": 115}
{"time": "2026-04-18 11:56:12.183652", "level": "INFO", "message": "env env run once episode done, process_run_count is 15344", "file": "remote_env_server.py", "line": "298", "module": "env", "process": "remote_env_server", "function": "run_once", "stack": "", "pid": 115}
{"time": "2026-04-18 11:56:12.224265", "level": "INFO", "message": "env env recv reset message", "file": "remote_env_server.py", "line": "282", "module": "env", "process": "remote_env_server", "function": "run_once", "stack": "", "pid": 115}
{"time": "2026-04-18 11:56:12.225021", "level": "INFO", "message": "env Select map in order: episode=20, map_id=1 from map_list=[1, 2, 3, 4, 5, 6, 7, 8, 9, 10]", "file": "data_handler.py", "line": "148", "module": "env", "process": "data_handler", "function": "handle_usr_conf", "stack": "", "pid": 115}
{"time": "2026-04-18 11:56:20.419545", "level": "INFO", "message": "env data_handler finish success", "file": "data_handler.py", "line": "189", "module": "env", "process": "data_handler", "function": "finish", "stack": "", "pid": 115}
{"time": "2026-04-18 11:56:20.420182", "level": "INFO", "message": "env env run once episode done, process_run_count is 16345", "file": "remote_env_server.py", "line": "298", "module": "env", "process": "remote_env_server", "function": "run_once", "stack": "", "pid": 115}
{"time": "2026-04-18 11:56:20.466958", "level": "INFO", "message": "env env recv reset message", "file": "remote_env_server.py", "line": "282", "module": "env", "process": "remote_env_server", "function": "run_once", "stack": "", "pid": 115}
{"time": "2026-04-18 11:56:20.467876", "level": "INFO", "message": "env Select map in order: episode=21, map_id=2 from map_list=[1, 2, 3, 4, 5, 6, 7, 8, 9, 10]", "file": "data_handler.py", "line": "148", "module": "env", "process": "data_handler", "function": "handle_usr_conf", "stack": "", "pid": 115}
{"time": "2026-04-18 11:56:29.486095", "level": "INFO", "message": "env data_handler finish success", "file": "data_handler.py", "line": "189", "module": "env", "process": "data_handler", "function": "finish", "stack": "", "pid": 115}
{"time": "2026-04-18 11:56:29.486980", "level": "INFO", "message": "env env run once episode done, process_run_count is 17346", "file": "remote_env_server.py", "line": "298", "module": "env", "process": "remote_env_server", "function": "run_once", "stack": "", "pid": 115}
{"time": "2026-04-18 11:56:29.531367", "level": "INFO", "message": "env env recv reset message", "file": "remote_env_server.py", "line": "282", "module": "env", "process": "remote_env_server", "function": "run_once", "stack": "", "pid": 115}
{"time": "2026-04-18 11:56:29.532419", "level": "INFO", "message": "env Select map in order: episode=22, map_id=3 from map_list=[1, 2, 3, 4, 5, 6, 7, 8, 9, 10]", "file": "data_handler.py", "line": "148", "module": "env", "process": "data_handler", "function": "handle_usr_conf", "stack": "", "pid": 115}
{"time": "2026-04-18 11:56:38.492715", "level": "INFO", "message": "env data_handler finish success", "file": "data_handler.py", "line": "189", "module": "env", "process": "data_handler", "function": "finish", "stack": "", "pid": 115}
{"time": "2026-04-18 11:56:38.493369", "level": "INFO", "message": "env env run once episode done, process_run_count is 18347", "file": "remote_env_server.py", "line": "298", "module": "env", "process": "remote_env_server", "function": "run_once", "stack": "", "pid": 115}
{"time": "2026-04-18 11:56:38.533410", "level": "INFO", "message": "env env recv reset message", "file": "remote_env_server.py", "line": "282", "module": "env", "process": "remote_env_server", "function": "run_once", "stack": "", "pid": 115}
{"time": "2026-04-18 11:56:38.534068", "level": "INFO", "message": "env Select map in order: episode=23, map_id=4 from map_list=[1, 2, 3, 4, 5, 6, 7, 8, 9, 10]", "file": "data_handler.py", "line": "148", "module": "env", "process": "data_handler", "function": "handle_usr_conf", "stack": "", "pid": 115}
{"time": "2026-04-18 11:56:45.688900", "level": "INFO", "message": "env data_handler finish success", "file": "data_handler.py", "line": "189", "module": "env", "process": "data_handler", "function": "finish", "stack": "", "pid": 115}
{"time": "2026-04-18 11:56:45.695125", "level": "INFO", "message": "env env run once episode done, process_run_count is 19122", "file": "remote_env_server.py", "line": "298", "module": "env", "process": "remote_env_server", "function": "run_once", "stack": "", "pid": 115}
{"time": "2026-04-18 11:56:45.726711", "level": "INFO", "message": "env env recv reset message", "file": "remote_env_server.py", "line": "282", "module": "env", "process": "remote_env_server", "function": "run_once", "stack": "", "pid": 115}
{"time": "2026-04-18 11:56:45.728376", "level": "INFO", "message": "env Select map in order: episode=24, map_id=5 from map_list=[1, 2, 3, 4, 5, 6, 7, 8, 9, 10]", "file": "data_handler.py", "line": "148", "module": "env", "process": "data_handler", "function": "handle_usr_conf", "stack": "", "pid": 115}
{"time": "2026-04-18 11:56:53.771990", "level": "INFO", "message": "env data_handler finish success", "file": "data_handler.py", "line": "189", "module": "env", "process": "data_handler", "function": "finish", "stack": "", "pid": 115}
{"time": "2026-04-18 11:56:53.772656", "level": "INFO", "message": "env env run once episode done, process_run_count is 20123", "file": "remote_env_server.py", "line": "298", "module": "env", "process": "remote_env_server", "function": "run_once", "stack": "", "pid": 115}
{"time": "2026-04-18 11:56:53.821220", "level": "INFO", "message": "env env recv reset message", "file": "remote_env_server.py", "line": "282", "module": "env", "process": "remote_env_server", "function": "run_once", "stack": "", "pid": 115}
{"time": "2026-04-18 11:56:53.822174", "level": "INFO", "message": "env Select map in order: episode=25, map_id=6 from map_list=[1, 2, 3, 4, 5, 6, 7, 8, 9, 10]", "file": "data_handler.py", "line": "148", "module": "env", "process": "data_handler", "function": "handle_usr_conf", "stack": "", "pid": 115}
{"time": "2026-04-18 11:56:57.648417", "level": "INFO", "message": "env finish monitor_data is {'total_score': 340, 'clean_score': 340, 'total_map': 10, 'map_random': 0, 'map_code': 6, 'max_steps': 1000, 'finished_steps': 412, 'total_charger': 4, 'charge_count': 2, 'remaining_charge': 0}", "file": "monitor_helper.py", "line": "95", "module": "env", "process": "monitor_helper", "function": "finish", "stack": "", "pid": 115}
{"time": "2026-04-18 11:56:57.649159", "level": "INFO", "message": "env data_handler finish success", "file": "data_handler.py", "line": "189", "module": "env", "process": "data_handler", "function": "finish", "stack": "", "pid": 115}
{"time": "2026-04-18 11:56:57.649784", "level": "INFO", "message": "env env run once episode done, process_run_count is 20536", "file": "remote_env_server.py", "line": "298", "module": "env", "process": "remote_env_server", "function": "run_once", "stack": "", "pid": 115}
{"time": "2026-04-18 11:56:57.673917", "level": "INFO", "message": "env env recv reset message", "file": "remote_env_server.py", "line": "282", "module": "env", "process": "remote_env_server", "function": "run_once", "stack": "", "pid": 115}
{"time": "2026-04-18 11:56:57.674899", "level": "INFO", "message": "env Select map in order: episode=26, map_id=7 from map_list=[1, 2, 3, 4, 5, 6, 7, 8, 9, 10]", "file": "data_handler.py", "line": "148", "module": "env", "process": "data_handler", "function": "handle_usr_conf", "stack": "", "pid": 115}
{"time": "2026-04-18 11:57:06.671146", "level": "INFO", "message": "env data_handler finish success", "file": "data_handler.py", "line": "189", "module": "env", "process": "data_handler", "function": "finish", "stack": "", "pid": 115}
{"time": "2026-04-18 11:57:06.672707", "level": "INFO", "message": "env env run once episode done, process_run_count is 21537", "file": "remote_env_server.py", "line": "298", "module": "env", "process": "remote_env_server", "function": "run_once", "stack": "", "pid": 115}
{"time": "2026-04-18 11:57:06.718679", "level": "INFO", "message": "env env recv reset message", "file": "remote_env_server.py", "line": "282", "module": "env", "process": "remote_env_server", "function": "run_once", "stack": "", "pid": 115}
{"time": "2026-04-18 11:57:06.719446", "level": "INFO", "message": "env Select map in order: episode=27, map_id=8 from map_list=[1, 2, 3, 4, 5, 6, 7, 8, 9, 10]", "file": "data_handler.py", "line": "148", "module": "env", "process": "data_handler", "function": "handle_usr_conf", "stack": "", "pid": 115}
{"time": "2026-04-18 11:57:08.739572", "level": "INFO", "message": "env data_handler finish success", "file": "data_handler.py", "line": "189", "module": "env", "process": "data_handler", "function": "finish", "stack": "", "pid": 115}
{"time": "2026-04-18 11:57:08.740158", "level": "INFO", "message": "env env run once episode done, process_run_count is 21738", "file": "remote_env_server.py", "line": "298", "module": "env", "process": "remote_env_server", "function": "run_once", "stack": "", "pid": 115}
{"time": "2026-04-18 11:57:08.748513", "level": "INFO", "message": "env env recv reset message", "file": "remote_env_server.py", "line": "282", "module": "env", "process": "remote_env_server", "function": "run_once", "stack": "", "pid": 115}
{"time": "2026-04-18 11:57:08.749367", "level": "INFO", "message": "env Select map in order: episode=28, map_id=9 from map_list=[1, 2, 3, 4, 5, 6, 7, 8, 9, 10]", "file": "data_handler.py", "line": "148", "module": "env", "process": "data_handler", "function": "handle_usr_conf", "stack": "", "pid": 115}
{"time": "2026-04-18 11:57:16.926278", "level": "INFO", "message": "env data_handler finish success", "file": "data_handler.py", "line": "189", "module": "env", "process": "data_handler", "function": "finish", "stack": "", "pid": 115}
{"time": "2026-04-18 11:57:16.928226", "level": "INFO", "message": "env env run once episode done, process_run_count is 22739", "file": "remote_env_server.py", "line": "298", "module": "env", "process": "remote_env_server", "function": "run_once", "stack": "", "pid": 115}
{"time": "2026-04-18 11:57:16.964375", "level": "INFO", "message": "env env recv reset message", "file": "remote_env_server.py", "line": "282", "module": "env", "process": "remote_env_server", "function": "run_once", "stack": "", "pid": 115}
{"time": "2026-04-18 11:57:16.965386", "level": "INFO", "message": "env Select map in order: episode=29, map_id=10 from map_list=[1, 2, 3, 4, 5, 6, 7, 8, 9, 10]", "file": "data_handler.py", "line": "148", "module": "env", "process": "data_handler", "function": "handle_usr_conf", "stack": "", "pid": 115}
{"time": "2026-04-18 11:57:26.157948", "level": "INFO", "message": "env data_handler finish success", "file": "data_handler.py", "line": "189", "module": "env", "process": "data_handler", "function": "finish", "stack": "", "pid": 115}
{"time": "2026-04-18 11:57:26.158730", "level": "INFO", "message": "env env run once episode done, process_run_count is 23740", "file": "remote_env_server.py", "line": "298", "module": "env", "process": "remote_env_server", "function": "run_once", "stack": "", "pid": 115}
{"time": "2026-04-18 11:57:26.201408", "level": "INFO", "message": "env env recv reset message", "file": "remote_env_server.py", "line": "282", "module": "env", "process": "remote_env_server", "function": "run_once", "stack": "", "pid": 115}
{"time": "2026-04-18 11:57:26.202408", "level": "INFO", "message": "env Select map in order: episode=30, map_id=1 from map_list=[1, 2, 3, 4, 5, 6, 7, 8, 9, 10]", "file": "data_handler.py", "line": "148", "module": "env", "process": "data_handler", "function": "handle_usr_conf", "stack": "", "pid": 115}
{"time": "2026-04-18 11:57:35.291172", "level": "INFO", "message": "env data_handler finish success", "file": "data_handler.py", "line": "189", "module": "env", "process": "data_handler", "function": "finish", "stack": "", "pid": 115}
{"time": "2026-04-18 11:57:35.292005", "level": "INFO", "message": "env env run once episode done, process_run_count is 24741", "file": "remote_env_server.py", "line": "298", "module": "env", "process": "remote_env_server", "function": "run_once", "stack": "", "pid": 115}
{"time": "2026-04-18 11:57:35.337035", "level": "INFO", "message": "env env recv reset message", "file": "remote_env_server.py", "line": "282", "module": "env", "process": "remote_env_server", "function": "run_once", "stack": "", "pid": 115}
{"time": "2026-04-18 11:57:35.342256", "level": "INFO", "message": "env Select map in order: episode=31, map_id=2 from map_list=[1, 2, 3, 4, 5, 6, 7, 8, 9, 10]", "file": "data_handler.py", "line": "148", "module": "env", "process": "data_handler", "function": "handle_usr_conf", "stack": "", "pid": 115}
{"time": "2026-04-18 11:57:43.409173", "level": "INFO", "message": "env data_handler finish success", "file": "data_handler.py", "line": "189", "module": "env", "process": "data_handler", "function": "finish", "stack": "", "pid": 115}
{"time": "2026-04-18 11:57:43.409910", "level": "INFO", "message": "env env run once episode done, process_run_count is 25625", "file": "remote_env_server.py", "line": "298", "module": "env", "process": "remote_env_server", "function": "run_once", "stack": "", "pid": 115}
{"time": "2026-04-18 11:57:43.448332", "level": "INFO", "message": "env env recv reset message", "file": "remote_env_server.py", "line": "282", "module": "env", "process": "remote_env_server", "function": "run_once", "stack": "", "pid": 115}
{"time": "2026-04-18 11:57:43.450432", "level": "INFO", "message": "env Select map in order: episode=32, map_id=3 from map_list=[1, 2, 3, 4, 5, 6, 7, 8, 9, 10]", "file": "data_handler.py", "line": "148", "module": "env", "process": "data_handler", "function": "handle_usr_conf", "stack": "", "pid": 115}
{"time": "2026-04-18 11:57:51.677242", "level": "INFO", "message": "env data_handler finish success", "file": "data_handler.py", "line": "189", "module": "env", "process": "data_handler", "function": "finish", "stack": "", "pid": 115}
{"time": "2026-04-18 11:57:51.677846", "level": "INFO", "message": "env env run once episode done, process_run_count is 26626", "file": "remote_env_server.py", "line": "298", "module": "env", "process": "remote_env_server", "function": "run_once", "stack": "", "pid": 115}
{"time": "2026-04-18 11:57:51.718607", "level": "INFO", "message": "env env recv reset message", "file": "remote_env_server.py", "line": "282", "module": "env", "process": "remote_env_server", "function": "run_once", "stack": "", "pid": 115}
{"time": "2026-04-18 11:57:51.720875", "level": "INFO", "message": "env Select map in order: episode=33, map_id=4 from map_list=[1, 2, 3, 4, 5, 6, 7, 8, 9, 10]", "file": "data_handler.py", "line": "148", "module": "env", "process": "data_handler", "function": "handle_usr_conf", "stack": "", "pid": 115}
{"time": "2026-04-18 11:57:53.570070", "level": "INFO", "message": "env data_handler finish success", "file": "data_handler.py", "line": "189", "module": "env", "process": "data_handler", "function": "finish", "stack": "", "pid": 115}
{"time": "2026-04-18 11:57:53.573524", "level": "INFO", "message": "env env run once episode done, process_run_count is 26827", "file": "remote_env_server.py", "line": "298", "module": "env", "process": "remote_env_server", "function": "run_once", "stack": "", "pid": 115}
{"time": "2026-04-18 11:57:53.581089", "level": "INFO", "message": "env env recv reset message", "file": "remote_env_server.py", "line": "282", "module": "env", "process": "remote_env_server", "function": "run_once", "stack": "", "pid": 115}
{"time": "2026-04-18 11:57:53.582975", "level": "INFO", "message": "env Select map in order: episode=34, map_id=5 from map_list=[1, 2, 3, 4, 5, 6, 7, 8, 9, 10]", "file": "data_handler.py", "line": "148", "module": "env", "process": "data_handler", "function": "handle_usr_conf", "stack": "", "pid": 115}
{"time": "2026-04-18 11:58:01.048202", "level": "INFO", "message": "env finish monitor_data is {'total_score': 708, 'clean_score': 708, 'total_map': 10, 'map_random': 0, 'map_code': 5, 'max_steps': 1000, 'finished_steps': 812, 'total_charger': 4, 'charge_count': 7, 'remaining_charge': 0}", "file": "monitor_helper.py", "line": "95", "module": "env", "process": "monitor_helper", "function": "finish", "stack": "", "pid": 115}
{"time": "2026-04-18 11:58:01.049089", "level": "INFO", "message": "env data_handler finish success", "file": "data_handler.py", "line": "189", "module": "env", "process": "data_handler", "function": "finish", "stack": "", "pid": 115}
{"time": "2026-04-18 11:58:01.049680", "level": "INFO", "message": "env env run once episode done, process_run_count is 27640", "file": "remote_env_server.py", "line": "298", "module": "env", "process": "remote_env_server", "function": "run_once", "stack": "", "pid": 115}
{"time": "2026-04-18 11:58:01.085080", "level": "INFO", "message": "env env recv reset message", "file": "remote_env_server.py", "line": "282", "module": "env", "process": "remote_env_server", "function": "run_once", "stack": "", "pid": 115}
{"time": "2026-04-18 11:58:01.085927", "level": "INFO", "message": "env Select map in order: episode=35, map_id=6 from map_list=[1, 2, 3, 4, 5, 6, 7, 8, 9, 10]", "file": "data_handler.py", "line": "148", "module": "env", "process": "data_handler", "function": "handle_usr_conf", "stack": "", "pid": 115}
{"time": "2026-04-18 11:58:10.301435", "level": "INFO", "message": "env data_handler finish success", "file": "data_handler.py", "line": "189", "module": "env", "process": "data_handler", "function": "finish", "stack": "", "pid": 115}
{"time": "2026-04-18 11:58:10.302063", "level": "INFO", "message": "env env run once episode done, process_run_count is 28641", "file": "remote_env_server.py", "line": "298", "module": "env", "process": "remote_env_server", "function": "run_once", "stack": "", "pid": 115}
{"time": "2026-04-18 11:58:10.358926", "level": "INFO", "message": "env env recv reset message", "file": "remote_env_server.py", "line": "282", "module": "env", "process": "remote_env_server", "function": "run_once", "stack": "", "pid": 115}
{"time": "2026-04-18 11:58:10.359883", "level": "INFO", "message": "env Select map in order: episode=36, map_id=7 from map_list=[1, 2, 3, 4, 5, 6, 7, 8, 9, 10]", "file": "data_handler.py", "line": "148", "module": "env", "process": "data_handler", "function": "handle_usr_conf", "stack": "", "pid": 115}
{"time": "2026-04-18 11:58:17.802488", "level": "INFO", "message": "env data_handler finish success", "file": "data_handler.py", "line": "189", "module": "env", "process": "data_handler", "function": "finish", "stack": "", "pid": 115}
{"time": "2026-04-18 11:58:17.803219", "level": "INFO", "message": "env env run once episode done, process_run_count is 29526", "file": "remote_env_server.py", "line": "298", "module": "env", "process": "remote_env_server", "function": "run_once", "stack": "", "pid": 115}
{"time": "2026-04-18 11:58:17.842401", "level": "INFO", "message": "env env recv reset message", "file": "remote_env_server.py", "line": "282", "module": "env", "process": "remote_env_server", "function": "run_once", "stack": "", "pid": 115}
{"time": "2026-04-18 11:58:17.843209", "level": "INFO", "message": "env Select map in order: episode=37, map_id=8 from map_list=[1, 2, 3, 4, 5, 6, 7, 8, 9, 10]", "file": "data_handler.py", "line": "148", "module": "env", "process": "data_handler", "function": "handle_usr_conf", "stack": "", "pid": 115}
{"time": "2026-04-18 11:58:25.261338", "level": "INFO", "message": "env data_handler finish success", "file": "data_handler.py", "line": "189", "module": "env", "process": "data_handler", "function": "finish", "stack": "", "pid": 115}
{"time": "2026-04-18 11:58:25.266583", "level": "INFO", "message": "env env run once episode done, process_run_count is 30331", "file": "remote_env_server.py", "line": "298", "module": "env", "process": "remote_env_server", "function": "run_once", "stack": "", "pid": 115}
{"time": "2026-04-18 11:58:25.297248", "level": "INFO", "message": "env env recv reset message", "file": "remote_env_server.py", "line": "282", "module": "env", "process": "remote_env_server", "function": "run_once", "stack": "", "pid": 115}
{"time": "2026-04-18 11:58:25.298128", "level": "INFO", "message": "env Select map in order: episode=38, map_id=9 from map_list=[1, 2, 3, 4, 5, 6, 7, 8, 9, 10]", "file": "data_handler.py", "line": "148", "module": "env", "process": "data_handler", "function": "handle_usr_conf", "stack": "", "pid": 115}
{"time": "2026-04-18 11:58:35.177618", "level": "INFO", "message": "env data_handler finish success", "file": "data_handler.py", "line": "189", "module": "env", "process": "data_handler", "function": "finish", "stack": "", "pid": 115}
{"time": "2026-04-18 11:58:35.178215", "level": "INFO", "message": "env env run once episode done, process_run_count is 31332", "file": "remote_env_server.py", "line": "298", "module": "env", "process": "remote_env_server", "function": "run_once", "stack": "", "pid": 115}
{"time": "2026-04-18 11:58:35.212877", "level": "INFO", "message": "env env recv reset message", "file": "remote_env_server.py", "line": "282", "module": "env", "process": "remote_env_server", "function": "run_once", "stack": "", "pid": 115}
{"time": "2026-04-18 11:58:35.213680", "level": "INFO", "message": "env Select map in order: episode=39, map_id=10 from map_list=[1, 2, 3, 4, 5, 6, 7, 8, 9, 10]", "file": "data_handler.py", "line": "148", "module": "env", "process": "data_handler", "function": "handle_usr_conf", "stack": "", "pid": 115}
{"time": "2026-04-18 11:58:40.816263", "level": "INFO", "message": "env data_handler finish success", "file": "data_handler.py", "line": "189", "module": "env", "process": "data_handler", "function": "finish", "stack": "", "pid": 115}
{"time": "2026-04-18 11:58:40.816857", "level": "INFO", "message": "env env run once episode done, process_run_count is 31938", "file": "remote_env_server.py", "line": "298", "module": "env", "process": "remote_env_server", "function": "run_once", "stack": "", "pid": 115}
{"time": "2026-04-18 11:58:40.843473", "level": "INFO", "message": "env env recv reset message", "file": "remote_env_server.py", "line": "282", "module": "env", "process": "remote_env_server", "function": "run_once", "stack": "", "pid": 115}
{"time": "2026-04-18 11:58:40.844349", "level": "INFO", "message": "env Select map in order: episode=40, map_id=1 from map_list=[1, 2, 3, 4, 5, 6, 7, 8, 9, 10]", "file": "data_handler.py", "line": "148", "module": "env", "process": "data_handler", "function": "handle_usr_conf", "stack": "", "pid": 115}
{"time": "2026-04-18 11:58:49.043357", "level": "INFO", "message": "env data_handler finish success", "file": "data_handler.py", "line": "189", "module": "env", "process": "data_handler", "function": "finish", "stack": "", "pid": 115}
{"time": "2026-04-18 11:58:49.044246", "level": "INFO", "message": "env env run once episode done, process_run_count is 32939", "file": "remote_env_server.py", "line": "298", "module": "env", "process": "remote_env_server", "function": "run_once", "stack": "", "pid": 115}
{"time": "2026-04-18 11:58:49.090430", "level": "INFO", "message": "env env recv reset message", "file": "remote_env_server.py", "line": "282", "module": "env", "process": "remote_env_server", "function": "run_once", "stack": "", "pid": 115}
{"time": "2026-04-18 11:58:49.091487", "level": "INFO", "message": "env Select map in order: episode=41, map_id=2 from map_list=[1, 2, 3, 4, 5, 6, 7, 8, 9, 10]", "file": "data_handler.py", "line": "148", "module": "env", "process": "data_handler", "function": "handle_usr_conf", "stack": "", "pid": 115}
{"time": "2026-04-18 11:58:52.352903", "level": "INFO", "message": "env data_handler finish success", "file": "data_handler.py", "line": "189", "module": "env", "process": "data_handler", "function": "finish", "stack": "", "pid": 115}
{"time": "2026-04-18 11:58:52.353485", "level": "INFO", "message": "env env run once episode done, process_run_count is 33276", "file": "remote_env_server.py", "line": "298", "module": "env", "process": "remote_env_server", "function": "run_once", "stack": "", "pid": 115}
{"time": "2026-04-18 11:58:52.370792", "level": "INFO", "message": "env env recv reset message", "file": "remote_env_server.py", "line": "282", "module": "env", "process": "remote_env_server", "function": "run_once", "stack": "", "pid": 115}
{"time": "2026-04-18 11:58:52.374052", "level": "INFO", "message": "env Select map in order: episode=42, map_id=3 from map_list=[1, 2, 3, 4, 5, 6, 7, 8, 9, 10]", "file": "data_handler.py", "line": "148", "module": "env", "process": "data_handler", "function": "handle_usr_conf", "stack": "", "pid": 115}
{"time": "2026-04-18 11:59:00.676170", "level": "INFO", "message": "env data_handler finish success", "file": "data_handler.py", "line": "189", "module": "env", "process": "data_handler", "function": "finish", "stack": "", "pid": 115}
{"time": "2026-04-18 11:59:00.678332", "level": "INFO", "message": "env env run once episode done, process_run_count is 34178", "file": "remote_env_server.py", "line": "298", "module": "env", "process": "remote_env_server", "function": "run_once", "stack": "", "pid": 115}
{"time": "2026-04-18 11:59:00.717350", "level": "INFO", "message": "env env recv reset message", "file": "remote_env_server.py", "line": "282", "module": "env", "process": "remote_env_server", "function": "run_once", "stack": "", "pid": 115}
{"time": "2026-04-18 11:59:00.718912", "level": "INFO", "message": "env Select map in order: episode=43, map_id=4 from map_list=[1, 2, 3, 4, 5, 6, 7, 8, 9, 10]", "file": "data_handler.py", "line": "148", "module": "env", "process": "data_handler", "function": "handle_usr_conf", "stack": "", "pid": 115}
{"time": "2026-04-18 11:59:07.436478", "level": "INFO", "message": "env finish monitor_data is {'total_score': 515, 'clean_score': 515, 'total_map': 10, 'map_random': 0, 'map_code': 4, 'max_steps': 1000, 'finished_steps': 697, 'total_charger': 4, 'charge_count': 4, 'remaining_charge': 0}", "file": "monitor_helper.py", "line": "95", "module": "env", "process": "monitor_helper", "function": "finish", "stack": "", "pid": 115}
{"time": "2026-04-18 11:59:07.438296", "level": "INFO", "message": "env data_handler finish success", "file": "data_handler.py", "line": "189", "module": "env", "process": "data_handler", "function": "finish", "stack": "", "pid": 115}
{"time": "2026-04-18 11:59:07.443783", "level": "INFO", "message": "env env run once episode done, process_run_count is 34876", "file": "remote_env_server.py", "line": "298", "module": "env", "process": "remote_env_server", "function": "run_once", "stack": "", "pid": 115}
{"time": "2026-04-18 11:59:07.483118", "level": "INFO", "message": "env env recv reset message", "file": "remote_env_server.py", "line": "282", "module": "env", "process": "remote_env_server", "function": "run_once", "stack": "", "pid": 115}
{"time": "2026-04-18 11:59:07.483900", "level": "INFO", "message": "env Select map in order: episode=44, map_id=5 from map_list=[1, 2, 3, 4, 5, 6, 7, 8, 9, 10]", "file": "data_handler.py", "line": "148", "module": "env", "process": "data_handler", "function": "handle_usr_conf", "stack": "", "pid": 115}
{"time": "2026-04-18 11:59:15.592583", "level": "INFO", "message": "env data_handler finish success", "file": "data_handler.py", "line": "189", "module": "env", "process": "data_handler", "function": "finish", "stack": "", "pid": 115}
{"time": "2026-04-18 11:59:15.593377", "level": "INFO", "message": "env env run once episode done, process_run_count is 35877", "file": "remote_env_server.py", "line": "298", "module": "env", "process": "remote_env_server", "function": "run_once", "stack": "", "pid": 115}
{"time": "2026-04-18 11:59:15.639742", "level": "INFO", "message": "env env recv reset message", "file": "remote_env_server.py", "line": "282", "module": "env", "process": "remote_env_server", "function": "run_once", "stack": "", "pid": 115}
{"time": "2026-04-18 11:59:15.640617", "level": "INFO", "message": "env Select map in order: episode=45, map_id=6 from map_list=[1, 2, 3, 4, 5, 6, 7, 8, 9, 10]", "file": "data_handler.py", "line": "148", "module": "env", "process": "data_handler", "function": "handle_usr_conf", "stack": "", "pid": 115}
{"time": "2026-04-18 11:59:17.625557", "level": "INFO", "message": "env data_handler finish success", "file": "data_handler.py", "line": "189", "module": "env", "process": "data_handler", "function": "finish", "stack": "", "pid": 115}
{"time": "2026-04-18 11:59:17.626166", "level": "INFO", "message": "env env run once episode done, process_run_count is 36078", "file": "remote_env_server.py", "line": "298", "module": "env", "process": "remote_env_server", "function": "run_once", "stack": "", "pid": 115}
{"time": "2026-04-18 11:59:17.636087", "level": "INFO", "message": "env env recv reset message", "file": "remote_env_server.py", "line": "282", "module": "env", "process": "remote_env_server", "function": "run_once", "stack": "", "pid": 115}
{"time": "2026-04-18 11:59:17.637049", "level": "INFO", "message": "env Select map in order: episode=46, map_id=7 from map_list=[1, 2, 3, 4, 5, 6, 7, 8, 9, 10]", "file": "data_handler.py", "line": "148", "module": "env", "process": "data_handler", "function": "handle_usr_conf", "stack": "", "pid": 115}
{"time": "2026-04-18 11:59:26.785469", "level": "INFO", "message": "env data_handler finish success", "file": "data_handler.py", "line": "189", "module": "env", "process": "data_handler", "function": "finish", "stack": "", "pid": 115}
{"time": "2026-04-18 11:59:26.786098", "level": "INFO", "message": "env env run once episode done, process_run_count is 37079", "file": "remote_env_server.py", "line": "298", "module": "env", "process": "remote_env_server", "function": "run_once", "stack": "", "pid": 115}
{"time": "2026-04-18 11:59:26.822827", "level": "INFO", "message": "env env recv reset message", "file": "remote_env_server.py", "line": "282", "module": "env", "process": "remote_env_server", "function": "run_once", "stack": "", "pid": 115}
{"time": "2026-04-18 11:59:26.828486", "level": "INFO", "message": "env Select map in order: episode=47, map_id=8 from map_list=[1, 2, 3, 4, 5, 6, 7, 8, 9, 10]", "file": "data_handler.py", "line": "148", "module": "env", "process": "data_handler", "function": "handle_usr_conf", "stack": "", "pid": 115}
{"time": "2026-04-18 11:59:34.658604", "level": "INFO", "message": "env data_handler finish success", "file": "data_handler.py", "line": "189", "module": "env", "process": "data_handler", "function": "finish", "stack": "", "pid": 115}
{"time": "2026-04-18 11:59:34.659319", "level": "INFO", "message": "env env run once episode done, process_run_count is 37937", "file": "remote_env_server.py", "line": "298", "module": "env", "process": "remote_env_server", "function": "run_once", "stack": "", "pid": 115}
{"time": "2026-04-18 11:59:34.697980", "level": "INFO", "message": "env env recv reset message", "file": "remote_env_server.py", "line": "282", "module": "env", "process": "remote_env_server", "function": "run_once", "stack": "", "pid": 115}
{"time": "2026-04-18 11:59:34.704473", "level": "INFO", "message": "env Select map in order: episode=48, map_id=9 from map_list=[1, 2, 3, 4, 5, 6, 7, 8, 9, 10]", "file": "data_handler.py", "line": "148", "module": "env", "process": "data_handler", "function": "handle_usr_conf", "stack": "", "pid": 115}
{"time": "2026-04-18 11:59:42.862641", "level": "INFO", "message": "env data_handler finish success", "file": "data_handler.py", "line": "189", "module": "env", "process": "data_handler", "function": "finish", "stack": "", "pid": 115}
{"time": "2026-04-18 11:59:42.863363", "level": "INFO", "message": "env env run once episode done, process_run_count is 38938", "file": "remote_env_server.py", "line": "298", "module": "env", "process": "remote_env_server", "function": "run_once", "stack": "", "pid": 115}
{"time": "2026-04-18 11:59:42.901821", "level": "INFO", "message": "env env recv reset message", "file": "remote_env_server.py", "line": "282", "module": "env", "process": "remote_env_server", "function": "run_once", "stack": "", "pid": 115}
{"time": "2026-04-18 11:59:42.902591", "level": "INFO", "message": "env Select map in order: episode=49, map_id=10 from map_list=[1, 2, 3, 4, 5, 6, 7, 8, 9, 10]", "file": "data_handler.py", "line": "148", "module": "env", "process": "data_handler", "function": "handle_usr_conf", "stack": "", "pid": 115}
{"time": "2026-04-18 11:59:48.773321", "level": "INFO", "message": "env data_handler finish success", "file": "data_handler.py", "line": "189", "module": "env", "process": "data_handler", "function": "finish", "stack": "", "pid": 115}
{"time": "2026-04-18 11:59:48.774068", "level": "INFO", "message": "env env run once episode done, process_run_count is 39542", "file": "remote_env_server.py", "line": "298", "module": "env", "process": "remote_env_server", "function": "run_once", "stack": "", "pid": 115}
{"time": "2026-04-18 11:59:48.801726", "level": "INFO", "message": "env env recv reset message", "file": "remote_env_server.py", "line": "282", "module": "env", "process": "remote_env_server", "function": "run_once", "stack": "", "pid": 115}
{"time": "2026-04-18 11:59:48.802462", "level": "INFO", "message": "env Select map in order: episode=50, map_id=1 from map_list=[1, 2, 3, 4, 5, 6, 7, 8, 9, 10]", "file": "data_handler.py", "line": "148", "module": "env", "process": "data_handler", "function": "handle_usr_conf", "stack": "", "pid": 115}
{"time": "2026-04-18 11:59:58.466831", "level": "INFO", "message": "env data_handler finish success", "file": "data_handler.py", "line": "189", "module": "env", "process": "data_handler", "function": "finish", "stack": "", "pid": 115}
{"time": "2026-04-18 11:59:58.467397", "level": "INFO", "message": "env env run once episode done, process_run_count is 40543", "file": "remote_env_server.py", "line": "298", "module": "env", "process": "remote_env_server", "function": "run_once", "stack": "", "pid": 115}
{"time": "2026-04-18 11:59:58.507227", "level": "INFO", "message": "env env recv reset message", "file": "remote_env_server.py", "line": "282", "module": "env", "process": "remote_env_server", "function": "run_once", "stack": "", "pid": 115}
{"time": "2026-04-18 11:59:58.508010", "level": "INFO", "message": "env Select map in order: episode=51, map_id=2 from map_list=[1, 2, 3, 4, 5, 6, 7, 8, 9, 10]", "file": "data_handler.py", "line": "148", "module": "env", "process": "data_handler", "function": "handle_usr_conf", "stack": "", "pid": 115}
{"time": "2026-04-18 12:00:06.428915", "level": "INFO", "message": "env data_handler finish success", "file": "data_handler.py", "line": "189", "module": "env", "process": "data_handler", "function": "finish", "stack": "", "pid": 115}
{"time": "2026-04-18 12:00:06.429673", "level": "INFO", "message": "env env run once episode done, process_run_count is 41349", "file": "remote_env_server.py", "line": "298", "module": "env", "process": "remote_env_server", "function": "run_once", "stack": "", "pid": 115}
{"time": "2026-04-18 12:00:06.472611", "level": "INFO", "message": "env env recv reset message", "file": "remote_env_server.py", "line": "282", "module": "env", "process": "remote_env_server", "function": "run_once", "stack": "", "pid": 115}
{"time": "2026-04-18 12:00:06.473292", "level": "INFO", "message": "env Select map in order: episode=52, map_id=3 from map_list=[1, 2, 3, 4, 5, 6, 7, 8, 9, 10]", "file": "data_handler.py", "line": "148", "module": "env", "process": "data_handler", "function": "handle_usr_conf", "stack": "", "pid": 115}
{"time": "2026-04-18 12:00:15.019428", "level": "INFO", "message": "env finish monitor_data is {'total_score': 811, 'clean_score': 811, 'total_map': 10, 'map_random': 0, 'map_code': 3, 'max_steps': 1000, 'finished_steps': 1000, 'total_charger': 4, 'charge_count': 9, 'remaining_charge': 185}", "file": "monitor_helper.py", "line": "95", "module": "env", "process": "monitor_helper", "function": "finish", "stack": "", "pid": 115}
{"time": "2026-04-18 12:00:15.020067", "level": "INFO", "message": "env data_handler finish success", "file": "data_handler.py", "line": "189", "module": "env", "process": "data_handler", "function": "finish", "stack": "", "pid": 115}
{"time": "2026-04-18 12:00:15.020644", "level": "INFO", "message": "env env run once episode done, process_run_count is 42350", "file": "remote_env_server.py", "line": "298", "module": "env", "process": "remote_env_server", "function": "run_once", "stack": "", "pid": 115}
{"time": "2026-04-18 12:00:15.079234", "level": "INFO", "message": "env env recv reset message", "file": "remote_env_server.py", "line": "282", "module": "env", "process": "remote_env_server", "function": "run_once", "stack": "", "pid": 115}
{"time": "2026-04-18 12:00:15.080419", "level": "INFO", "message": "env Select map in order: episode=53, map_id=4 from map_list=[1, 2, 3, 4, 5, 6, 7, 8, 9, 10]", "file": "data_handler.py", "line": "148", "module": "env", "process": "data_handler", "function": "handle_usr_conf", "stack": "", "pid": 115}
{"time": "2026-04-18 12:00:18.522329", "level": "INFO", "message": "env data_handler finish success", "file": "data_handler.py", "line": "189", "module": "env", "process": "data_handler", "function": "finish", "stack": "", "pid": 115}
{"time": "2026-04-18 12:00:18.526101", "level": "INFO", "message": "env env run once episode done, process_run_count is 42696", "file": "remote_env_server.py", "line": "298", "module": "env", "process": "remote_env_server", "function": "run_once", "stack": "", "pid": 115}
{"time": "2026-04-18 12:00:18.537046", "level": "INFO", "message": "env env recv reset message", "file": "remote_env_server.py", "line": "282", "module": "env", "process": "remote_env_server", "function": "run_once", "stack": "", "pid": 115}
{"time": "2026-04-18 12:00:18.538008", "level": "INFO", "message": "env Select map in order: episode=54, map_id=5 from map_list=[1, 2, 3, 4, 5, 6, 7, 8, 9, 10]", "file": "data_handler.py", "line": "148", "module": "env", "process": "data_handler", "function": "handle_usr_conf", "stack": "", "pid": 115}
{"time": "2026-04-18 12:00:27.716223", "level": "INFO", "message": "env data_handler finish success", "file": "data_handler.py", "line": "189", "module": "env", "process": "data_handler", "function": "finish", "stack": "", "pid": 115}
{"time": "2026-04-18 12:00:27.717034", "level": "INFO", "message": "env env run once episode done, process_run_count is 43697", "file": "remote_env_server.py", "line": "298", "module": "env", "process": "remote_env_server", "function": "run_once", "stack": "", "pid": 115}
{"time": "2026-04-18 12:00:27.755890", "level": "INFO", "message": "env env recv reset message", "file": "remote_env_server.py", "line": "282", "module": "env", "process": "remote_env_server", "function": "run_once", "stack": "", "pid": 115}
{"time": "2026-04-18 12:00:27.756706", "level": "INFO", "message": "env Select map in order: episode=55, map_id=6 from map_list=[1, 2, 3, 4, 5, 6, 7, 8, 9, 10]", "file": "data_handler.py", "line": "148", "module": "env", "process": "data_handler", "function": "handle_usr_conf", "stack": "", "pid": 115}
{"time": "2026-04-18 12:00:32.353552", "level": "INFO", "message": "env data_handler finish success", "file": "data_handler.py", "line": "189", "module": "env", "process": "data_handler", "function": "finish", "stack": "", "pid": 115}
{"time": "2026-04-18 12:00:32.354410", "level": "INFO", "message": "env env run once episode done, process_run_count is 44193", "file": "remote_env_server.py", "line": "298", "module": "env", "process": "remote_env_server", "function": "run_once", "stack": "", "pid": 115}
{"time": "2026-04-18 12:00:32.372120", "level": "INFO", "message": "env env recv reset message", "file": "remote_env_server.py", "line": "282", "module": "env", "process": "remote_env_server", "function": "run_once", "stack": "", "pid": 115}
{"time": "2026-04-18 12:00:32.372981", "level": "INFO", "message": "env Select map in order: episode=56, map_id=7 from map_list=[1, 2, 3, 4, 5, 6, 7, 8, 9, 10]", "file": "data_handler.py", "line": "148", "module": "env", "process": "data_handler", "function": "handle_usr_conf", "stack": "", "pid": 115}
{"time": "2026-04-18 12:00:38.920243", "level": "INFO", "message": "env data_handler finish success", "file": "data_handler.py", "line": "189", "module": "env", "process": "data_handler", "function": "finish", "stack": "", "pid": 115}
{"time": "2026-04-18 12:00:38.920861", "level": "INFO", "message": "env env run once episode done, process_run_count is 44915", "file": "remote_env_server.py", "line": "298", "module": "env", "process": "remote_env_server", "function": "run_once", "stack": "", "pid": 115}
{"time": "2026-04-18 12:00:38.952037", "level": "INFO", "message": "env env recv reset message", "file": "remote_env_server.py", "line": "282", "module": "env", "process": "remote_env_server", "function": "run_once", "stack": "", "pid": 115}
{"time": "2026-04-18 12:00:38.953058", "level": "INFO", "message": "env Select map in order: episode=57, map_id=8 from map_list=[1, 2, 3, 4, 5, 6, 7, 8, 9, 10]", "file": "data_handler.py", "line": "148", "module": "env", "process": "data_handler", "function": "handle_usr_conf", "stack": "", "pid": 115}
{"time": "2026-04-18 12:00:47.106574", "level": "INFO", "message": "env data_handler finish success", "file": "data_handler.py", "line": "189", "module": "env", "process": "data_handler", "function": "finish", "stack": "", "pid": 115}
{"time": "2026-04-18 12:00:47.110017", "level": "INFO", "message": "env env run once episode done, process_run_count is 45916", "file": "remote_env_server.py", "line": "298", "module": "env", "process": "remote_env_server", "function": "run_once", "stack": "", "pid": 115}
{"time": "2026-04-18 12:00:47.145170", "level": "INFO", "message": "env env recv reset message", "file": "remote_env_server.py", "line": "282", "module": "env", "process": "remote_env_server", "function": "run_once", "stack": "", "pid": 115}
{"time": "2026-04-18 12:00:47.146004", "level": "INFO", "message": "env Select map in order: episode=58, map_id=9 from map_list=[1, 2, 3, 4, 5, 6, 7, 8, 9, 10]", "file": "data_handler.py", "line": "148", "module": "env", "process": "data_handler", "function": "handle_usr_conf", "stack": "", "pid": 115}
{"time": "2026-04-18 12:00:49.806951", "level": "INFO", "message": "env data_handler finish success", "file": "data_handler.py", "line": "189", "module": "env", "process": "data_handler", "function": "finish", "stack": "", "pid": 115}
{"time": "2026-04-18 12:00:49.808369", "level": "INFO", "message": "env env run once episode done, process_run_count is 46196", "file": "remote_env_server.py", "line": "298", "module": "env", "process": "remote_env_server", "function": "run_once", "stack": "", "pid": 115}
{"time": "2026-04-18 12:00:49.818743", "level": "INFO", "message": "env env recv reset message", "file": "remote_env_server.py", "line": "282", "module": "env", "process": "remote_env_server", "function": "run_once", "stack": "", "pid": 115}
{"time": "2026-04-18 12:00:49.821982", "level": "INFO", "message": "env Select map in order: episode=59, map_id=10 from map_list=[1, 2, 3, 4, 5, 6, 7, 8, 9, 10]", "file": "data_handler.py", "line": "148", "module": "env", "process": "data_handler", "function": "handle_usr_conf", "stack": "", "pid": 115}
{"time": "2026-04-18 12:00:56.245525", "level": "INFO", "message": "env data_handler finish success", "file": "data_handler.py", "line": "189", "module": "env", "process": "data_handler", "function": "finish", "stack": "", "pid": 115}
{"time": "2026-04-18 12:00:56.246255", "level": "INFO", "message": "env env run once episode done, process_run_count is 46875", "file": "remote_env_server.py", "line": "298", "module": "env", "process": "remote_env_server", "function": "run_once", "stack": "", "pid": 115}
{"time": "2026-04-18 12:00:56.268840", "level": "INFO", "message": "env env recv reset message", "file": "remote_env_server.py", "line": "282", "module": "env", "process": "remote_env_server", "function": "run_once", "stack": "", "pid": 115}
{"time": "2026-04-18 12:00:56.269828", "level": "INFO", "message": "env Select map in order: episode=60, map_id=1 from map_list=[1, 2, 3, 4, 5, 6, 7, 8, 9, 10]", "file": "data_handler.py", "line": "148", "module": "env", "process": "data_handler", "function": "handle_usr_conf", "stack": "", "pid": 115}
{"time": "2026-04-18 12:01:05.384136", "level": "INFO", "message": "env data_handler finish success", "file": "data_handler.py", "line": "189", "module": "env", "process": "data_handler", "function": "finish", "stack": "", "pid": 115}
{"time": "2026-04-18 12:01:05.385248", "level": "INFO", "message": "env env run once episode done, process_run_count is 47876", "file": "remote_env_server.py", "line": "298", "module": "env", "process": "remote_env_server", "function": "run_once", "stack": "", "pid": 115}
{"time": "2026-04-18 12:01:05.417997", "level": "INFO", "message": "env env recv reset message", "file": "remote_env_server.py", "line": "282", "module": "env", "process": "remote_env_server", "function": "run_once", "stack": "", "pid": 115}
{"time": "2026-04-18 12:01:05.418975", "level": "INFO", "message": "env Select map in order: episode=61, map_id=2 from map_list=[1, 2, 3, 4, 5, 6, 7, 8, 9, 10]", "file": "data_handler.py", "line": "148", "module": "env", "process": "data_handler", "function": "handle_usr_conf", "stack": "", "pid": 115}
{"time": "2026-04-18 12:01:10.404732", "level": "INFO", "message": "env data_handler finish success", "file": "data_handler.py", "line": "189", "module": "env", "process": "data_handler", "function": "finish", "stack": "", "pid": 115}
{"time": "2026-04-18 12:01:10.405401", "level": "INFO", "message": "env env run once episode done, process_run_count is 48535", "file": "remote_env_server.py", "line": "298", "module": "env", "process": "remote_env_server", "function": "run_once", "stack": "", "pid": 115}
{"time": "2026-04-18 12:01:10.431611", "level": "INFO", "message": "env env recv reset message", "file": "remote_env_server.py", "line": "282", "module": "env", "process": "remote_env_server", "function": "run_once", "stack": "", "pid": 115}
{"time": "2026-04-18 12:01:10.432416", "level": "INFO", "message": "env Select map in order: episode=62, map_id=3 from map_list=[1, 2, 3, 4, 5, 6, 7, 8, 9, 10]", "file": "data_handler.py", "line": "148", "module": "env", "process": "data_handler", "function": "handle_usr_conf", "stack": "", "pid": 115}
{"time": "2026-04-18 12:01:19.629833", "level": "INFO", "message": "env finish monitor_data is {'total_score': 875, 'clean_score': 875, 'total_map': 10, 'map_random': 0, 'map_code': 3, 'max_steps': 1000, 'finished_steps': 1000, 'total_charger': 4, 'charge_count': 10, 'remaining_charge': 186}", "file": "monitor_helper.py", "line": "95", "module": "env", "process": "monitor_helper", "function": "finish", "stack": "", "pid": 115}
{"time": "2026-04-18 12:01:19.630819", "level": "INFO", "message": "env data_handler finish success", "file": "data_handler.py", "line": "189", "module": "env", "process": "data_handler", "function": "finish", "stack": "", "pid": 115}
{"time": "2026-04-18 12:01:19.634836", "level": "INFO", "message": "env env run once episode done, process_run_count is 49536", "file": "remote_env_server.py", "line": "298", "module": "env", "process": "remote_env_server", "function": "run_once", "stack": "", "pid": 115}
{"time": "2026-04-18 12:01:19.678005", "level": "INFO", "message": "env env recv reset message", "file": "remote_env_server.py", "line": "282", "module": "env", "process": "remote_env_server", "function": "run_once", "stack": "", "pid": 115}
{"time": "2026-04-18 12:01:19.679009", "level": "INFO", "message": "env Select map in order: episode=63, map_id=4 from map_list=[1, 2, 3, 4, 5, 6, 7, 8, 9, 10]", "file": "data_handler.py", "line": "148", "module": "env", "process": "data_handler", "function": "handle_usr_conf", "stack": "", "pid": 115}
{"time": "2026-04-18 12:01:25.270388", "level": "INFO", "message": "env data_handler finish success", "file": "data_handler.py", "line": "189", "module": "env", "process": "data_handler", "function": "finish", "stack": "", "pid": 115}
{"time": "2026-04-18 12:01:25.270979", "level": "INFO", "message": "env env run once episode done, process_run_count is 50123", "file": "remote_env_server.py", "line": "298", "module": "env", "process": "remote_env_server", "function": "run_once", "stack": "", "pid": 115}
{"time": "2026-04-18 12:01:25.300278", "level": "INFO", "message": "env env recv reset message", "file": "remote_env_server.py", "line": "282", "module": "env", "process": "remote_env_server", "function": "run_once", "stack": "", "pid": 115}
{"time": "2026-04-18 12:01:25.303139", "level": "INFO", "message": "env Select map in order: episode=64, map_id=5 from map_list=[1, 2, 3, 4, 5, 6, 7, 8, 9, 10]", "file": "data_handler.py", "line": "148", "module": "env", "process": "data_handler", "function": "handle_usr_conf", "stack": "", "pid": 115}
{"time": "2026-04-18 12:01:35.021508", "level": "INFO", "message": "env data_handler finish success", "file": "data_handler.py", "line": "189", "module": "env", "process": "data_handler", "function": "finish", "stack": "", "pid": 115}
{"time": "2026-04-18 12:01:35.022323", "level": "INFO", "message": "env env run once episode done, process_run_count is 51124", "file": "remote_env_server.py", "line": "298", "module": "env", "process": "remote_env_server", "function": "run_once", "stack": "", "pid": 115}
{"time": "2026-04-18 12:01:35.071408", "level": "INFO", "message": "env env recv reset message", "file": "remote_env_server.py", "line": "282", "module": "env", "process": "remote_env_server", "function": "run_once", "stack": "", "pid": 115}
{"time": "2026-04-18 12:01:35.072284", "level": "INFO", "message": "env Select map in order: episode=65, map_id=6 from map_list=[1, 2, 3, 4, 5, 6, 7, 8, 9, 10]", "file": "data_handler.py", "line": "148", "module": "env", "process": "data_handler", "function": "handle_usr_conf", "stack": "", "pid": 115}
{"time": "2026-04-18 12:01:43.860019", "level": "INFO", "message": "env data_handler finish success", "file": "data_handler.py", "line": "189", "module": "env", "process": "data_handler", "function": "finish", "stack": "", "pid": 115}
{"time": "2026-04-18 12:01:43.861297", "level": "INFO", "message": "env env run once episode done, process_run_count is 52125", "file": "remote_env_server.py", "line": "298", "module": "env", "process": "remote_env_server", "function": "run_once", "stack": "", "pid": 115}
{"time": "2026-04-18 12:01:43.915950", "level": "INFO", "message": "env env recv reset message", "file": "remote_env_server.py", "line": "282", "module": "env", "process": "remote_env_server", "function": "run_once", "stack": "", "pid": 115}
{"time": "2026-04-18 12:01:43.916812", "level": "INFO", "message": "env Select map in order: episode=66, map_id=7 from map_list=[1, 2, 3, 4, 5, 6, 7, 8, 9, 10]", "file": "data_handler.py", "line": "148", "module": "env", "process": "data_handler", "function": "handle_usr_conf", "stack": "", "pid": 115}
{"time": "2026-04-18 12:01:53.872289", "level": "INFO", "message": "env data_handler finish success", "file": "data_handler.py", "line": "189", "module": "env", "process": "data_handler", "function": "finish", "stack": "", "pid": 115}
{"time": "2026-04-18 12:01:53.873095", "level": "INFO", "message": "env env run once episode done, process_run_count is 53126", "file": "remote_env_server.py", "line": "298", "module": "env", "process": "remote_env_server", "function": "run_once", "stack": "", "pid": 115}
{"time": "2026-04-18 12:01:53.943248", "level": "INFO", "message": "env env recv reset message", "file": "remote_env_server.py", "line": "282", "module": "env", "process": "remote_env_server", "function": "run_once", "stack": "", "pid": 115}
{"time": "2026-04-18 12:01:53.944538", "level": "INFO", "message": "env Select map in order: episode=67, map_id=8 from map_list=[1, 2, 3, 4, 5, 6, 7, 8, 9, 10]", "file": "data_handler.py", "line": "148", "module": "env", "process": "data_handler", "function": "handle_usr_conf", "stack": "", "pid": 115}
{"time": "2026-04-18 12:02:03.690979", "level": "INFO", "message": "env data_handler finish success", "file": "data_handler.py", "line": "189", "module": "env", "process": "data_handler", "function": "finish", "stack": "", "pid": 115}
{"time": "2026-04-18 12:02:03.691741", "level": "INFO", "message": "env env run once episode done, process_run_count is 54127", "file": "remote_env_server.py", "line": "298", "module": "env", "process": "remote_env_server", "function": "run_once", "stack": "", "pid": 115}
{"time": "2026-04-18 12:02:03.738876", "level": "INFO", "message": "env env recv reset message", "file": "remote_env_server.py", "line": "282", "module": "env", "process": "remote_env_server", "function": "run_once", "stack": "", "pid": 115}
{"time": "2026-04-18 12:02:03.739647", "level": "INFO", "message": "env Select map in order: episode=68, map_id=9 from map_list=[1, 2, 3, 4, 5, 6, 7, 8, 9, 10]", "file": "data_handler.py", "line": "148", "module": "env", "process": "data_handler", "function": "handle_usr_conf", "stack": "", "pid": 115}
{"time": "2026-04-18 12:02:12.477449", "level": "INFO", "message": "env data_handler finish success", "file": "data_handler.py", "line": "189", "module": "env", "process": "data_handler", "function": "finish", "stack": "", "pid": 115}
{"time": "2026-04-18 12:02:12.478020", "level": "INFO", "message": "env env run once episode done, process_run_count is 55128", "file": "remote_env_server.py", "line": "298", "module": "env", "process": "remote_env_server", "function": "run_once", "stack": "", "pid": 115}
{"time": "2026-04-18 12:02:12.530438", "level": "INFO", "message": "env env recv reset message", "file": "remote_env_server.py", "line": "282", "module": "env", "process": "remote_env_server", "function": "run_once", "stack": "", "pid": 115}
{"time": "2026-04-18 12:02:12.531247", "level": "INFO", "message": "env Select map in order: episode=69, map_id=10 from map_list=[1, 2, 3, 4, 5, 6, 7, 8, 9, 10]", "file": "data_handler.py", "line": "148", "module": "env", "process": "data_handler", "function": "handle_usr_conf", "stack": "", "pid": 115}
{"time": "2026-04-18 12:02:22.068825", "level": "INFO", "message": "env finish monitor_data is {'total_score': 881, 'clean_score': 881, 'total_map': 10, 'map_random': 0, 'map_code': 10, 'max_steps': 1000, 'finished_steps': 1000, 'total_charger': 4, 'charge_count': 11, 'remaining_charge': 173}", "file": "monitor_helper.py", "line": "95", "module": "env", "process": "monitor_helper", "function": "finish", "stack": "", "pid": 115}
{"time": "2026-04-18 12:02:22.069535", "level": "INFO", "message": "env data_handler finish success", "file": "data_handler.py", "line": "189", "module": "env", "process": "data_handler", "function": "finish", "stack": "", "pid": 115}
{"time": "2026-04-18 12:02:22.070133", "level": "INFO", "message": "env env run once episode done, process_run_count is 56129", "file": "remote_env_server.py", "line": "298", "module": "env", "process": "remote_env_server", "function": "run_once", "stack": "", "pid": 115}
{"time": "2026-04-18 12:02:22.123336", "level": "INFO", "message": "env env recv reset message", "file": "remote_env_server.py", "line": "282", "module": "env", "process": "remote_env_server", "function": "run_once", "stack": "", "pid": 115}
{"time": "2026-04-18 12:02:22.126868", "level": "INFO", "message": "env Select map in order: episode=70, map_id=1 from map_list=[1, 2, 3, 4, 5, 6, 7, 8, 9, 10]", "file": "data_handler.py", "line": "148", "module": "env", "process": "data_handler", "function": "handle_usr_conf", "stack": "", "pid": 115}
{"time": "2026-04-18 12:02:25.093373", "level": "INFO", "message": "env data_handler finish success", "file": "data_handler.py", "line": "189", "module": "env", "process": "data_handler", "function": "finish", "stack": "", "pid": 115}
{"time": "2026-04-18 12:02:25.099293", "level": "INFO", "message": "env env run once episode done, process_run_count is 56431", "file": "remote_env_server.py", "line": "298", "module": "env", "process": "remote_env_server", "function": "run_once", "stack": "", "pid": 115}
{"time": "2026-04-18 12:02:25.108296", "level": "INFO", "message": "env env recv reset message", "file": "remote_env_server.py", "line": "282", "module": "env", "process": "remote_env_server", "function": "run_once", "stack": "", "pid": 115}
{"time": "2026-04-18 12:02:25.109229", "level": "INFO", "message": "env Select map in order: episode=71, map_id=2 from map_list=[1, 2, 3, 4, 5, 6, 7, 8, 9, 10]", "file": "data_handler.py", "line": "148", "module": "env", "process": "data_handler", "function": "handle_usr_conf", "stack": "", "pid": 115}
{"time": "2026-04-18 12:02:34.562943", "level": "INFO", "message": "env data_handler finish success", "file": "data_handler.py", "line": "189", "module": "env", "process": "data_handler", "function": "finish", "stack": "", "pid": 115}
{"time": "2026-04-18 12:02:34.563867", "level": "INFO", "message": "env env run once episode done, process_run_count is 57432", "file": "remote_env_server.py", "line": "298", "module": "env", "process": "remote_env_server", "function": "run_once", "stack": "", "pid": 115}
{"time": "2026-04-18 12:02:34.611683", "level": "INFO", "message": "env env recv reset message", "file": "remote_env_server.py", "line": "282", "module": "env", "process": "remote_env_server", "function": "run_once", "stack": "", "pid": 115}
{"time": "2026-04-18 12:02:34.612650", "level": "INFO", "message": "env Select map in order: episode=72, map_id=3 from map_list=[1, 2, 3, 4, 5, 6, 7, 8, 9, 10]", "file": "data_handler.py", "line": "148", "module": "env", "process": "data_handler", "function": "handle_usr_conf", "stack": "", "pid": 115}
{"time": "2026-04-18 12:02:43.273887", "level": "INFO", "message": "env data_handler finish success", "file": "data_handler.py", "line": "189", "module": "env", "process": "data_handler", "function": "finish", "stack": "", "pid": 115}
{"time": "2026-04-18 12:02:43.274465", "level": "INFO", "message": "env env run once episode done, process_run_count is 58433", "file": "remote_env_server.py", "line": "298", "module": "env", "process": "remote_env_server", "function": "run_once", "stack": "", "pid": 115}
{"time": "2026-04-18 12:02:43.314779", "level": "INFO", "message": "env env recv reset message", "file": "remote_env_server.py", "line": "282", "module": "env", "process": "remote_env_server", "function": "run_once", "stack": "", "pid": 115}
{"time": "2026-04-18 12:02:43.315775", "level": "INFO", "message": "env Select map in order: episode=73, map_id=4 from map_list=[1, 2, 3, 4, 5, 6, 7, 8, 9, 10]", "file": "data_handler.py", "line": "148", "module": "env", "process": "data_handler", "function": "handle_usr_conf", "stack": "", "pid": 115}
{"time": "2026-04-18 12:02:49.217154", "level": "INFO", "message": "env data_handler finish success", "file": "data_handler.py", "line": "189", "module": "env", "process": "data_handler", "function": "finish", "stack": "", "pid": 115}
{"time": "2026-04-18 12:02:49.219877", "level": "INFO", "message": "env env run once episode done, process_run_count is 59059", "file": "remote_env_server.py", "line": "298", "module": "env", "process": "remote_env_server", "function": "run_once", "stack": "", "pid": 115}
{"time": "2026-04-18 12:02:49.243851", "level": "INFO", "message": "env env recv reset message", "file": "remote_env_server.py", "line": "282", "module": "env", "process": "remote_env_server", "function": "run_once", "stack": "", "pid": 115}
{"time": "2026-04-18 12:02:49.244836", "level": "INFO", "message": "env Select map in order: episode=74, map_id=5 from map_list=[1, 2, 3, 4, 5, 6, 7, 8, 9, 10]", "file": "data_handler.py", "line": "148", "module": "env", "process": "data_handler", "function": "handle_usr_conf", "stack": "", "pid": 115}
{"time": "2026-04-18 12:02:54.009984", "level": "INFO", "message": "env data_handler finish success", "file": "data_handler.py", "line": "189", "module": "env", "process": "data_handler", "function": "finish", "stack": "", "pid": 115}
{"time": "2026-04-18 12:02:54.012179", "level": "INFO", "message": "env env run once episode done, process_run_count is 59558", "file": "remote_env_server.py", "line": "298", "module": "env", "process": "remote_env_server", "function": "run_once", "stack": "", "pid": 115}
{"time": "2026-04-18 12:02:54.032669", "level": "INFO", "message": "env env recv reset message", "file": "remote_env_server.py", "line": "282", "module": "env", "process": "remote_env_server", "function": "run_once", "stack": "", "pid": 115}
{"time": "2026-04-18 12:02:54.033290", "level": "INFO", "message": "env Select map in order: episode=75, map_id=6 from map_list=[1, 2, 3, 4, 5, 6, 7, 8, 9, 10]", "file": "data_handler.py", "line": "148", "module": "env", "process": "data_handler", "function": "handle_usr_conf", "stack": "", "pid": 115}
{"time": "2026-04-18 12:03:03.193233", "level": "INFO", "message": "env data_handler finish success", "file": "data_handler.py", "line": "189", "module": "env", "process": "data_handler", "function": "finish", "stack": "", "pid": 115}
{"time": "2026-04-18 12:03:03.193925", "level": "INFO", "message": "env env run once episode done, process_run_count is 60559", "file": "remote_env_server.py", "line": "298", "module": "env", "process": "remote_env_server", "function": "run_once", "stack": "", "pid": 115}
{"time": "2026-04-18 12:03:03.236404", "level": "INFO", "message": "env env recv reset message", "file": "remote_env_server.py", "line": "282", "module": "env", "process": "remote_env_server", "function": "run_once", "stack": "", "pid": 115}
{"time": "2026-04-18 12:03:03.237349", "level": "INFO", "message": "env Select map in order: episode=76, map_id=7 from map_list=[1, 2, 3, 4, 5, 6, 7, 8, 9, 10]", "file": "data_handler.py", "line": "148", "module": "env", "process": "data_handler", "function": "handle_usr_conf", "stack": "", "pid": 115}
{"time": "2026-04-18 12:03:08.090785", "level": "INFO", "message": "env data_handler finish success", "file": "data_handler.py", "line": "189", "module": "env", "process": "data_handler", "function": "finish", "stack": "", "pid": 115}
{"time": "2026-04-18 12:03:08.091787", "level": "INFO", "message": "env env run once episode done, process_run_count is 61160", "file": "remote_env_server.py", "line": "298", "module": "env", "process": "remote_env_server", "function": "run_once", "stack": "", "pid": 115}
{"time": "2026-04-18 12:03:08.127953", "level": "INFO", "message": "env env recv reset message", "file": "remote_env_server.py", "line": "282", "module": "env", "process": "remote_env_server", "function": "run_once", "stack": "", "pid": 115}
{"time": "2026-04-18 12:03:08.128866", "level": "INFO", "message": "env Select map in order: episode=77, map_id=8 from map_list=[1, 2, 3, 4, 5, 6, 7, 8, 9, 10]", "file": "data_handler.py", "line": "148", "module": "env", "process": "data_handler", "function": "handle_usr_conf", "stack": "", "pid": 115}
{"time": "2026-04-18 12:03:17.746187", "level": "INFO", "message": "env data_handler finish success", "file": "data_handler.py", "line": "189", "module": "env", "process": "data_handler", "function": "finish", "stack": "", "pid": 115}
{"time": "2026-04-18 12:03:17.746887", "level": "INFO", "message": "env env run once episode done, process_run_count is 62161", "file": "remote_env_server.py", "line": "298", "module": "env", "process": "remote_env_server", "function": "run_once", "stack": "", "pid": 115}
{"time": "2026-04-18 12:03:17.793121", "level": "INFO", "message": "env env recv reset message", "file": "remote_env_server.py", "line": "282", "module": "env", "process": "remote_env_server", "function": "run_once", "stack": "", "pid": 115}
{"time": "2026-04-18 12:03:17.793946", "level": "INFO", "message": "env Select map in order: episode=78, map_id=9 from map_list=[1, 2, 3, 4, 5, 6, 7, 8, 9, 10]", "file": "data_handler.py", "line": "148", "module": "env", "process": "data_handler", "function": "handle_usr_conf", "stack": "", "pid": 115}
{"time": "2026-04-18 12:03:27.800798", "level": "INFO", "message": "env finish monitor_data is {'total_score': 827, 'clean_score': 827, 'total_map': 10, 'map_random': 0, 'map_code': 9, 'max_steps': 1000, 'finished_steps': 1000, 'total_charger': 4, 'charge_count': 10, 'remaining_charge': 100}", "file": "monitor_helper.py", "line": "95", "module": "env", "process": "monitor_helper", "function": "finish", "stack": "", "pid": 115}
{"time": "2026-04-18 12:03:27.801457", "level": "INFO", "message": "env data_handler finish success", "file": "data_handler.py", "line": "189", "module": "env", "process": "data_handler", "function": "finish", "stack": "", "pid": 115}
{"time": "2026-04-18 12:03:27.802256", "level": "INFO", "message": "env env run once episode done, process_run_count is 63162", "file": "remote_env_server.py", "line": "298", "module": "env", "process": "remote_env_server", "function": "run_once", "stack": "", "pid": 115}
{"time": "2026-04-18 12:03:27.856882", "level": "INFO", "message": "env env recv reset message", "file": "remote_env_server.py", "line": "282", "module": "env", "process": "remote_env_server", "function": "run_once", "stack": "", "pid": 115}
{"time": "2026-04-18 12:03:27.857587", "level": "INFO", "message": "env Select map in order: episode=79, map_id=10 from map_list=[1, 2, 3, 4, 5, 6, 7, 8, 9, 10]", "file": "data_handler.py", "line": "148", "module": "env", "process": "data_handler", "function": "handle_usr_conf", "stack": "", "pid": 115}
{"time": "2026-04-18 12:03:37.080986", "level": "INFO", "message": "env data_handler finish success", "file": "data_handler.py", "line": "189", "module": "env", "process": "data_handler", "function": "finish", "stack": "", "pid": 115}
{"time": "2026-04-18 12:03:37.081726", "level": "INFO", "message": "env env run once episode done, process_run_count is 64163", "file": "remote_env_server.py", "line": "298", "module": "env", "process": "remote_env_server", "function": "run_once", "stack": "", "pid": 115}
{"time": "2026-04-18 12:03:37.132756", "level": "INFO", "message": "env env recv reset message", "file": "remote_env_server.py", "line": "282", "module": "env", "process": "remote_env_server", "function": "run_once", "stack": "", "pid": 115}
{"time": "2026-04-18 12:03:37.133507", "level": "INFO", "message": "env Select map in order: episode=80, map_id=1 from map_list=[1, 2, 3, 4, 5, 6, 7, 8, 9, 10]", "file": "data_handler.py", "line": "148", "module": "env", "process": "data_handler", "function": "handle_usr_conf", "stack": "", "pid": 115}
{"time": "2026-04-18 12:03:46.564726", "level": "INFO", "message": "env data_handler finish success", "file": "data_handler.py", "line": "189", "module": "env", "process": "data_handler", "function": "finish", "stack": "", "pid": 115}
{"time": "2026-04-18 12:03:46.567992", "level": "INFO", "message": "env env run once episode done, process_run_count is 65164", "file": "remote_env_server.py", "line": "298", "module": "env", "process": "remote_env_server", "function": "run_once", "stack": "", "pid": 115}
{"time": "2026-04-18 12:03:46.607355", "level": "INFO", "message": "env env recv reset message", "file": "remote_env_server.py", "line": "282", "module": "env", "process": "remote_env_server", "function": "run_once", "stack": "", "pid": 115}
{"time": "2026-04-18 12:03:46.608350", "level": "INFO", "message": "env Select map in order: episode=81, map_id=2 from map_list=[1, 2, 3, 4, 5, 6, 7, 8, 9, 10]", "file": "data_handler.py", "line": "148", "module": "env", "process": "data_handler", "function": "handle_usr_conf", "stack": "", "pid": 115}
{"time": "2026-04-18 12:03:52.314437", "level": "INFO", "message": "env data_handler finish success", "file": "data_handler.py", "line": "189", "module": "env", "process": "data_handler", "function": "finish", "stack": "", "pid": 115}
{"time": "2026-04-18 12:03:52.315109", "level": "INFO", "message": "env env run once episode done, process_run_count is 65907", "file": "remote_env_server.py", "line": "298", "module": "env", "process": "remote_env_server", "function": "run_once", "stack": "", "pid": 115}
{"time": "2026-04-18 12:03:52.341722", "level": "INFO", "message": "env env recv reset message", "file": "remote_env_server.py", "line": "282", "module": "env", "process": "remote_env_server", "function": "run_once", "stack": "", "pid": 115}
{"time": "2026-04-18 12:03:52.342499", "level": "INFO", "message": "env Select map in order: episode=82, map_id=3 from map_list=[1, 2, 3, 4, 5, 6, 7, 8, 9, 10]", "file": "data_handler.py", "line": "148", "module": "env", "process": "data_handler", "function": "handle_usr_conf", "stack": "", "pid": 115}
{"time": "2026-04-18 12:03:54.821032", "level": "INFO", "message": "env data_handler finish success", "file": "data_handler.py", "line": "189", "module": "env", "process": "data_handler", "function": "finish", "stack": "", "pid": 115}
{"time": "2026-04-18 12:03:54.821685", "level": "INFO", "message": "env env run once episode done, process_run_count is 66151", "file": "remote_env_server.py", "line": "298", "module": "env", "process": "remote_env_server", "function": "run_once", "stack": "", "pid": 115}
{"time": "2026-04-18 12:03:54.836385", "level": "INFO", "message": "env env recv reset message", "file": "remote_env_server.py", "line": "282", "module": "env", "process": "remote_env_server", "function": "run_once", "stack": "", "pid": 115}
{"time": "2026-04-18 12:03:54.837329", "level": "INFO", "message": "env Select map in order: episode=83, map_id=4 from map_list=[1, 2, 3, 4, 5, 6, 7, 8, 9, 10]", "file": "data_handler.py", "line": "148", "module": "env", "process": "data_handler", "function": "handle_usr_conf", "stack": "", "pid": 115}
{"time": "2026-04-18 12:04:01.302565", "level": "INFO", "message": "env data_handler finish success", "file": "data_handler.py", "line": "189", "module": "env", "process": "data_handler", "function": "finish", "stack": "", "pid": 115}
{"time": "2026-04-18 12:04:01.303213", "level": "INFO", "message": "env env run once episode done, process_run_count is 66853", "file": "remote_env_server.py", "line": "298", "module": "env", "process": "remote_env_server", "function": "run_once", "stack": "", "pid": 115}
{"time": "2026-04-18 12:04:01.336893", "level": "INFO", "message": "env env recv reset message", "file": "remote_env_server.py", "line": "282", "module": "env", "process": "remote_env_server", "function": "run_once", "stack": "", "pid": 115}
{"time": "2026-04-18 12:04:01.337859", "level": "INFO", "message": "env Select map in order: episode=84, map_id=5 from map_list=[1, 2, 3, 4, 5, 6, 7, 8, 9, 10]", "file": "data_handler.py", "line": "148", "module": "env", "process": "data_handler", "function": "handle_usr_conf", "stack": "", "pid": 115}
{"time": "2026-04-18 12:04:10.093067", "level": "INFO", "message": "env data_handler finish success", "file": "data_handler.py", "line": "189", "module": "env", "process": "data_handler", "function": "finish", "stack": "", "pid": 115}
{"time": "2026-04-18 12:04:10.093655", "level": "INFO", "message": "env env run once episode done, process_run_count is 67854", "file": "remote_env_server.py", "line": "298", "module": "env", "process": "remote_env_server", "function": "run_once", "stack": "", "pid": 115}
{"time": "2026-04-18 12:04:10.135868", "level": "INFO", "message": "env env recv reset message", "file": "remote_env_server.py", "line": "282", "module": "env", "process": "remote_env_server", "function": "run_once", "stack": "", "pid": 115}
{"time": "2026-04-18 12:04:10.136828", "level": "INFO", "message": "env Select map in order: episode=85, map_id=6 from map_list=[1, 2, 3, 4, 5, 6, 7, 8, 9, 10]", "file": "data_handler.py", "line": "148", "module": "env", "process": "data_handler", "function": "handle_usr_conf", "stack": "", "pid": 115}
{"time": "2026-04-18 12:04:16.789654", "level": "INFO", "message": "env data_handler finish success", "file": "data_handler.py", "line": "189", "module": "env", "process": "data_handler", "function": "finish", "stack": "", "pid": 115}
{"time": "2026-04-18 12:04:16.790182", "level": "INFO", "message": "env env run once episode done, process_run_count is 68574", "file": "remote_env_server.py", "line": "298", "module": "env", "process": "remote_env_server", "function": "run_once", "stack": "", "pid": 115}
{"time": "2026-04-18 12:04:16.816282", "level": "INFO", "message": "env env recv reset message", "file": "remote_env_server.py", "line": "282", "module": "env", "process": "remote_env_server", "function": "run_once", "stack": "", "pid": 115}
{"time": "2026-04-18 12:04:16.817376", "level": "INFO", "message": "env Select map in order: episode=86, map_id=7 from map_list=[1, 2, 3, 4, 5, 6, 7, 8, 9, 10]", "file": "data_handler.py", "line": "148", "module": "env", "process": "data_handler", "function": "handle_usr_conf", "stack": "", "pid": 115}
{"time": "2026-04-18 12:04:26.360515", "level": "INFO", "message": "env data_handler finish success", "file": "data_handler.py", "line": "189", "module": "env", "process": "data_handler", "function": "finish", "stack": "", "pid": 115}
{"time": "2026-04-18 12:04:26.361213", "level": "INFO", "message": "env env run once episode done, process_run_count is 69575", "file": "remote_env_server.py", "line": "298", "module": "env", "process": "remote_env_server", "function": "run_once", "stack": "", "pid": 115}
{"time": "2026-04-18 12:04:26.398163", "level": "INFO", "message": "env env recv reset message", "file": "remote_env_server.py", "line": "282", "module": "env", "process": "remote_env_server", "function": "run_once", "stack": "", "pid": 115}
{"time": "2026-04-18 12:04:26.399107", "level": "INFO", "message": "env Select map in order: episode=87, map_id=8 from map_list=[1, 2, 3, 4, 5, 6, 7, 8, 9, 10]", "file": "data_handler.py", "line": "148", "module": "env", "process": "data_handler", "function": "handle_usr_conf", "stack": "", "pid": 115}
{"time": "2026-04-18 12:04:35.173432", "level": "INFO", "message": "env finish monitor_data is {'total_score': 875, 'clean_score': 875, 'total_map': 10, 'map_random': 0, 'map_code': 8, 'max_steps': 1000, 'finished_steps': 1000, 'total_charger': 4, 'charge_count': 9, 'remaining_charge': 121}", "file": "monitor_helper.py", "line": "95", "module": "env", "process": "monitor_helper", "function": "finish", "stack": "", "pid": 115}
{"time": "2026-04-18 12:04:35.174100", "level": "INFO", "message": "env data_handler finish success", "file": "data_handler.py", "line": "189", "module": "env", "process": "data_handler", "function": "finish", "stack": "", "pid": 115}
{"time": "2026-04-18 12:04:35.174680", "level": "INFO", "message": "env env run once episode done, process_run_count is 70576", "file": "remote_env_server.py", "line": "298", "module": "env", "process": "remote_env_server", "function": "run_once", "stack": "", "pid": 115}
{"time": "2026-04-18 12:04:35.252803", "level": "INFO", "message": "env env recv reset message", "file": "remote_env_server.py", "line": "282", "module": "env", "process": "remote_env_server", "function": "run_once", "stack": "", "pid": 115}
{"time": "2026-04-18 12:04:35.253619", "level": "INFO", "message": "env Select map in order: episode=88, map_id=9 from map_list=[1, 2, 3, 4, 5, 6, 7, 8, 9, 10]", "file": "data_handler.py", "line": "148", "module": "env", "process": "data_handler", "function": "handle_usr_conf", "stack": "", "pid": 115}
{"time": "2026-04-18 12:04:45.240630", "level": "INFO", "message": "env data_handler finish success", "file": "data_handler.py", "line": "189", "module": "env", "process": "data_handler", "function": "finish", "stack": "", "pid": 115}
{"time": "2026-04-18 12:04:45.241160", "level": "INFO", "message": "env env run once episode done, process_run_count is 71577", "file": "remote_env_server.py", "line": "298", "module": "env", "process": "remote_env_server", "function": "run_once", "stack": "", "pid": 115}
{"time": "2026-04-18 12:04:45.274698", "level": "INFO", "message": "env env recv reset message", "file": "remote_env_server.py", "line": "282", "module": "env", "process": "remote_env_server", "function": "run_once", "stack": "", "pid": 115}
{"time": "2026-04-18 12:04:45.275462", "level": "INFO", "message": "env Select map in order: episode=89, map_id=10 from map_list=[1, 2, 3, 4, 5, 6, 7, 8, 9, 10]", "file": "data_handler.py", "line": "148", "module": "env", "process": "data_handler", "function": "handle_usr_conf", "stack": "", "pid": 115}
{"time": "2026-04-18 12:04:53.779604", "level": "INFO", "message": "env data_handler finish success", "file": "data_handler.py", "line": "189", "module": "env", "process": "data_handler", "function": "finish", "stack": "", "pid": 115}
{"time": "2026-04-18 12:04:53.780152", "level": "INFO", "message": "env env run once episode done, process_run_count is 72578", "file": "remote_env_server.py", "line": "298", "module": "env", "process": "remote_env_server", "function": "run_once", "stack": "", "pid": 115}
{"time": "2026-04-18 12:04:53.820375", "level": "INFO", "message": "env env recv reset message", "file": "remote_env_server.py", "line": "282", "module": "env", "process": "remote_env_server", "function": "run_once", "stack": "", "pid": 115}
{"time": "2026-04-18 12:04:53.821318", "level": "INFO", "message": "env Select map in order: episode=90, map_id=1 from map_list=[1, 2, 3, 4, 5, 6, 7, 8, 9, 10]", "file": "data_handler.py", "line": "148", "module": "env", "process": "data_handler", "function": "handle_usr_conf", "stack": "", "pid": 115}
{"time": "2026-04-18 12:05:01.121628", "level": "INFO", "message": "env data_handler finish success", "file": "data_handler.py", "line": "189", "module": "env", "process": "data_handler", "function": "finish", "stack": "", "pid": 115}
{"time": "2026-04-18 12:05:01.122356", "level": "INFO", "message": "env env run once episode done, process_run_count is 73579", "file": "remote_env_server.py", "line": "298", "module": "env", "process": "remote_env_server", "function": "run_once", "stack": "", "pid": 115}
{"time": "2026-04-18 12:05:01.155830", "level": "INFO", "message": "env env recv reset message", "file": "remote_env_server.py", "line": "282", "module": "env", "process": "remote_env_server", "function": "run_once", "stack": "", "pid": 115}
{"time": "2026-04-18 12:05:01.156715", "level": "INFO", "message": "env Select map in order: episode=91, map_id=2 from map_list=[1, 2, 3, 4, 5, 6, 7, 8, 9, 10]", "file": "data_handler.py", "line": "148", "module": "env", "process": "data_handler", "function": "handle_usr_conf", "stack": "", "pid": 115}
{"time": "2026-04-18 12:05:09.314787", "level": "INFO", "message": "env data_handler finish success", "file": "data_handler.py", "line": "189", "module": "env", "process": "data_handler", "function": "finish", "stack": "", "pid": 115}
{"time": "2026-04-18 12:05:09.315431", "level": "INFO", "message": "env env run once episode done, process_run_count is 74580", "file": "remote_env_server.py", "line": "298", "module": "env", "process": "remote_env_server", "function": "run_once", "stack": "", "pid": 115}
{"time": "2026-04-18 12:05:09.348800", "level": "INFO", "message": "env env recv reset message", "file": "remote_env_server.py", "line": "282", "module": "env", "process": "remote_env_server", "function": "run_once", "stack": "", "pid": 115}
{"time": "2026-04-18 12:05:09.349417", "level": "INFO", "message": "env Select map in order: episode=92, map_id=3 from map_list=[1, 2, 3, 4, 5, 6, 7, 8, 9, 10]", "file": "data_handler.py", "line": "148", "module": "env", "process": "data_handler", "function": "handle_usr_conf", "stack": "", "pid": 115}
{"time": "2026-04-18 12:05:13.363279", "level": "INFO", "message": "env data_handler finish success", "file": "data_handler.py", "line": "189", "module": "env", "process": "data_handler", "function": "finish", "stack": "", "pid": 115}
{"time": "2026-04-18 12:05:13.363964", "level": "INFO", "message": "env env run once episode done, process_run_count is 75064", "file": "remote_env_server.py", "line": "298", "module": "env", "process": "remote_env_server", "function": "run_once", "stack": "", "pid": 115}
{"time": "2026-04-18 12:05:13.385447", "level": "INFO", "message": "env env recv reset message", "file": "remote_env_server.py", "line": "282", "module": "env", "process": "remote_env_server", "function": "run_once", "stack": "", "pid": 115}
{"time": "2026-04-18 12:05:13.386398", "level": "INFO", "message": "env Select map in order: episode=93, map_id=4 from map_list=[1, 2, 3, 4, 5, 6, 7, 8, 9, 10]", "file": "data_handler.py", "line": "148", "module": "env", "process": "data_handler", "function": "handle_usr_conf", "stack": "", "pid": 115}
{"time": "2026-04-18 12:05:21.663491", "level": "INFO", "message": "env data_handler finish success", "file": "data_handler.py", "line": "189", "module": "env", "process": "data_handler", "function": "finish", "stack": "", "pid": 115}
{"time": "2026-04-18 12:05:21.664164", "level": "INFO", "message": "env env run once episode done, process_run_count is 76065", "file": "remote_env_server.py", "line": "298", "module": "env", "process": "remote_env_server", "function": "run_once", "stack": "", "pid": 115}
{"time": "2026-04-18 12:05:21.705767", "level": "INFO", "message": "env env recv reset message", "file": "remote_env_server.py", "line": "282", "module": "env", "process": "remote_env_server", "function": "run_once", "stack": "", "pid": 115}
{"time": "2026-04-18 12:05:21.706645", "level": "INFO", "message": "env Select map in order: episode=94, map_id=5 from map_list=[1, 2, 3, 4, 5, 6, 7, 8, 9, 10]", "file": "data_handler.py", "line": "148", "module": "env", "process": "data_handler", "function": "handle_usr_conf", "stack": "", "pid": 115}
{"time": "2026-04-18 12:05:29.994496", "level": "INFO", "message": "env data_handler finish success", "file": "data_handler.py", "line": "189", "module": "env", "process": "data_handler", "function": "finish", "stack": "", "pid": 115}
{"time": "2026-04-18 12:05:29.995228", "level": "INFO", "message": "env env run once episode done, process_run_count is 77066", "file": "remote_env_server.py", "line": "298", "module": "env", "process": "remote_env_server", "function": "run_once", "stack": "", "pid": 115}
{"time": "2026-04-18 12:05:30.031659", "level": "INFO", "message": "env env recv reset message", "file": "remote_env_server.py", "line": "282", "module": "env", "process": "remote_env_server", "function": "run_once", "stack": "", "pid": 115}
{"time": "2026-04-18 12:05:30.032614", "level": "INFO", "message": "env Select map in order: episode=95, map_id=6 from map_list=[1, 2, 3, 4, 5, 6, 7, 8, 9, 10]", "file": "data_handler.py", "line": "148", "module": "env", "process": "data_handler", "function": "handle_usr_conf", "stack": "", "pid": 115}
{"time": "2026-04-18 12:05:36.703229", "level": "INFO", "message": "env finish monitor_data is {'total_score': 687, 'clean_score': 687, 'total_map': 10, 'map_random': 0, 'map_code': 6, 'max_steps': 1000, 'finished_steps': 888, 'total_charger': 4, 'charge_count': 7, 'remaining_charge': 0}", "file": "monitor_helper.py", "line": "95", "module": "env", "process": "monitor_helper", "function": "finish", "stack": "", "pid": 115}
{"time": "2026-04-18 12:05:36.704151", "level": "INFO", "message": "env data_handler finish success", "file": "data_handler.py", "line": "189", "module": "env", "process": "data_handler", "function": "finish", "stack": "", "pid": 115}
{"time": "2026-04-18 12:05:36.705327", "level": "INFO", "message": "env env run once episode done, process_run_count is 77955", "file": "remote_env_server.py", "line": "298", "module": "env", "process": "remote_env_server", "function": "run_once", "stack": "", "pid": 115}
{"time": "2026-04-18 12:05:36.744317", "level": "INFO", "message": "env env recv reset message", "file": "remote_env_server.py", "line": "282", "module": "env", "process": "remote_env_server", "function": "run_once", "stack": "", "pid": 115}
{"time": "2026-04-18 12:05:36.745101", "level": "INFO", "message": "env Select map in order: episode=96, map_id=7 from map_list=[1, 2, 3, 4, 5, 6, 7, 8, 9, 10]", "file": "data_handler.py", "line": "148", "module": "env", "process": "data_handler", "function": "handle_usr_conf", "stack": "", "pid": 115}
{"time": "2026-04-18 12:05:43.579750", "level": "INFO", "message": "env data_handler finish success", "file": "data_handler.py", "line": "189", "module": "env", "process": "data_handler", "function": "finish", "stack": "", "pid": 115}
{"time": "2026-04-18 12:05:43.583535", "level": "INFO", "message": "env env run once episode done, process_run_count is 78769", "file": "remote_env_server.py", "line": "298", "module": "env", "process": "remote_env_server", "function": "run_once", "stack": "", "pid": 115}
{"time": "2026-04-18 12:05:43.626275", "level": "INFO", "message": "env env recv reset message", "file": "remote_env_server.py", "line": "282", "module": "env", "process": "remote_env_server", "function": "run_once", "stack": "", "pid": 115}
{"time": "2026-04-18 12:05:43.627343", "level": "INFO", "message": "env Select map in order: episode=97, map_id=8 from map_list=[1, 2, 3, 4, 5, 6, 7, 8, 9, 10]", "file": "data_handler.py", "line": "148", "module": "env", "process": "data_handler", "function": "handle_usr_conf", "stack": "", "pid": 115}
{"time": "2026-04-18 12:05:50.317065", "level": "INFO", "message": "env data_handler finish success", "file": "data_handler.py", "line": "189", "module": "env", "process": "data_handler", "function": "finish", "stack": "", "pid": 115}
{"time": "2026-04-18 12:05:50.323515", "level": "INFO", "message": "env env run once episode done, process_run_count is 79566", "file": "remote_env_server.py", "line": "298", "module": "env", "process": "remote_env_server", "function": "run_once", "stack": "", "pid": 115}
{"time": "2026-04-18 12:05:50.359426", "level": "INFO", "message": "env env recv reset message", "file": "remote_env_server.py", "line": "282", "module": "env", "process": "remote_env_server", "function": "run_once", "stack": "", "pid": 115}
{"time": "2026-04-18 12:05:50.360335", "level": "INFO", "message": "env Select map in order: episode=98, map_id=9 from map_list=[1, 2, 3, 4, 5, 6, 7, 8, 9, 10]", "file": "data_handler.py", "line": "148", "module": "env", "process": "data_handler", "function": "handle_usr_conf", "stack": "", "pid": 115}
{"time": "2026-04-18 12:05:58.677770", "level": "INFO", "message": "env data_handler finish success", "file": "data_handler.py", "line": "189", "module": "env", "process": "data_handler", "function": "finish", "stack": "", "pid": 115}
{"time": "2026-04-18 12:05:58.678384", "level": "INFO", "message": "env env run once episode done, process_run_count is 80567", "file": "remote_env_server.py", "line": "298", "module": "env", "process": "remote_env_server", "function": "run_once", "stack": "", "pid": 115}
{"time": "2026-04-18 12:05:58.727673", "level": "INFO", "message": "env env recv reset message", "file": "remote_env_server.py", "line": "282", "module": "env", "process": "remote_env_server", "function": "run_once", "stack": "", "pid": 115}
{"time": "2026-04-18 12:05:58.728493", "level": "INFO", "message": "env Select map in order: episode=99, map_id=10 from map_list=[1, 2, 3, 4, 5, 6, 7, 8, 9, 10]", "file": "data_handler.py", "line": "148", "module": "env", "process": "data_handler", "function": "handle_usr_conf", "stack": "", "pid": 115}
{"time": "2026-04-18 12:06:06.543630", "level": "INFO", "message": "env data_handler finish success", "file": "data_handler.py", "line": "189", "module": "env", "process": "data_handler", "function": "finish", "stack": "", "pid": 115}
{"time": "2026-04-18 12:06:06.550803", "level": "INFO", "message": "env env run once episode done, process_run_count is 81568", "file": "remote_env_server.py", "line": "298", "module": "env", "process": "remote_env_server", "function": "run_once", "stack": "", "pid": 115}
{"time": "2026-04-18 12:06:06.591258", "level": "INFO", "message": "env env recv reset message", "file": "remote_env_server.py", "line": "282", "module": "env", "process": "remote_env_server", "function": "run_once", "stack": "", "pid": 115}
{"time": "2026-04-18 12:06:06.591871", "level": "INFO", "message": "env Select map in order: episode=100, map_id=1 from map_list=[1, 2, 3, 4, 5, 6, 7, 8, 9, 10]", "file": "data_handler.py", "line": "148", "module": "env", "process": "data_handler", "function": "handle_usr_conf", "stack": "", "pid": 115}
{"time": "2026-04-18 12:06:13.765531", "level": "INFO", "message": "env data_handler finish success", "file": "data_handler.py", "line": "189", "module": "env", "process": "data_handler", "function": "finish", "stack": "", "pid": 115}
{"time": "2026-04-18 12:06:13.766300", "level": "INFO", "message": "env env run once episode done, process_run_count is 82569", "file": "remote_env_server.py", "line": "298", "module": "env", "process": "remote_env_server", "function": "run_once", "stack": "", "pid": 115}
{"time": "2026-04-18 12:06:13.806984", "level": "INFO", "message": "env env recv reset message", "file": "remote_env_server.py", "line": "282", "module": "env", "process": "remote_env_server", "function": "run_once", "stack": "", "pid": 115}
{"time": "2026-04-18 12:06:13.807814", "level": "INFO", "message": "env Select map in order: episode=101, map_id=2 from map_list=[1, 2, 3, 4, 5, 6, 7, 8, 9, 10]", "file": "data_handler.py", "line": "148", "module": "env", "process": "data_handler", "function": "handle_usr_conf", "stack": "", "pid": 115}
{"time": "2026-04-18 12:06:22.207263", "level": "INFO", "message": "env data_handler finish success", "file": "data_handler.py", "line": "189", "module": "env", "process": "data_handler", "function": "finish", "stack": "", "pid": 115}
{"time": "2026-04-18 12:06:22.208998", "level": "INFO", "message": "env env run once episode done, process_run_count is 83570", "file": "remote_env_server.py", "line": "298", "module": "env", "process": "remote_env_server", "function": "run_once", "stack": "", "pid": 115}
{"time": "2026-04-18 12:06:22.259236", "level": "INFO", "message": "env env recv reset message", "file": "remote_env_server.py", "line": "282", "module": "env", "process": "remote_env_server", "function": "run_once", "stack": "", "pid": 115}
{"time": "2026-04-18 12:06:22.260021", "level": "INFO", "message": "env Select map in order: episode=102, map_id=3 from map_list=[1, 2, 3, 4, 5, 6, 7, 8, 9, 10]", "file": "data_handler.py", "line": "148", "module": "env", "process": "data_handler", "function": "handle_usr_conf", "stack": "", "pid": 115}
{"time": "2026-04-18 12:06:30.032869", "level": "INFO", "message": "env data_handler finish success", "file": "data_handler.py", "line": "189", "module": "env", "process": "data_handler", "function": "finish", "stack": "", "pid": 115}
{"time": "2026-04-18 12:06:30.033469", "level": "INFO", "message": "env env run once episode done, process_run_count is 84571", "file": "remote_env_server.py", "line": "298", "module": "env", "process": "remote_env_server", "function": "run_once", "stack": "", "pid": 115}
{"time": "2026-04-18 12:06:30.078493", "level": "INFO", "message": "env env recv reset message", "file": "remote_env_server.py", "line": "282", "module": "env", "process": "remote_env_server", "function": "run_once", "stack": "", "pid": 115}
{"time": "2026-04-18 12:06:30.083568", "level": "INFO", "message": "env Select map in order: episode=103, map_id=4 from map_list=[1, 2, 3, 4, 5, 6, 7, 8, 9, 10]", "file": "data_handler.py", "line": "148", "module": "env", "process": "data_handler", "function": "handle_usr_conf", "stack": "", "pid": 115}
{"time": "2026-04-18 12:06:31.914631", "level": "INFO", "message": "env data_handler finish success", "file": "data_handler.py", "line": "189", "module": "env", "process": "data_handler", "function": "finish", "stack": "", "pid": 115}
{"time": "2026-04-18 12:06:31.915459", "level": "INFO", "message": "env env run once episode done, process_run_count is 84772", "file": "remote_env_server.py", "line": "298", "module": "env", "process": "remote_env_server", "function": "run_once", "stack": "", "pid": 115}
{"time": "2026-04-18 12:06:31.931164", "level": "INFO", "message": "env env recv reset message", "file": "remote_env_server.py", "line": "282", "module": "env", "process": "remote_env_server", "function": "run_once", "stack": "", "pid": 115}
{"time": "2026-04-18 12:06:31.933367", "level": "INFO", "message": "env Select map in order: episode=104, map_id=5 from map_list=[1, 2, 3, 4, 5, 6, 7, 8, 9, 10]", "file": "data_handler.py", "line": "148", "module": "env", "process": "data_handler", "function": "handle_usr_conf", "stack": "", "pid": 115}
{"time": "2026-04-18 12:06:39.869365", "level": "INFO", "message": "env finish monitor_data is {'total_score': 907, 'clean_score': 907, 'total_map': 10, 'map_random': 0, 'map_code': 5, 'max_steps': 1000, 'finished_steps': 1000, 'total_charger': 4, 'charge_count': 10, 'remaining_charge': 186}", "file": "monitor_helper.py", "line": "95", "module": "env", "process": "monitor_helper", "function": "finish", "stack": "", "pid": 115}
{"time": "2026-04-18 12:06:39.870091", "level": "INFO", "message": "env data_handler finish success", "file": "data_handler.py", "line": "189", "module": "env", "process": "data_handler", "function": "finish", "stack": "", "pid": 115}
{"time": "2026-04-18 12:06:39.870720", "level": "INFO", "message": "env env run once episode done, process_run_count is 85773", "file": "remote_env_server.py", "line": "298", "module": "env", "process": "remote_env_server", "function": "run_once", "stack": "", "pid": 115}
{"time": "2026-04-18 12:06:39.924096", "level": "INFO", "message": "env env recv reset message", "file": "remote_env_server.py", "line": "282", "module": "env", "process": "remote_env_server", "function": "run_once", "stack": "", "pid": 115}
{"time": "2026-04-18 12:06:39.924809", "level": "INFO", "message": "env Select map in order: episode=105, map_id=6 from map_list=[1, 2, 3, 4, 5, 6, 7, 8, 9, 10]", "file": "data_handler.py", "line": "148", "module": "env", "process": "data_handler", "function": "handle_usr_conf", "stack": "", "pid": 115}
{"time": "2026-04-18 12:06:45.701089", "level": "INFO", "message": "env data_handler finish success", "file": "data_handler.py", "line": "189", "module": "env", "process": "data_handler", "function": "finish", "stack": "", "pid": 115}
{"time": "2026-04-18 12:06:45.702218", "level": "INFO", "message": "env env run once episode done, process_run_count is 86506", "file": "remote_env_server.py", "line": "298", "module": "env", "process": "remote_env_server", "function": "run_once", "stack": "", "pid": 115}
{"time": "2026-04-18 12:06:45.730719", "level": "INFO", "message": "env env recv reset message", "file": "remote_env_server.py", "line": "282", "module": "env", "process": "remote_env_server", "function": "run_once", "stack": "", "pid": 115}
{"time": "2026-04-18 12:06:45.732693", "level": "INFO", "message": "env Select map in order: episode=106, map_id=7 from map_list=[1, 2, 3, 4, 5, 6, 7, 8, 9, 10]", "file": "data_handler.py", "line": "148", "module": "env", "process": "data_handler", "function": "handle_usr_conf", "stack": "", "pid": 115}
{"time": "2026-04-18 12:06:53.515765", "level": "INFO", "message": "env data_handler finish success", "file": "data_handler.py", "line": "189", "module": "env", "process": "data_handler", "function": "finish", "stack": "", "pid": 115}
{"time": "2026-04-18 12:06:53.516509", "level": "INFO", "message": "env env run once episode done, process_run_count is 87507", "file": "remote_env_server.py", "line": "298", "module": "env", "process": "remote_env_server", "function": "run_once", "stack": "", "pid": 115}
{"time": "2026-04-18 12:06:53.561438", "level": "INFO", "message": "env env recv reset message", "file": "remote_env_server.py", "line": "282", "module": "env", "process": "remote_env_server", "function": "run_once", "stack": "", "pid": 115}
{"time": "2026-04-18 12:06:53.562455", "level": "INFO", "message": "env Select map in order: episode=107, map_id=8 from map_list=[1, 2, 3, 4, 5, 6, 7, 8, 9, 10]", "file": "data_handler.py", "line": "148", "module": "env", "process": "data_handler", "function": "handle_usr_conf", "stack": "", "pid": 115}
{"time": "2026-04-18 12:06:58.590754", "level": "INFO", "message": "env data_handler finish success", "file": "data_handler.py", "line": "189", "module": "env", "process": "data_handler", "function": "finish", "stack": "", "pid": 115}
{"time": "2026-04-18 12:06:58.591307", "level": "INFO", "message": "env env run once episode done, process_run_count is 88288", "file": "remote_env_server.py", "line": "298", "module": "env", "process": "remote_env_server", "function": "run_once", "stack": "", "pid": 115}
{"time": "2026-04-18 12:06:58.625019", "level": "INFO", "message": "env env recv reset message", "file": "remote_env_server.py", "line": "282", "module": "env", "process": "remote_env_server", "function": "run_once", "stack": "", "pid": 115}
{"time": "2026-04-18 12:06:58.625890", "level": "INFO", "message": "env Select map in order: episode=108, map_id=9 from map_list=[1, 2, 3, 4, 5, 6, 7, 8, 9, 10]", "file": "data_handler.py", "line": "148", "module": "env", "process": "data_handler", "function": "handle_usr_conf", "stack": "", "pid": 115}
{"time": "2026-04-18 12:07:06.451668", "level": "INFO", "message": "env data_handler finish success", "file": "data_handler.py", "line": "189", "module": "env", "process": "data_handler", "function": "finish", "stack": "", "pid": 115}
{"time": "2026-04-18 12:07:06.452200", "level": "INFO", "message": "env env run once episode done, process_run_count is 89289", "file": "remote_env_server.py", "line": "298", "module": "env", "process": "remote_env_server", "function": "run_once", "stack": "", "pid": 115}
{"time": "2026-04-18 12:07:06.504905", "level": "INFO", "message": "env env recv reset message", "file": "remote_env_server.py", "line": "282", "module": "env", "process": "remote_env_server", "function": "run_once", "stack": "", "pid": 115}
{"time": "2026-04-18 12:07:06.505736", "level": "INFO", "message": "env Select map in order: episode=109, map_id=10 from map_list=[1, 2, 3, 4, 5, 6, 7, 8, 9, 10]", "file": "data_handler.py", "line": "148", "module": "env", "process": "data_handler", "function": "handle_usr_conf", "stack": "", "pid": 115}
{"time": "2026-04-18 12:07:14.201240", "level": "INFO", "message": "env data_handler finish success", "file": "data_handler.py", "line": "189", "module": "env", "process": "data_handler", "function": "finish", "stack": "", "pid": 115}
{"time": "2026-04-18 12:07:14.201883", "level": "INFO", "message": "env env run once episode done, process_run_count is 90253", "file": "remote_env_server.py", "line": "298", "module": "env", "process": "remote_env_server", "function": "run_once", "stack": "", "pid": 115}
{"time": "2026-04-18 12:07:14.243801", "level": "INFO", "message": "env env recv reset message", "file": "remote_env_server.py", "line": "282", "module": "env", "process": "remote_env_server", "function": "run_once", "stack": "", "pid": 115}
{"time": "2026-04-18 12:07:14.244452", "level": "INFO", "message": "env Select map in order: episode=110, map_id=1 from map_list=[1, 2, 3, 4, 5, 6, 7, 8, 9, 10]", "file": "data_handler.py", "line": "148", "module": "env", "process": "data_handler", "function": "handle_usr_conf", "stack": "", "pid": 115}
{"time": "2026-04-18 12:07:16.024177", "level": "INFO", "message": "env data_handler finish success", "file": "data_handler.py", "line": "189", "module": "env", "process": "data_handler", "function": "finish", "stack": "", "pid": 115}
{"time": "2026-04-18 12:07:16.024778", "level": "INFO", "message": "env env run once episode done, process_run_count is 90454", "file": "remote_env_server.py", "line": "298", "module": "env", "process": "remote_env_server", "function": "run_once", "stack": "", "pid": 115}
{"time": "2026-04-18 12:07:16.037212", "level": "INFO", "message": "env env recv reset message", "file": "remote_env_server.py", "line": "282", "module": "env", "process": "remote_env_server", "function": "run_once", "stack": "", "pid": 115}
{"time": "2026-04-18 12:07:16.038080", "level": "INFO", "message": "env Select map in order: episode=111, map_id=2 from map_list=[1, 2, 3, 4, 5, 6, 7, 8, 9, 10]", "file": "data_handler.py", "line": "148", "module": "env", "process": "data_handler", "function": "handle_usr_conf", "stack": "", "pid": 115}
{"time": "2026-04-18 12:07:23.994848", "level": "INFO", "message": "env data_handler finish success", "file": "data_handler.py", "line": "189", "module": "env", "process": "data_handler", "function": "finish", "stack": "", "pid": 115}
{"time": "2026-04-18 12:07:23.995651", "level": "INFO", "message": "env env run once episode done, process_run_count is 91455", "file": "remote_env_server.py", "line": "298", "module": "env", "process": "remote_env_server", "function": "run_once", "stack": "", "pid": 115}
{"time": "2026-04-18 12:07:24.040992", "level": "INFO", "message": "env env recv reset message", "file": "remote_env_server.py", "line": "282", "module": "env", "process": "remote_env_server", "function": "run_once", "stack": "", "pid": 115}
{"time": "2026-04-18 12:07:24.041760", "level": "INFO", "message": "env Select map in order: episode=112, map_id=3 from map_list=[1, 2, 3, 4, 5, 6, 7, 8, 9, 10]", "file": "data_handler.py", "line": "148", "module": "env", "process": "data_handler", "function": "handle_usr_conf", "stack": "", "pid": 115}
{"time": "2026-04-18 12:07:26.709450", "level": "INFO", "message": "env data_handler finish success", "file": "data_handler.py", "line": "189", "module": "env", "process": "data_handler", "function": "finish", "stack": "", "pid": 115}
{"time": "2026-04-18 12:07:26.710070", "level": "INFO", "message": "env env run once episode done, process_run_count is 91912", "file": "remote_env_server.py", "line": "298", "module": "env", "process": "remote_env_server", "function": "run_once", "stack": "", "pid": 115}
{"time": "2026-04-18 12:07:26.728261", "level": "INFO", "message": "env env recv reset message", "file": "remote_env_server.py", "line": "282", "module": "env", "process": "remote_env_server", "function": "run_once", "stack": "", "pid": 115}
{"time": "2026-04-18 12:07:26.729218", "level": "INFO", "message": "env Select map in order: episode=113, map_id=4 from map_list=[1, 2, 3, 4, 5, 6, 7, 8, 9, 10]", "file": "data_handler.py", "line": "148", "module": "env", "process": "data_handler", "function": "handle_usr_conf", "stack": "", "pid": 115}
{"time": "2026-04-18 12:07:28.370397", "level": "INFO", "message": "env data_handler finish success", "file": "data_handler.py", "line": "189", "module": "env", "process": "data_handler", "function": "finish", "stack": "", "pid": 115}
{"time": "2026-04-18 12:07:28.371034", "level": "INFO", "message": "env env run once episode done, process_run_count is 92113", "file": "remote_env_server.py", "line": "298", "module": "env", "process": "remote_env_server", "function": "run_once", "stack": "", "pid": 115}
{"time": "2026-04-18 12:07:28.379306", "level": "INFO", "message": "env env recv reset message", "file": "remote_env_server.py", "line": "282", "module": "env", "process": "remote_env_server", "function": "run_once", "stack": "", "pid": 115}
{"time": "2026-04-18 12:07:28.380074", "level": "INFO", "message": "env Select map in order: episode=114, map_id=5 from map_list=[1, 2, 3, 4, 5, 6, 7, 8, 9, 10]", "file": "data_handler.py", "line": "148", "module": "env", "process": "data_handler", "function": "handle_usr_conf", "stack": "", "pid": 115}
{"time": "2026-04-18 12:07:35.997259", "level": "INFO", "message": "env data_handler finish success", "file": "data_handler.py", "line": "189", "module": "env", "process": "data_handler", "function": "finish", "stack": "", "pid": 115}
{"time": "2026-04-18 12:07:35.998831", "level": "INFO", "message": "env env run once episode done, process_run_count is 93114", "file": "remote_env_server.py", "line": "298", "module": "env", "process": "remote_env_server", "function": "run_once", "stack": "", "pid": 115}
{"time": "2026-04-18 12:07:36.042067", "level": "INFO", "message": "env env recv reset message", "file": "remote_env_server.py", "line": "282", "module": "env", "process": "remote_env_server", "function": "run_once", "stack": "", "pid": 115}
{"time": "2026-04-18 12:07:36.043013", "level": "INFO", "message": "env Select map in order: episode=115, map_id=6 from map_list=[1, 2, 3, 4, 5, 6, 7, 8, 9, 10]", "file": "data_handler.py", "line": "148", "module": "env", "process": "data_handler", "function": "handle_usr_conf", "stack": "", "pid": 115}
{"time": "2026-04-18 12:07:44.163074", "level": "INFO", "message": "env finish monitor_data is {'total_score': 910, 'clean_score': 910, 'total_map': 10, 'map_random': 0, 'map_code': 6, 'max_steps': 1000, 'finished_steps': 1000, 'total_charger': 4, 'charge_count': 10, 'remaining_charge': 195}", "file": "monitor_helper.py", "line": "95", "module": "env", "process": "monitor_helper", "function": "finish", "stack": "", "pid": 115}
{"time": "2026-04-18 12:07:44.163765", "level": "INFO", "message": "env data_handler finish success", "file": "data_handler.py", "line": "189", "module": "env", "process": "data_handler", "function": "finish", "stack": "", "pid": 115}
{"time": "2026-04-18 12:07:44.164325", "level": "INFO", "message": "env env run once episode done, process_run_count is 94115", "file": "remote_env_server.py", "line": "298", "module": "env", "process": "remote_env_server", "function": "run_once", "stack": "", "pid": 115}
{"time": "2026-04-18 12:07:44.215150", "level": "INFO", "message": "env env recv reset message", "file": "remote_env_server.py", "line": "282", "module": "env", "process": "remote_env_server", "function": "run_once", "stack": "", "pid": 115}
{"time": "2026-04-18 12:07:44.215836", "level": "INFO", "message": "env Select map in order: episode=116, map_id=7 from map_list=[1, 2, 3, 4, 5, 6, 7, 8, 9, 10]", "file": "data_handler.py", "line": "148", "module": "env", "process": "data_handler", "function": "handle_usr_conf", "stack": "", "pid": 115}
{"time": "2026-04-18 12:07:48.792923", "level": "INFO", "message": "env data_handler finish success", "file": "data_handler.py", "line": "189", "module": "env", "process": "data_handler", "function": "finish", "stack": "", "pid": 115}
{"time": "2026-04-18 12:07:48.793590", "level": "INFO", "message": "env env run once episode done, process_run_count is 94689", "file": "remote_env_server.py", "line": "298", "module": "env", "process": "remote_env_server", "function": "run_once", "stack": "", "pid": 115}
{"time": "2026-04-18 12:07:48.820417", "level": "INFO", "message": "env env recv reset message", "file": "remote_env_server.py", "line": "282", "module": "env", "process": "remote_env_server", "function": "run_once", "stack": "", "pid": 115}
{"time": "2026-04-18 12:07:48.821288", "level": "INFO", "message": "env Select map in order: episode=117, map_id=8 from map_list=[1, 2, 3, 4, 5, 6, 7, 8, 9, 10]", "file": "data_handler.py", "line": "148", "module": "env", "process": "data_handler", "function": "handle_usr_conf", "stack": "", "pid": 115}
{"time": "2026-04-18 12:07:55.075835", "level": "INFO", "message": "env data_handler finish success", "file": "data_handler.py", "line": "189", "module": "env", "process": "data_handler", "function": "finish", "stack": "", "pid": 115}
{"time": "2026-04-18 12:07:55.076383", "level": "INFO", "message": "env env run once episode done, process_run_count is 95492", "file": "remote_env_server.py", "line": "298", "module": "env", "process": "remote_env_server", "function": "run_once", "stack": "", "pid": 115}
{"time": "2026-04-18 12:07:55.109106", "level": "INFO", "message": "env env recv reset message", "file": "remote_env_server.py", "line": "282", "module": "env", "process": "remote_env_server", "function": "run_once", "stack": "", "pid": 115}
{"time": "2026-04-18 12:07:55.109886", "level": "INFO", "message": "env Select map in order: episode=118, map_id=9 from map_list=[1, 2, 3, 4, 5, 6, 7, 8, 9, 10]", "file": "data_handler.py", "line": "148", "module": "env", "process": "data_handler", "function": "handle_usr_conf", "stack": "", "pid": 115}
{"time": "2026-04-18 12:08:01.896933", "level": "INFO", "message": "env data_handler finish success", "file": "data_handler.py", "line": "189", "module": "env", "process": "data_handler", "function": "finish", "stack": "", "pid": 115}
{"time": "2026-04-18 12:08:01.897455", "level": "INFO", "message": "env env run once episode done, process_run_count is 96493", "file": "remote_env_server.py", "line": "298", "module": "env", "process": "remote_env_server", "function": "run_once", "stack": "", "pid": 115}
{"time": "2026-04-18 12:08:01.954733", "level": "INFO", "message": "env env recv reset message", "file": "remote_env_server.py", "line": "282", "module": "env", "process": "remote_env_server", "function": "run_once", "stack": "", "pid": 115}
{"time": "2026-04-18 12:08:01.955487", "level": "INFO", "message": "env Select map in order: episode=119, map_id=10 from map_list=[1, 2, 3, 4, 5, 6, 7, 8, 9, 10]", "file": "data_handler.py", "line": "148", "module": "env", "process": "data_handler", "function": "handle_usr_conf", "stack": "", "pid": 115}
{"time": "2026-04-18 12:08:09.752508", "level": "INFO", "message": "env data_handler finish success", "file": "data_handler.py", "line": "189", "module": "env", "process": "data_handler", "function": "finish", "stack": "", "pid": 115}
{"time": "2026-04-18 12:08:09.753122", "level": "INFO", "message": "env env run once episode done, process_run_count is 97494", "file": "remote_env_server.py", "line": "298", "module": "env", "process": "remote_env_server", "function": "run_once", "stack": "", "pid": 115}
{"time": "2026-04-18 12:08:09.799451", "level": "INFO", "message": "env env recv reset message", "file": "remote_env_server.py", "line": "282", "module": "env", "process": "remote_env_server", "function": "run_once", "stack": "", "pid": 115}
{"time": "2026-04-18 12:08:09.800250", "level": "INFO", "message": "env Select map in order: episode=120, map_id=1 from map_list=[1, 2, 3, 4, 5, 6, 7, 8, 9, 10]", "file": "data_handler.py", "line": "148", "module": "env", "process": "data_handler", "function": "handle_usr_conf", "stack": "", "pid": 115}
{"time": "2026-04-18 12:08:17.491158", "level": "INFO", "message": "env data_handler finish success", "file": "data_handler.py", "line": "189", "module": "env", "process": "data_handler", "function": "finish", "stack": "", "pid": 115}
{"time": "2026-04-18 12:08:17.491818", "level": "INFO", "message": "env env run once episode done, process_run_count is 98495", "file": "remote_env_server.py", "line": "298", "module": "env", "process": "remote_env_server", "function": "run_once", "stack": "", "pid": 115}
{"time": "2026-04-18 12:08:17.537578", "level": "INFO", "message": "env env recv reset message", "file": "remote_env_server.py", "line": "282", "module": "env", "process": "remote_env_server", "function": "run_once", "stack": "", "pid": 115}
{"time": "2026-04-18 12:08:17.538512", "level": "INFO", "message": "env Select map in order: episode=121, map_id=2 from map_list=[1, 2, 3, 4, 5, 6, 7, 8, 9, 10]", "file": "data_handler.py", "line": "148", "module": "env", "process": "data_handler", "function": "handle_usr_conf", "stack": "", "pid": 115}
{"time": "2026-04-18 12:08:23.634513", "level": "INFO", "message": "env data_handler finish success", "file": "data_handler.py", "line": "189", "module": "env", "process": "data_handler", "function": "finish", "stack": "", "pid": 115}
{"time": "2026-04-18 12:08:23.635392", "level": "INFO", "message": "env env run once episode done, process_run_count is 99419", "file": "remote_env_server.py", "line": "298", "module": "env", "process": "remote_env_server", "function": "run_once", "stack": "", "pid": 115}
{"time": "2026-04-18 12:08:23.691510", "level": "INFO", "message": "env env recv reset message", "file": "remote_env_server.py", "line": "282", "module": "env", "process": "remote_env_server", "function": "run_once", "stack": "", "pid": 115}
{"time": "2026-04-18 12:08:23.692341", "level": "INFO", "message": "env Select map in order: episode=122, map_id=3 from map_list=[1, 2, 3, 4, 5, 6, 7, 8, 9, 10]", "file": "data_handler.py", "line": "148", "module": "env", "process": "data_handler", "function": "handle_usr_conf", "stack": "", "pid": 115}
{"time": "2026-04-18 12:08:31.674107", "level": "INFO", "message": "env data_handler finish success", "file": "data_handler.py", "line": "189", "module": "env", "process": "data_handler", "function": "finish", "stack": "", "pid": 115}
{"time": "2026-04-18 12:08:31.675014", "level": "INFO", "message": "env env run once episode done, process_run_count is 100420", "file": "remote_env_server.py", "line": "298", "module": "env", "process": "remote_env_server", "function": "run_once", "stack": "", "pid": 115}
{"time": "2026-04-18 12:08:31.726369", "level": "INFO", "message": "env env recv reset message", "file": "remote_env_server.py", "line": "282", "module": "env", "process": "remote_env_server", "function": "run_once", "stack": "", "pid": 115}
{"time": "2026-04-18 12:08:31.728355", "level": "INFO", "message": "env Select map in order: episode=123, map_id=4 from map_list=[1, 2, 3, 4, 5, 6, 7, 8, 9, 10]", "file": "data_handler.py", "line": "148", "module": "env", "process": "data_handler", "function": "handle_usr_conf", "stack": "", "pid": 115}
{"time": "2026-04-18 12:08:33.341395", "level": "INFO", "message": "env data_handler finish success", "file": "data_handler.py", "line": "189", "module": "env", "process": "data_handler", "function": "finish", "stack": "", "pid": 115}
{"time": "2026-04-18 12:08:33.342110", "level": "INFO", "message": "env env run once episode done, process_run_count is 100621", "file": "remote_env_server.py", "line": "298", "module": "env", "process": "remote_env_server", "function": "run_once", "stack": "", "pid": 115}
{"time": "2026-04-18 12:08:33.350360", "level": "INFO", "message": "env env recv reset message", "file": "remote_env_server.py", "line": "282", "module": "env", "process": "remote_env_server", "function": "run_once", "stack": "", "pid": 115}
{"time": "2026-04-18 12:08:33.351263", "level": "INFO", "message": "env Select map in order: episode=124, map_id=5 from map_list=[1, 2, 3, 4, 5, 6, 7, 8, 9, 10]", "file": "data_handler.py", "line": "148", "module": "env", "process": "data_handler", "function": "handle_usr_conf", "stack": "", "pid": 115}
{"time": "2026-04-18 12:08:41.008596", "level": "INFO", "message": "env data_handler finish success", "file": "data_handler.py", "line": "189", "module": "env", "process": "data_handler", "function": "finish", "stack": "", "pid": 115}
{"time": "2026-04-18 12:08:41.009412", "level": "INFO", "message": "env env run once episode done, process_run_count is 101622", "file": "remote_env_server.py", "line": "298", "module": "env", "process": "remote_env_server", "function": "run_once", "stack": "", "pid": 115}
{"time": "2026-04-18 12:08:41.054931", "level": "INFO", "message": "env env recv reset message", "file": "remote_env_server.py", "line": "282", "module": "env", "process": "remote_env_server", "function": "run_once", "stack": "", "pid": 115}
{"time": "2026-04-18 12:08:41.055734", "level": "INFO", "message": "env Select map in order: episode=125, map_id=6 from map_list=[1, 2, 3, 4, 5, 6, 7, 8, 9, 10]", "file": "data_handler.py", "line": "148", "module": "env", "process": "data_handler", "function": "handle_usr_conf", "stack": "", "pid": 115}
{"time": "2026-04-18 12:08:48.849481", "level": "INFO", "message": "env finish monitor_data is {'total_score': 911, 'clean_score': 911, 'total_map': 10, 'map_random': 0, 'map_code': 6, 'max_steps': 1000, 'finished_steps': 1000, 'total_charger': 4, 'charge_count': 8, 'remaining_charge': 138}", "file": "monitor_helper.py", "line": "95", "module": "env", "process": "monitor_helper", "function": "finish", "stack": "", "pid": 115}
{"time": "2026-04-18 12:08:48.850176", "level": "INFO", "message": "env data_handler finish success", "file": "data_handler.py", "line": "189", "module": "env", "process": "data_handler", "function": "finish", "stack": "", "pid": 115}
{"time": "2026-04-18 12:08:48.852649", "level": "INFO", "message": "env env run once episode done, process_run_count is 102623", "file": "remote_env_server.py", "line": "298", "module": "env", "process": "remote_env_server", "function": "run_once", "stack": "", "pid": 115}
{"time": "2026-04-18 12:08:48.898249", "level": "INFO", "message": "env env recv reset message", "file": "remote_env_server.py", "line": "282", "module": "env", "process": "remote_env_server", "function": "run_once", "stack": "", "pid": 115}
{"time": "2026-04-18 12:08:48.899103", "level": "INFO", "message": "env Select map in order: episode=126, map_id=7 from map_list=[1, 2, 3, 4, 5, 6, 7, 8, 9, 10]", "file": "data_handler.py", "line": "148", "module": "env", "process": "data_handler", "function": "handle_usr_conf", "stack": "", "pid": 115}
{"time": "2026-04-18 12:08:54.135523", "level": "INFO", "message": "env data_handler finish success", "file": "data_handler.py", "line": "189", "module": "env", "process": "data_handler", "function": "finish", "stack": "", "pid": 115}
{"time": "2026-04-18 12:08:54.136148", "level": "INFO", "message": "env env run once episode done, process_run_count is 103353", "file": "remote_env_server.py", "line": "298", "module": "env", "process": "remote_env_server", "function": "run_once", "stack": "", "pid": 115}
{"time": "2026-04-18 12:08:54.168549", "level": "INFO", "message": "env env recv reset message", "file": "remote_env_server.py", "line": "282", "module": "env", "process": "remote_env_server", "function": "run_once", "stack": "", "pid": 115}
{"time": "2026-04-18 12:08:54.169470", "level": "INFO", "message": "env Select map in order: episode=127, map_id=8 from map_list=[1, 2, 3, 4, 5, 6, 7, 8, 9, 10]", "file": "data_handler.py", "line": "148", "module": "env", "process": "data_handler", "function": "handle_usr_conf", "stack": "", "pid": 115}
{"time": "2026-04-18 12:08:59.675108", "level": "INFO", "message": "env data_handler finish success", "file": "data_handler.py", "line": "189", "module": "env", "process": "data_handler", "function": "finish", "stack": "", "pid": 115}
{"time": "2026-04-18 12:08:59.675880", "level": "INFO", "message": "env env run once episode done, process_run_count is 104059", "file": "remote_env_server.py", "line": "298", "module": "env", "process": "remote_env_server", "function": "run_once", "stack": "", "pid": 115}
{"time": "2026-04-18 12:08:59.710334", "level": "INFO", "message": "env env recv reset message", "file": "remote_env_server.py", "line": "282", "module": "env", "process": "remote_env_server", "function": "run_once", "stack": "", "pid": 115}
{"time": "2026-04-18 12:08:59.711503", "level": "INFO", "message": "env Select map in order: episode=128, map_id=9 from map_list=[1, 2, 3, 4, 5, 6, 7, 8, 9, 10]", "file": "data_handler.py", "line": "148", "module": "env", "process": "data_handler", "function": "handle_usr_conf", "stack": "", "pid": 115}
{"time": "2026-04-18 12:09:04.990797", "level": "INFO", "message": "env data_handler finish success", "file": "data_handler.py", "line": "189", "module": "env", "process": "data_handler", "function": "finish", "stack": "", "pid": 115}
{"time": "2026-04-18 12:09:04.991432", "level": "INFO", "message": "env env run once episode done, process_run_count is 104728", "file": "remote_env_server.py", "line": "298", "module": "env", "process": "remote_env_server", "function": "run_once", "stack": "", "pid": 115}
{"time": "2026-04-18 12:09:05.022829", "level": "INFO", "message": "env env recv reset message", "file": "remote_env_server.py", "line": "282", "module": "env", "process": "remote_env_server", "function": "run_once", "stack": "", "pid": 115}
{"time": "2026-04-18 12:09:05.023572", "level": "INFO", "message": "env Select map in order: episode=129, map_id=10 from map_list=[1, 2, 3, 4, 5, 6, 7, 8, 9, 10]", "file": "data_handler.py", "line": "148", "module": "env", "process": "data_handler", "function": "handle_usr_conf", "stack": "", "pid": 115}
{"time": "2026-04-18 12:09:11.727720", "level": "INFO", "message": "env data_handler finish success", "file": "data_handler.py", "line": "189", "module": "env", "process": "data_handler", "function": "finish", "stack": "", "pid": 115}
{"time": "2026-04-18 12:09:11.728524", "level": "INFO", "message": "env env run once episode done, process_run_count is 105729", "file": "remote_env_server.py", "line": "298", "module": "env", "process": "remote_env_server", "function": "run_once", "stack": "", "pid": 115}
{"time": "2026-04-18 12:09:11.777322", "level": "INFO", "message": "env env recv reset message", "file": "remote_env_server.py", "line": "282", "module": "env", "process": "remote_env_server", "function": "run_once", "stack": "", "pid": 115}
{"time": "2026-04-18 12:09:11.778283", "level": "INFO", "message": "env Select map in order: episode=130, map_id=1 from map_list=[1, 2, 3, 4, 5, 6, 7, 8, 9, 10]", "file": "data_handler.py", "line": "148", "module": "env", "process": "data_handler", "function": "handle_usr_conf", "stack": "", "pid": 115}
{"time": "2026-04-18 12:09:19.527255", "level": "INFO", "message": "env data_handler finish success", "file": "data_handler.py", "line": "189", "module": "env", "process": "data_handler", "function": "finish", "stack": "", "pid": 115}
{"time": "2026-04-18 12:09:19.527829", "level": "INFO", "message": "env env run once episode done, process_run_count is 106730", "file": "remote_env_server.py", "line": "298", "module": "env", "process": "remote_env_server", "function": "run_once", "stack": "", "pid": 115}
{"time": "2026-04-18 12:09:19.575527", "level": "INFO", "message": "env env recv reset message", "file": "remote_env_server.py", "line": "282", "module": "env", "process": "remote_env_server", "function": "run_once", "stack": "", "pid": 115}
{"time": "2026-04-18 12:09:19.576310", "level": "INFO", "message": "env Select map in order: episode=131, map_id=2 from map_list=[1, 2, 3, 4, 5, 6, 7, 8, 9, 10]", "file": "data_handler.py", "line": "148", "module": "env", "process": "data_handler", "function": "handle_usr_conf", "stack": "", "pid": 115}
{"time": "2026-04-18 12:09:26.874868", "level": "INFO", "message": "env data_handler finish success", "file": "data_handler.py", "line": "189", "module": "env", "process": "data_handler", "function": "finish", "stack": "", "pid": 115}
{"time": "2026-04-18 12:09:26.875423", "level": "INFO", "message": "env env run once episode done, process_run_count is 107731", "file": "remote_env_server.py", "line": "298", "module": "env", "process": "remote_env_server", "function": "run_once", "stack": "", "pid": 115}
{"time": "2026-04-18 12:09:26.922397", "level": "INFO", "message": "env env recv reset message", "file": "remote_env_server.py", "line": "282", "module": "env", "process": "remote_env_server", "function": "run_once", "stack": "", "pid": 115}
{"time": "2026-04-18 12:09:26.923178", "level": "INFO", "message": "env Select map in order: episode=132, map_id=3 from map_list=[1, 2, 3, 4, 5, 6, 7, 8, 9, 10]", "file": "data_handler.py", "line": "148", "module": "env", "process": "data_handler", "function": "handle_usr_conf", "stack": "", "pid": 115}
{"time": "2026-04-18 12:09:34.708309", "level": "INFO", "message": "env data_handler finish success", "file": "data_handler.py", "line": "189", "module": "env", "process": "data_handler", "function": "finish", "stack": "", "pid": 115}
{"time": "2026-04-18 12:09:34.709159", "level": "INFO", "message": "env env run once episode done, process_run_count is 108732", "file": "remote_env_server.py", "line": "298", "module": "env", "process": "remote_env_server", "function": "run_once", "stack": "", "pid": 115}
{"time": "2026-04-18 12:09:34.754944", "level": "INFO", "message": "env env recv reset message", "file": "remote_env_server.py", "line": "282", "module": "env", "process": "remote_env_server", "function": "run_once", "stack": "", "pid": 115}
{"time": "2026-04-18 12:09:34.755741", "level": "INFO", "message": "env Select map in order: episode=133, map_id=4 from map_list=[1, 2, 3, 4, 5, 6, 7, 8, 9, 10]", "file": "data_handler.py", "line": "148", "module": "env", "process": "data_handler", "function": "handle_usr_conf", "stack": "", "pid": 115}
{"time": "2026-04-18 12:09:39.063838", "level": "INFO", "message": "env data_handler finish success", "file": "data_handler.py", "line": "189", "module": "env", "process": "data_handler", "function": "finish", "stack": "", "pid": 115}
{"time": "2026-04-18 12:09:39.064571", "level": "INFO", "message": "env env run once episode done, process_run_count is 109263", "file": "remote_env_server.py", "line": "298", "module": "env", "process": "remote_env_server", "function": "run_once", "stack": "", "pid": 115}
{"time": "2026-04-18 12:09:39.084515", "level": "INFO", "message": "env env recv reset message", "file": "remote_env_server.py", "line": "282", "module": "env", "process": "remote_env_server", "function": "run_once", "stack": "", "pid": 115}
{"time": "2026-04-18 12:09:39.089412", "level": "INFO", "message": "env Select map in order: episode=134, map_id=5 from map_list=[1, 2, 3, 4, 5, 6, 7, 8, 9, 10]", "file": "data_handler.py", "line": "148", "module": "env", "process": "data_handler", "function": "handle_usr_conf", "stack": "", "pid": 115}
{"time": "2026-04-18 12:09:46.880244", "level": "INFO", "message": "env data_handler finish success", "file": "data_handler.py", "line": "189", "module": "env", "process": "data_handler", "function": "finish", "stack": "", "pid": 115}
{"time": "2026-04-18 12:09:46.880870", "level": "INFO", "message": "env env run once episode done, process_run_count is 110264", "file": "remote_env_server.py", "line": "298", "module": "env", "process": "remote_env_server", "function": "run_once", "stack": "", "pid": 115}
{"time": "2026-04-18 12:09:46.927811", "level": "INFO", "message": "env env recv reset message", "file": "remote_env_server.py", "line": "282", "module": "env", "process": "remote_env_server", "function": "run_once", "stack": "", "pid": 115}
{"time": "2026-04-18 12:09:46.928399", "level": "INFO", "message": "env Select map in order: episode=135, map_id=6 from map_list=[1, 2, 3, 4, 5, 6, 7, 8, 9, 10]", "file": "data_handler.py", "line": "148", "module": "env", "process": "data_handler", "function": "handle_usr_conf", "stack": "", "pid": 115}
{"time": "2026-04-18 12:09:48.619975", "level": "INFO", "message": "env data_handler finish success", "file": "data_handler.py", "line": "189", "module": "env", "process": "data_handler", "function": "finish", "stack": "", "pid": 115}
{"time": "2026-04-18 12:09:48.620505", "level": "INFO", "message": "env env run once episode done, process_run_count is 110465", "file": "remote_env_server.py", "line": "298", "module": "env", "process": "remote_env_server", "function": "run_once", "stack": "", "pid": 115}
{"time": "2026-04-18 12:09:48.630423", "level": "INFO", "message": "env env recv reset message", "file": "remote_env_server.py", "line": "282", "module": "env", "process": "remote_env_server", "function": "run_once", "stack": "", "pid": 115}
{"time": "2026-04-18 12:09:48.631176", "level": "INFO", "message": "env Select map in order: episode=136, map_id=7 from map_list=[1, 2, 3, 4, 5, 6, 7, 8, 9, 10]", "file": "data_handler.py", "line": "148", "module": "env", "process": "data_handler", "function": "handle_usr_conf", "stack": "", "pid": 115}
{"time": "2026-04-18 12:09:55.203793", "level": "INFO", "message": "env finish monitor_data is {'total_score': 853, 'clean_score': 853, 'total_map': 10, 'map_random': 0, 'map_code': 7, 'max_steps': 1000, 'finished_steps': 1000, 'total_charger': 4, 'charge_count': 10, 'remaining_charge': 128}", "file": "monitor_helper.py", "line": "95", "module": "env", "process": "monitor_helper", "function": "finish", "stack": "", "pid": 115}
{"time": "2026-04-18 12:09:55.207296", "level": "INFO", "message": "env data_handler finish success", "file": "data_handler.py", "line": "189", "module": "env", "process": "data_handler", "function": "finish", "stack": "", "pid": 115}
{"time": "2026-04-18 12:09:55.207874", "level": "INFO", "message": "env env run once episode done, process_run_count is 111466", "file": "remote_env_server.py", "line": "298", "module": "env", "process": "remote_env_server", "function": "run_once", "stack": "", "pid": 115}
{"time": "2026-04-18 12:09:55.253307", "level": "INFO", "message": "env env recv reset message", "file": "remote_env_server.py", "line": "282", "module": "env", "process": "remote_env_server", "function": "run_once", "stack": "", "pid": 115}
{"time": "2026-04-18 12:09:55.254007", "level": "INFO", "message": "env Select map in order: episode=137, map_id=8 from map_list=[1, 2, 3, 4, 5, 6, 7, 8, 9, 10]", "file": "data_handler.py", "line": "148", "module": "env", "process": "data_handler", "function": "handle_usr_conf", "stack": "", "pid": 115}
{"time": "2026-04-18 12:09:57.508200", "level": "INFO", "message": "env data_handler finish success", "file": "data_handler.py", "line": "189", "module": "env", "process": "data_handler", "function": "finish", "stack": "", "pid": 115}
{"time": "2026-04-18 12:09:57.508749", "level": "INFO", "message": "env env run once episode done, process_run_count is 111748", "file": "remote_env_server.py", "line": "298", "module": "env", "process": "remote_env_server", "function": "run_once", "stack": "", "pid": 115}
{"time": "2026-04-18 12:09:57.521116", "level": "INFO", "message": "env env recv reset message", "file": "remote_env_server.py", "line": "282", "module": "env", "process": "remote_env_server", "function": "run_once", "stack": "", "pid": 115}
{"time": "2026-04-18 12:09:57.521800", "level": "INFO", "message": "env Select map in order: episode=138, map_id=9 from map_list=[1, 2, 3, 4, 5, 6, 7, 8, 9, 10]", "file": "data_handler.py", "line": "148", "module": "env", "process": "data_handler", "function": "handle_usr_conf", "stack": "", "pid": 115}
{"time": "2026-04-18 12:10:00.433182", "level": "INFO", "message": "env data_handler finish success", "file": "data_handler.py", "line": "189", "module": "env", "process": "data_handler", "function": "finish", "stack": "", "pid": 115}
{"time": "2026-04-18 12:10:00.437694", "level": "INFO", "message": "env env run once episode done, process_run_count is 112108", "file": "remote_env_server.py", "line": "298", "module": "env", "process": "remote_env_server", "function": "run_once", "stack": "", "pid": 115}
{"time": "2026-04-18 12:10:00.453413", "level": "INFO", "message": "env env recv reset message", "file": "remote_env_server.py", "line": "282", "module": "env", "process": "remote_env_server", "function": "run_once", "stack": "", "pid": 115}
{"time": "2026-04-18 12:10:00.454296", "level": "INFO", "message": "env Select map in order: episode=139, map_id=10 from map_list=[1, 2, 3, 4, 5, 6, 7, 8, 9, 10]", "file": "data_handler.py", "line": "148", "module": "env", "process": "data_handler", "function": "handle_usr_conf", "stack": "", "pid": 115}
{"time": "2026-04-18 12:10:06.872846", "level": "INFO", "message": "env data_handler finish success", "file": "data_handler.py", "line": "189", "module": "env", "process": "data_handler", "function": "finish", "stack": "", "pid": 115}
{"time": "2026-04-18 12:10:06.873554", "level": "INFO", "message": "env env run once episode done, process_run_count is 112923", "file": "remote_env_server.py", "line": "298", "module": "env", "process": "remote_env_server", "function": "run_once", "stack": "", "pid": 115}
{"time": "2026-04-18 12:10:06.914914", "level": "INFO", "message": "env env recv reset message", "file": "remote_env_server.py", "line": "282", "module": "env", "process": "remote_env_server", "function": "run_once", "stack": "", "pid": 115}
{"time": "2026-04-18 12:10:06.915726", "level": "INFO", "message": "env Select map in order: episode=140, map_id=1 from map_list=[1, 2, 3, 4, 5, 6, 7, 8, 9, 10]", "file": "data_handler.py", "line": "148", "module": "env", "process": "data_handler", "function": "handle_usr_conf", "stack": "", "pid": 115}
{"time": "2026-04-18 12:10:14.934481", "level": "INFO", "message": "env data_handler finish success", "file": "data_handler.py", "line": "189", "module": "env", "process": "data_handler", "function": "finish", "stack": "", "pid": 115}
{"time": "2026-04-18 12:10:14.935115", "level": "INFO", "message": "env env run once episode done, process_run_count is 113924", "file": "remote_env_server.py", "line": "298", "module": "env", "process": "remote_env_server", "function": "run_once", "stack": "", "pid": 115}
{"time": "2026-04-18 12:10:14.984196", "level": "INFO", "message": "env env recv reset message", "file": "remote_env_server.py", "line": "282", "module": "env", "process": "remote_env_server", "function": "run_once", "stack": "", "pid": 115}
{"time": "2026-04-18 12:10:14.985058", "level": "INFO", "message": "env Select map in order: episode=141, map_id=2 from map_list=[1, 2, 3, 4, 5, 6, 7, 8, 9, 10]", "file": "data_handler.py", "line": "148", "module": "env", "process": "data_handler", "function": "handle_usr_conf", "stack": "", "pid": 115}
{"time": "2026-04-18 12:10:21.795215", "level": "INFO", "message": "env data_handler finish success", "file": "data_handler.py", "line": "189", "module": "env", "process": "data_handler", "function": "finish", "stack": "", "pid": 115}
{"time": "2026-04-18 12:10:21.795789", "level": "INFO", "message": "env env run once episode done, process_run_count is 114925", "file": "remote_env_server.py", "line": "298", "module": "env", "process": "remote_env_server", "function": "run_once", "stack": "", "pid": 115}
{"time": "2026-04-18 12:10:21.848986", "level": "INFO", "message": "env env recv reset message", "file": "remote_env_server.py", "line": "282", "module": "env", "process": "remote_env_server", "function": "run_once", "stack": "", "pid": 115}
{"time": "2026-04-18 12:10:21.849768", "level": "INFO", "message": "env Select map in order: episode=142, map_id=3 from map_list=[1, 2, 3, 4, 5, 6, 7, 8, 9, 10]", "file": "data_handler.py", "line": "148", "module": "env", "process": "data_handler", "function": "handle_usr_conf", "stack": "", "pid": 115}
{"time": "2026-04-18 12:10:26.563093", "level": "INFO", "message": "env data_handler finish success", "file": "data_handler.py", "line": "189", "module": "env", "process": "data_handler", "function": "finish", "stack": "", "pid": 115}
{"time": "2026-04-18 12:10:26.563780", "level": "INFO", "message": "env env run once episode done, process_run_count is 115521", "file": "remote_env_server.py", "line": "298", "module": "env", "process": "remote_env_server", "function": "run_once", "stack": "", "pid": 115}
{"time": "2026-04-18 12:10:26.591971", "level": "INFO", "message": "env env recv reset message", "file": "remote_env_server.py", "line": "282", "module": "env", "process": "remote_env_server", "function": "run_once", "stack": "", "pid": 115}
{"time": "2026-04-18 12:10:26.592691", "level": "INFO", "message": "env Select map in order: episode=143, map_id=4 from map_list=[1, 2, 3, 4, 5, 6, 7, 8, 9, 10]", "file": "data_handler.py", "line": "148", "module": "env", "process": "data_handler", "function": "handle_usr_conf", "stack": "", "pid": 115}
{"time": "2026-04-18 12:10:27.551910", "level": "INFO", "message": "env data_handler finish success", "file": "data_handler.py", "line": "189", "module": "env", "process": "data_handler", "function": "finish", "stack": "", "pid": 115}
{"time": "2026-04-18 12:10:27.552417", "level": "INFO", "message": "env env run once episode done, process_run_count is 115626", "file": "remote_env_server.py", "line": "298", "module": "env", "process": "remote_env_server", "function": "run_once", "stack": "", "pid": 115}
{"time": "2026-04-18 12:10:27.558237", "level": "INFO", "message": "env env recv reset message", "file": "remote_env_server.py", "line": "282", "module": "env", "process": "remote_env_server", "function": "run_once", "stack": "", "pid": 115}
{"time": "2026-04-18 12:10:27.558909", "level": "INFO", "message": "env Select map in order: episode=144, map_id=5 from map_list=[1, 2, 3, 4, 5, 6, 7, 8, 9, 10]", "file": "data_handler.py", "line": "148", "module": "env", "process": "data_handler", "function": "handle_usr_conf", "stack": "", "pid": 115}
{"time": "2026-04-18 12:10:34.890262", "level": "INFO", "message": "env data_handler finish success", "file": "data_handler.py", "line": "189", "module": "env", "process": "data_handler", "function": "finish", "stack": "", "pid": 115}
{"time": "2026-04-18 12:10:34.891021", "level": "INFO", "message": "env env run once episode done, process_run_count is 116578", "file": "remote_env_server.py", "line": "298", "module": "env", "process": "remote_env_server", "function": "run_once", "stack": "", "pid": 115}
{"time": "2026-04-18 12:10:34.935844", "level": "INFO", "message": "env env recv reset message", "file": "remote_env_server.py", "line": "282", "module": "env", "process": "remote_env_server", "function": "run_once", "stack": "", "pid": 115}
{"time": "2026-04-18 12:10:34.936843", "level": "INFO", "message": "env Select map in order: episode=145, map_id=6 from map_list=[1, 2, 3, 4, 5, 6, 7, 8, 9, 10]", "file": "data_handler.py", "line": "148", "module": "env", "process": "data_handler", "function": "handle_usr_conf", "stack": "", "pid": 115}
{"time": "2026-04-18 12:10:42.885378", "level": "INFO", "message": "env data_handler finish success", "file": "data_handler.py", "line": "189", "module": "env", "process": "data_handler", "function": "finish", "stack": "", "pid": 115}
{"time": "2026-04-18 12:10:42.886168", "level": "INFO", "message": "env env run once episode done, process_run_count is 117579", "file": "remote_env_server.py", "line": "298", "module": "env", "process": "remote_env_server", "function": "run_once", "stack": "", "pid": 115}
{"time": "2026-04-18 12:10:42.933634", "level": "INFO", "message": "env env recv reset message", "file": "remote_env_server.py", "line": "282", "module": "env", "process": "remote_env_server", "function": "run_once", "stack": "", "pid": 115}
{"time": "2026-04-18 12:10:42.935977", "level": "INFO", "message": "env Select map in order: episode=146, map_id=7 from map_list=[1, 2, 3, 4, 5, 6, 7, 8, 9, 10]", "file": "data_handler.py", "line": "148", "module": "env", "process": "data_handler", "function": "handle_usr_conf", "stack": "", "pid": 115}
{"time": "2026-04-18 12:10:44.725703", "level": "INFO", "message": "env data_handler finish success", "file": "data_handler.py", "line": "189", "module": "env", "process": "data_handler", "function": "finish", "stack": "", "pid": 115}
{"time": "2026-04-18 12:10:44.726324", "level": "INFO", "message": "env env run once episode done, process_run_count is 117780", "file": "remote_env_server.py", "line": "298", "module": "env", "process": "remote_env_server", "function": "run_once", "stack": "", "pid": 115}
{"time": "2026-04-18 12:10:44.740138", "level": "INFO", "message": "env env recv reset message", "file": "remote_env_server.py", "line": "282", "module": "env", "process": "remote_env_server", "function": "run_once", "stack": "", "pid": 115}
{"time": "2026-04-18 12:10:44.740920", "level": "INFO", "message": "env Select map in order: episode=147, map_id=8 from map_list=[1, 2, 3, 4, 5, 6, 7, 8, 9, 10]", "file": "data_handler.py", "line": "148", "module": "env", "process": "data_handler", "function": "handle_usr_conf", "stack": "", "pid": 115}
{"time": "2026-04-18 12:10:49.681415", "level": "INFO", "message": "env data_handler finish success", "file": "data_handler.py", "line": "189", "module": "env", "process": "data_handler", "function": "finish", "stack": "", "pid": 115}
{"time": "2026-04-18 12:10:49.682113", "level": "INFO", "message": "env env run once episode done, process_run_count is 118522", "file": "remote_env_server.py", "line": "298", "module": "env", "process": "remote_env_server", "function": "run_once", "stack": "", "pid": 115}
{"time": "2026-04-18 12:10:49.711762", "level": "INFO", "message": "env env recv reset message", "file": "remote_env_server.py", "line": "282", "module": "env", "process": "remote_env_server", "function": "run_once", "stack": "", "pid": 115}
{"time": "2026-04-18 12:10:49.712516", "level": "INFO", "message": "env Select map in order: episode=148, map_id=9 from map_list=[1, 2, 3, 4, 5, 6, 7, 8, 9, 10]", "file": "data_handler.py", "line": "148", "module": "env", "process": "data_handler", "function": "handle_usr_conf", "stack": "", "pid": 115}
{"time": "2026-04-18 12:10:57.493752", "level": "INFO", "message": "env finish monitor_data is {'total_score': 893, 'clean_score': 893, 'total_map': 10, 'map_random': 0, 'map_code': 9, 'max_steps': 1000, 'finished_steps': 1000, 'total_charger': 4, 'charge_count': 10, 'remaining_charge': 122}", "file": "monitor_helper.py", "line": "95", "module": "env", "process": "monitor_helper", "function": "finish", "stack": "", "pid": 115}
{"time": "2026-04-18 12:10:57.494631", "level": "INFO", "message": "env data_handler finish success", "file": "data_handler.py", "line": "189", "module": "env", "process": "data_handler", "function": "finish", "stack": "", "pid": 115}
{"time": "2026-04-18 12:10:57.495207", "level": "INFO", "message": "env env run once episode done, process_run_count is 119523", "file": "remote_env_server.py", "line": "298", "module": "env", "process": "remote_env_server", "function": "run_once", "stack": "", "pid": 115}
{"time": "2026-04-18 12:10:57.539004", "level": "INFO", "message": "env env recv reset message", "file": "remote_env_server.py", "line": "282", "module": "env", "process": "remote_env_server", "function": "run_once", "stack": "", "pid": 115}
{"time": "2026-04-18 12:10:57.539922", "level": "INFO", "message": "env Select map in order: episode=149, map_id=10 from map_list=[1, 2, 3, 4, 5, 6, 7, 8, 9, 10]", "file": "data_handler.py", "line": "148", "module": "env", "process": "data_handler", "function": "handle_usr_conf", "stack": "", "pid": 115}
{"time": "2026-04-18 12:11:05.325620", "level": "INFO", "message": "env data_handler finish success", "file": "data_handler.py", "line": "189", "module": "env", "process": "data_handler", "function": "finish", "stack": "", "pid": 115}
{"time": "2026-04-18 12:11:05.330409", "level": "INFO", "message": "env env run once episode done, process_run_count is 120524", "file": "remote_env_server.py", "line": "298", "module": "env", "process": "remote_env_server", "function": "run_once", "stack": "", "pid": 115}
{"time": "2026-04-18 12:11:05.376459", "level": "INFO", "message": "env env recv reset message", "file": "remote_env_server.py", "line": "282", "module": "env", "process": "remote_env_server", "function": "run_once", "stack": "", "pid": 115}
{"time": "2026-04-18 12:11:05.377205", "level": "INFO", "message": "env Select map in order: episode=150, map_id=1 from map_list=[1, 2, 3, 4, 5, 6, 7, 8, 9, 10]", "file": "data_handler.py", "line": "148", "module": "env", "process": "data_handler", "function": "handle_usr_conf", "stack": "", "pid": 115}
{"time": "2026-04-18 12:11:06.012134", "level": "INFO", "message": "env data_handler finish success", "file": "data_handler.py", "line": "189", "module": "env", "process": "data_handler", "function": "finish", "stack": "", "pid": 115}
{"time": "2026-04-18 12:11:06.012696", "level": "INFO", "message": "env env run once episode done, process_run_count is 120587", "file": "remote_env_server.py", "line": "298", "module": "env", "process": "remote_env_server", "function": "run_once", "stack": "", "pid": 115}
{"time": "2026-04-18 12:11:06.016996", "level": "INFO", "message": "env env recv reset message", "file": "remote_env_server.py", "line": "282", "module": "env", "process": "remote_env_server", "function": "run_once", "stack": "", "pid": 115}
{"time": "2026-04-18 12:11:06.017686", "level": "INFO", "message": "env Select map in order: episode=151, map_id=2 from map_list=[1, 2, 3, 4, 5, 6, 7, 8, 9, 10]", "file": "data_handler.py", "line": "148", "module": "env", "process": "data_handler", "function": "handle_usr_conf", "stack": "", "pid": 115}
{"time": "2026-04-18 12:11:13.703655", "level": "INFO", "message": "env data_handler finish success", "file": "data_handler.py", "line": "189", "module": "env", "process": "data_handler", "function": "finish", "stack": "", "pid": 115}
{"time": "2026-04-18 12:11:13.704431", "level": "INFO", "message": "env env run once episode done, process_run_count is 121588", "file": "remote_env_server.py", "line": "298", "module": "env", "process": "remote_env_server", "function": "run_once", "stack": "", "pid": 115}
{"time": "2026-04-18 12:11:13.748215", "level": "INFO", "message": "env env recv reset message", "file": "remote_env_server.py", "line": "282", "module": "env", "process": "remote_env_server", "function": "run_once", "stack": "", "pid": 115}
{"time": "2026-04-18 12:11:13.748918", "level": "INFO", "message": "env Select map in order: episode=152, map_id=3 from map_list=[1, 2, 3, 4, 5, 6, 7, 8, 9, 10]", "file": "data_handler.py", "line": "148", "module": "env", "process": "data_handler", "function": "handle_usr_conf", "stack": "", "pid": 115}
{"time": "2026-04-18 12:11:20.436984", "level": "INFO", "message": "env data_handler finish success", "file": "data_handler.py", "line": "189", "module": "env", "process": "data_handler", "function": "finish", "stack": "", "pid": 115}
{"time": "2026-04-18 12:11:20.437664", "level": "INFO", "message": "env env run once episode done, process_run_count is 122589", "file": "remote_env_server.py", "line": "298", "module": "env", "process": "remote_env_server", "function": "run_once", "stack": "", "pid": 115}
{"time": "2026-04-18 12:11:20.487484", "level": "INFO", "message": "env env recv reset message", "file": "remote_env_server.py", "line": "282", "module": "env", "process": "remote_env_server", "function": "run_once", "stack": "", "pid": 115}
{"time": "2026-04-18 12:11:20.488503", "level": "INFO", "message": "env Select map in order: episode=153, map_id=4 from map_list=[1, 2, 3, 4, 5, 6, 7, 8, 9, 10]", "file": "data_handler.py", "line": "148", "module": "env", "process": "data_handler", "function": "handle_usr_conf", "stack": "", "pid": 115}
{"time": "2026-04-18 12:11:28.309239", "level": "INFO", "message": "env data_handler finish success", "file": "data_handler.py", "line": "189", "module": "env", "process": "data_handler", "function": "finish", "stack": "", "pid": 115}
{"time": "2026-04-18 12:11:28.309939", "level": "INFO", "message": "env env run once episode done, process_run_count is 123590", "file": "remote_env_server.py", "line": "298", "module": "env", "process": "remote_env_server", "function": "run_once", "stack": "", "pid": 115}
{"time": "2026-04-18 12:11:28.359090", "level": "INFO", "message": "env env recv reset message", "file": "remote_env_server.py", "line": "282", "module": "env", "process": "remote_env_server", "function": "run_once", "stack": "", "pid": 115}
{"time": "2026-04-18 12:11:28.360023", "level": "INFO", "message": "env Select map in order: episode=154, map_id=5 from map_list=[1, 2, 3, 4, 5, 6, 7, 8, 9, 10]", "file": "data_handler.py", "line": "148", "module": "env", "process": "data_handler", "function": "handle_usr_conf", "stack": "", "pid": 115}
{"time": "2026-04-18 12:11:36.215600", "level": "INFO", "message": "env data_handler finish success", "file": "data_handler.py", "line": "189", "module": "env", "process": "data_handler", "function": "finish", "stack": "", "pid": 115}
{"time": "2026-04-18 12:11:36.217702", "level": "INFO", "message": "env env run once episode done, process_run_count is 124591", "file": "remote_env_server.py", "line": "298", "module": "env", "process": "remote_env_server", "function": "run_once", "stack": "", "pid": 115}
{"time": "2026-04-18 12:11:36.266693", "level": "INFO", "message": "env env recv reset message", "file": "remote_env_server.py", "line": "282", "module": "env", "process": "remote_env_server", "function": "run_once", "stack": "", "pid": 115}
{"time": "2026-04-18 12:11:36.268026", "level": "INFO", "message": "env Select map in order: episode=155, map_id=6 from map_list=[1, 2, 3, 4, 5, 6, 7, 8, 9, 10]", "file": "data_handler.py", "line": "148", "module": "env", "process": "data_handler", "function": "handle_usr_conf", "stack": "", "pid": 115}
{"time": "2026-04-18 12:11:43.880666", "level": "INFO", "message": "env data_handler finish success", "file": "data_handler.py", "line": "189", "module": "env", "process": "data_handler", "function": "finish", "stack": "", "pid": 115}
{"time": "2026-04-18 12:11:43.881326", "level": "INFO", "message": "env env run once episode done, process_run_count is 125592", "file": "remote_env_server.py", "line": "298", "module": "env", "process": "remote_env_server", "function": "run_once", "stack": "", "pid": 115}
{"time": "2026-04-18 12:11:43.931585", "level": "INFO", "message": "env env recv reset message", "file": "remote_env_server.py", "line": "282", "module": "env", "process": "remote_env_server", "function": "run_once", "stack": "", "pid": 115}
{"time": "2026-04-18 12:11:43.932250", "level": "INFO", "message": "env Select map in order: episode=156, map_id=7 from map_list=[1, 2, 3, 4, 5, 6, 7, 8, 9, 10]", "file": "data_handler.py", "line": "148", "module": "env", "process": "data_handler", "function": "handle_usr_conf", "stack": "", "pid": 115}
{"time": "2026-04-18 12:11:49.497888", "level": "INFO", "message": "env data_handler finish success", "file": "data_handler.py", "line": "189", "module": "env", "process": "data_handler", "function": "finish", "stack": "", "pid": 115}
{"time": "2026-04-18 12:11:49.498644", "level": "INFO", "message": "env env run once episode done, process_run_count is 126467", "file": "remote_env_server.py", "line": "298", "module": "env", "process": "remote_env_server", "function": "run_once", "stack": "", "pid": 115}
{"time": "2026-04-18 12:11:49.534386", "level": "INFO", "message": "env env recv reset message", "file": "remote_env_server.py", "line": "282", "module": "env", "process": "remote_env_server", "function": "run_once", "stack": "", "pid": 115}
{"time": "2026-04-18 12:11:49.535197", "level": "INFO", "message": "env Select map in order: episode=157, map_id=8 from map_list=[1, 2, 3, 4, 5, 6, 7, 8, 9, 10]", "file": "data_handler.py", "line": "148", "module": "env", "process": "data_handler", "function": "handle_usr_conf", "stack": "", "pid": 115}
{"time": "2026-04-18 12:11:56.699245", "level": "INFO", "message": "env data_handler finish success", "file": "data_handler.py", "line": "189", "module": "env", "process": "data_handler", "function": "finish", "stack": "", "pid": 115}
{"time": "2026-04-18 12:11:56.699750", "level": "INFO", "message": "env env run once episode done, process_run_count is 127449", "file": "remote_env_server.py", "line": "298", "module": "env", "process": "remote_env_server", "function": "run_once", "stack": "", "pid": 115}
{"time": "2026-04-18 12:11:56.745797", "level": "INFO", "message": "env env recv reset message", "file": "remote_env_server.py", "line": "282", "module": "env", "process": "remote_env_server", "function": "run_once", "stack": "", "pid": 115}
{"time": "2026-04-18 12:11:56.746527", "level": "INFO", "message": "env Select map in order: episode=158, map_id=9 from map_list=[1, 2, 3, 4, 5, 6, 7, 8, 9, 10]", "file": "data_handler.py", "line": "148", "module": "env", "process": "data_handler", "function": "handle_usr_conf", "stack": "", "pid": 115}
{"time": "2026-04-18 12:12:04.171471", "level": "INFO", "message": "env finish monitor_data is {'total_score': 885, 'clean_score': 885, 'total_map': 10, 'map_random': 0, 'map_code': 9, 'max_steps': 1000, 'finished_steps': 1000, 'total_charger': 4, 'charge_count': 8, 'remaining_charge': 191}", "file": "monitor_helper.py", "line": "95", "module": "env", "process": "monitor_helper", "function": "finish", "stack": "", "pid": 115}
{"time": "2026-04-18 12:12:04.172155", "level": "INFO", "message": "env data_handler finish success", "file": "data_handler.py", "line": "189", "module": "env", "process": "data_handler", "function": "finish", "stack": "", "pid": 115}
{"time": "2026-04-18 12:12:04.172679", "level": "INFO", "message": "env env run once episode done, process_run_count is 128450", "file": "remote_env_server.py", "line": "298", "module": "env", "process": "remote_env_server", "function": "run_once", "stack": "", "pid": 115}
{"time": "2026-04-18 12:12:04.225363", "level": "INFO", "message": "env env recv reset message", "file": "remote_env_server.py", "line": "282", "module": "env", "process": "remote_env_server", "function": "run_once", "stack": "", "pid": 115}
{"time": "2026-04-18 12:12:04.226261", "level": "INFO", "message": "env Select map in order: episode=159, map_id=10 from map_list=[1, 2, 3, 4, 5, 6, 7, 8, 9, 10]", "file": "data_handler.py", "line": "148", "module": "env", "process": "data_handler", "function": "handle_usr_conf", "stack": "", "pid": 115}
{"time": "2026-04-18 12:12:11.693792", "level": "INFO", "message": "env data_handler finish success", "file": "data_handler.py", "line": "189", "module": "env", "process": "data_handler", "function": "finish", "stack": "", "pid": 115}
{"time": "2026-04-18 12:12:11.694468", "level": "INFO", "message": "env env run once episode done, process_run_count is 129450", "file": "remote_env_server.py", "line": "298", "module": "env", "process": "remote_env_server", "function": "run_once", "stack": "", "pid": 115}
{"time": "2026-04-18 12:12:11.752888", "level": "INFO", "message": "env env recv reset message", "file": "remote_env_server.py", "line": "282", "module": "env", "process": "remote_env_server", "function": "run_once", "stack": "", "pid": 115}
{"time": "2026-04-18 12:12:11.753658", "level": "INFO", "message": "env Select map in order: episode=160, map_id=1 from map_list=[1, 2, 3, 4, 5, 6, 7, 8, 9, 10]", "file": "data_handler.py", "line": "148", "module": "env", "process": "data_handler", "function": "handle_usr_conf", "stack": "", "pid": 115}
{"time": "2026-04-18 12:12:18.136883", "level": "INFO", "message": "env data_handler finish success", "file": "data_handler.py", "line": "189", "module": "env", "process": "data_handler", "function": "finish", "stack": "", "pid": 115}
{"time": "2026-04-18 12:12:18.137522", "level": "INFO", "message": "env env run once episode done, process_run_count is 130451", "file": "remote_env_server.py", "line": "298", "module": "env", "process": "remote_env_server", "function": "run_once", "stack": "", "pid": 115}
{"time": "2026-04-18 12:12:18.178154", "level": "INFO", "message": "env env recv reset message", "file": "remote_env_server.py", "line": "282", "module": "env", "process": "remote_env_server", "function": "run_once", "stack": "", "pid": 115}
{"time": "2026-04-18 12:12:18.178875", "level": "INFO", "message": "env Select map in order: episode=161, map_id=2 from map_list=[1, 2, 3, 4, 5, 6, 7, 8, 9, 10]", "file": "data_handler.py", "line": "148", "module": "env", "process": "data_handler", "function": "handle_usr_conf", "stack": "", "pid": 115}
{"time": "2026-04-18 12:12:19.538965", "level": "INFO", "message": "env data_handler finish success", "file": "data_handler.py", "line": "189", "module": "env", "process": "data_handler", "function": "finish", "stack": "", "pid": 115}
{"time": "2026-04-18 12:12:19.541434", "level": "INFO", "message": "env env run once episode done, process_run_count is 130617", "file": "remote_env_server.py", "line": "298", "module": "env", "process": "remote_env_server", "function": "run_once", "stack": "", "pid": 115}
{"time": "2026-04-18 12:12:19.547058", "level": "INFO", "message": "env env recv reset message", "file": "remote_env_server.py", "line": "282", "module": "env", "process": "remote_env_server", "function": "run_once", "stack": "", "pid": 115}
{"time": "2026-04-18 12:12:19.547779", "level": "INFO", "message": "env Select map in order: episode=162, map_id=3 from map_list=[1, 2, 3, 4, 5, 6, 7, 8, 9, 10]", "file": "data_handler.py", "line": "148", "module": "env", "process": "data_handler", "function": "handle_usr_conf", "stack": "", "pid": 115}
{"time": "2026-04-18 12:12:26.903927", "level": "INFO", "message": "env data_handler finish success", "file": "data_handler.py", "line": "189", "module": "env", "process": "data_handler", "function": "finish", "stack": "", "pid": 115}
{"time": "2026-04-18 12:12:26.904654", "level": "INFO", "message": "env env run once episode done, process_run_count is 131618", "file": "remote_env_server.py", "line": "298", "module": "env", "process": "remote_env_server", "function": "run_once", "stack": "", "pid": 115}
{"time": "2026-04-18 12:12:26.948682", "level": "INFO", "message": "env env recv reset message", "file": "remote_env_server.py", "line": "282", "module": "env", "process": "remote_env_server", "function": "run_once", "stack": "", "pid": 115}
{"time": "2026-04-18 12:12:26.949395", "level": "INFO", "message": "env Select map in order: episode=163, map_id=4 from map_list=[1, 2, 3, 4, 5, 6, 7, 8, 9, 10]", "file": "data_handler.py", "line": "148", "module": "env", "process": "data_handler", "function": "handle_usr_conf", "stack": "", "pid": 115}
{"time": "2026-04-18 12:12:34.602815", "level": "INFO", "message": "env data_handler finish success", "file": "data_handler.py", "line": "189", "module": "env", "process": "data_handler", "function": "finish", "stack": "", "pid": 115}
{"time": "2026-04-18 12:12:34.603475", "level": "INFO", "message": "env env run once episode done, process_run_count is 132619", "file": "remote_env_server.py", "line": "298", "module": "env", "process": "remote_env_server", "function": "run_once", "stack": "", "pid": 115}
{"time": "2026-04-18 12:12:34.646481", "level": "INFO", "message": "env env recv reset message", "file": "remote_env_server.py", "line": "282", "module": "env", "process": "remote_env_server", "function": "run_once", "stack": "", "pid": 115}
{"time": "2026-04-18 12:12:34.647005", "level": "INFO", "message": "env Select map in order: episode=164, map_id=5 from map_list=[1, 2, 3, 4, 5, 6, 7, 8, 9, 10]", "file": "data_handler.py", "line": "148", "module": "env", "process": "data_handler", "function": "handle_usr_conf", "stack": "", "pid": 115}
{"time": "2026-04-18 12:12:42.039516", "level": "INFO", "message": "env data_handler finish success", "file": "data_handler.py", "line": "189", "module": "env", "process": "data_handler", "function": "finish", "stack": "", "pid": 115}
{"time": "2026-04-18 12:12:42.040235", "level": "INFO", "message": "env env run once episode done, process_run_count is 133620", "file": "remote_env_server.py", "line": "298", "module": "env", "process": "remote_env_server", "function": "run_once", "stack": "", "pid": 115}
{"time": "2026-04-18 12:12:42.082865", "level": "INFO", "message": "env env recv reset message", "file": "remote_env_server.py", "line": "282", "module": "env", "process": "remote_env_server", "function": "run_once", "stack": "", "pid": 115}
{"time": "2026-04-18 12:12:42.083410", "level": "INFO", "message": "env Select map in order: episode=165, map_id=6 from map_list=[1, 2, 3, 4, 5, 6, 7, 8, 9, 10]", "file": "data_handler.py", "line": "148", "module": "env", "process": "data_handler", "function": "handle_usr_conf", "stack": "", "pid": 115}
{"time": "2026-04-18 12:12:45.166021", "level": "INFO", "message": "env data_handler finish success", "file": "data_handler.py", "line": "189", "module": "env", "process": "data_handler", "function": "finish", "stack": "", "pid": 115}
{"time": "2026-04-18 12:12:45.166617", "level": "INFO", "message": "env env run once episode done, process_run_count is 134159", "file": "remote_env_server.py", "line": "298", "module": "env", "process": "remote_env_server", "function": "run_once", "stack": "", "pid": 115}
{"time": "2026-04-18 12:12:45.200516", "level": "INFO", "message": "env env recv reset message", "file": "remote_env_server.py", "line": "282", "module": "env", "process": "remote_env_server", "function": "run_once", "stack": "", "pid": 115}
{"time": "2026-04-18 12:12:45.201285", "level": "INFO", "message": "env Select map in order: episode=166, map_id=7 from map_list=[1, 2, 3, 4, 5, 6, 7, 8, 9, 10]", "file": "data_handler.py", "line": "148", "module": "env", "process": "data_handler", "function": "handle_usr_conf", "stack": "", "pid": 115}
{"time": "2026-04-18 12:12:52.559830", "level": "INFO", "message": "env data_handler finish success", "file": "data_handler.py", "line": "189", "module": "env", "process": "data_handler", "function": "finish", "stack": "", "pid": 115}
{"time": "2026-04-18 12:12:52.560617", "level": "INFO", "message": "env env run once episode done, process_run_count is 135160", "file": "remote_env_server.py", "line": "298", "module": "env", "process": "remote_env_server", "function": "run_once", "stack": "", "pid": 115}
{"time": "2026-04-18 12:12:52.604944", "level": "INFO", "message": "env env recv reset message", "file": "remote_env_server.py", "line": "282", "module": "env", "process": "remote_env_server", "function": "run_once", "stack": "", "pid": 115}
{"time": "2026-04-18 12:12:52.605649", "level": "INFO", "message": "env Select map in order: episode=167, map_id=8 from map_list=[1, 2, 3, 4, 5, 6, 7, 8, 9, 10]", "file": "data_handler.py", "line": "148", "module": "env", "process": "data_handler", "function": "handle_usr_conf", "stack": "", "pid": 115}
{"time": "2026-04-18 12:13:00.019710", "level": "INFO", "message": "env data_handler finish success", "file": "data_handler.py", "line": "189", "module": "env", "process": "data_handler", "function": "finish", "stack": "", "pid": 115}
{"time": "2026-04-18 12:13:00.020540", "level": "INFO", "message": "env env run once episode done, process_run_count is 136161", "file": "remote_env_server.py", "line": "298", "module": "env", "process": "remote_env_server", "function": "run_once", "stack": "", "pid": 115}
{"time": "2026-04-18 12:13:00.076359", "level": "INFO", "message": "env env recv reset message", "file": "remote_env_server.py", "line": "282", "module": "env", "process": "remote_env_server", "function": "run_once", "stack": "", "pid": 115}
{"time": "2026-04-18 12:13:00.077298", "level": "INFO", "message": "env Select map in order: episode=168, map_id=9 from map_list=[1, 2, 3, 4, 5, 6, 7, 8, 9, 10]", "file": "data_handler.py", "line": "148", "module": "env", "process": "data_handler", "function": "handle_usr_conf", "stack": "", "pid": 115}
{"time": "2026-04-18 12:13:07.554173", "level": "INFO", "message": "env finish monitor_data is {'total_score': 957, 'clean_score': 957, 'total_map': 10, 'map_random': 0, 'map_code': 9, 'max_steps': 1000, 'finished_steps': 1000, 'total_charger': 4, 'charge_count': 8, 'remaining_charge': 114}", "file": "monitor_helper.py", "line": "95", "module": "env", "process": "monitor_helper", "function": "finish", "stack": "", "pid": 115}
{"time": "2026-04-18 12:13:07.554891", "level": "INFO", "message": "env data_handler finish success", "file": "data_handler.py", "line": "189", "module": "env", "process": "data_handler", "function": "finish", "stack": "", "pid": 115}
{"time": "2026-04-18 12:13:07.555485", "level": "INFO", "message": "env env run once episode done, process_run_count is 137162", "file": "remote_env_server.py", "line": "298", "module": "env", "process": "remote_env_server", "function": "run_once", "stack": "", "pid": 115}
{"time": "2026-04-18 12:13:07.606552", "level": "INFO", "message": "env env recv reset message", "file": "remote_env_server.py", "line": "282", "module": "env", "process": "remote_env_server", "function": "run_once", "stack": "", "pid": 115}
{"time": "2026-04-18 12:13:07.607415", "level": "INFO", "message": "env Select map in order: episode=169, map_id=10 from map_list=[1, 2, 3, 4, 5, 6, 7, 8, 9, 10]", "file": "data_handler.py", "line": "148", "module": "env", "process": "data_handler", "function": "handle_usr_conf", "stack": "", "pid": 115}
{"time": "2026-04-18 12:13:14.267315", "level": "INFO", "message": "env data_handler finish success", "file": "data_handler.py", "line": "189", "module": "env", "process": "data_handler", "function": "finish", "stack": "", "pid": 115}
{"time": "2026-04-18 12:13:14.268071", "level": "INFO", "message": "env env run once episode done, process_run_count is 138163", "file": "remote_env_server.py", "line": "298", "module": "env", "process": "remote_env_server", "function": "run_once", "stack": "", "pid": 115}
{"time": "2026-04-18 12:13:14.316631", "level": "INFO", "message": "env env recv reset message", "file": "remote_env_server.py", "line": "282", "module": "env", "process": "remote_env_server", "function": "run_once", "stack": "", "pid": 115}
{"time": "2026-04-18 12:13:14.317258", "level": "INFO", "message": "env Select map in order: episode=170, map_id=1 from map_list=[1, 2, 3, 4, 5, 6, 7, 8, 9, 10]", "file": "data_handler.py", "line": "148", "module": "env", "process": "data_handler", "function": "handle_usr_conf", "stack": "", "pid": 115}
{"time": "2026-04-18 12:13:16.822043", "level": "INFO", "message": "env data_handler finish success", "file": "data_handler.py", "line": "189", "module": "env", "process": "data_handler", "function": "finish", "stack": "", "pid": 115}
{"time": "2026-04-18 12:13:16.822814", "level": "INFO", "message": "env env run once episode done, process_run_count is 138481", "file": "remote_env_server.py", "line": "298", "module": "env", "process": "remote_env_server", "function": "run_once", "stack": "", "pid": 115}
{"time": "2026-04-18 12:13:16.837502", "level": "INFO", "message": "env env recv reset message", "file": "remote_env_server.py", "line": "282", "module": "env", "process": "remote_env_server", "function": "run_once", "stack": "", "pid": 115}
{"time": "2026-04-18 12:13:16.838400", "level": "INFO", "message": "env Select map in order: episode=171, map_id=2 from map_list=[1, 2, 3, 4, 5, 6, 7, 8, 9, 10]", "file": "data_handler.py", "line": "148", "module": "env", "process": "data_handler", "function": "handle_usr_conf", "stack": "", "pid": 115}
{"time": "2026-04-18 12:13:24.336500", "level": "INFO", "message": "env data_handler finish success", "file": "data_handler.py", "line": "189", "module": "env", "process": "data_handler", "function": "finish", "stack": "", "pid": 115}
{"time": "2026-04-18 12:13:24.337184", "level": "INFO", "message": "env env run once episode done, process_run_count is 139482", "file": "remote_env_server.py", "line": "298", "module": "env", "process": "remote_env_server", "function": "run_once", "stack": "", "pid": 115}
{"time": "2026-04-18 12:13:24.378213", "level": "INFO", "message": "env env recv reset message", "file": "remote_env_server.py", "line": "282", "module": "env", "process": "remote_env_server", "function": "run_once", "stack": "", "pid": 115}
{"time": "2026-04-18 12:13:24.379066", "level": "INFO", "message": "env Select map in order: episode=172, map_id=3 from map_list=[1, 2, 3, 4, 5, 6, 7, 8, 9, 10]", "file": "data_handler.py", "line": "148", "module": "env", "process": "data_handler", "function": "handle_usr_conf", "stack": "", "pid": 115}
{"time": "2026-04-18 12:13:31.720427", "level": "INFO", "message": "env data_handler finish success", "file": "data_handler.py", "line": "189", "module": "env", "process": "data_handler", "function": "finish", "stack": "", "pid": 115}
{"time": "2026-04-18 12:13:31.720967", "level": "INFO", "message": "env env run once episode done, process_run_count is 140483", "file": "remote_env_server.py", "line": "298", "module": "env", "process": "remote_env_server", "function": "run_once", "stack": "", "pid": 115}
{"time": "2026-04-18 12:13:31.766451", "level": "INFO", "message": "env env recv reset message", "file": "remote_env_server.py", "line": "282", "module": "env", "process": "remote_env_server", "function": "run_once", "stack": "", "pid": 115}
{"time": "2026-04-18 12:13:31.767067", "level": "INFO", "message": "env Select map in order: episode=173, map_id=4 from map_list=[1, 2, 3, 4, 5, 6, 7, 8, 9, 10]", "file": "data_handler.py", "line": "148", "module": "env", "process": "data_handler", "function": "handle_usr_conf", "stack": "", "pid": 115}
{"time": "2026-04-18 12:13:38.706124", "level": "INFO", "message": "env data_handler finish success", "file": "data_handler.py", "line": "189", "module": "env", "process": "data_handler", "function": "finish", "stack": "", "pid": 115}
{"time": "2026-04-18 12:13:38.706851", "level": "INFO", "message": "env env run once episode done, process_run_count is 141484", "file": "remote_env_server.py", "line": "298", "module": "env", "process": "remote_env_server", "function": "run_once", "stack": "", "pid": 115}
{"time": "2026-04-18 12:13:38.752586", "level": "INFO", "message": "env env recv reset message", "file": "remote_env_server.py", "line": "282", "module": "env", "process": "remote_env_server", "function": "run_once", "stack": "", "pid": 115}
{"time": "2026-04-18 12:13:38.753407", "level": "INFO", "message": "env Select map in order: episode=174, map_id=5 from map_list=[1, 2, 3, 4, 5, 6, 7, 8, 9, 10]", "file": "data_handler.py", "line": "148", "module": "env", "process": "data_handler", "function": "handle_usr_conf", "stack": "", "pid": 115}
{"time": "2026-04-18 12:13:45.065144", "level": "INFO", "message": "env data_handler finish success", "file": "data_handler.py", "line": "189", "module": "env", "process": "data_handler", "function": "finish", "stack": "", "pid": 115}
{"time": "2026-04-18 12:13:45.065804", "level": "INFO", "message": "env env run once episode done, process_run_count is 142485", "file": "remote_env_server.py", "line": "298", "module": "env", "process": "remote_env_server", "function": "run_once", "stack": "", "pid": 115}
{"time": "2026-04-18 12:13:45.119650", "level": "INFO", "message": "env env recv reset message", "file": "remote_env_server.py", "line": "282", "module": "env", "process": "remote_env_server", "function": "run_once", "stack": "", "pid": 115}
{"time": "2026-04-18 12:13:45.120380", "level": "INFO", "message": "env Select map in order: episode=175, map_id=6 from map_list=[1, 2, 3, 4, 5, 6, 7, 8, 9, 10]", "file": "data_handler.py", "line": "148", "module": "env", "process": "data_handler", "function": "handle_usr_conf", "stack": "", "pid": 115}
{"time": "2026-04-18 12:13:49.047731", "level": "INFO", "message": "env data_handler finish success", "file": "data_handler.py", "line": "189", "module": "env", "process": "data_handler", "function": "finish", "stack": "", "pid": 115}
{"time": "2026-04-18 12:13:49.048368", "level": "INFO", "message": "env env run once episode done, process_run_count is 143036", "file": "remote_env_server.py", "line": "298", "module": "env", "process": "remote_env_server", "function": "run_once", "stack": "", "pid": 115}
{"time": "2026-04-18 12:13:49.070640", "level": "INFO", "message": "env env recv reset message", "file": "remote_env_server.py", "line": "282", "module": "env", "process": "remote_env_server", "function": "run_once", "stack": "", "pid": 115}
{"time": "2026-04-18 12:13:49.073186", "level": "INFO", "message": "env Select map in order: episode=176, map_id=7 from map_list=[1, 2, 3, 4, 5, 6, 7, 8, 9, 10]", "file": "data_handler.py", "line": "148", "module": "env", "process": "data_handler", "function": "handle_usr_conf", "stack": "", "pid": 115}
{"time": "2026-04-18 12:13:55.905088", "level": "INFO", "message": "env data_handler finish success", "file": "data_handler.py", "line": "189", "module": "env", "process": "data_handler", "function": "finish", "stack": "", "pid": 115}
{"time": "2026-04-18 12:13:55.905625", "level": "INFO", "message": "env env run once episode done, process_run_count is 144037", "file": "remote_env_server.py", "line": "298", "module": "env", "process": "remote_env_server", "function": "run_once", "stack": "", "pid": 115}
{"time": "2026-04-18 12:13:55.947727", "level": "INFO", "message": "env env recv reset message", "file": "remote_env_server.py", "line": "282", "module": "env", "process": "remote_env_server", "function": "run_once", "stack": "", "pid": 115}
{"time": "2026-04-18 12:13:55.949636", "level": "INFO", "message": "env Select map in order: episode=177, map_id=8 from map_list=[1, 2, 3, 4, 5, 6, 7, 8, 9, 10]", "file": "data_handler.py", "line": "148", "module": "env", "process": "data_handler", "function": "handle_usr_conf", "stack": "", "pid": 115}
{"time": "2026-04-18 12:13:59.601482", "level": "INFO", "message": "env data_handler finish success", "file": "data_handler.py", "line": "189", "module": "env", "process": "data_handler", "function": "finish", "stack": "", "pid": 115}
{"time": "2026-04-18 12:13:59.602015", "level": "INFO", "message": "env env run once episode done, process_run_count is 144551", "file": "remote_env_server.py", "line": "298", "module": "env", "process": "remote_env_server", "function": "run_once", "stack": "", "pid": 115}
{"time": "2026-04-18 12:13:59.629374", "level": "INFO", "message": "env env recv reset message", "file": "remote_env_server.py", "line": "282", "module": "env", "process": "remote_env_server", "function": "run_once", "stack": "", "pid": 115}
{"time": "2026-04-18 12:13:59.631790", "level": "INFO", "message": "env Select map in order: episode=178, map_id=9 from map_list=[1, 2, 3, 4, 5, 6, 7, 8, 9, 10]", "file": "data_handler.py", "line": "148", "module": "env", "process": "data_handler", "function": "handle_usr_conf", "stack": "", "pid": 115}
{"time": "2026-04-18 12:14:01.143631", "level": "INFO", "message": "env data_handler finish success", "file": "data_handler.py", "line": "189", "module": "env", "process": "data_handler", "function": "finish", "stack": "", "pid": 115}
{"time": "2026-04-18 12:14:01.144533", "level": "INFO", "message": "env env run once episode done, process_run_count is 144752", "file": "remote_env_server.py", "line": "298", "module": "env", "process": "remote_env_server", "function": "run_once", "stack": "", "pid": 115}
{"time": "2026-04-18 12:14:01.155418", "level": "INFO", "message": "env env recv reset message", "file": "remote_env_server.py", "line": "282", "module": "env", "process": "remote_env_server", "function": "run_once", "stack": "", "pid": 115}
{"time": "2026-04-18 12:14:01.156426", "level": "INFO", "message": "env Select map in order: episode=179, map_id=10 from map_list=[1, 2, 3, 4, 5, 6, 7, 8, 9, 10]", "file": "data_handler.py", "line": "148", "module": "env", "process": "data_handler", "function": "handle_usr_conf", "stack": "", "pid": 115}
{"time": "2026-04-18 12:14:08.148248", "level": "INFO", "message": "env finish monitor_data is {'total_score': 917, 'clean_score': 917, 'total_map': 10, 'map_random': 0, 'map_code': 10, 'max_steps': 1000, 'finished_steps': 1000, 'total_charger': 4, 'charge_count': 9, 'remaining_charge': 138}", "file": "monitor_helper.py", "line": "95", "module": "env", "process": "monitor_helper", "function": "finish", "stack": "", "pid": 115}
{"time": "2026-04-18 12:14:08.148900", "level": "INFO", "message": "env data_handler finish success", "file": "data_handler.py", "line": "189", "module": "env", "process": "data_handler", "function": "finish", "stack": "", "pid": 115}
{"time": "2026-04-18 12:14:08.153306", "level": "INFO", "message": "env env run once episode done, process_run_count is 145753", "file": "remote_env_server.py", "line": "298", "module": "env", "process": "remote_env_server", "function": "run_once", "stack": "", "pid": 115}
{"time": "2026-04-18 12:14:08.194516", "level": "INFO", "message": "env env recv reset message", "file": "remote_env_server.py", "line": "282", "module": "env", "process": "remote_env_server", "function": "run_once", "stack": "", "pid": 115}
{"time": "2026-04-18 12:14:08.195289", "level": "INFO", "message": "env Select map in order: episode=180, map_id=1 from map_list=[1, 2, 3, 4, 5, 6, 7, 8, 9, 10]", "file": "data_handler.py", "line": "148", "module": "env", "process": "data_handler", "function": "handle_usr_conf", "stack": "", "pid": 115}
{"time": "2026-04-18 12:14:14.092259", "level": "INFO", "message": "env data_handler finish success", "file": "data_handler.py", "line": "189", "module": "env", "process": "data_handler", "function": "finish", "stack": "", "pid": 115}
{"time": "2026-04-18 12:14:14.092974", "level": "INFO", "message": "env env run once episode done, process_run_count is 146754", "file": "remote_env_server.py", "line": "298", "module": "env", "process": "remote_env_server", "function": "run_once", "stack": "", "pid": 115}
{"time": "2026-04-18 12:14:14.131608", "level": "INFO", "message": "env env recv reset message", "file": "remote_env_server.py", "line": "282", "module": "env", "process": "remote_env_server", "function": "run_once", "stack": "", "pid": 115}
{"time": "2026-04-18 12:14:14.132402", "level": "INFO", "message": "env Select map in order: episode=181, map_id=2 from map_list=[1, 2, 3, 4, 5, 6, 7, 8, 9, 10]", "file": "data_handler.py", "line": "148", "module": "env", "process": "data_handler", "function": "handle_usr_conf", "stack": "", "pid": 115}
{"time": "2026-04-18 12:14:15.653602", "level": "INFO", "message": "env data_handler finish success", "file": "data_handler.py", "line": "189", "module": "env", "process": "data_handler", "function": "finish", "stack": "", "pid": 115}
{"time": "2026-04-18 12:14:15.654255", "level": "INFO", "message": "env env run once episode done, process_run_count is 146955", "file": "remote_env_server.py", "line": "298", "module": "env", "process": "remote_env_server", "function": "run_once", "stack": "", "pid": 115}
{"time": "2026-04-18 12:14:15.675178", "level": "INFO", "message": "env env recv reset message", "file": "remote_env_server.py", "line": "282", "module": "env", "process": "remote_env_server", "function": "run_once", "stack": "", "pid": 115}
{"time": "2026-04-18 12:14:15.675856", "level": "INFO", "message": "env Select map in order: episode=182, map_id=3 from map_list=[1, 2, 3, 4, 5, 6, 7, 8, 9, 10]", "file": "data_handler.py", "line": "148", "module": "env", "process": "data_handler", "function": "handle_usr_conf", "stack": "", "pid": 115}
{"time": "2026-04-18 12:14:16.519085", "level": "INFO", "message": "env data_handler finish success", "file": "data_handler.py", "line": "189", "module": "env", "process": "data_handler", "function": "finish", "stack": "", "pid": 115}
{"time": "2026-04-18 12:14:16.519769", "level": "INFO", "message": "env env run once episode done, process_run_count is 147058", "file": "remote_env_server.py", "line": "298", "module": "env", "process": "remote_env_server", "function": "run_once", "stack": "", "pid": 115}
{"time": "2026-04-18 12:14:16.525880", "level": "INFO", "message": "env env recv reset message", "file": "remote_env_server.py", "line": "282", "module": "env", "process": "remote_env_server", "function": "run_once", "stack": "", "pid": 115}
{"time": "2026-04-18 12:14:16.526481", "level": "INFO", "message": "env Select map in order: episode=183, map_id=4 from map_list=[1, 2, 3, 4, 5, 6, 7, 8, 9, 10]", "file": "data_handler.py", "line": "148", "module": "env", "process": "data_handler", "function": "handle_usr_conf", "stack": "", "pid": 115}
{"time": "2026-04-18 12:14:22.523362", "level": "INFO", "message": "env data_handler finish success", "file": "data_handler.py", "line": "189", "module": "env", "process": "data_handler", "function": "finish", "stack": "", "pid": 115}
{"time": "2026-04-18 12:14:22.523826", "level": "INFO", "message": "env env run once episode done, process_run_count is 147910", "file": "remote_env_server.py", "line": "298", "module": "env", "process": "remote_env_server", "function": "run_once", "stack": "", "pid": 115}
{"time": "2026-04-18 12:14:22.558373", "level": "INFO", "message": "env env recv reset message", "file": "remote_env_server.py", "line": "282", "module": "env", "process": "remote_env_server", "function": "run_once", "stack": "", "pid": 115}
{"time": "2026-04-18 12:14:22.559000", "level": "INFO", "message": "env Select map in order: episode=184, map_id=5 from map_list=[1, 2, 3, 4, 5, 6, 7, 8, 9, 10]", "file": "data_handler.py", "line": "148", "module": "env", "process": "data_handler", "function": "handle_usr_conf", "stack": "", "pid": 115}
{"time": "2026-04-18 12:14:29.459388", "level": "INFO", "message": "env data_handler finish success", "file": "data_handler.py", "line": "189", "module": "env", "process": "data_handler", "function": "finish", "stack": "", "pid": 115}
{"time": "2026-04-18 12:14:29.459941", "level": "INFO", "message": "env env run once episode done, process_run_count is 148911", "file": "remote_env_server.py", "line": "298", "module": "env", "process": "remote_env_server", "function": "run_once", "stack": "", "pid": 115}
{"time": "2026-04-18 12:14:29.501411", "level": "INFO", "message": "env env recv reset message", "file": "remote_env_server.py", "line": "282", "module": "env", "process": "remote_env_server", "function": "run_once", "stack": "", "pid": 115}
{"time": "2026-04-18 12:14:29.502201", "level": "INFO", "message": "env Select map in order: episode=185, map_id=6 from map_list=[1, 2, 3, 4, 5, 6, 7, 8, 9, 10]", "file": "data_handler.py", "line": "148", "module": "env", "process": "data_handler", "function": "handle_usr_conf", "stack": "", "pid": 115}
{"time": "2026-04-18 12:14:36.478251", "level": "INFO", "message": "env data_handler finish success", "file": "data_handler.py", "line": "189", "module": "env", "process": "data_handler", "function": "finish", "stack": "", "pid": 115}
{"time": "2026-04-18 12:14:36.478785", "level": "INFO", "message": "env env run once episode done, process_run_count is 149912", "file": "remote_env_server.py", "line": "298", "module": "env", "process": "remote_env_server", "function": "run_once", "stack": "", "pid": 115}
{"time": "2026-04-18 12:14:36.518851", "level": "INFO", "message": "env env recv reset message", "file": "remote_env_server.py", "line": "282", "module": "env", "process": "remote_env_server", "function": "run_once", "stack": "", "pid": 115}
{"time": "2026-04-18 12:14:36.523612", "level": "INFO", "message": "env Select map in order: episode=186, map_id=7 from map_list=[1, 2, 3, 4, 5, 6, 7, 8, 9, 10]", "file": "data_handler.py", "line": "148", "module": "env", "process": "data_handler", "function": "handle_usr_conf", "stack": "", "pid": 115}
{"time": "2026-04-18 12:14:41.401404", "level": "INFO", "message": "env data_handler finish success", "file": "data_handler.py", "line": "189", "module": "env", "process": "data_handler", "function": "finish", "stack": "", "pid": 115}
{"time": "2026-04-18 12:14:41.401890", "level": "INFO", "message": "env env run once episode done, process_run_count is 150788", "file": "remote_env_server.py", "line": "298", "module": "env", "process": "remote_env_server", "function": "run_once", "stack": "", "pid": 115}
{"time": "2026-04-18 12:14:41.438958", "level": "INFO", "message": "env env recv reset message", "file": "remote_env_server.py", "line": "282", "module": "env", "process": "remote_env_server", "function": "run_once", "stack": "", "pid": 115}
{"time": "2026-04-18 12:14:41.440030", "level": "INFO", "message": "env Select map in order: episode=187, map_id=8 from map_list=[1, 2, 3, 4, 5, 6, 7, 8, 9, 10]", "file": "data_handler.py", "line": "148", "module": "env", "process": "data_handler", "function": "handle_usr_conf", "stack": "", "pid": 115}
{"time": "2026-04-18 12:14:47.397703", "level": "INFO", "message": "env data_handler finish success", "file": "data_handler.py", "line": "189", "module": "env", "process": "data_handler", "function": "finish", "stack": "", "pid": 115}
{"time": "2026-04-18 12:14:47.399100", "level": "INFO", "message": "env env run once episode done, process_run_count is 151629", "file": "remote_env_server.py", "line": "298", "module": "env", "process": "remote_env_server", "function": "run_once", "stack": "", "pid": 115}
{"time": "2026-04-18 12:14:47.430154", "level": "INFO", "message": "env env recv reset message", "file": "remote_env_server.py", "line": "282", "module": "env", "process": "remote_env_server", "function": "run_once", "stack": "", "pid": 115}
{"time": "2026-04-18 12:14:47.431205", "level": "INFO", "message": "env Select map in order: episode=188, map_id=9 from map_list=[1, 2, 3, 4, 5, 6, 7, 8, 9, 10]", "file": "data_handler.py", "line": "148", "module": "env", "process": "data_handler", "function": "handle_usr_conf", "stack": "", "pid": 115}
{"time": "2026-04-18 12:14:54.373178", "level": "INFO", "message": "env data_handler finish success", "file": "data_handler.py", "line": "189", "module": "env", "process": "data_handler", "function": "finish", "stack": "", "pid": 115}
{"time": "2026-04-18 12:14:54.373753", "level": "INFO", "message": "env env run once episode done, process_run_count is 152616", "file": "remote_env_server.py", "line": "298", "module": "env", "process": "remote_env_server", "function": "run_once", "stack": "", "pid": 115}
{"time": "2026-04-18 12:14:54.411042", "level": "INFO", "message": "env env recv reset message", "file": "remote_env_server.py", "line": "282", "module": "env", "process": "remote_env_server", "function": "run_once", "stack": "", "pid": 115}
{"time": "2026-04-18 12:14:54.411756", "level": "INFO", "message": "env Select map in order: episode=189, map_id=10 from map_list=[1, 2, 3, 4, 5, 6, 7, 8, 9, 10]", "file": "data_handler.py", "line": "148", "module": "env", "process": "data_handler", "function": "handle_usr_conf", "stack": "", "pid": 115}
{"time": "2026-04-18 12:15:01.317544", "level": "INFO", "message": "env data_handler finish success", "file": "data_handler.py", "line": "189", "module": "env", "process": "data_handler", "function": "finish", "stack": "", "pid": 115}
{"time": "2026-04-18 12:15:01.318089", "level": "INFO", "message": "env env run once episode done, process_run_count is 153617", "file": "remote_env_server.py", "line": "298", "module": "env", "process": "remote_env_server", "function": "run_once", "stack": "", "pid": 115}
{"time": "2026-04-18 12:15:01.358055", "level": "INFO", "message": "env env recv reset message", "file": "remote_env_server.py", "line": "282", "module": "env", "process": "remote_env_server", "function": "run_once", "stack": "", "pid": 115}
{"time": "2026-04-18 12:15:01.358754", "level": "INFO", "message": "env Select map in order: episode=190, map_id=1 from map_list=[1, 2, 3, 4, 5, 6, 7, 8, 9, 10]", "file": "data_handler.py", "line": "148", "module": "env", "process": "data_handler", "function": "handle_usr_conf", "stack": "", "pid": 115}
{"time": "2026-04-18 12:15:04.883319", "level": "INFO", "message": "env data_handler finish success", "file": "data_handler.py", "line": "189", "module": "env", "process": "data_handler", "function": "finish", "stack": "", "pid": 115}
{"time": "2026-04-18 12:15:04.886289", "level": "INFO", "message": "env env run once episode done, process_run_count is 154110", "file": "remote_env_server.py", "line": "298", "module": "env", "process": "remote_env_server", "function": "run_once", "stack": "", "pid": 115}
{"time": "2026-04-18 12:15:04.904290", "level": "INFO", "message": "env env recv reset message", "file": "remote_env_server.py", "line": "282", "module": "env", "process": "remote_env_server", "function": "run_once", "stack": "", "pid": 115}
{"time": "2026-04-18 12:15:04.904889", "level": "INFO", "message": "env Select map in order: episode=191, map_id=2 from map_list=[1, 2, 3, 4, 5, 6, 7, 8, 9, 10]", "file": "data_handler.py", "line": "148", "module": "env", "process": "data_handler", "function": "handle_usr_conf", "stack": "", "pid": 115}
{"time": "2026-04-18 12:15:08.107361", "level": "INFO", "message": "env data_handler finish success", "file": "data_handler.py", "line": "189", "module": "env", "process": "data_handler", "function": "finish", "stack": "", "pid": 115}
{"time": "2026-04-18 12:15:08.107895", "level": "INFO", "message": "env env run once episode done, process_run_count is 154553", "file": "remote_env_server.py", "line": "298", "module": "env", "process": "remote_env_server", "function": "run_once", "stack": "", "pid": 115}
{"time": "2026-04-18 12:15:08.126812", "level": "INFO", "message": "env env recv reset message", "file": "remote_env_server.py", "line": "282", "module": "env", "process": "remote_env_server", "function": "run_once", "stack": "", "pid": 115}
{"time": "2026-04-18 12:15:08.127401", "level": "INFO", "message": "env Select map in order: episode=192, map_id=3 from map_list=[1, 2, 3, 4, 5, 6, 7, 8, 9, 10]", "file": "data_handler.py", "line": "148", "module": "env", "process": "data_handler", "function": "handle_usr_conf", "stack": "", "pid": 115}
{"time": "2026-04-18 12:15:14.397318", "level": "INFO", "message": "env finish monitor_data is {'total_score': 825, 'clean_score': 825, 'total_map': 10, 'map_random': 0, 'map_code': 3, 'max_steps': 1000, 'finished_steps': 1000, 'total_charger': 4, 'charge_count': 11, 'remaining_charge': 162}", "file": "monitor_helper.py", "line": "95", "module": "env", "process": "monitor_helper", "function": "finish", "stack": "", "pid": 115}
{"time": "2026-04-18 12:15:14.398134", "level": "INFO", "message": "env data_handler finish success", "file": "data_handler.py", "line": "189", "module": "env", "process": "data_handler", "function": "finish", "stack": "", "pid": 115}
{"time": "2026-04-18 12:15:14.398679", "level": "INFO", "message": "env env run once episode done, process_run_count is 155554", "file": "remote_env_server.py", "line": "298", "module": "env", "process": "remote_env_server", "function": "run_once", "stack": "", "pid": 115}
{"time": "2026-04-18 12:15:14.437984", "level": "INFO", "message": "env env recv reset message", "file": "remote_env_server.py", "line": "282", "module": "env", "process": "remote_env_server", "function": "run_once", "stack": "", "pid": 115}
{"time": "2026-04-18 12:15:14.438902", "level": "INFO", "message": "env Select map in order: episode=193, map_id=4 from map_list=[1, 2, 3, 4, 5, 6, 7, 8, 9, 10]", "file": "data_handler.py", "line": "148", "module": "env", "process": "data_handler", "function": "handle_usr_conf", "stack": "", "pid": 115}
{"time": "2026-04-18 12:15:20.504243", "level": "INFO", "message": "env data_handler finish success", "file": "data_handler.py", "line": "189", "module": "env", "process": "data_handler", "function": "finish", "stack": "", "pid": 115}
{"time": "2026-04-18 12:15:20.504726", "level": "INFO", "message": "env env run once episode done, process_run_count is 156407", "file": "remote_env_server.py", "line": "298", "module": "env", "process": "remote_env_server", "function": "run_once", "stack": "", "pid": 115}
{"time": "2026-04-18 12:15:20.543138", "level": "INFO", "message": "env env recv reset message", "file": "remote_env_server.py", "line": "282", "module": "env", "process": "remote_env_server", "function": "run_once", "stack": "", "pid": 115}
{"time": "2026-04-18 12:15:20.543812", "level": "INFO", "message": "env Select map in order: episode=194, map_id=5 from map_list=[1, 2, 3, 4, 5, 6, 7, 8, 9, 10]", "file": "data_handler.py", "line": "148", "module": "env", "process": "data_handler", "function": "handle_usr_conf", "stack": "", "pid": 115}
{"time": "2026-04-18 12:15:27.535562", "level": "INFO", "message": "env data_handler finish success", "file": "data_handler.py", "line": "189", "module": "env", "process": "data_handler", "function": "finish", "stack": "", "pid": 115}
{"time": "2026-04-18 12:15:27.536280", "level": "INFO", "message": "env env run once episode done, process_run_count is 157408", "file": "remote_env_server.py", "line": "298", "module": "env", "process": "remote_env_server", "function": "run_once", "stack": "", "pid": 115}
{"time": "2026-04-18 12:15:27.574962", "level": "INFO", "message": "env env recv reset message", "file": "remote_env_server.py", "line": "282", "module": "env", "process": "remote_env_server", "function": "run_once", "stack": "", "pid": 115}
{"time": "2026-04-18 12:15:27.575759", "level": "INFO", "message": "env Select map in order: episode=195, map_id=6 from map_list=[1, 2, 3, 4, 5, 6, 7, 8, 9, 10]", "file": "data_handler.py", "line": "148", "module": "env", "process": "data_handler", "function": "handle_usr_conf", "stack": "", "pid": 115}
{"time": "2026-04-18 12:15:29.114197", "level": "INFO", "message": "env data_handler finish success", "file": "data_handler.py", "line": "189", "module": "env", "process": "data_handler", "function": "finish", "stack": "", "pid": 115}
{"time": "2026-04-18 12:15:29.114739", "level": "INFO", "message": "env env run once episode done, process_run_count is 157609", "file": "remote_env_server.py", "line": "298", "module": "env", "process": "remote_env_server", "function": "run_once", "stack": "", "pid": 115}
{"time": "2026-04-18 12:15:29.125154", "level": "INFO", "message": "env env recv reset message", "file": "remote_env_server.py", "line": "282", "module": "env", "process": "remote_env_server", "function": "run_once", "stack": "", "pid": 115}
{"time": "2026-04-18 12:15:29.125865", "level": "INFO", "message": "env Select map in order: episode=196, map_id=7 from map_list=[1, 2, 3, 4, 5, 6, 7, 8, 9, 10]", "file": "data_handler.py", "line": "148", "module": "env", "process": "data_handler", "function": "handle_usr_conf", "stack": "", "pid": 115}
{"time": "2026-04-18 12:15:33.334591", "level": "INFO", "message": "env data_handler finish success", "file": "data_handler.py", "line": "189", "module": "env", "process": "data_handler", "function": "finish", "stack": "", "pid": 115}
{"time": "2026-04-18 12:15:33.335146", "level": "INFO", "message": "env env run once episode done, process_run_count is 158210", "file": "remote_env_server.py", "line": "298", "module": "env", "process": "remote_env_server", "function": "run_once", "stack": "", "pid": 115}
{"time": "2026-04-18 12:15:33.359240", "level": "INFO", "message": "env env recv reset message", "file": "remote_env_server.py", "line": "282", "module": "env", "process": "remote_env_server", "function": "run_once", "stack": "", "pid": 115}
{"time": "2026-04-18 12:15:33.360057", "level": "INFO", "message": "env Select map in order: episode=197, map_id=8 from map_list=[1, 2, 3, 4, 5, 6, 7, 8, 9, 10]", "file": "data_handler.py", "line": "148", "module": "env", "process": "data_handler", "function": "handle_usr_conf", "stack": "", "pid": 115}
{"time": "2026-04-18 12:15:39.332951", "level": "INFO", "message": "env data_handler finish success", "file": "data_handler.py", "line": "189", "module": "env", "process": "data_handler", "function": "finish", "stack": "", "pid": 115}
{"time": "2026-04-18 12:15:39.333623", "level": "INFO", "message": "env env run once episode done, process_run_count is 159065", "file": "remote_env_server.py", "line": "298", "module": "env", "process": "remote_env_server", "function": "run_once", "stack": "", "pid": 115}
{"time": "2026-04-18 12:15:39.367816", "level": "INFO", "message": "env env recv reset message", "file": "remote_env_server.py", "line": "282", "module": "env", "process": "remote_env_server", "function": "run_once", "stack": "", "pid": 115}
{"time": "2026-04-18 12:15:39.368680", "level": "INFO", "message": "env Select map in order: episode=198, map_id=9 from map_list=[1, 2, 3, 4, 5, 6, 7, 8, 9, 10]", "file": "data_handler.py", "line": "148", "module": "env", "process": "data_handler", "function": "handle_usr_conf", "stack": "", "pid": 115}
{"time": "2026-04-18 12:15:45.301947", "level": "INFO", "message": "env data_handler finish success", "file": "data_handler.py", "line": "189", "module": "env", "process": "data_handler", "function": "finish", "stack": "", "pid": 115}
{"time": "2026-04-18 12:15:45.302563", "level": "INFO", "message": "env env run once episode done, process_run_count is 160066", "file": "remote_env_server.py", "line": "298", "module": "env", "process": "remote_env_server", "function": "run_once", "stack": "", "pid": 115}
{"time": "2026-04-18 12:15:45.340698", "level": "INFO", "message": "env env recv reset message", "file": "remote_env_server.py", "line": "282", "module": "env", "process": "remote_env_server", "function": "run_once", "stack": "", "pid": 115}
{"time": "2026-04-18 12:15:45.341436", "level": "INFO", "message": "env Select map in order: episode=199, map_id=10 from map_list=[1, 2, 3, 4, 5, 6, 7, 8, 9, 10]", "file": "data_handler.py", "line": "148", "module": "env", "process": "data_handler", "function": "handle_usr_conf", "stack": "", "pid": 115}
{"time": "2026-04-18 12:15:52.342316", "level": "INFO", "message": "env data_handler finish success", "file": "data_handler.py", "line": "189", "module": "env", "process": "data_handler", "function": "finish", "stack": "", "pid": 115}
{"time": "2026-04-18 12:15:52.343023", "level": "INFO", "message": "env env run once episode done, process_run_count is 161067", "file": "remote_env_server.py", "line": "298", "module": "env", "process": "remote_env_server", "function": "run_once", "stack": "", "pid": 115}
{"time": "2026-04-18 12:15:52.378914", "level": "INFO", "message": "env env recv reset message", "file": "remote_env_server.py", "line": "282", "module": "env", "process": "remote_env_server", "function": "run_once", "stack": "", "pid": 115}
{"time": "2026-04-18 12:15:52.379786", "level": "INFO", "message": "env Select map in order: episode=200, map_id=1 from map_list=[1, 2, 3, 4, 5, 6, 7, 8, 9, 10]", "file": "data_handler.py", "line": "148", "module": "env", "process": "data_handler", "function": "handle_usr_conf", "stack": "", "pid": 115}
{"time": "2026-04-18 12:15:59.169953", "level": "INFO", "message": "env data_handler finish success", "file": "data_handler.py", "line": "189", "module": "env", "process": "data_handler", "function": "finish", "stack": "", "pid": 115}
{"time": "2026-04-18 12:15:59.170650", "level": "INFO", "message": "env env run once episode done, process_run_count is 162068", "file": "remote_env_server.py", "line": "298", "module": "env", "process": "remote_env_server", "function": "run_once", "stack": "", "pid": 115}
{"time": "2026-04-18 12:15:59.204833", "level": "INFO", "message": "env env recv reset message", "file": "remote_env_server.py", "line": "282", "module": "env", "process": "remote_env_server", "function": "run_once", "stack": "", "pid": 115}
{"time": "2026-04-18 12:15:59.205618", "level": "INFO", "message": "env Select map in order: episode=201, map_id=2 from map_list=[1, 2, 3, 4, 5, 6, 7, 8, 9, 10]", "file": "data_handler.py", "line": "148", "module": "env", "process": "data_handler", "function": "handle_usr_conf", "stack": "", "pid": 115}
{"time": "2026-04-18 12:16:03.382374", "level": "INFO", "message": "env data_handler finish success", "file": "data_handler.py", "line": "189", "module": "env", "process": "data_handler", "function": "finish", "stack": "", "pid": 115}
{"time": "2026-04-18 12:16:03.383126", "level": "INFO", "message": "env env run once episode done, process_run_count is 162707", "file": "remote_env_server.py", "line": "298", "module": "env", "process": "remote_env_server", "function": "run_once", "stack": "", "pid": 115}
{"time": "2026-04-18 12:16:03.405999", "level": "INFO", "message": "env env recv reset message", "file": "remote_env_server.py", "line": "282", "module": "env", "process": "remote_env_server", "function": "run_once", "stack": "", "pid": 115}
{"time": "2026-04-18 12:16:03.406872", "level": "INFO", "message": "env Select map in order: episode=202, map_id=3 from map_list=[1, 2, 3, 4, 5, 6, 7, 8, 9, 10]", "file": "data_handler.py", "line": "148", "module": "env", "process": "data_handler", "function": "handle_usr_conf", "stack": "", "pid": 115}
{"time": "2026-04-18 12:16:08.797696", "level": "INFO", "message": "env data_handler finish success", "file": "data_handler.py", "line": "189", "module": "env", "process": "data_handler", "function": "finish", "stack": "", "pid": 115}
{"time": "2026-04-18 12:16:08.798482", "level": "INFO", "message": "env env run once episode done, process_run_count is 163689", "file": "remote_env_server.py", "line": "298", "module": "env", "process": "remote_env_server", "function": "run_once", "stack": "", "pid": 115}
{"time": "2026-04-18 12:16:08.834026", "level": "INFO", "message": "env env recv reset message", "file": "remote_env_server.py", "line": "282", "module": "env", "process": "remote_env_server", "function": "run_once", "stack": "", "pid": 115}
{"time": "2026-04-18 12:16:08.834849", "level": "INFO", "message": "env Select map in order: episode=203, map_id=4 from map_list=[1, 2, 3, 4, 5, 6, 7, 8, 9, 10]", "file": "data_handler.py", "line": "148", "module": "env", "process": "data_handler", "function": "handle_usr_conf", "stack": "", "pid": 115}
{"time": "2026-04-18 12:16:11.738445", "level": "INFO", "message": "env data_handler finish success", "file": "data_handler.py", "line": "189", "module": "env", "process": "data_handler", "function": "finish", "stack": "", "pid": 115}
{"time": "2026-04-18 12:16:11.739130", "level": "INFO", "message": "env env run once episode done, process_run_count is 164113", "file": "remote_env_server.py", "line": "298", "module": "env", "process": "remote_env_server", "function": "run_once", "stack": "", "pid": 115}
{"time": "2026-04-18 12:16:11.755714", "level": "INFO", "message": "env env recv reset message", "file": "remote_env_server.py", "line": "282", "module": "env", "process": "remote_env_server", "function": "run_once", "stack": "", "pid": 115}
{"time": "2026-04-18 12:16:11.756491", "level": "INFO", "message": "env Select map in order: episode=204, map_id=5 from map_list=[1, 2, 3, 4, 5, 6, 7, 8, 9, 10]", "file": "data_handler.py", "line": "148", "module": "env", "process": "data_handler", "function": "handle_usr_conf", "stack": "", "pid": 115}
{"time": "2026-04-18 12:16:18.189586", "level": "INFO", "message": "env finish monitor_data is {'total_score': 889, 'clean_score': 889, 'total_map': 10, 'map_random': 0, 'map_code': 5, 'max_steps': 1000, 'finished_steps': 1000, 'total_charger': 4, 'charge_count': 8, 'remaining_charge': 94}", "file": "monitor_helper.py", "line": "95", "module": "env", "process": "monitor_helper", "function": "finish", "stack": "", "pid": 115}
{"time": "2026-04-18 12:16:18.190205", "level": "INFO", "message": "env data_handler finish success", "file": "data_handler.py", "line": "189", "module": "env", "process": "data_handler", "function": "finish", "stack": "", "pid": 115}
{"time": "2026-04-18 12:16:18.190886", "level": "INFO", "message": "env env run once episode done, process_run_count is 165114", "file": "remote_env_server.py", "line": "298", "module": "env", "process": "remote_env_server", "function": "run_once", "stack": "", "pid": 115}
{"time": "2026-04-18 12:16:18.229803", "level": "INFO", "message": "env env recv reset message", "file": "remote_env_server.py", "line": "282", "module": "env", "process": "remote_env_server", "function": "run_once", "stack": "", "pid": 115}
{"time": "2026-04-18 12:16:18.230688", "level": "INFO", "message": "env Select map in order: episode=205, map_id=6 from map_list=[1, 2, 3, 4, 5, 6, 7, 8, 9, 10]", "file": "data_handler.py", "line": "148", "module": "env", "process": "data_handler", "function": "handle_usr_conf", "stack": "", "pid": 115}
{"time": "2026-04-18 12:16:24.721293", "level": "INFO", "message": "env data_handler finish success", "file": "data_handler.py", "line": "189", "module": "env", "process": "data_handler", "function": "finish", "stack": "", "pid": 115}
{"time": "2026-04-18 12:16:24.722307", "level": "INFO", "message": "env env run once episode done, process_run_count is 166115", "file": "remote_env_server.py", "line": "298", "module": "env", "process": "remote_env_server", "function": "run_once", "stack": "", "pid": 115}
{"time": "2026-04-18 12:16:24.758228", "level": "INFO", "message": "env env recv reset message", "file": "remote_env_server.py", "line": "282", "module": "env", "process": "remote_env_server", "function": "run_once", "stack": "", "pid": 115}
{"time": "2026-04-18 12:16:24.758907", "level": "INFO", "message": "env Select map in order: episode=206, map_id=7 from map_list=[1, 2, 3, 4, 5, 6, 7, 8, 9, 10]", "file": "data_handler.py", "line": "148", "module": "env", "process": "data_handler", "function": "handle_usr_conf", "stack": "", "pid": 115}
{"time": "2026-04-18 12:16:30.350326", "level": "INFO", "message": "env data_handler finish success", "file": "data_handler.py", "line": "189", "module": "env", "process": "data_handler", "function": "finish", "stack": "", "pid": 115}
{"time": "2026-04-18 12:16:30.351867", "level": "INFO", "message": "env env run once episode done, process_run_count is 166979", "file": "remote_env_server.py", "line": "298", "module": "env", "process": "remote_env_server", "function": "run_once", "stack": "", "pid": 115}
{"time": "2026-04-18 12:16:30.381385", "level": "INFO", "message": "env env recv reset message", "file": "remote_env_server.py", "line": "282", "module": "env", "process": "remote_env_server", "function": "run_once", "stack": "", "pid": 115}
{"time": "2026-04-18 12:16:30.382167", "level": "INFO", "message": "env Select map in order: episode=207, map_id=8 from map_list=[1, 2, 3, 4, 5, 6, 7, 8, 9, 10]", "file": "data_handler.py", "line": "148", "module": "env", "process": "data_handler", "function": "handle_usr_conf", "stack": "", "pid": 115}
{"time": "2026-04-18 12:16:36.977311", "level": "INFO", "message": "env data_handler finish success", "file": "data_handler.py", "line": "189", "module": "env", "process": "data_handler", "function": "finish", "stack": "", "pid": 115}
{"time": "2026-04-18 12:16:36.977959", "level": "INFO", "message": "env env run once episode done, process_run_count is 167980", "file": "remote_env_server.py", "line": "298", "module": "env", "process": "remote_env_server", "function": "run_once", "stack": "", "pid": 115}
{"time": "2026-04-18 12:16:37.017493", "level": "INFO", "message": "env env recv reset message", "file": "remote_env_server.py", "line": "282", "module": "env", "process": "remote_env_server", "function": "run_once", "stack": "", "pid": 115}
{"time": "2026-04-18 12:16:37.018166", "level": "INFO", "message": "env Select map in order: episode=208, map_id=9 from map_list=[1, 2, 3, 4, 5, 6, 7, 8, 9, 10]", "file": "data_handler.py", "line": "148", "module": "env", "process": "data_handler", "function": "handle_usr_conf", "stack": "", "pid": 115}
{"time": "2026-04-18 12:16:38.665634", "level": "INFO", "message": "env data_handler finish success", "file": "data_handler.py", "line": "189", "module": "env", "process": "data_handler", "function": "finish", "stack": "", "pid": 115}
{"time": "2026-04-18 12:16:38.666357", "level": "INFO", "message": "env env run once episode done, process_run_count is 168360", "file": "remote_env_server.py", "line": "298", "module": "env", "process": "remote_env_server", "function": "run_once", "stack": "", "pid": 115}
{"time": "2026-04-18 12:16:38.681755", "level": "INFO", "message": "env env recv reset message", "file": "remote_env_server.py", "line": "282", "module": "env", "process": "remote_env_server", "function": "run_once", "stack": "", "pid": 115}
{"time": "2026-04-18 12:16:38.682591", "level": "INFO", "message": "env Select map in order: episode=209, map_id=10 from map_list=[1, 2, 3, 4, 5, 6, 7, 8, 9, 10]", "file": "data_handler.py", "line": "148", "module": "env", "process": "data_handler", "function": "handle_usr_conf", "stack": "", "pid": 115}
{"time": "2026-04-18 12:16:45.511861", "level": "INFO", "message": "env data_handler finish success", "file": "data_handler.py", "line": "189", "module": "env", "process": "data_handler", "function": "finish", "stack": "", "pid": 115}
{"time": "2026-04-18 12:16:45.512653", "level": "INFO", "message": "env env run once episode done, process_run_count is 169361", "file": "remote_env_server.py", "line": "298", "module": "env", "process": "remote_env_server", "function": "run_once", "stack": "", "pid": 115}
{"time": "2026-04-18 12:16:45.548316", "level": "INFO", "message": "env env recv reset message", "file": "remote_env_server.py", "line": "282", "module": "env", "process": "remote_env_server", "function": "run_once", "stack": "", "pid": 115}
{"time": "2026-04-18 12:16:45.549835", "level": "INFO", "message": "env Select map in order: episode=210, map_id=1 from map_list=[1, 2, 3, 4, 5, 6, 7, 8, 9, 10]", "file": "data_handler.py", "line": "148", "module": "env", "process": "data_handler", "function": "handle_usr_conf", "stack": "", "pid": 115}
{"time": "2026-04-18 12:16:51.817968", "level": "INFO", "message": "env data_handler finish success", "file": "data_handler.py", "line": "189", "module": "env", "process": "data_handler", "function": "finish", "stack": "", "pid": 115}
{"time": "2026-04-18 12:16:51.818557", "level": "INFO", "message": "env env run once episode done, process_run_count is 170310", "file": "remote_env_server.py", "line": "298", "module": "env", "process": "remote_env_server", "function": "run_once", "stack": "", "pid": 115}
{"time": "2026-04-18 12:16:51.854073", "level": "INFO", "message": "env env recv reset message", "file": "remote_env_server.py", "line": "282", "module": "env", "process": "remote_env_server", "function": "run_once", "stack": "", "pid": 115}
{"time": "2026-04-18 12:16:51.854870", "level": "INFO", "message": "env Select map in order: episode=211, map_id=2 from map_list=[1, 2, 3, 4, 5, 6, 7, 8, 9, 10]", "file": "data_handler.py", "line": "148", "module": "env", "process": "data_handler", "function": "handle_usr_conf", "stack": "", "pid": 115}
{"time": "2026-04-18 12:16:58.409263", "level": "INFO", "message": "env data_handler finish success", "file": "data_handler.py", "line": "189", "module": "env", "process": "data_handler", "function": "finish", "stack": "", "pid": 115}
{"time": "2026-04-18 12:16:58.409756", "level": "INFO", "message": "env env run once episode done, process_run_count is 171311", "file": "remote_env_server.py", "line": "298", "module": "env", "process": "remote_env_server", "function": "run_once", "stack": "", "pid": 115}
{"time": "2026-04-18 12:16:58.444756", "level": "INFO", "message": "env env recv reset message", "file": "remote_env_server.py", "line": "282", "module": "env", "process": "remote_env_server", "function": "run_once", "stack": "", "pid": 115}
{"time": "2026-04-18 12:16:58.445369", "level": "INFO", "message": "env Select map in order: episode=212, map_id=3 from map_list=[1, 2, 3, 4, 5, 6, 7, 8, 9, 10]", "file": "data_handler.py", "line": "148", "module": "env", "process": "data_handler", "function": "handle_usr_conf", "stack": "", "pid": 115}
{"time": "2026-04-18 12:17:01.813187", "level": "INFO", "message": "env data_handler finish success", "file": "data_handler.py", "line": "189", "module": "env", "process": "data_handler", "function": "finish", "stack": "", "pid": 115}
{"time": "2026-04-18 12:17:01.813805", "level": "INFO", "message": "env env run once episode done, process_run_count is 171821", "file": "remote_env_server.py", "line": "298", "module": "env", "process": "remote_env_server", "function": "run_once", "stack": "", "pid": 115}
{"time": "2026-04-18 12:17:01.833595", "level": "INFO", "message": "env env recv reset message", "file": "remote_env_server.py", "line": "282", "module": "env", "process": "remote_env_server", "function": "run_once", "stack": "", "pid": 115}
{"time": "2026-04-18 12:17:01.834215", "level": "INFO", "message": "env Select map in order: episode=213, map_id=4 from map_list=[1, 2, 3, 4, 5, 6, 7, 8, 9, 10]", "file": "data_handler.py", "line": "148", "module": "env", "process": "data_handler", "function": "handle_usr_conf", "stack": "", "pid": 115}
{"time": "2026-04-18 12:17:05.068224", "level": "INFO", "message": "env data_handler finish success", "file": "data_handler.py", "line": "189", "module": "env", "process": "data_handler", "function": "finish", "stack": "", "pid": 115}
{"time": "2026-04-18 12:17:05.068821", "level": "INFO", "message": "env env run once episode done, process_run_count is 172292", "file": "remote_env_server.py", "line": "298", "module": "env", "process": "remote_env_server", "function": "run_once", "stack": "", "pid": 115}
{"time": "2026-04-18 12:17:05.087118", "level": "INFO", "message": "env env recv reset message", "file": "remote_env_server.py", "line": "282", "module": "env", "process": "remote_env_server", "function": "run_once", "stack": "", "pid": 115}
{"time": "2026-04-18 12:17:05.088061", "level": "INFO", "message": "env Select map in order: episode=214, map_id=5 from map_list=[1, 2, 3, 4, 5, 6, 7, 8, 9, 10]", "file": "data_handler.py", "line": "148", "module": "env", "process": "data_handler", "function": "handle_usr_conf", "stack": "", "pid": 115}
{"time": "2026-04-18 12:17:08.310881", "level": "INFO", "message": "env data_handler finish success", "file": "data_handler.py", "line": "189", "module": "env", "process": "data_handler", "function": "finish", "stack": "", "pid": 115}
{"time": "2026-04-18 12:17:08.311391", "level": "INFO", "message": "env env run once episode done, process_run_count is 172931", "file": "remote_env_server.py", "line": "298", "module": "env", "process": "remote_env_server", "function": "run_once", "stack": "", "pid": 115}
{"time": "2026-04-18 12:17:08.336823", "level": "INFO", "message": "env env recv reset message", "file": "remote_env_server.py", "line": "282", "module": "env", "process": "remote_env_server", "function": "run_once", "stack": "", "pid": 115}
{"time": "2026-04-18 12:17:08.337415", "level": "INFO", "message": "env Select map in order: episode=215, map_id=6 from map_list=[1, 2, 3, 4, 5, 6, 7, 8, 9, 10]", "file": "data_handler.py", "line": "148", "module": "env", "process": "data_handler", "function": "handle_usr_conf", "stack": "", "pid": 115}
{"time": "2026-04-18 12:17:11.924390", "level": "INFO", "message": "env data_handler finish success", "file": "data_handler.py", "line": "189", "module": "env", "process": "data_handler", "function": "finish", "stack": "", "pid": 115}
{"time": "2026-04-18 12:17:11.924915", "level": "INFO", "message": "env env run once episode done, process_run_count is 173467", "file": "remote_env_server.py", "line": "298", "module": "env", "process": "remote_env_server", "function": "run_once", "stack": "", "pid": 115}
{"time": "2026-04-18 12:17:11.946480", "level": "INFO", "message": "env env recv reset message", "file": "remote_env_server.py", "line": "282", "module": "env", "process": "remote_env_server", "function": "run_once", "stack": "", "pid": 115}
{"time": "2026-04-18 12:17:11.947007", "level": "INFO", "message": "env Select map in order: episode=216, map_id=7 from map_list=[1, 2, 3, 4, 5, 6, 7, 8, 9, 10]", "file": "data_handler.py", "line": "148", "module": "env", "process": "data_handler", "function": "handle_usr_conf", "stack": "", "pid": 115}
{"time": "2026-04-18 12:17:18.535598", "level": "INFO", "message": "env finish monitor_data is {'total_score': 849, 'clean_score': 849, 'total_map': 10, 'map_random': 0, 'map_code': 7, 'max_steps': 1000, 'finished_steps': 1000, 'total_charger': 4, 'charge_count': 7, 'remaining_charge': 117}", "file": "monitor_helper.py", "line": "95", "module": "env", "process": "monitor_helper", "function": "finish", "stack": "", "pid": 115}
{"time": "2026-04-18 12:17:18.536459", "level": "INFO", "message": "env data_handler finish success", "file": "data_handler.py", "line": "189", "module": "env", "process": "data_handler", "function": "finish", "stack": "", "pid": 115}
{"time": "2026-04-18 12:17:18.537008", "level": "INFO", "message": "env env run once episode done, process_run_count is 174468", "file": "remote_env_server.py", "line": "298", "module": "env", "process": "remote_env_server", "function": "run_once", "stack": "", "pid": 115}
{"time": "2026-04-18 12:17:18.574669", "level": "INFO", "message": "env env recv reset message", "file": "remote_env_server.py", "line": "282", "module": "env", "process": "remote_env_server", "function": "run_once", "stack": "", "pid": 115}
{"time": "2026-04-18 12:17:18.575265", "level": "INFO", "message": "env Select map in order: episode=217, map_id=8 from map_list=[1, 2, 3, 4, 5, 6, 7, 8, 9, 10]", "file": "data_handler.py", "line": "148", "module": "env", "process": "data_handler", "function": "handle_usr_conf", "stack": "", "pid": 115}
{"time": "2026-04-18 12:17:25.228859", "level": "INFO", "message": "env data_handler finish success", "file": "data_handler.py", "line": "189", "module": "env", "process": "data_handler", "function": "finish", "stack": "", "pid": 115}
{"time": "2026-04-18 12:17:25.229571", "level": "INFO", "message": "env env run once episode done, process_run_count is 175469", "file": "remote_env_server.py", "line": "298", "module": "env", "process": "remote_env_server", "function": "run_once", "stack": "", "pid": 115}
{"time": "2026-04-18 12:17:25.264062", "level": "INFO", "message": "env env recv reset message", "file": "remote_env_server.py", "line": "282", "module": "env", "process": "remote_env_server", "function": "run_once", "stack": "", "pid": 115}
{"time": "2026-04-18 12:17:25.264809", "level": "INFO", "message": "env Select map in order: episode=218, map_id=9 from map_list=[1, 2, 3, 4, 5, 6, 7, 8, 9, 10]", "file": "data_handler.py", "line": "148", "module": "env", "process": "data_handler", "function": "handle_usr_conf", "stack": "", "pid": 115}
{"time": "2026-04-18 12:17:31.786912", "level": "INFO", "message": "env data_handler finish success", "file": "data_handler.py", "line": "189", "module": "env", "process": "data_handler", "function": "finish", "stack": "", "pid": 115}
{"time": "2026-04-18 12:17:31.787843", "level": "INFO", "message": "env env run once episode done, process_run_count is 176470", "file": "remote_env_server.py", "line": "298", "module": "env", "process": "remote_env_server", "function": "run_once", "stack": "", "pid": 115}
{"time": "2026-04-18 12:17:31.820158", "level": "INFO", "message": "env env recv reset message", "file": "remote_env_server.py", "line": "282", "module": "env", "process": "remote_env_server", "function": "run_once", "stack": "", "pid": 115}
{"time": "2026-04-18 12:17:31.821179", "level": "INFO", "message": "env Select map in order: episode=219, map_id=10 from map_list=[1, 2, 3, 4, 5, 6, 7, 8, 9, 10]", "file": "data_handler.py", "line": "148", "module": "env", "process": "data_handler", "function": "handle_usr_conf", "stack": "", "pid": 115}
{"time": "2026-04-18 12:17:37.315548", "level": "INFO", "message": "env data_handler finish success", "file": "data_handler.py", "line": "189", "module": "env", "process": "data_handler", "function": "finish", "stack": "", "pid": 115}
{"time": "2026-04-18 12:17:37.316222", "level": "INFO", "message": "env env run once episode done, process_run_count is 177471", "file": "remote_env_server.py", "line": "298", "module": "env", "process": "remote_env_server", "function": "run_once", "stack": "", "pid": 115}
{"time": "2026-04-18 12:17:37.350036", "level": "INFO", "message": "env env recv reset message", "file": "remote_env_server.py", "line": "282", "module": "env", "process": "remote_env_server", "function": "run_once", "stack": "", "pid": 115}
{"time": "2026-04-18 12:17:37.351288", "level": "INFO", "message": "env Select map in order: episode=220, map_id=1 from map_list=[1, 2, 3, 4, 5, 6, 7, 8, 9, 10]", "file": "data_handler.py", "line": "148", "module": "env", "process": "data_handler", "function": "handle_usr_conf", "stack": "", "pid": 115}
{"time": "2026-04-18 12:17:43.938382", "level": "INFO", "message": "env data_handler finish success", "file": "data_handler.py", "line": "189", "module": "env", "process": "data_handler", "function": "finish", "stack": "", "pid": 115}
{"time": "2026-04-18 12:17:43.939013", "level": "INFO", "message": "env env run once episode done, process_run_count is 178472", "file": "remote_env_server.py", "line": "298", "module": "env", "process": "remote_env_server", "function": "run_once", "stack": "", "pid": 115}
{"time": "2026-04-18 12:17:43.975560", "level": "INFO", "message": "env env recv reset message", "file": "remote_env_server.py", "line": "282", "module": "env", "process": "remote_env_server", "function": "run_once", "stack": "", "pid": 115}
{"time": "2026-04-18 12:17:43.976428", "level": "INFO", "message": "env Select map in order: episode=221, map_id=2 from map_list=[1, 2, 3, 4, 5, 6, 7, 8, 9, 10]", "file": "data_handler.py", "line": "148", "module": "env", "process": "data_handler", "function": "handle_usr_conf", "stack": "", "pid": 115}
{"time": "2026-04-18 12:17:50.502665", "level": "INFO", "message": "env data_handler finish success", "file": "data_handler.py", "line": "189", "module": "env", "process": "data_handler", "function": "finish", "stack": "", "pid": 115}
{"time": "2026-04-18 12:17:50.503502", "level": "INFO", "message": "env env run once episode done, process_run_count is 179473", "file": "remote_env_server.py", "line": "298", "module": "env", "process": "remote_env_server", "function": "run_once", "stack": "", "pid": 115}
{"time": "2026-04-18 12:17:50.538519", "level": "INFO", "message": "env env recv reset message", "file": "remote_env_server.py", "line": "282", "module": "env", "process": "remote_env_server", "function": "run_once", "stack": "", "pid": 115}
{"time": "2026-04-18 12:17:50.539186", "level": "INFO", "message": "env Select map in order: episode=222, map_id=3 from map_list=[1, 2, 3, 4, 5, 6, 7, 8, 9, 10]", "file": "data_handler.py", "line": "148", "module": "env", "process": "data_handler", "function": "handle_usr_conf", "stack": "", "pid": 115}
{"time": "2026-04-18 12:17:57.001705", "level": "INFO", "message": "env data_handler finish success", "file": "data_handler.py", "line": "189", "module": "env", "process": "data_handler", "function": "finish", "stack": "", "pid": 115}
{"time": "2026-04-18 12:17:57.002393", "level": "INFO", "message": "env env run once episode done, process_run_count is 180474", "file": "remote_env_server.py", "line": "298", "module": "env", "process": "remote_env_server", "function": "run_once", "stack": "", "pid": 115}
{"time": "2026-04-18 12:17:57.039824", "level": "INFO", "message": "env env recv reset message", "file": "remote_env_server.py", "line": "282", "module": "env", "process": "remote_env_server", "function": "run_once", "stack": "", "pid": 115}
{"time": "2026-04-18 12:17:57.040640", "level": "INFO", "message": "env Select map in order: episode=223, map_id=4 from map_list=[1, 2, 3, 4, 5, 6, 7, 8, 9, 10]", "file": "data_handler.py", "line": "148", "module": "env", "process": "data_handler", "function": "handle_usr_conf", "stack": "", "pid": 115}
{"time": "2026-04-18 12:17:59.363862", "level": "INFO", "message": "env data_handler finish success", "file": "data_handler.py", "line": "189", "module": "env", "process": "data_handler", "function": "finish", "stack": "", "pid": 115}
{"time": "2026-04-18 12:17:59.364663", "level": "INFO", "message": "env env run once episode done, process_run_count is 180814", "file": "remote_env_server.py", "line": "298", "module": "env", "process": "remote_env_server", "function": "run_once", "stack": "", "pid": 115}
{"time": "2026-04-18 12:17:59.378188", "level": "INFO", "message": "env env recv reset message", "file": "remote_env_server.py", "line": "282", "module": "env", "process": "remote_env_server", "function": "run_once", "stack": "", "pid": 115}
{"time": "2026-04-18 12:17:59.380846", "level": "INFO", "message": "env Select map in order: episode=224, map_id=5 from map_list=[1, 2, 3, 4, 5, 6, 7, 8, 9, 10]", "file": "data_handler.py", "line": "148", "module": "env", "process": "data_handler", "function": "handle_usr_conf", "stack": "", "pid": 115}
{"time": "2026-04-18 12:18:03.029324", "level": "INFO", "message": "env data_handler finish success", "file": "data_handler.py", "line": "189", "module": "env", "process": "data_handler", "function": "finish", "stack": "", "pid": 115}
{"time": "2026-04-18 12:18:03.029965", "level": "INFO", "message": "env env run once episode done, process_run_count is 181370", "file": "remote_env_server.py", "line": "298", "module": "env", "process": "remote_env_server", "function": "run_once", "stack": "", "pid": 115}
{"time": "2026-04-18 12:18:03.054316", "level": "INFO", "message": "env env recv reset message", "file": "remote_env_server.py", "line": "282", "module": "env", "process": "remote_env_server", "function": "run_once", "stack": "", "pid": 115}
{"time": "2026-04-18 12:18:03.054959", "level": "INFO", "message": "env Select map in order: episode=225, map_id=6 from map_list=[1, 2, 3, 4, 5, 6, 7, 8, 9, 10]", "file": "data_handler.py", "line": "148", "module": "env", "process": "data_handler", "function": "handle_usr_conf", "stack": "", "pid": 115}
{"time": "2026-04-18 12:18:09.086993", "level": "INFO", "message": "env data_handler finish success", "file": "data_handler.py", "line": "189", "module": "env", "process": "data_handler", "function": "finish", "stack": "", "pid": 115}
{"time": "2026-04-18 12:18:09.087737", "level": "INFO", "message": "env env run once episode done, process_run_count is 182371", "file": "remote_env_server.py", "line": "298", "module": "env", "process": "remote_env_server", "function": "run_once", "stack": "", "pid": 115}
{"time": "2026-04-18 12:18:09.131796", "level": "INFO", "message": "env env recv reset message", "file": "remote_env_server.py", "line": "282", "module": "env", "process": "remote_env_server", "function": "run_once", "stack": "", "pid": 115}
{"time": "2026-04-18 12:18:09.132571", "level": "INFO", "message": "env Select map in order: episode=226, map_id=7 from map_list=[1, 2, 3, 4, 5, 6, 7, 8, 9, 10]", "file": "data_handler.py", "line": "148", "module": "env", "process": "data_handler", "function": "handle_usr_conf", "stack": "", "pid": 115}
{"time": "2026-04-18 12:18:15.597132", "level": "INFO", "message": "env data_handler finish success", "file": "data_handler.py", "line": "189", "module": "env", "process": "data_handler", "function": "finish", "stack": "", "pid": 115}
{"time": "2026-04-18 12:18:15.597623", "level": "INFO", "message": "env env run once episode done, process_run_count is 183372", "file": "remote_env_server.py", "line": "298", "module": "env", "process": "remote_env_server", "function": "run_once", "stack": "", "pid": 115}
{"time": "2026-04-18 12:18:15.633012", "level": "INFO", "message": "env env recv reset message", "file": "remote_env_server.py", "line": "282", "module": "env", "process": "remote_env_server", "function": "run_once", "stack": "", "pid": 115}
{"time": "2026-04-18 12:18:15.633536", "level": "INFO", "message": "env Select map in order: episode=227, map_id=8 from map_list=[1, 2, 3, 4, 5, 6, 7, 8, 9, 10]", "file": "data_handler.py", "line": "148", "module": "env", "process": "data_handler", "function": "handle_usr_conf", "stack": "", "pid": 115}
{"time": "2026-04-18 12:18:21.143592", "level": "INFO", "message": "env finish monitor_data is {'total_score': 898, 'clean_score': 898, 'total_map': 10, 'map_random': 0, 'map_code': 8, 'max_steps': 1000, 'finished_steps': 1000, 'total_charger': 4, 'charge_count': 9, 'remaining_charge': 128}", "file": "monitor_helper.py", "line": "95", "module": "env", "process": "monitor_helper", "function": "finish", "stack": "", "pid": 115}
{"time": "2026-04-18 12:18:21.144317", "level": "INFO", "message": "env data_handler finish success", "file": "data_handler.py", "line": "189", "module": "env", "process": "data_handler", "function": "finish", "stack": "", "pid": 115}
{"time": "2026-04-18 12:18:21.149246", "level": "INFO", "message": "env env run once episode done, process_run_count is 184373", "file": "remote_env_server.py", "line": "298", "module": "env", "process": "remote_env_server", "function": "run_once", "stack": "", "pid": 115}
{"time": "2026-04-18 12:18:21.184135", "level": "INFO", "message": "env env recv reset message", "file": "remote_env_server.py", "line": "282", "module": "env", "process": "remote_env_server", "function": "run_once", "stack": "", "pid": 115}
{"time": "2026-04-18 12:18:21.184863", "level": "INFO", "message": "env Select map in order: episode=228, map_id=9 from map_list=[1, 2, 3, 4, 5, 6, 7, 8, 9, 10]", "file": "data_handler.py", "line": "148", "module": "env", "process": "data_handler", "function": "handle_usr_conf", "stack": "", "pid": 115}
{"time": "2026-04-18 12:18:27.647718", "level": "INFO", "message": "env data_handler finish success", "file": "data_handler.py", "line": "189", "module": "env", "process": "data_handler", "function": "finish", "stack": "", "pid": 115}
{"time": "2026-04-18 12:18:27.648234", "level": "INFO", "message": "env env run once episode done, process_run_count is 185374", "file": "remote_env_server.py", "line": "298", "module": "env", "process": "remote_env_server", "function": "run_once", "stack": "", "pid": 115}
{"time": "2026-04-18 12:18:27.687700", "level": "INFO", "message": "env env recv reset message", "file": "remote_env_server.py", "line": "282", "module": "env", "process": "remote_env_server", "function": "run_once", "stack": "", "pid": 115}
{"time": "2026-04-18 12:18:27.688416", "level": "INFO", "message": "env Select map in order: episode=229, map_id=10 from map_list=[1, 2, 3, 4, 5, 6, 7, 8, 9, 10]", "file": "data_handler.py", "line": "148", "module": "env", "process": "data_handler", "function": "handle_usr_conf", "stack": "", "pid": 115}
{"time": "2026-04-18 12:18:29.366121", "level": "INFO", "message": "env data_handler finish success", "file": "data_handler.py", "line": "189", "module": "env", "process": "data_handler", "function": "finish", "stack": "", "pid": 115}
{"time": "2026-04-18 12:18:29.366730", "level": "INFO", "message": "env env run once episode done, process_run_count is 185619", "file": "remote_env_server.py", "line": "298", "module": "env", "process": "remote_env_server", "function": "run_once", "stack": "", "pid": 115}
{"time": "2026-04-18 12:18:29.378777", "level": "INFO", "message": "env env recv reset message", "file": "remote_env_server.py", "line": "282", "module": "env", "process": "remote_env_server", "function": "run_once", "stack": "", "pid": 115}
{"time": "2026-04-18 12:18:29.379441", "level": "INFO", "message": "env Select map in order: episode=230, map_id=1 from map_list=[1, 2, 3, 4, 5, 6, 7, 8, 9, 10]", "file": "data_handler.py", "line": "148", "module": "env", "process": "data_handler", "function": "handle_usr_conf", "stack": "", "pid": 115}
{"time": "2026-04-18 12:18:35.342963", "level": "INFO", "message": "env data_handler finish success", "file": "data_handler.py", "line": "189", "module": "env", "process": "data_handler", "function": "finish", "stack": "", "pid": 115}
{"time": "2026-04-18 12:18:35.343626", "level": "INFO", "message": "env env run once episode done, process_run_count is 186620", "file": "remote_env_server.py", "line": "298", "module": "env", "process": "remote_env_server", "function": "run_once", "stack": "", "pid": 115}
{"time": "2026-04-18 12:18:35.379096", "level": "INFO", "message": "env env recv reset message", "file": "remote_env_server.py", "line": "282", "module": "env", "process": "remote_env_server", "function": "run_once", "stack": "", "pid": 115}
{"time": "2026-04-18 12:18:35.379836", "level": "INFO", "message": "env Select map in order: episode=231, map_id=2 from map_list=[1, 2, 3, 4, 5, 6, 7, 8, 9, 10]", "file": "data_handler.py", "line": "148", "module": "env", "process": "data_handler", "function": "handle_usr_conf", "stack": "", "pid": 115}
{"time": "2026-04-18 12:18:41.990247", "level": "INFO", "message": "env data_handler finish success", "file": "data_handler.py", "line": "189", "module": "env", "process": "data_handler", "function": "finish", "stack": "", "pid": 115}
{"time": "2026-04-18 12:18:41.990815", "level": "INFO", "message": "env env run once episode done, process_run_count is 187621", "file": "remote_env_server.py", "line": "298", "module": "env", "process": "remote_env_server", "function": "run_once", "stack": "", "pid": 115}
{"time": "2026-04-18 12:18:42.027439", "level": "INFO", "message": "env env recv reset message", "file": "remote_env_server.py", "line": "282", "module": "env", "process": "remote_env_server", "function": "run_once", "stack": "", "pid": 115}
{"time": "2026-04-18 12:18:42.028098", "level": "INFO", "message": "env Select map in order: episode=232, map_id=3 from map_list=[1, 2, 3, 4, 5, 6, 7, 8, 9, 10]", "file": "data_handler.py", "line": "148", "module": "env", "process": "data_handler", "function": "handle_usr_conf", "stack": "", "pid": 115}
{"time": "2026-04-18 12:18:48.549136", "level": "INFO", "message": "env data_handler finish success", "file": "data_handler.py", "line": "189", "module": "env", "process": "data_handler", "function": "finish", "stack": "", "pid": 115}
{"time": "2026-04-18 12:18:48.551386", "level": "INFO", "message": "env env run once episode done, process_run_count is 188622", "file": "remote_env_server.py", "line": "298", "module": "env", "process": "remote_env_server", "function": "run_once", "stack": "", "pid": 115}
{"time": "2026-04-18 12:18:48.585362", "level": "INFO", "message": "env env recv reset message", "file": "remote_env_server.py", "line": "282", "module": "env", "process": "remote_env_server", "function": "run_once", "stack": "", "pid": 115}
{"time": "2026-04-18 12:18:48.586194", "level": "INFO", "message": "env Select map in order: episode=233, map_id=4 from map_list=[1, 2, 3, 4, 5, 6, 7, 8, 9, 10]", "file": "data_handler.py", "line": "148", "module": "env", "process": "data_handler", "function": "handle_usr_conf", "stack": "", "pid": 115}
{"time": "2026-04-18 12:18:55.112787", "level": "INFO", "message": "env data_handler finish success", "file": "data_handler.py", "line": "189", "module": "env", "process": "data_handler", "function": "finish", "stack": "", "pid": 115}
{"time": "2026-04-18 12:18:55.113400", "level": "INFO", "message": "env env run once episode done, process_run_count is 189623", "file": "remote_env_server.py", "line": "298", "module": "env", "process": "remote_env_server", "function": "run_once", "stack": "", "pid": 115}
{"time": "2026-04-18 12:18:55.148541", "level": "INFO", "message": "env env recv reset message", "file": "remote_env_server.py", "line": "282", "module": "env", "process": "remote_env_server", "function": "run_once", "stack": "", "pid": 115}
{"time": "2026-04-18 12:18:55.149425", "level": "INFO", "message": "env Select map in order: episode=234, map_id=5 from map_list=[1, 2, 3, 4, 5, 6, 7, 8, 9, 10]", "file": "data_handler.py", "line": "148", "module": "env", "process": "data_handler", "function": "handle_usr_conf", "stack": "", "pid": 115}
{"time": "2026-04-18 12:19:00.822339", "level": "INFO", "message": "env data_handler finish success", "file": "data_handler.py", "line": "189", "module": "env", "process": "data_handler", "function": "finish", "stack": "", "pid": 115}
{"time": "2026-04-18 12:19:00.823025", "level": "INFO", "message": "env env run once episode done, process_run_count is 190497", "file": "remote_env_server.py", "line": "298", "module": "env", "process": "remote_env_server", "function": "run_once", "stack": "", "pid": 115}
{"time": "2026-04-18 12:19:00.852205", "level": "INFO", "message": "env env recv reset message", "file": "remote_env_server.py", "line": "282", "module": "env", "process": "remote_env_server", "function": "run_once", "stack": "", "pid": 115}
{"time": "2026-04-18 12:19:00.853100", "level": "INFO", "message": "env Select map in order: episode=235, map_id=6 from map_list=[1, 2, 3, 4, 5, 6, 7, 8, 9, 10]", "file": "data_handler.py", "line": "148", "module": "env", "process": "data_handler", "function": "handle_usr_conf", "stack": "", "pid": 115}
{"time": "2026-04-18 12:19:04.963653", "level": "INFO", "message": "env data_handler finish success", "file": "data_handler.py", "line": "189", "module": "env", "process": "data_handler", "function": "finish", "stack": "", "pid": 115}
{"time": "2026-04-18 12:19:04.964236", "level": "INFO", "message": "env env run once episode done, process_run_count is 191192", "file": "remote_env_server.py", "line": "298", "module": "env", "process": "remote_env_server", "function": "run_once", "stack": "", "pid": 115}
{"time": "2026-04-18 12:19:04.990322", "level": "INFO", "message": "env env recv reset message", "file": "remote_env_server.py", "line": "282", "module": "env", "process": "remote_env_server", "function": "run_once", "stack": "", "pid": 115}
{"time": "2026-04-18 12:19:04.991646", "level": "INFO", "message": "env Select map in order: episode=236, map_id=7 from map_list=[1, 2, 3, 4, 5, 6, 7, 8, 9, 10]", "file": "data_handler.py", "line": "148", "module": "env", "process": "data_handler", "function": "handle_usr_conf", "stack": "", "pid": 115}
{"time": "2026-04-18 12:19:09.354459", "level": "INFO", "message": "env data_handler finish success", "file": "data_handler.py", "line": "189", "module": "env", "process": "data_handler", "function": "finish", "stack": "", "pid": 115}
{"time": "2026-04-18 12:19:09.354974", "level": "INFO", "message": "env env run once episode done, process_run_count is 191859", "file": "remote_env_server.py", "line": "298", "module": "env", "process": "remote_env_server", "function": "run_once", "stack": "", "pid": 115}
{"time": "2026-04-18 12:19:09.380846", "level": "INFO", "message": "env env recv reset message", "file": "remote_env_server.py", "line": "282", "module": "env", "process": "remote_env_server", "function": "run_once", "stack": "", "pid": 115}
{"time": "2026-04-18 12:19:09.381723", "level": "INFO", "message": "env Select map in order: episode=237, map_id=8 from map_list=[1, 2, 3, 4, 5, 6, 7, 8, 9, 10]", "file": "data_handler.py", "line": "148", "module": "env", "process": "data_handler", "function": "handle_usr_conf", "stack": "", "pid": 115}
{"time": "2026-04-18 12:19:15.907869", "level": "INFO", "message": "env data_handler finish success", "file": "data_handler.py", "line": "189", "module": "env", "process": "data_handler", "function": "finish", "stack": "", "pid": 115}
{"time": "2026-04-18 12:19:15.908374", "level": "INFO", "message": "env env run once episode done, process_run_count is 192860", "file": "remote_env_server.py", "line": "298", "module": "env", "process": "remote_env_server", "function": "run_once", "stack": "", "pid": 115}
{"time": "2026-04-18 12:19:15.943858", "level": "INFO", "message": "env env recv reset message", "file": "remote_env_server.py", "line": "282", "module": "env", "process": "remote_env_server", "function": "run_once", "stack": "", "pid": 115}
{"time": "2026-04-18 12:19:15.944523", "level": "INFO", "message": "env Select map in order: episode=238, map_id=9 from map_list=[1, 2, 3, 4, 5, 6, 7, 8, 9, 10]", "file": "data_handler.py", "line": "148", "module": "env", "process": "data_handler", "function": "handle_usr_conf", "stack": "", "pid": 115}
{"time": "2026-04-18 12:19:22.469469", "level": "INFO", "message": "env finish monitor_data is {'total_score': 932, 'clean_score': 932, 'total_map': 10, 'map_random': 0, 'map_code': 9, 'max_steps': 1000, 'finished_steps': 1000, 'total_charger': 4, 'charge_count': 10, 'remaining_charge': 173}", "file": "monitor_helper.py", "line": "95", "module": "env", "process": "monitor_helper", "function": "finish", "stack": "", "pid": 115}
{"time": "2026-04-18 12:19:22.470256", "level": "INFO", "message": "env data_handler finish success", "file": "data_handler.py", "line": "189", "module": "env", "process": "data_handler", "function": "finish", "stack": "", "pid": 115}
{"time": "2026-04-18 12:19:22.470918", "level": "INFO", "message": "env env run once episode done, process_run_count is 193861", "file": "remote_env_server.py", "line": "298", "module": "env", "process": "remote_env_server", "function": "run_once", "stack": "", "pid": 115}
{"time": "2026-04-18 12:19:22.509182", "level": "INFO", "message": "env env recv reset message", "file": "remote_env_server.py", "line": "282", "module": "env", "process": "remote_env_server", "function": "run_once", "stack": "", "pid": 115}
{"time": "2026-04-18 12:19:22.510039", "level": "INFO", "message": "env Select map in order: episode=239, map_id=10 from map_list=[1, 2, 3, 4, 5, 6, 7, 8, 9, 10]", "file": "data_handler.py", "line": "148", "module": "env", "process": "data_handler", "function": "handle_usr_conf", "stack": "", "pid": 115}
{"time": "2026-04-18 12:19:28.994832", "level": "INFO", "message": "env data_handler finish success", "file": "data_handler.py", "line": "189", "module": "env", "process": "data_handler", "function": "finish", "stack": "", "pid": 115}
{"time": "2026-04-18 12:19:28.995564", "level": "INFO", "message": "env env run once episode done, process_run_count is 194862", "file": "remote_env_server.py", "line": "298", "module": "env", "process": "remote_env_server", "function": "run_once", "stack": "", "pid": 115}
{"time": "2026-04-18 12:19:29.028781", "level": "INFO", "message": "env env recv reset message", "file": "remote_env_server.py", "line": "282", "module": "env", "process": "remote_env_server", "function": "run_once", "stack": "", "pid": 115}
{"time": "2026-04-18 12:19:29.030277", "level": "INFO", "message": "env Select map in order: episode=240, map_id=1 from map_list=[1, 2, 3, 4, 5, 6, 7, 8, 9, 10]", "file": "data_handler.py", "line": "148", "module": "env", "process": "data_handler", "function": "handle_usr_conf", "stack": "", "pid": 115}
{"time": "2026-04-18 12:19:34.173426", "level": "INFO", "message": "env data_handler finish success", "file": "data_handler.py", "line": "189", "module": "env", "process": "data_handler", "function": "finish", "stack": "", "pid": 115}
{"time": "2026-04-18 12:19:34.174117", "level": "INFO", "message": "env env run once episode done, process_run_count is 195863", "file": "remote_env_server.py", "line": "298", "module": "env", "process": "remote_env_server", "function": "run_once", "stack": "", "pid": 115}
{"time": "2026-04-18 12:19:34.212116", "level": "INFO", "message": "env env recv reset message", "file": "remote_env_server.py", "line": "282", "module": "env", "process": "remote_env_server", "function": "run_once", "stack": "", "pid": 115}
{"time": "2026-04-18 12:19:34.212875", "level": "INFO", "message": "env Select map in order: episode=241, map_id=2 from map_list=[1, 2, 3, 4, 5, 6, 7, 8, 9, 10]", "file": "data_handler.py", "line": "148", "module": "env", "process": "data_handler", "function": "handle_usr_conf", "stack": "", "pid": 115}
{"time": "2026-04-18 12:19:38.653289", "level": "INFO", "message": "env data_handler finish success", "file": "data_handler.py", "line": "189", "module": "env", "process": "data_handler", "function": "finish", "stack": "", "pid": 115}
{"time": "2026-04-18 12:19:38.654095", "level": "INFO", "message": "env env run once episode done, process_run_count is 196539", "file": "remote_env_server.py", "line": "298", "module": "env", "process": "remote_env_server", "function": "run_once", "stack": "", "pid": 115}
{"time": "2026-04-18 12:19:38.677789", "level": "INFO", "message": "env env recv reset message", "file": "remote_env_server.py", "line": "282", "module": "env", "process": "remote_env_server", "function": "run_once", "stack": "", "pid": 115}
{"time": "2026-04-18 12:19:38.678630", "level": "INFO", "message": "env Select map in order: episode=242, map_id=3 from map_list=[1, 2, 3, 4, 5, 6, 7, 8, 9, 10]", "file": "data_handler.py", "line": "148", "module": "env", "process": "data_handler", "function": "handle_usr_conf", "stack": "", "pid": 115}
{"time": "2026-04-18 12:19:45.536607", "level": "INFO", "message": "env data_handler finish success", "file": "data_handler.py", "line": "189", "module": "env", "process": "data_handler", "function": "finish", "stack": "", "pid": 115}
{"time": "2026-04-18 12:19:45.537286", "level": "INFO", "message": "env env run once episode done, process_run_count is 197540", "file": "remote_env_server.py", "line": "298", "module": "env", "process": "remote_env_server", "function": "run_once", "stack": "", "pid": 115}
{"time": "2026-04-18 12:19:45.573139", "level": "INFO", "message": "env env recv reset message", "file": "remote_env_server.py", "line": "282", "module": "env", "process": "remote_env_server", "function": "run_once", "stack": "", "pid": 115}
{"time": "2026-04-18 12:19:45.573807", "level": "INFO", "message": "env Select map in order: episode=243, map_id=4 from map_list=[1, 2, 3, 4, 5, 6, 7, 8, 9, 10]", "file": "data_handler.py", "line": "148", "module": "env", "process": "data_handler", "function": "handle_usr_conf", "stack": "", "pid": 115}
{"time": "2026-04-18 12:19:52.189164", "level": "INFO", "message": "env data_handler finish success", "file": "data_handler.py", "line": "189", "module": "env", "process": "data_handler", "function": "finish", "stack": "", "pid": 115}
{"time": "2026-04-18 12:19:52.189993", "level": "INFO", "message": "env env run once episode done, process_run_count is 198541", "file": "remote_env_server.py", "line": "298", "module": "env", "process": "remote_env_server", "function": "run_once", "stack": "", "pid": 115}
{"time": "2026-04-18 12:19:52.224754", "level": "INFO", "message": "env env recv reset message", "file": "remote_env_server.py", "line": "282", "module": "env", "process": "remote_env_server", "function": "run_once", "stack": "", "pid": 115}
{"time": "2026-04-18 12:19:52.225726", "level": "INFO", "message": "env Select map in order: episode=244, map_id=5 from map_list=[1, 2, 3, 4, 5, 6, 7, 8, 9, 10]", "file": "data_handler.py", "line": "148", "module": "env", "process": "data_handler", "function": "handle_usr_conf", "stack": "", "pid": 115}
{"time": "2026-04-18 12:19:58.737190", "level": "INFO", "message": "env data_handler finish success", "file": "data_handler.py", "line": "189", "module": "env", "process": "data_handler", "function": "finish", "stack": "", "pid": 115}
{"time": "2026-04-18 12:19:58.741719", "level": "INFO", "message": "env env run once episode done, process_run_count is 199542", "file": "remote_env_server.py", "line": "298", "module": "env", "process": "remote_env_server", "function": "run_once", "stack": "", "pid": 115}
{"time": "2026-04-18 12:19:58.773742", "level": "INFO", "message": "env env recv reset message", "file": "remote_env_server.py", "line": "282", "module": "env", "process": "remote_env_server", "function": "run_once", "stack": "", "pid": 115}
{"time": "2026-04-18 12:19:58.774311", "level": "INFO", "message": "env Select map in order: episode=245, map_id=6 from map_list=[1, 2, 3, 4, 5, 6, 7, 8, 9, 10]", "file": "data_handler.py", "line": "148", "module": "env", "process": "data_handler", "function": "handle_usr_conf", "stack": "", "pid": 115}
{"time": "2026-04-18 12:20:04.273031", "level": "INFO", "message": "env data_handler finish success", "file": "data_handler.py", "line": "189", "module": "env", "process": "data_handler", "function": "finish", "stack": "", "pid": 115}
{"time": "2026-04-18 12:20:04.274343", "level": "INFO", "message": "env env run once episode done, process_run_count is 200543", "file": "remote_env_server.py", "line": "298", "module": "env", "process": "remote_env_server", "function": "run_once", "stack": "", "pid": 115}
{"time": "2026-04-18 12:20:04.306513", "level": "INFO", "message": "env env recv reset message", "file": "remote_env_server.py", "line": "282", "module": "env", "process": "remote_env_server", "function": "run_once", "stack": "", "pid": 115}
{"time": "2026-04-18 12:20:04.310290", "level": "INFO", "message": "env Select map in order: episode=246, map_id=7 from map_list=[1, 2, 3, 4, 5, 6, 7, 8, 9, 10]", "file": "data_handler.py", "line": "148", "module": "env", "process": "data_handler", "function": "handle_usr_conf", "stack": "", "pid": 115}
{"time": "2026-04-18 12:20:09.262496", "level": "INFO", "message": "env data_handler finish success", "file": "data_handler.py", "line": "189", "module": "env", "process": "data_handler", "function": "finish", "stack": "", "pid": 115}
{"time": "2026-04-18 12:20:09.262975", "level": "INFO", "message": "env env run once episode done, process_run_count is 201294", "file": "remote_env_server.py", "line": "298", "module": "env", "process": "remote_env_server", "function": "run_once", "stack": "", "pid": 115}
{"time": "2026-04-18 12:20:09.291776", "level": "INFO", "message": "env env recv reset message", "file": "remote_env_server.py", "line": "282", "module": "env", "process": "remote_env_server", "function": "run_once", "stack": "", "pid": 115}
{"time": "2026-04-18 12:20:09.292469", "level": "INFO", "message": "env Select map in order: episode=247, map_id=8 from map_list=[1, 2, 3, 4, 5, 6, 7, 8, 9, 10]", "file": "data_handler.py", "line": "148", "module": "env", "process": "data_handler", "function": "handle_usr_conf", "stack": "", "pid": 115}
{"time": "2026-04-18 12:20:12.243455", "level": "INFO", "message": "env data_handler finish success", "file": "data_handler.py", "line": "189", "module": "env", "process": "data_handler", "function": "finish", "stack": "", "pid": 115}
{"time": "2026-04-18 12:20:12.244206", "level": "INFO", "message": "env env run once episode done, process_run_count is 201731", "file": "remote_env_server.py", "line": "298", "module": "env", "process": "remote_env_server", "function": "run_once", "stack": "", "pid": 115}
{"time": "2026-04-18 12:20:12.261947", "level": "INFO", "message": "env env recv reset message", "file": "remote_env_server.py", "line": "282", "module": "env", "process": "remote_env_server", "function": "run_once", "stack": "", "pid": 115}
{"time": "2026-04-18 12:20:12.262723", "level": "INFO", "message": "env Select map in order: episode=248, map_id=9 from map_list=[1, 2, 3, 4, 5, 6, 7, 8, 9, 10]", "file": "data_handler.py", "line": "148", "module": "env", "process": "data_handler", "function": "handle_usr_conf", "stack": "", "pid": 115}
{"time": "2026-04-18 12:20:18.857452", "level": "INFO", "message": "env data_handler finish success", "file": "data_handler.py", "line": "189", "module": "env", "process": "data_handler", "function": "finish", "stack": "", "pid": 115}
{"time": "2026-04-18 12:20:18.858113", "level": "INFO", "message": "env env run once episode done, process_run_count is 202732", "file": "remote_env_server.py", "line": "298", "module": "env", "process": "remote_env_server", "function": "run_once", "stack": "", "pid": 115}
{"time": "2026-04-18 12:20:18.892021", "level": "INFO", "message": "env env recv reset message", "file": "remote_env_server.py", "line": "282", "module": "env", "process": "remote_env_server", "function": "run_once", "stack": "", "pid": 115}
{"time": "2026-04-18 12:20:18.892742", "level": "INFO", "message": "env Select map in order: episode=249, map_id=10 from map_list=[1, 2, 3, 4, 5, 6, 7, 8, 9, 10]", "file": "data_handler.py", "line": "148", "module": "env", "process": "data_handler", "function": "handle_usr_conf", "stack": "", "pid": 115}
{"time": "2026-04-18 12:20:25.444762", "level": "INFO", "message": "env finish monitor_data is {'total_score': 867, 'clean_score': 867, 'total_map': 10, 'map_random': 0, 'map_code': 10, 'max_steps': 1000, 'finished_steps': 1000, 'total_charger': 4, 'charge_count': 9, 'remaining_charge': 187}", "file": "monitor_helper.py", "line": "95", "module": "env", "process": "monitor_helper", "function": "finish", "stack": "", "pid": 115}
{"time": "2026-04-18 12:20:25.446454", "level": "INFO", "message": "env data_handler finish success", "file": "data_handler.py", "line": "189", "module": "env", "process": "data_handler", "function": "finish", "stack": "", "pid": 115}
{"time": "2026-04-18 12:20:25.447100", "level": "INFO", "message": "env env run once episode done, process_run_count is 203733", "file": "remote_env_server.py", "line": "298", "module": "env", "process": "remote_env_server", "function": "run_once", "stack": "", "pid": 115}
{"time": "2026-04-18 12:20:25.482858", "level": "INFO", "message": "env env recv reset message", "file": "remote_env_server.py", "line": "282", "module": "env", "process": "remote_env_server", "function": "run_once", "stack": "", "pid": 115}
{"time": "2026-04-18 12:20:25.483597", "level": "INFO", "message": "env Select map in order: episode=250, map_id=1 from map_list=[1, 2, 3, 4, 5, 6, 7, 8, 9, 10]", "file": "data_handler.py", "line": "148", "module": "env", "process": "data_handler", "function": "handle_usr_conf", "stack": "", "pid": 115}
{"time": "2026-04-18 12:20:31.099518", "level": "INFO", "message": "env data_handler finish success", "file": "data_handler.py", "line": "189", "module": "env", "process": "data_handler", "function": "finish", "stack": "", "pid": 115}
{"time": "2026-04-18 12:20:31.100110", "level": "INFO", "message": "env env run once episode done, process_run_count is 204734", "file": "remote_env_server.py", "line": "298", "module": "env", "process": "remote_env_server", "function": "run_once", "stack": "", "pid": 115}
{"time": "2026-04-18 12:20:31.137700", "level": "INFO", "message": "env env recv reset message", "file": "remote_env_server.py", "line": "282", "module": "env", "process": "remote_env_server", "function": "run_once", "stack": "", "pid": 115}
{"time": "2026-04-18 12:20:31.138315", "level": "INFO", "message": "env Select map in order: episode=251, map_id=2 from map_list=[1, 2, 3, 4, 5, 6, 7, 8, 9, 10]", "file": "data_handler.py", "line": "148", "module": "env", "process": "data_handler", "function": "handle_usr_conf", "stack": "", "pid": 115}
{"time": "2026-04-18 12:20:34.986797", "level": "INFO", "message": "env data_handler finish success", "file": "data_handler.py", "line": "189", "module": "env", "process": "data_handler", "function": "finish", "stack": "", "pid": 115}
{"time": "2026-04-18 12:20:34.987334", "level": "INFO", "message": "env env run once episode done, process_run_count is 205321", "file": "remote_env_server.py", "line": "298", "module": "env", "process": "remote_env_server", "function": "run_once", "stack": "", "pid": 115}
{"time": "2026-04-18 12:20:35.009057", "level": "INFO", "message": "env env recv reset message", "file": "remote_env_server.py", "line": "282", "module": "env", "process": "remote_env_server", "function": "run_once", "stack": "", "pid": 115}
{"time": "2026-04-18 12:20:35.010144", "level": "INFO", "message": "env Select map in order: episode=252, map_id=3 from map_list=[1, 2, 3, 4, 5, 6, 7, 8, 9, 10]", "file": "data_handler.py", "line": "148", "module": "env", "process": "data_handler", "function": "handle_usr_conf", "stack": "", "pid": 115}
{"time": "2026-04-18 12:20:41.590309", "level": "INFO", "message": "env data_handler finish success", "file": "data_handler.py", "line": "189", "module": "env", "process": "data_handler", "function": "finish", "stack": "", "pid": 115}
{"time": "2026-04-18 12:20:41.590870", "level": "INFO", "message": "env env run once episode done, process_run_count is 206322", "file": "remote_env_server.py", "line": "298", "module": "env", "process": "remote_env_server", "function": "run_once", "stack": "", "pid": 115}
{"time": "2026-04-18 12:20:41.625185", "level": "INFO", "message": "env env recv reset message", "file": "remote_env_server.py", "line": "282", "module": "env", "process": "remote_env_server", "function": "run_once", "stack": "", "pid": 115}
{"time": "2026-04-18 12:20:41.625824", "level": "INFO", "message": "env Select map in order: episode=253, map_id=4 from map_list=[1, 2, 3, 4, 5, 6, 7, 8, 9, 10]", "file": "data_handler.py", "line": "148", "module": "env", "process": "data_handler", "function": "handle_usr_conf", "stack": "", "pid": 115}
{"time": "2026-04-18 12:20:46.490958", "level": "INFO", "message": "env data_handler finish success", "file": "data_handler.py", "line": "189", "module": "env", "process": "data_handler", "function": "finish", "stack": "", "pid": 115}
{"time": "2026-04-18 12:20:46.491445", "level": "INFO", "message": "env env run once episode done, process_run_count is 207052", "file": "remote_env_server.py", "line": "298", "module": "env", "process": "remote_env_server", "function": "run_once", "stack": "", "pid": 115}
{"time": "2026-04-18 12:20:46.518857", "level": "INFO", "message": "env env recv reset message", "file": "remote_env_server.py", "line": "282", "module": "env", "process": "remote_env_server", "function": "run_once", "stack": "", "pid": 115}
{"time": "2026-04-18 12:20:46.519539", "level": "INFO", "message": "env Select map in order: episode=254, map_id=5 from map_list=[1, 2, 3, 4, 5, 6, 7, 8, 9, 10]", "file": "data_handler.py", "line": "148", "module": "env", "process": "data_handler", "function": "handle_usr_conf", "stack": "", "pid": 115}
{"time": "2026-04-18 12:20:53.152234", "level": "INFO", "message": "env data_handler finish success", "file": "data_handler.py", "line": "189", "module": "env", "process": "data_handler", "function": "finish", "stack": "", "pid": 115}
{"time": "2026-04-18 12:20:53.152906", "level": "INFO", "message": "env env run once episode done, process_run_count is 208053", "file": "remote_env_server.py", "line": "298", "module": "env", "process": "remote_env_server", "function": "run_once", "stack": "", "pid": 115}
{"time": "2026-04-18 12:20:53.187643", "level": "INFO", "message": "env env recv reset message", "file": "remote_env_server.py", "line": "282", "module": "env", "process": "remote_env_server", "function": "run_once", "stack": "", "pid": 115}
{"time": "2026-04-18 12:20:53.188259", "level": "INFO", "message": "env Select map in order: episode=255, map_id=6 from map_list=[1, 2, 3, 4, 5, 6, 7, 8, 9, 10]", "file": "data_handler.py", "line": "148", "module": "env", "process": "data_handler", "function": "handle_usr_conf", "stack": "", "pid": 115}
{"time": "2026-04-18 12:20:58.380607", "level": "INFO", "message": "env data_handler finish success", "file": "data_handler.py", "line": "189", "module": "env", "process": "data_handler", "function": "finish", "stack": "", "pid": 115}
{"time": "2026-04-18 12:20:58.381258", "level": "INFO", "message": "env env run once episode done, process_run_count is 208836", "file": "remote_env_server.py", "line": "298", "module": "env", "process": "remote_env_server", "function": "run_once", "stack": "", "pid": 115}
{"time": "2026-04-18 12:20:58.408525", "level": "INFO", "message": "env env recv reset message", "file": "remote_env_server.py", "line": "282", "module": "env", "process": "remote_env_server", "function": "run_once", "stack": "", "pid": 115}
{"time": "2026-04-18 12:20:58.409334", "level": "INFO", "message": "env Select map in order: episode=256, map_id=7 from map_list=[1, 2, 3, 4, 5, 6, 7, 8, 9, 10]", "file": "data_handler.py", "line": "148", "module": "env", "process": "data_handler", "function": "handle_usr_conf", "stack": "", "pid": 115}
{"time": "2026-04-18 12:21:01.239784", "level": "INFO", "message": "env data_handler finish success", "file": "data_handler.py", "line": "189", "module": "env", "process": "data_handler", "function": "finish", "stack": "", "pid": 115}
{"time": "2026-04-18 12:21:01.240503", "level": "INFO", "message": "env env run once episode done, process_run_count is 209412", "file": "remote_env_server.py", "line": "298", "module": "env", "process": "remote_env_server", "function": "run_once", "stack": "", "pid": 115}
{"time": "2026-04-18 12:21:01.263052", "level": "INFO", "message": "env env recv reset message", "file": "remote_env_server.py", "line": "282", "module": "env", "process": "remote_env_server", "function": "run_once", "stack": "", "pid": 115}
{"time": "2026-04-18 12:21:01.263673", "level": "INFO", "message": "env Select map in order: episode=257, map_id=8 from map_list=[1, 2, 3, 4, 5, 6, 7, 8, 9, 10]", "file": "data_handler.py", "line": "148", "module": "env", "process": "data_handler", "function": "handle_usr_conf", "stack": "", "pid": 115}
{"time": "2026-04-18 12:21:07.846029", "level": "INFO", "message": "env data_handler finish success", "file": "data_handler.py", "line": "189", "module": "env", "process": "data_handler", "function": "finish", "stack": "", "pid": 115}
{"time": "2026-04-18 12:21:07.846793", "level": "INFO", "message": "env env run once episode done, process_run_count is 210413", "file": "remote_env_server.py", "line": "298", "module": "env", "process": "remote_env_server", "function": "run_once", "stack": "", "pid": 115}
{"time": "2026-04-18 12:21:07.883325", "level": "INFO", "message": "env env recv reset message", "file": "remote_env_server.py", "line": "282", "module": "env", "process": "remote_env_server", "function": "run_once", "stack": "", "pid": 115}
{"time": "2026-04-18 12:21:07.883853", "level": "INFO", "message": "env Select map in order: episode=258, map_id=9 from map_list=[1, 2, 3, 4, 5, 6, 7, 8, 9, 10]", "file": "data_handler.py", "line": "148", "module": "env", "process": "data_handler", "function": "handle_usr_conf", "stack": "", "pid": 115}
{"time": "2026-04-18 12:21:12.404057", "level": "INFO", "message": "env data_handler finish success", "file": "data_handler.py", "line": "189", "module": "env", "process": "data_handler", "function": "finish", "stack": "", "pid": 115}
{"time": "2026-04-18 12:21:12.404578", "level": "INFO", "message": "env env run once episode done, process_run_count is 211090", "file": "remote_env_server.py", "line": "298", "module": "env", "process": "remote_env_server", "function": "run_once", "stack": "", "pid": 115}
{"time": "2026-04-18 12:21:12.433805", "level": "INFO", "message": "env env recv reset message", "file": "remote_env_server.py", "line": "282", "module": "env", "process": "remote_env_server", "function": "run_once", "stack": "", "pid": 115}
{"time": "2026-04-18 12:21:12.434523", "level": "INFO", "message": "env Select map in order: episode=259, map_id=10 from map_list=[1, 2, 3, 4, 5, 6, 7, 8, 9, 10]", "file": "data_handler.py", "line": "148", "module": "env", "process": "data_handler", "function": "handle_usr_conf", "stack": "", "pid": 115}
{"time": "2026-04-18 12:21:18.961829", "level": "INFO", "message": "env data_handler finish success", "file": "data_handler.py", "line": "189", "module": "env", "process": "data_handler", "function": "finish", "stack": "", "pid": 115}
{"time": "2026-04-18 12:21:18.962433", "level": "INFO", "message": "env env run once episode done, process_run_count is 212091", "file": "remote_env_server.py", "line": "298", "module": "env", "process": "remote_env_server", "function": "run_once", "stack": "", "pid": 115}
{"time": "2026-04-18 12:21:18.998340", "level": "INFO", "message": "env env recv reset message", "file": "remote_env_server.py", "line": "282", "module": "env", "process": "remote_env_server", "function": "run_once", "stack": "", "pid": 115}
{"time": "2026-04-18 12:21:18.999037", "level": "INFO", "message": "env Select map in order: episode=260, map_id=1 from map_list=[1, 2, 3, 4, 5, 6, 7, 8, 9, 10]", "file": "data_handler.py", "line": "148", "module": "env", "process": "data_handler", "function": "handle_usr_conf", "stack": "", "pid": 115}
{"time": "2026-04-18 12:21:25.556554", "level": "INFO", "message": "env finish monitor_data is {'total_score': 916, 'clean_score': 916, 'total_map': 10, 'map_random': 0, 'map_code': 1, 'max_steps': 1000, 'finished_steps': 1000, 'total_charger': 4, 'charge_count': 11, 'remaining_charge': 150}", "file": "monitor_helper.py", "line": "95", "module": "env", "process": "monitor_helper", "function": "finish", "stack": "", "pid": 115}
{"time": "2026-04-18 12:21:25.557129", "level": "INFO", "message": "env data_handler finish success", "file": "data_handler.py", "line": "189", "module": "env", "process": "data_handler", "function": "finish", "stack": "", "pid": 115}
{"time": "2026-04-18 12:21:25.557564", "level": "INFO", "message": "env env run once episode done, process_run_count is 213092", "file": "remote_env_server.py", "line": "298", "module": "env", "process": "remote_env_server", "function": "run_once", "stack": "", "pid": 115}
{"time": "2026-04-18 12:21:25.599152", "level": "INFO", "message": "env env recv reset message", "file": "remote_env_server.py", "line": "282", "module": "env", "process": "remote_env_server", "function": "run_once", "stack": "", "pid": 115}
{"time": "2026-04-18 12:21:25.599774", "level": "INFO", "message": "env Select map in order: episode=261, map_id=2 from map_list=[1, 2, 3, 4, 5, 6, 7, 8, 9, 10]", "file": "data_handler.py", "line": "148", "module": "env", "process": "data_handler", "function": "handle_usr_conf", "stack": "", "pid": 115}
{"time": "2026-04-18 12:21:31.059167", "level": "INFO", "message": "env data_handler finish success", "file": "data_handler.py", "line": "189", "module": "env", "process": "data_handler", "function": "finish", "stack": "", "pid": 115}
{"time": "2026-04-18 12:21:31.059744", "level": "INFO", "message": "env env run once episode done, process_run_count is 214077", "file": "remote_env_server.py", "line": "298", "module": "env", "process": "remote_env_server", "function": "run_once", "stack": "", "pid": 115}
{"time": "2026-04-18 12:21:31.095464", "level": "INFO", "message": "env env recv reset message", "file": "remote_env_server.py", "line": "282", "module": "env", "process": "remote_env_server", "function": "run_once", "stack": "", "pid": 115}
{"time": "2026-04-18 12:21:31.096193", "level": "INFO", "message": "env Select map in order: episode=262, map_id=3 from map_list=[1, 2, 3, 4, 5, 6, 7, 8, 9, 10]", "file": "data_handler.py", "line": "148", "module": "env", "process": "data_handler", "function": "handle_usr_conf", "stack": "", "pid": 115}
{"time": "2026-04-18 12:21:37.597301", "level": "INFO", "message": "env data_handler finish success", "file": "data_handler.py", "line": "189", "module": "env", "process": "data_handler", "function": "finish", "stack": "", "pid": 115}
{"time": "2026-04-18 12:21:37.597949", "level": "INFO", "message": "env env run once episode done, process_run_count is 215078", "file": "remote_env_server.py", "line": "298", "module": "env", "process": "remote_env_server", "function": "run_once", "stack": "", "pid": 115}
{"time": "2026-04-18 12:21:37.633037", "level": "INFO", "message": "env env recv reset message", "file": "remote_env_server.py", "line": "282", "module": "env", "process": "remote_env_server", "function": "run_once", "stack": "", "pid": 115}
{"time": "2026-04-18 12:21:37.633594", "level": "INFO", "message": "env Select map in order: episode=263, map_id=4 from map_list=[1, 2, 3, 4, 5, 6, 7, 8, 9, 10]", "file": "data_handler.py", "line": "148", "module": "env", "process": "data_handler", "function": "handle_usr_conf", "stack": "", "pid": 115}
{"time": "2026-04-18 12:21:38.719844", "level": "INFO", "message": "env data_handler finish success", "file": "data_handler.py", "line": "189", "module": "env", "process": "data_handler", "function": "finish", "stack": "", "pid": 115}
{"time": "2026-04-18 12:21:38.720409", "level": "INFO", "message": "env env run once episode done, process_run_count is 215225", "file": "remote_env_server.py", "line": "298", "module": "env", "process": "remote_env_server", "function": "run_once", "stack": "", "pid": 115}
{"time": "2026-04-18 12:21:38.727911", "level": "INFO", "message": "env env recv reset message", "file": "remote_env_server.py", "line": "282", "module": "env", "process": "remote_env_server", "function": "run_once", "stack": "", "pid": 115}
{"time": "2026-04-18 12:21:38.728614", "level": "INFO", "message": "env Select map in order: episode=264, map_id=5 from map_list=[1, 2, 3, 4, 5, 6, 7, 8, 9, 10]", "file": "data_handler.py", "line": "148", "module": "env", "process": "data_handler", "function": "handle_usr_conf", "stack": "", "pid": 115}
{"time": "2026-04-18 12:21:41.282487", "level": "INFO", "message": "env data_handler finish success", "file": "data_handler.py", "line": "189", "module": "env", "process": "data_handler", "function": "finish", "stack": "", "pid": 115}
{"time": "2026-04-18 12:21:41.283191", "level": "INFO", "message": "env env run once episode done, process_run_count is 215599", "file": "remote_env_server.py", "line": "298", "module": "env", "process": "remote_env_server", "function": "run_once", "stack": "", "pid": 115}
{"time": "2026-04-18 12:21:41.297979", "level": "INFO", "message": "env env recv reset message", "file": "remote_env_server.py", "line": "282", "module": "env", "process": "remote_env_server", "function": "run_once", "stack": "", "pid": 115}
{"time": "2026-04-18 12:21:41.298792", "level": "INFO", "message": "env Select map in order: episode=265, map_id=6 from map_list=[1, 2, 3, 4, 5, 6, 7, 8, 9, 10]", "file": "data_handler.py", "line": "148", "module": "env", "process": "data_handler", "function": "handle_usr_conf", "stack": "", "pid": 115}
{"time": "2026-04-18 12:21:42.864617", "level": "INFO", "message": "env data_handler finish success", "file": "data_handler.py", "line": "189", "module": "env", "process": "data_handler", "function": "finish", "stack": "", "pid": 115}
{"time": "2026-04-18 12:21:42.865040", "level": "INFO", "message": "env env run once episode done, process_run_count is 215816", "file": "remote_env_server.py", "line": "298", "module": "env", "process": "remote_env_server", "function": "run_once", "stack": "", "pid": 115}
{"time": "2026-04-18 12:21:42.875803", "level": "INFO", "message": "env env recv reset message", "file": "remote_env_server.py", "line": "282", "module": "env", "process": "remote_env_server", "function": "run_once", "stack": "", "pid": 115}
{"time": "2026-04-18 12:21:42.876649", "level": "INFO", "message": "env Select map in order: episode=266, map_id=7 from map_list=[1, 2, 3, 4, 5, 6, 7, 8, 9, 10]", "file": "data_handler.py", "line": "148", "module": "env", "process": "data_handler", "function": "handle_usr_conf", "stack": "", "pid": 115}
{"time": "2026-04-18 12:21:45.751477", "level": "INFO", "message": "env data_handler finish success", "file": "data_handler.py", "line": "189", "module": "env", "process": "data_handler", "function": "finish", "stack": "", "pid": 115}
{"time": "2026-04-18 12:21:45.757841", "level": "INFO", "message": "env env run once episode done, process_run_count is 216249", "file": "remote_env_server.py", "line": "298", "module": "env", "process": "remote_env_server", "function": "run_once", "stack": "", "pid": 115}
{"time": "2026-04-18 12:21:45.770443", "level": "INFO", "message": "env env recv reset message", "file": "remote_env_server.py", "line": "282", "module": "env", "process": "remote_env_server", "function": "run_once", "stack": "", "pid": 115}
{"time": "2026-04-18 12:21:45.771149", "level": "INFO", "message": "env Select map in order: episode=267, map_id=8 from map_list=[1, 2, 3, 4, 5, 6, 7, 8, 9, 10]", "file": "data_handler.py", "line": "148", "module": "env", "process": "data_handler", "function": "handle_usr_conf", "stack": "", "pid": 115}
{"time": "2026-04-18 12:21:51.120982", "level": "INFO", "message": "env data_handler finish success", "file": "data_handler.py", "line": "189", "module": "env", "process": "data_handler", "function": "finish", "stack": "", "pid": 115}
{"time": "2026-04-18 12:21:51.121875", "level": "INFO", "message": "env env run once episode done, process_run_count is 217065", "file": "remote_env_server.py", "line": "298", "module": "env", "process": "remote_env_server", "function": "run_once", "stack": "", "pid": 115}
{"time": "2026-04-18 12:21:51.151743", "level": "INFO", "message": "env env recv reset message", "file": "remote_env_server.py", "line": "282", "module": "env", "process": "remote_env_server", "function": "run_once", "stack": "", "pid": 115}
{"time": "2026-04-18 12:21:51.152416", "level": "INFO", "message": "env Select map in order: episode=268, map_id=9 from map_list=[1, 2, 3, 4, 5, 6, 7, 8, 9, 10]", "file": "data_handler.py", "line": "148", "module": "env", "process": "data_handler", "function": "handle_usr_conf", "stack": "", "pid": 115}
{"time": "2026-04-18 12:21:57.240686", "level": "INFO", "message": "env data_handler finish success", "file": "data_handler.py", "line": "189", "module": "env", "process": "data_handler", "function": "finish", "stack": "", "pid": 115}
{"time": "2026-04-18 12:21:57.241420", "level": "INFO", "message": "env env run once episode done, process_run_count is 218066", "file": "remote_env_server.py", "line": "298", "module": "env", "process": "remote_env_server", "function": "run_once", "stack": "", "pid": 115}
{"time": "2026-04-18 12:21:57.278573", "level": "INFO", "message": "env env recv reset message", "file": "remote_env_server.py", "line": "282", "module": "env", "process": "remote_env_server", "function": "run_once", "stack": "", "pid": 115}
{"time": "2026-04-18 12:21:57.279263", "level": "INFO", "message": "env Select map in order: episode=269, map_id=10 from map_list=[1, 2, 3, 4, 5, 6, 7, 8, 9, 10]", "file": "data_handler.py", "line": "148", "module": "env", "process": "data_handler", "function": "handle_usr_conf", "stack": "", "pid": 115}
{"time": "2026-04-18 12:22:03.759101", "level": "INFO", "message": "env data_handler finish success", "file": "data_handler.py", "line": "189", "module": "env", "process": "data_handler", "function": "finish", "stack": "", "pid": 115}
{"time": "2026-04-18 12:22:03.759884", "level": "INFO", "message": "env env run once episode done, process_run_count is 219067", "file": "remote_env_server.py", "line": "298", "module": "env", "process": "remote_env_server", "function": "run_once", "stack": "", "pid": 115}
{"time": "2026-04-18 12:22:03.795793", "level": "INFO", "message": "env env recv reset message", "file": "remote_env_server.py", "line": "282", "module": "env", "process": "remote_env_server", "function": "run_once", "stack": "", "pid": 115}
{"time": "2026-04-18 12:22:03.796320", "level": "INFO", "message": "env Select map in order: episode=270, map_id=1 from map_list=[1, 2, 3, 4, 5, 6, 7, 8, 9, 10]", "file": "data_handler.py", "line": "148", "module": "env", "process": "data_handler", "function": "handle_usr_conf", "stack": "", "pid": 115}
{"time": "2026-04-18 12:22:09.937948", "level": "INFO", "message": "env data_handler finish success", "file": "data_handler.py", "line": "189", "module": "env", "process": "data_handler", "function": "finish", "stack": "", "pid": 115}
{"time": "2026-04-18 12:22:09.938532", "level": "INFO", "message": "env env run once episode done, process_run_count is 220068", "file": "remote_env_server.py", "line": "298", "module": "env", "process": "remote_env_server", "function": "run_once", "stack": "", "pid": 115}
{"time": "2026-04-18 12:22:09.972249", "level": "INFO", "message": "env env recv reset message", "file": "remote_env_server.py", "line": "282", "module": "env", "process": "remote_env_server", "function": "run_once", "stack": "", "pid": 115}
{"time": "2026-04-18 12:22:09.972841", "level": "INFO", "message": "env Select map in order: episode=271, map_id=2 from map_list=[1, 2, 3, 4, 5, 6, 7, 8, 9, 10]", "file": "data_handler.py", "line": "148", "module": "env", "process": "data_handler", "function": "handle_usr_conf", "stack": "", "pid": 115}
{"time": "2026-04-18 12:22:11.345634", "level": "INFO", "message": "env data_handler finish success", "file": "data_handler.py", "line": "189", "module": "env", "process": "data_handler", "function": "finish", "stack": "", "pid": 115}
{"time": "2026-04-18 12:22:11.346183", "level": "INFO", "message": "env env run once episode done, process_run_count is 220269", "file": "remote_env_server.py", "line": "298", "module": "env", "process": "remote_env_server", "function": "run_once", "stack": "", "pid": 115}
{"time": "2026-04-18 12:22:11.356267", "level": "INFO", "message": "env env recv reset message", "file": "remote_env_server.py", "line": "282", "module": "env", "process": "remote_env_server", "function": "run_once", "stack": "", "pid": 115}
{"time": "2026-04-18 12:22:11.356854", "level": "INFO", "message": "env Select map in order: episode=272, map_id=3 from map_list=[1, 2, 3, 4, 5, 6, 7, 8, 9, 10]", "file": "data_handler.py", "line": "148", "module": "env", "process": "data_handler", "function": "handle_usr_conf", "stack": "", "pid": 115}
{"time": "2026-04-18 12:22:15.773184", "level": "INFO", "message": "env data_handler finish success", "file": "data_handler.py", "line": "189", "module": "env", "process": "data_handler", "function": "finish", "stack": "", "pid": 115}
{"time": "2026-04-18 12:22:15.773669", "level": "INFO", "message": "env env run once episode done, process_run_count is 221145", "file": "remote_env_server.py", "line": "298", "module": "env", "process": "remote_env_server", "function": "run_once", "stack": "", "pid": 115}
{"time": "2026-04-18 12:22:15.805412", "level": "INFO", "message": "env env recv reset message", "file": "remote_env_server.py", "line": "282", "module": "env", "process": "remote_env_server", "function": "run_once", "stack": "", "pid": 115}
{"time": "2026-04-18 12:22:15.806016", "level": "INFO", "message": "env Select map in order: episode=273, map_id=4 from map_list=[1, 2, 3, 4, 5, 6, 7, 8, 9, 10]", "file": "data_handler.py", "line": "148", "module": "env", "process": "data_handler", "function": "handle_usr_conf", "stack": "", "pid": 115}
{"time": "2026-04-18 12:22:21.843945", "level": "INFO", "message": "env data_handler finish success", "file": "data_handler.py", "line": "189", "module": "env", "process": "data_handler", "function": "finish", "stack": "", "pid": 115}
{"time": "2026-04-18 12:22:21.844586", "level": "INFO", "message": "env env run once episode done, process_run_count is 222146", "file": "remote_env_server.py", "line": "298", "module": "env", "process": "remote_env_server", "function": "run_once", "stack": "", "pid": 115}
{"time": "2026-04-18 12:22:21.878597", "level": "INFO", "message": "env env recv reset message", "file": "remote_env_server.py", "line": "282", "module": "env", "process": "remote_env_server", "function": "run_once", "stack": "", "pid": 115}
{"time": "2026-04-18 12:22:21.879260", "level": "INFO", "message": "env Select map in order: episode=274, map_id=5 from map_list=[1, 2, 3, 4, 5, 6, 7, 8, 9, 10]", "file": "data_handler.py", "line": "148", "module": "env", "process": "data_handler", "function": "handle_usr_conf", "stack": "", "pid": 115}
{"time": "2026-04-18 12:22:27.408334", "level": "INFO", "message": "env finish monitor_data is {'total_score': 867, 'clean_score': 867, 'total_map': 10, 'map_random': 0, 'map_code': 5, 'max_steps': 1000, 'finished_steps': 1000, 'total_charger': 4, 'charge_count': 8, 'remaining_charge': 141}", "file": "monitor_helper.py", "line": "95", "module": "env", "process": "monitor_helper", "function": "finish", "stack": "", "pid": 115}
{"time": "2026-04-18 12:22:27.409229", "level": "INFO", "message": "env data_handler finish success", "file": "data_handler.py", "line": "189", "module": "env", "process": "data_handler", "function": "finish", "stack": "", "pid": 115}
{"time": "2026-04-18 12:22:27.409711", "level": "INFO", "message": "env env run once episode done, process_run_count is 223147", "file": "remote_env_server.py", "line": "298", "module": "env", "process": "remote_env_server", "function": "run_once", "stack": "", "pid": 115}
{"time": "2026-04-18 12:22:27.448133", "level": "INFO", "message": "env env recv reset message", "file": "remote_env_server.py", "line": "282", "module": "env", "process": "remote_env_server", "function": "run_once", "stack": "", "pid": 115}
{"time": "2026-04-18 12:22:27.448934", "level": "INFO", "message": "env Select map in order: episode=275, map_id=6 from map_list=[1, 2, 3, 4, 5, 6, 7, 8, 9, 10]", "file": "data_handler.py", "line": "148", "module": "env", "process": "data_handler", "function": "handle_usr_conf", "stack": "", "pid": 115}
{"time": "2026-04-18 12:22:31.591948", "level": "INFO", "message": "env data_handler finish success", "file": "data_handler.py", "line": "189", "module": "env", "process": "data_handler", "function": "finish", "stack": "", "pid": 115}
{"time": "2026-04-18 12:22:31.592662", "level": "INFO", "message": "env env run once episode done, process_run_count is 223818", "file": "remote_env_server.py", "line": "298", "module": "env", "process": "remote_env_server", "function": "run_once", "stack": "", "pid": 115}
{"time": "2026-04-18 12:22:31.617781", "level": "INFO", "message": "env env recv reset message", "file": "remote_env_server.py", "line": "282", "module": "env", "process": "remote_env_server", "function": "run_once", "stack": "", "pid": 115}
{"time": "2026-04-18 12:22:31.618511", "level": "INFO", "message": "env Select map in order: episode=276, map_id=7 from map_list=[1, 2, 3, 4, 5, 6, 7, 8, 9, 10]", "file": "data_handler.py", "line": "148", "module": "env", "process": "data_handler", "function": "handle_usr_conf", "stack": "", "pid": 115}
{"time": "2026-04-18 12:22:31.778537", "level": "INFO", "message": "env data_handler finish success", "file": "data_handler.py", "line": "189", "module": "env", "process": "data_handler", "function": "finish", "stack": "", "pid": 115}
{"time": "2026-04-18 12:22:31.779167", "level": "INFO", "message": "env env run once episode done, process_run_count is 223824", "file": "remote_env_server.py", "line": "298", "module": "env", "process": "remote_env_server", "function": "run_once", "stack": "", "pid": 115}
{"time": "2026-04-18 12:22:31.781123", "level": "INFO", "message": "env env recv reset message", "file": "remote_env_server.py", "line": "282", "module": "env", "process": "remote_env_server", "function": "run_once", "stack": "", "pid": 115}
{"time": "2026-04-18 12:22:31.781535", "level": "INFO", "message": "env Select map in order: episode=277, map_id=8 from map_list=[1, 2, 3, 4, 5, 6, 7, 8, 9, 10]", "file": "data_handler.py", "line": "148", "module": "env", "process": "data_handler", "function": "handle_usr_conf", "stack": "", "pid": 115}
{"time": "2026-04-18 12:22:37.862025", "level": "INFO", "message": "env data_handler finish success", "file": "data_handler.py", "line": "189", "module": "env", "process": "data_handler", "function": "finish", "stack": "", "pid": 115}
{"time": "2026-04-18 12:22:37.862469", "level": "INFO", "message": "env env run once episode done, process_run_count is 224825", "file": "remote_env_server.py", "line": "298", "module": "env", "process": "remote_env_server", "function": "run_once", "stack": "", "pid": 115}
{"time": "2026-04-18 12:22:37.896732", "level": "INFO", "message": "env env recv reset message", "file": "remote_env_server.py", "line": "282", "module": "env", "process": "remote_env_server", "function": "run_once", "stack": "", "pid": 115}
{"time": "2026-04-18 12:22:37.897356", "level": "INFO", "message": "env Select map in order: episode=278, map_id=9 from map_list=[1, 2, 3, 4, 5, 6, 7, 8, 9, 10]", "file": "data_handler.py", "line": "148", "module": "env", "process": "data_handler", "function": "handle_usr_conf", "stack": "", "pid": 115}
{"time": "2026-04-18 12:22:43.875323", "level": "INFO", "message": "env data_handler finish success", "file": "data_handler.py", "line": "189", "module": "env", "process": "data_handler", "function": "finish", "stack": "", "pid": 115}
{"time": "2026-04-18 12:22:43.878355", "level": "INFO", "message": "env env run once episode done, process_run_count is 225785", "file": "remote_env_server.py", "line": "298", "module": "env", "process": "remote_env_server", "function": "run_once", "stack": "", "pid": 115}
{"time": "2026-04-18 12:22:43.911070", "level": "INFO", "message": "env env recv reset message", "file": "remote_env_server.py", "line": "282", "module": "env", "process": "remote_env_server", "function": "run_once", "stack": "", "pid": 115}
{"time": "2026-04-18 12:22:43.911558", "level": "INFO", "message": "env Select map in order: episode=279, map_id=10 from map_list=[1, 2, 3, 4, 5, 6, 7, 8, 9, 10]", "file": "data_handler.py", "line": "148", "module": "env", "process": "data_handler", "function": "handle_usr_conf", "stack": "", "pid": 115}
{"time": "2026-04-18 12:22:50.027313", "level": "INFO", "message": "env data_handler finish success", "file": "data_handler.py", "line": "189", "module": "env", "process": "data_handler", "function": "finish", "stack": "", "pid": 115}
{"time": "2026-04-18 12:22:50.027829", "level": "INFO", "message": "env env run once episode done, process_run_count is 226786", "file": "remote_env_server.py", "line": "298", "module": "env", "process": "remote_env_server", "function": "run_once", "stack": "", "pid": 115}
{"time": "2026-04-18 12:22:50.060963", "level": "INFO", "message": "env env recv reset message", "file": "remote_env_server.py", "line": "282", "module": "env", "process": "remote_env_server", "function": "run_once", "stack": "", "pid": 115}
{"time": "2026-04-18 12:22:50.061520", "level": "INFO", "message": "env Select map in order: episode=280, map_id=1 from map_list=[1, 2, 3, 4, 5, 6, 7, 8, 9, 10]", "file": "data_handler.py", "line": "148", "module": "env", "process": "data_handler", "function": "handle_usr_conf", "stack": "", "pid": 115}
{"time": "2026-04-18 12:22:55.209831", "level": "INFO", "message": "env data_handler finish success", "file": "data_handler.py", "line": "189", "module": "env", "process": "data_handler", "function": "finish", "stack": "", "pid": 115}
{"time": "2026-04-18 12:22:55.210262", "level": "INFO", "message": "env env run once episode done, process_run_count is 227787", "file": "remote_env_server.py", "line": "298", "module": "env", "process": "remote_env_server", "function": "run_once", "stack": "", "pid": 115}
{"time": "2026-04-18 12:22:55.244000", "level": "INFO", "message": "env env recv reset message", "file": "remote_env_server.py", "line": "282", "module": "env", "process": "remote_env_server", "function": "run_once", "stack": "", "pid": 115}
{"time": "2026-04-18 12:22:55.244556", "level": "INFO", "message": "env Select map in order: episode=281, map_id=2 from map_list=[1, 2, 3, 4, 5, 6, 7, 8, 9, 10]", "file": "data_handler.py", "line": "148", "module": "env", "process": "data_handler", "function": "handle_usr_conf", "stack": "", "pid": 115}
{"time": "2026-04-18 12:23:00.319808", "level": "INFO", "message": "env data_handler finish success", "file": "data_handler.py", "line": "189", "module": "env", "process": "data_handler", "function": "finish", "stack": "", "pid": 115}
{"time": "2026-04-18 12:23:00.320446", "level": "INFO", "message": "env env run once episode done, process_run_count is 228615", "file": "remote_env_server.py", "line": "298", "module": "env", "process": "remote_env_server", "function": "run_once", "stack": "", "pid": 115}
{"time": "2026-04-18 12:23:00.347941", "level": "INFO", "message": "env env recv reset message", "file": "remote_env_server.py", "line": "282", "module": "env", "process": "remote_env_server", "function": "run_once", "stack": "", "pid": 115}
{"time": "2026-04-18 12:23:00.348705", "level": "INFO", "message": "env Select map in order: episode=282, map_id=3 from map_list=[1, 2, 3, 4, 5, 6, 7, 8, 9, 10]", "file": "data_handler.py", "line": "148", "module": "env", "process": "data_handler", "function": "handle_usr_conf", "stack": "", "pid": 115}
{"time": "2026-04-18 12:23:06.731655", "level": "INFO", "message": "env data_handler finish success", "file": "data_handler.py", "line": "189", "module": "env", "process": "data_handler", "function": "finish", "stack": "", "pid": 115}
{"time": "2026-04-18 12:23:06.732241", "level": "INFO", "message": "env env run once episode done, process_run_count is 229616", "file": "remote_env_server.py", "line": "298", "module": "env", "process": "remote_env_server", "function": "run_once", "stack": "", "pid": 115}
{"time": "2026-04-18 12:23:06.766207", "level": "INFO", "message": "env env recv reset message", "file": "remote_env_server.py", "line": "282", "module": "env", "process": "remote_env_server", "function": "run_once", "stack": "", "pid": 115}
{"time": "2026-04-18 12:23:06.766828", "level": "INFO", "message": "env Select map in order: episode=283, map_id=4 from map_list=[1, 2, 3, 4, 5, 6, 7, 8, 9, 10]", "file": "data_handler.py", "line": "148", "module": "env", "process": "data_handler", "function": "handle_usr_conf", "stack": "", "pid": 115}
{"time": "2026-04-18 12:23:09.059623", "level": "INFO", "message": "env data_handler finish success", "file": "data_handler.py", "line": "189", "module": "env", "process": "data_handler", "function": "finish", "stack": "", "pid": 115}
{"time": "2026-04-18 12:23:09.060343", "level": "INFO", "message": "env env run once episode done, process_run_count is 229974", "file": "remote_env_server.py", "line": "298", "module": "env", "process": "remote_env_server", "function": "run_once", "stack": "", "pid": 115}
{"time": "2026-04-18 12:23:09.075039", "level": "INFO", "message": "env env recv reset message", "file": "remote_env_server.py", "line": "282", "module": "env", "process": "remote_env_server", "function": "run_once", "stack": "", "pid": 115}
{"time": "2026-04-18 12:23:09.075883", "level": "INFO", "message": "env Select map in order: episode=284, map_id=5 from map_list=[1, 2, 3, 4, 5, 6, 7, 8, 9, 10]", "file": "data_handler.py", "line": "148", "module": "env", "process": "data_handler", "function": "handle_usr_conf", "stack": "", "pid": 115}
{"time": "2026-04-18 12:23:10.408800", "level": "INFO", "message": "env data_handler finish success", "file": "data_handler.py", "line": "189", "module": "env", "process": "data_handler", "function": "finish", "stack": "", "pid": 115}
{"time": "2026-04-18 12:23:10.409505", "level": "INFO", "message": "env env run once episode done, process_run_count is 230175", "file": "remote_env_server.py", "line": "298", "module": "env", "process": "remote_env_server", "function": "run_once", "stack": "", "pid": 115}
{"time": "2026-04-18 12:23:10.418600", "level": "INFO", "message": "env env recv reset message", "file": "remote_env_server.py", "line": "282", "module": "env", "process": "remote_env_server", "function": "run_once", "stack": "", "pid": 115}
{"time": "2026-04-18 12:23:10.419309", "level": "INFO", "message": "env Select map in order: episode=285, map_id=6 from map_list=[1, 2, 3, 4, 5, 6, 7, 8, 9, 10]", "file": "data_handler.py", "line": "148", "module": "env", "process": "data_handler", "function": "handle_usr_conf", "stack": "", "pid": 115}
{"time": "2026-04-18 12:23:11.714506", "level": "INFO", "message": "env data_handler finish success", "file": "data_handler.py", "line": "189", "module": "env", "process": "data_handler", "function": "finish", "stack": "", "pid": 115}
{"time": "2026-04-18 12:23:11.714966", "level": "INFO", "message": "env env run once episode done, process_run_count is 230376", "file": "remote_env_server.py", "line": "298", "module": "env", "process": "remote_env_server", "function": "run_once", "stack": "", "pid": 115}
{"time": "2026-04-18 12:23:11.724170", "level": "INFO", "message": "env env recv reset message", "file": "remote_env_server.py", "line": "282", "module": "env", "process": "remote_env_server", "function": "run_once", "stack": "", "pid": 115}
{"time": "2026-04-18 12:23:11.724718", "level": "INFO", "message": "env Select map in order: episode=286, map_id=7 from map_list=[1, 2, 3, 4, 5, 6, 7, 8, 9, 10]", "file": "data_handler.py", "line": "148", "module": "env", "process": "data_handler", "function": "handle_usr_conf", "stack": "", "pid": 115}
{"time": "2026-04-18 12:23:17.724193", "level": "INFO", "message": "env data_handler finish success", "file": "data_handler.py", "line": "189", "module": "env", "process": "data_handler", "function": "finish", "stack": "", "pid": 115}
{"time": "2026-04-18 12:23:17.724771", "level": "INFO", "message": "env env run once episode done, process_run_count is 231362", "file": "remote_env_server.py", "line": "298", "module": "env", "process": "remote_env_server", "function": "run_once", "stack": "", "pid": 115}
{"time": "2026-04-18 12:23:17.759983", "level": "INFO", "message": "env env recv reset message", "file": "remote_env_server.py", "line": "282", "module": "env", "process": "remote_env_server", "function": "run_once", "stack": "", "pid": 115}
{"time": "2026-04-18 12:23:17.760768", "level": "INFO", "message": "env Select map in order: episode=287, map_id=8 from map_list=[1, 2, 3, 4, 5, 6, 7, 8, 9, 10]", "file": "data_handler.py", "line": "148", "module": "env", "process": "data_handler", "function": "handle_usr_conf", "stack": "", "pid": 115}
{"time": "2026-04-18 12:23:23.845377", "level": "INFO", "message": "env data_handler finish success", "file": "data_handler.py", "line": "189", "module": "env", "process": "data_handler", "function": "finish", "stack": "", "pid": 115}
{"time": "2026-04-18 12:23:23.846115", "level": "INFO", "message": "env env run once episode done, process_run_count is 232363", "file": "remote_env_server.py", "line": "298", "module": "env", "process": "remote_env_server", "function": "run_once", "stack": "", "pid": 115}
{"time": "2026-04-18 12:23:23.458206", "level": "INFO", "message": "env env recv reset message", "file": "remote_env_server.py", "line": "282", "module": "env", "process": "remote_env_server", "function": "run_once", "stack": "", "pid": 115}
{"time": "2026-04-18 12:23:23.458881", "level": "INFO", "message": "env Select map in order: episode=288, map_id=9 from map_list=[1, 2, 3, 4, 5, 6, 7, 8, 9, 10]", "file": "data_handler.py", "line": "148", "module": "env", "process": "data_handler", "function": "handle_usr_conf", "stack": "", "pid": 115}
{"time": "2026-04-18 12:23:27.548625", "level": "INFO", "message": "env finish monitor_data is {'total_score': 652, 'clean_score': 652, 'total_map': 10, 'map_random': 0, 'map_code': 9, 'max_steps': 1000, 'finished_steps': 758, 'total_charger': 4, 'charge_count': 5, 'remaining_charge': 0}", "file": "monitor_helper.py", "line": "95", "module": "env", "process": "monitor_helper", "function": "finish", "stack": "", "pid": 115}
{"time": "2026-04-18 12:23:27.549268", "level": "INFO", "message": "env data_handler finish success", "file": "data_handler.py", "line": "189", "module": "env", "process": "data_handler", "function": "finish", "stack": "", "pid": 115}
{"time": "2026-04-18 12:23:27.549665", "level": "INFO", "message": "env env run once episode done, process_run_count is 233122", "file": "remote_env_server.py", "line": "298", "module": "env", "process": "remote_env_server", "function": "run_once", "stack": "", "pid": 115}
{"time": "2026-04-18 12:23:27.580647", "level": "INFO", "message": "env env recv reset message", "file": "remote_env_server.py", "line": "282", "module": "env", "process": "remote_env_server", "function": "run_once", "stack": "", "pid": 115}
{"time": "2026-04-18 12:23:27.581279", "level": "INFO", "message": "env Select map in order: episode=289, map_id=10 from map_list=[1, 2, 3, 4, 5, 6, 7, 8, 9, 10]", "file": "data_handler.py", "line": "148", "module": "env", "process": "data_handler", "function": "handle_usr_conf", "stack": "", "pid": 115}
{"time": "2026-04-18 12:23:33.478043", "level": "INFO", "message": "env data_handler finish success", "file": "data_handler.py", "line": "189", "module": "env", "process": "data_handler", "function": "finish", "stack": "", "pid": 115}
{"time": "2026-04-18 12:23:33.478535", "level": "INFO", "message": "env env run once episode done, process_run_count is 234091", "file": "remote_env_server.py", "line": "298", "module": "env", "process": "remote_env_server", "function": "run_once", "stack": "", "pid": 115}
{"time": "2026-04-18 12:23:33.510297", "level": "INFO", "message": "env env recv reset message", "file": "remote_env_server.py", "line": "282", "module": "env", "process": "remote_env_server", "function": "run_once", "stack": "", "pid": 115}
{"time": "2026-04-18 12:23:33.511004", "level": "INFO", "message": "env Select map in order: episode=290, map_id=1 from map_list=[1, 2, 3, 4, 5, 6, 7, 8, 9, 10]", "file": "data_handler.py", "line": "148", "module": "env", "process": "data_handler", "function": "handle_usr_conf", "stack": "", "pid": 115}
{"time": "2026-04-18 12:23:37.823141", "level": "INFO", "message": "env data_handler finish success", "file": "data_handler.py", "line": "189", "module": "env", "process": "data_handler", "function": "finish", "stack": "", "pid": 115}
{"time": "2026-04-18 12:23:37.823820", "level": "INFO", "message": "env env run once episode done, process_run_count is 234780", "file": "remote_env_server.py", "line": "298", "module": "env", "process": "remote_env_server", "function": "run_once", "stack": "", "pid": 115}
{"time": "2026-04-18 12:23:37.846653", "level": "INFO", "message": "env env recv reset message", "file": "remote_env_server.py", "line": "282", "module": "env", "process": "remote_env_server", "function": "run_once", "stack": "", "pid": 115}
{"time": "2026-04-18 12:23:37.847340", "level": "INFO", "message": "env Select map in order: episode=291, map_id=2 from map_list=[1, 2, 3, 4, 5, 6, 7, 8, 9, 10]", "file": "data_handler.py", "line": "148", "module": "env", "process": "data_handler", "function": "handle_usr_conf", "stack": "", "pid": 115}
{"time": "2026-04-18 12:23:44.099915", "level": "INFO", "message": "env data_handler finish success", "file": "data_handler.py", "line": "189", "module": "env", "process": "data_handler", "function": "finish", "stack": "", "pid": 115}
{"time": "2026-04-18 12:23:44.100578", "level": "INFO", "message": "env env run once episode done, process_run_count is 235781", "file": "remote_env_server.py", "line": "298", "module": "env", "process": "remote_env_server", "function": "run_once", "stack": "", "pid": 115}
{"time": "2026-04-18 12:23:44.134688", "level": "INFO", "message": "env env recv reset message", "file": "remote_env_server.py", "line": "282", "module": "env", "process": "remote_env_server", "function": "run_once", "stack": "", "pid": 115}
{"time": "2026-04-18 12:23:44.138927", "level": "INFO", "message": "env Select map in order: episode=292, map_id=3 from map_list=[1, 2, 3, 4, 5, 6, 7, 8, 9, 10]", "file": "data_handler.py", "line": "148", "module": "env", "process": "data_handler", "function": "handle_usr_conf", "stack": "", "pid": 115}
{"time": "2026-04-18 12:23:48.832756", "level": "INFO", "message": "env data_handler finish success", "file": "data_handler.py", "line": "189", "module": "env", "process": "data_handler", "function": "finish", "stack": "", "pid": 115}
{"time": "2026-04-18 12:23:48.833362", "level": "INFO", "message": "env env run once episode done, process_run_count is 236538", "file": "remote_env_server.py", "line": "298", "module": "env", "process": "remote_env_server", "function": "run_once", "stack": "", "pid": 115}
{"time": "2026-04-18 12:23:48.859783", "level": "INFO", "message": "env env recv reset message", "file": "remote_env_server.py", "line": "282", "module": "env", "process": "remote_env_server", "function": "run_once", "stack": "", "pid": 115}
{"time": "2026-04-18 12:23:48.860481", "level": "INFO", "message": "env Select map in order: episode=293, map_id=4 from map_list=[1, 2, 3, 4, 5, 6, 7, 8, 9, 10]", "file": "data_handler.py", "line": "148", "module": "env", "process": "data_handler", "function": "handle_usr_conf", "stack": "", "pid": 115}
{"time": "2026-04-18 12:23:54.105395", "level": "INFO", "message": "env data_handler finish success", "file": "data_handler.py", "line": "189", "module": "env", "process": "data_handler", "function": "finish", "stack": "", "pid": 115}
{"time": "2026-04-18 12:23:54.106208", "level": "INFO", "message": "env env run once episode done, process_run_count is 237539", "file": "remote_env_server.py", "line": "298", "module": "env", "process": "remote_env_server", "function": "run_once", "stack": "", "pid": 115}
{"time": "2026-04-18 12:23:54.138997", "level": "INFO", "message": "env env recv reset message", "file": "remote_env_server.py", "line": "282", "module": "env", "process": "remote_env_server", "function": "run_once", "stack": "", "pid": 115}
{"time": "2026-04-18 12:23:54.142601", "level": "INFO", "message": "env Select map in order: episode=294, map_id=5 from map_list=[1, 2, 3, 4, 5, 6, 7, 8, 9, 10]", "file": "data_handler.py", "line": "148", "module": "env", "process": "data_handler", "function": "handle_usr_conf", "stack": "", "pid": 115}
{"time": "2026-04-18 12:23:59.462454", "level": "INFO", "message": "env data_handler finish success", "file": "data_handler.py", "line": "189", "module": "env", "process": "data_handler", "function": "finish", "stack": "", "pid": 115}
{"time": "2026-04-18 12:23:59.463134", "level": "INFO", "message": "env env run once episode done, process_run_count is 238417", "file": "remote_env_server.py", "line": "298", "module": "env", "process": "remote_env_server", "function": "run_once", "stack": "", "pid": 115}
{"time": "2026-04-18 12:23:59.493760", "level": "INFO", "message": "env env recv reset message", "file": "remote_env_server.py", "line": "282", "module": "env", "process": "remote_env_server", "function": "run_once", "stack": "", "pid": 115}
{"time": "2026-04-18 12:23:59.494420", "level": "INFO", "message": "env Select map in order: episode=295, map_id=6 from map_list=[1, 2, 3, 4, 5, 6, 7, 8, 9, 10]", "file": "data_handler.py", "line": "148", "module": "env", "process": "data_handler", "function": "handle_usr_conf", "stack": "", "pid": 115}
{"time": "2026-04-18 12:24:01.819619", "level": "INFO", "message": "env data_handler finish success", "file": "data_handler.py", "line": "189", "module": "env", "process": "data_handler", "function": "finish", "stack": "", "pid": 115}
{"time": "2026-04-18 12:24:01.820328", "level": "INFO", "message": "env env run once episode done, process_run_count is 238782", "file": "remote_env_server.py", "line": "298", "module": "env", "process": "remote_env_server", "function": "run_once", "stack": "", "pid": 115}
{"time": "2026-04-18 12:24:01.834102", "level": "INFO", "message": "env env recv reset message", "file": "remote_env_server.py", "line": "282", "module": "env", "process": "remote_env_server", "function": "run_once", "stack": "", "pid": 115}
{"time": "2026-04-18 12:24:01.834935", "level": "INFO", "message": "env Select map in order: episode=296, map_id=7 from map_list=[1, 2, 3, 4, 5, 6, 7, 8, 9, 10]", "file": "data_handler.py", "line": "148", "module": "env", "process": "data_handler", "function": "handle_usr_conf", "stack": "", "pid": 115}
{"time": "2026-04-18 12:24:07.992716", "level": "INFO", "message": "env data_handler finish success", "file": "data_handler.py", "line": "189", "module": "env", "process": "data_handler", "function": "finish", "stack": "", "pid": 115}
{"time": "2026-04-18 12:24:07.993281", "level": "INFO", "message": "env env run once episode done, process_run_count is 239783", "file": "remote_env_server.py", "line": "298", "module": "env", "process": "remote_env_server", "function": "run_once", "stack": "", "pid": 115}
{"time": "2026-04-18 12:24:08.030239", "level": "INFO", "message": "env env recv reset message", "file": "remote_env_server.py", "line": "282", "module": "env", "process": "remote_env_server", "function": "run_once", "stack": "", "pid": 115}
{"time": "2026-04-18 12:24:08.030857", "level": "INFO", "message": "env Select map in order: episode=297, map_id=8 from map_list=[1, 2, 3, 4, 5, 6, 7, 8, 9, 10]", "file": "data_handler.py", "line": "148", "module": "env", "process": "data_handler", "function": "handle_usr_conf", "stack": "", "pid": 115}
{"time": "2026-04-18 12:24:12.002765", "level": "INFO", "message": "env data_handler finish success", "file": "data_handler.py", "line": "189", "module": "env", "process": "data_handler", "function": "finish", "stack": "", "pid": 115}
{"time": "2026-04-18 12:24:12.003392", "level": "INFO", "message": "env env run once episode done, process_run_count is 240430", "file": "remote_env_server.py", "line": "298", "module": "env", "process": "remote_env_server", "function": "run_once", "stack": "", "pid": 115}
{"time": "2026-04-18 12:24:12.026868", "level": "INFO", "message": "env env recv reset message", "file": "remote_env_server.py", "line": "282", "module": "env", "process": "remote_env_server", "function": "run_once", "stack": "", "pid": 115}
{"time": "2026-04-18 12:24:12.027546", "level": "INFO", "message": "env Select map in order: episode=298, map_id=9 from map_list=[1, 2, 3, 4, 5, 6, 7, 8, 9, 10]", "file": "data_handler.py", "line": "148", "module": "env", "process": "data_handler", "function": "handle_usr_conf", "stack": "", "pid": 115}
{"time": "2026-04-18 12:24:18.138112", "level": "INFO", "message": "env data_handler finish success", "file": "data_handler.py", "line": "189", "module": "env", "process": "data_handler", "function": "finish", "stack": "", "pid": 115}
{"time": "2026-04-18 12:24:18.138612", "level": "INFO", "message": "env env run once episode done, process_run_count is 241431", "file": "remote_env_server.py", "line": "298", "module": "env", "process": "remote_env_server", "function": "run_once", "stack": "", "pid": 115}
{"time": "2026-04-18 12:24:18.173758", "level": "INFO", "message": "env env recv reset message", "file": "remote_env_server.py", "line": "282", "module": "env", "process": "remote_env_server", "function": "run_once", "stack": "", "pid": 115}
{"time": "2026-04-18 12:24:18.174275", "level": "INFO", "message": "env Select map in order: episode=299, map_id=10 from map_list=[1, 2, 3, 4, 5, 6, 7, 8, 9, 10]", "file": "data_handler.py", "line": "148", "module": "env", "process": "data_handler", "function": "handle_usr_conf", "stack": "", "pid": 115}
{"time": "2026-04-18 12:24:23.293016", "level": "INFO", "message": "env data_handler finish success", "file": "data_handler.py", "line": "189", "module": "env", "process": "data_handler", "function": "finish", "stack": "", "pid": 115}
{"time": "2026-04-18 12:24:23.293524", "level": "INFO", "message": "env env run once episode done, process_run_count is 242432", "file": "remote_env_server.py", "line": "298", "module": "env", "process": "remote_env_server", "function": "run_once", "stack": "", "pid": 115}
{"time": "2026-04-18 12:24:23.329622", "level": "INFO", "message": "env env recv reset message", "file": "remote_env_server.py", "line": "282", "module": "env", "process": "remote_env_server", "function": "run_once", "stack": "", "pid": 115}
{"time": "2026-04-18 12:24:23.330420", "level": "INFO", "message": "env Select map in order: episode=300, map_id=1 from map_list=[1, 2, 3, 4, 5, 6, 7, 8, 9, 10]", "file": "data_handler.py", "line": "148", "module": "env", "process": "data_handler", "function": "handle_usr_conf", "stack": "", "pid": 115}
{"time": "2026-04-18 12:24:28.575835", "level": "INFO", "message": "env finish monitor_data is {'total_score': 775, 'clean_score': 775, 'total_map': 10, 'map_random': 0, 'map_code': 1, 'max_steps': 1000, 'finished_steps': 855, 'total_charger': 4, 'charge_count': 7, 'remaining_charge': 0}", "file": "monitor_helper.py", "line": "95", "module": "env", "process": "monitor_helper", "function": "finish", "stack": "", "pid": 115}
{"time": "2026-04-18 12:24:28.576391", "level": "INFO", "message": "env data_handler finish success", "file": "data_handler.py", "line": "189", "module": "env", "process": "data_handler", "function": "finish", "stack": "", "pid": 115}
{"time": "2026-04-18 12:24:28.576915", "level": "INFO", "message": "env env run once episode done, process_run_count is 243288", "file": "remote_env_server.py", "line": "298", "module": "env", "process": "remote_env_server", "function": "run_once", "stack": "", "pid": 115}
{"time": "2026-04-18 12:24:28.612205", "level": "INFO", "message": "env env recv reset message", "file": "remote_env_server.py", "line": "282", "module": "env", "process": "remote_env_server", "function": "run_once", "stack": "", "pid": 115}
{"time": "2026-04-18 12:24:28.612758", "level": "INFO", "message": "env Select map in order: episode=301, map_id=2 from map_list=[1, 2, 3, 4, 5, 6, 7, 8, 9, 10]", "file": "data_handler.py", "line": "148", "module": "env", "process": "data_handler", "function": "handle_usr_conf", "stack": "", "pid": 115}
{"time": "2026-04-18 12:24:33.352937", "level": "INFO", "message": "env data_handler finish success", "file": "data_handler.py", "line": "189", "module": "env", "process": "data_handler", "function": "finish", "stack": "", "pid": 115}
{"time": "2026-04-18 12:24:33.353499", "level": "INFO", "message": "env env run once episode done, process_run_count is 244057", "file": "remote_env_server.py", "line": "298", "module": "env", "process": "remote_env_server", "function": "run_once", "stack": "", "pid": 115}
{"time": "2026-04-18 12:24:33.382144", "level": "INFO", "message": "env env recv reset message", "file": "remote_env_server.py", "line": "282", "module": "env", "process": "remote_env_server", "function": "run_once", "stack": "", "pid": 115}
{"time": "2026-04-18 12:24:33.382864", "level": "INFO", "message": "env Select map in order: episode=302, map_id=3 from map_list=[1, 2, 3, 4, 5, 6, 7, 8, 9, 10]", "file": "data_handler.py", "line": "148", "module": "env", "process": "data_handler", "function": "handle_usr_conf", "stack": "", "pid": 115}
{"time": "2026-04-18 12:24:36.818408", "level": "INFO", "message": "env data_handler finish success", "file": "data_handler.py", "line": "189", "module": "env", "process": "data_handler", "function": "finish", "stack": "", "pid": 115}
{"time": "2026-04-18 12:24:36.818957", "level": "INFO", "message": "env env run once episode done, process_run_count is 244609", "file": "remote_env_server.py", "line": "298", "module": "env", "process": "remote_env_server", "function": "run_once", "stack": "", "pid": 115}
{"time": "2026-04-18 12:24:36.838570", "level": "INFO", "message": "env env recv reset message", "file": "remote_env_server.py", "line": "282", "module": "env", "process": "remote_env_server", "function": "run_once", "stack": "", "pid": 115}
{"time": "2026-04-18 12:24:36.839254", "level": "INFO", "message": "env Select map in order: episode=303, map_id=4 from map_list=[1, 2, 3, 4, 5, 6, 7, 8, 9, 10]", "file": "data_handler.py", "line": "148", "module": "env", "process": "data_handler", "function": "handle_usr_conf", "stack": "", "pid": 115}
{"time": "2026-04-18 12:24:38.321285", "level": "INFO", "message": "env data_handler finish success", "file": "data_handler.py", "line": "189", "module": "env", "process": "data_handler", "function": "finish", "stack": "", "pid": 115}
{"time": "2026-04-18 12:24:38.321957", "level": "INFO", "message": "env env run once episode done, process_run_count is 244832", "file": "remote_env_server.py", "line": "298", "module": "env", "process": "remote_env_server", "function": "run_once", "stack": "", "pid": 115}
{"time": "2026-04-18 12:24:38.332322", "level": "INFO", "message": "env env recv reset message", "file": "remote_env_server.py", "line": "282", "module": "env", "process": "remote_env_server", "function": "run_once", "stack": "", "pid": 115}
{"time": "2026-04-18 12:24:38.333148", "level": "INFO", "message": "env Select map in order: episode=304, map_id=5 from map_list=[1, 2, 3, 4, 5, 6, 7, 8, 9, 10]", "file": "data_handler.py", "line": "148", "module": "env", "process": "data_handler", "function": "handle_usr_conf", "stack": "", "pid": 115}
{"time": "2026-04-18 12:24:44.456855", "level": "INFO", "message": "env data_handler finish success", "file": "data_handler.py", "line": "189", "module": "env", "process": "data_handler", "function": "finish", "stack": "", "pid": 115}
{"time": "2026-04-18 12:24:44.457394", "level": "INFO", "message": "env env run once episode done, process_run_count is 245833", "file": "remote_env_server.py", "line": "298", "module": "env", "process": "remote_env_server", "function": "run_once", "stack": "", "pid": 115}
{"time": "2026-04-18 12:24:44.492036", "level": "INFO", "message": "env env recv reset message", "file": "remote_env_server.py", "line": "282", "module": "env", "process": "remote_env_server", "function": "run_once", "stack": "", "pid": 115}
{"time": "2026-04-18 12:24:44.492698", "level": "INFO", "message": "env Select map in order: episode=305, map_id=6 from map_list=[1, 2, 3, 4, 5, 6, 7, 8, 9, 10]", "file": "data_handler.py", "line": "148", "module": "env", "process": "data_handler", "function": "handle_usr_conf", "stack": "", "pid": 115}
{"time": "2026-04-18 12:24:45.889331", "level": "INFO", "message": "env data_handler finish success", "file": "data_handler.py", "line": "189", "module": "env", "process": "data_handler", "function": "finish", "stack": "", "pid": 115}
{"time": "2026-04-18 12:24:45.890157", "level": "INFO", "message": "env env run once episode done, process_run_count is 246034", "file": "remote_env_server.py", "line": "298", "module": "env", "process": "remote_env_server", "function": "run_once", "stack": "", "pid": 115}
{"time": "2026-04-18 12:24:45.898744", "level": "INFO", "message": "env env recv reset message", "file": "remote_env_server.py", "line": "282", "module": "env", "process": "remote_env_server", "function": "run_once", "stack": "", "pid": 115}
{"time": "2026-04-18 12:24:45.899601", "level": "INFO", "message": "env Select map in order: episode=306, map_id=7 from map_list=[1, 2, 3, 4, 5, 6, 7, 8, 9, 10]", "file": "data_handler.py", "line": "148", "module": "env", "process": "data_handler", "function": "handle_usr_conf", "stack": "", "pid": 115}
{"time": "2026-04-18 12:24:47.222073", "level": "INFO", "message": "env data_handler finish success", "file": "data_handler.py", "line": "189", "module": "env", "process": "data_handler", "function": "finish", "stack": "", "pid": 115}
{"time": "2026-04-18 12:24:47.222620", "level": "INFO", "message": "env env run once episode done, process_run_count is 246235", "file": "remote_env_server.py", "line": "298", "module": "env", "process": "remote_env_server", "function": "run_once", "stack": "", "pid": 115}
{"time": "2026-04-18 12:24:47.231623", "level": "INFO", "message": "env env recv reset message", "file": "remote_env_server.py", "line": "282", "module": "env", "process": "remote_env_server", "function": "run_once", "stack": "", "pid": 115}
{"time": "2026-04-18 12:24:47.232107", "level": "INFO", "message": "env Select map in order: episode=307, map_id=8 from map_list=[1, 2, 3, 4, 5, 6, 7, 8, 9, 10]", "file": "data_handler.py", "line": "148", "module": "env", "process": "data_handler", "function": "handle_usr_conf", "stack": "", "pid": 115}
{"time": "2026-04-18 12:24:52.351943", "level": "INFO", "message": "env data_handler finish success", "file": "data_handler.py", "line": "189", "module": "env", "process": "data_handler", "function": "finish", "stack": "", "pid": 115}
{"time": "2026-04-18 12:24:52.352543", "level": "INFO", "message": "env env run once episode done, process_run_count is 247236", "file": "remote_env_server.py", "line": "298", "module": "env", "process": "remote_env_server", "function": "run_once", "stack": "", "pid": 115}
{"time": "2026-04-18 12:24:52.387409", "level": "INFO", "message": "env env recv reset message", "file": "remote_env_server.py", "line": "282", "module": "env", "process": "remote_env_server", "function": "run_once", "stack": "", "pid": 115}
{"time": "2026-04-18 12:24:52.387999", "level": "INFO", "message": "env Select map in order: episode=308, map_id=9 from map_list=[1, 2, 3, 4, 5, 6, 7, 8, 9, 10]", "file": "data_handler.py", "line": "148", "module": "env", "process": "data_handler", "function": "handle_usr_conf", "stack": "", "pid": 115}
{"time": "2026-04-18 12:24:58.440934", "level": "INFO", "message": "env data_handler finish success", "file": "data_handler.py", "line": "189", "module": "env", "process": "data_handler", "function": "finish", "stack": "", "pid": 115}
{"time": "2026-04-18 12:24:58.441486", "level": "INFO", "message": "env env run once episode done, process_run_count is 248237", "file": "remote_env_server.py", "line": "298", "module": "env", "process": "remote_env_server", "function": "run_once", "stack": "", "pid": 115}
{"time": "2026-04-18 12:24:58.473922", "level": "INFO", "message": "env env recv reset message", "file": "remote_env_server.py", "line": "282", "module": "env", "process": "remote_env_server", "function": "run_once", "stack": "", "pid": 115}
{"time": "2026-04-18 12:24:58.474854", "level": "INFO", "message": "env Select map in order: episode=309, map_id=10 from map_list=[1, 2, 3, 4, 5, 6, 7, 8, 9, 10]", "file": "data_handler.py", "line": "148", "module": "env", "process": "data_handler", "function": "handle_usr_conf", "stack": "", "pid": 115}
{"time": "2026-04-18 12:25:04.569239", "level": "INFO", "message": "env data_handler finish success", "file": "data_handler.py", "line": "189", "module": "env", "process": "data_handler", "function": "finish", "stack": "", "pid": 115}
{"time": "2026-04-18 12:25:04.570893", "level": "INFO", "message": "env env run once episode done, process_run_count is 249238", "file": "remote_env_server.py", "line": "298", "module": "env", "process": "remote_env_server", "function": "run_once", "stack": "", "pid": 115}
{"time": "2026-04-18 12:25:04.604777", "level": "INFO", "message": "env env recv reset message", "file": "remote_env_server.py", "line": "282", "module": "env", "process": "remote_env_server", "function": "run_once", "stack": "", "pid": 115}
{"time": "2026-04-18 12:25:04.605379", "level": "INFO", "message": "env Select map in order: episode=310, map_id=1 from map_list=[1, 2, 3, 4, 5, 6, 7, 8, 9, 10]", "file": "data_handler.py", "line": "148", "module": "env", "process": "data_handler", "function": "handle_usr_conf", "stack": "", "pid": 115}
{"time": "2026-04-18 12:25:10.689042", "level": "INFO", "message": "env data_handler finish success", "file": "data_handler.py", "line": "189", "module": "env", "process": "data_handler", "function": "finish", "stack": "", "pid": 115}
{"time": "2026-04-18 12:25:10.689673", "level": "INFO", "message": "env env run once episode done, process_run_count is 250239", "file": "remote_env_server.py", "line": "298", "module": "env", "process": "remote_env_server", "function": "run_once", "stack": "", "pid": 115}
{"time": "2026-04-18 12:25:10.721735", "level": "INFO", "message": "env env recv reset message", "file": "remote_env_server.py", "line": "282", "module": "env", "process": "remote_env_server", "function": "run_once", "stack": "", "pid": 115}
{"time": "2026-04-18 12:25:10.722488", "level": "INFO", "message": "env Select map in order: episode=311, map_id=2 from map_list=[1, 2, 3, 4, 5, 6, 7, 8, 9, 10]", "file": "data_handler.py", "line": "148", "module": "env", "process": "data_handler", "function": "handle_usr_conf", "stack": "", "pid": 115}
{"time": "2026-04-18 12:25:12.756986", "level": "INFO", "message": "env data_handler finish success", "file": "data_handler.py", "line": "189", "module": "env", "process": "data_handler", "function": "finish", "stack": "", "pid": 115}
{"time": "2026-04-18 12:25:12.757680", "level": "INFO", "message": "env env run once episode done, process_run_count is 250555", "file": "remote_env_server.py", "line": "298", "module": "env", "process": "remote_env_server", "function": "run_once", "stack": "", "pid": 115}
{"time": "2026-04-18 12:25:12.769848", "level": "INFO", "message": "env env recv reset message", "file": "remote_env_server.py", "line": "282", "module": "env", "process": "remote_env_server", "function": "run_once", "stack": "", "pid": 115}
{"time": "2026-04-18 12:25:12.770542", "level": "INFO", "message": "env Select map in order: episode=312, map_id=3 from map_list=[1, 2, 3, 4, 5, 6, 7, 8, 9, 10]", "file": "data_handler.py", "line": "148", "module": "env", "process": "data_handler", "function": "handle_usr_conf", "stack": "", "pid": 115}
{"time": "2026-04-18 12:25:14.104946", "level": "INFO", "message": "env data_handler finish success", "file": "data_handler.py", "line": "189", "module": "env", "process": "data_handler", "function": "finish", "stack": "", "pid": 115}
{"time": "2026-04-18 12:25:14.105694", "level": "INFO", "message": "env env run once episode done, process_run_count is 250756", "file": "remote_env_server.py", "line": "298", "module": "env", "process": "remote_env_server", "function": "run_once", "stack": "", "pid": 115}
{"time": "2026-04-18 12:25:14.113927", "level": "INFO", "message": "env env recv reset message", "file": "remote_env_server.py", "line": "282", "module": "env", "process": "remote_env_server", "function": "run_once", "stack": "", "pid": 115}
{"time": "2026-04-18 12:25:14.114768", "level": "INFO", "message": "env Select map in order: episode=313, map_id=4 from map_list=[1, 2, 3, 4, 5, 6, 7, 8, 9, 10]", "file": "data_handler.py", "line": "148", "module": "env", "process": "data_handler", "function": "handle_usr_conf", "stack": "", "pid": 115}
{"time": "2026-04-18 12:25:19.757986", "level": "INFO", "message": "env data_handler finish success", "file": "data_handler.py", "line": "189", "module": "env", "process": "data_handler", "function": "finish", "stack": "", "pid": 115}
{"time": "2026-04-18 12:25:19.758544", "level": "INFO", "message": "env env run once episode done, process_run_count is 251757", "file": "remote_env_server.py", "line": "298", "module": "env", "process": "remote_env_server", "function": "run_once", "stack": "", "pid": 115}
{"time": "2026-04-18 12:25:19.792278", "level": "INFO", "message": "env env recv reset message", "file": "remote_env_server.py", "line": "282", "module": "env", "process": "remote_env_server", "function": "run_once", "stack": "", "pid": 115}
{"time": "2026-04-18 12:25:19.796478", "level": "INFO", "message": "env Select map in order: episode=314, map_id=5 from map_list=[1, 2, 3, 4, 5, 6, 7, 8, 9, 10]", "file": "data_handler.py", "line": "148", "module": "env", "process": "data_handler", "function": "handle_usr_conf", "stack": "", "pid": 115}
{"time": "2026-04-18 12:25:25.897352", "level": "INFO", "message": "env data_handler finish success", "file": "data_handler.py", "line": "189", "module": "env", "process": "data_handler", "function": "finish", "stack": "", "pid": 115}
{"time": "2026-04-18 12:25:25.898148", "level": "INFO", "message": "env env run once episode done, process_run_count is 252758", "file": "remote_env_server.py", "line": "298", "module": "env", "process": "remote_env_server", "function": "run_once", "stack": "", "pid": 115}
{"time": "2026-04-18 12:25:25.930451", "level": "INFO", "message": "env env recv reset message", "file": "remote_env_server.py", "line": "282", "module": "env", "process": "remote_env_server", "function": "run_once", "stack": "", "pid": 115}
{"time": "2026-04-18 12:25:28.973528", "level": "INFO", "message": "env finish monitor_data is {'total_score': 392, 'clean_score': 392, 'total_map': 10, 'map_random': 0, 'map_code': 6, 'max_steps': 1000, 'finished_steps': 489, 'total_charger': 4, 'charge_count': 3, 'remaining_charge': 0}", "file": "monitor_helper.py", "line": "95", "module": "env", "process": "monitor_helper", "function": "finish", "stack": "", "pid": 115}
{"time": "2026-04-18 12:25:28.974123", "level": "INFO", "message": "env data_handler finish success", "file": "data_handler.py", "line": "189", "module": "env", "process": "data_handler", "function": "finish", "stack": "", "pid": 115}
{"time": "2026-04-18 12:25:28.974583", "level": "INFO", "message": "env env run once episode done, process_run_count is 253248", "file": "remote_env_server.py", "line": "298", "module": "env", "process": "remote_env_server", "function": "run_once", "stack": "", "pid": 115}
{"time": "2026-04-18 12:25:28.997925", "level": "INFO", "message": "env env recv reset message", "file": "remote_env_server.py", "line": "282", "module": "env", "process": "remote_env_server", "function": "run_once", "stack": "", "pid": 115}
{"time": "2026-04-18 12:25:28.998750", "level": "INFO", "message": "env Select map in order: episode=316, map_id=7 from map_list=[1, 2, 3, 4, 5, 6, 7, 8, 9, 10]", "file": "data_handler.py", "line": "148", "module": "env", "process": "data_handler", "function": "handle_usr_conf", "stack": "", "pid": 115}
{"time": "2026-04-18 12:25:35.033946", "level": "INFO", "message": "env data_handler finish success", "file": "data_handler.py", "line": "189", "module": "env", "process": "data_handler", "function": "finish", "stack": "", "pid": 115}
{"time": "2026-04-18 12:25:35.034378", "level": "INFO", "message": "env env run once episode done, process_run_count is 254249", "file": "remote_env_server.py", "line": "298", "module": "env", "process": "remote_env_server", "function": "run_once", "stack": "", "pid": 115}
{"time": "2026-04-18 12:25:34.075161", "level": "INFO", "message": "env env recv reset message", "file": "remote_env_server.py", "line": "282", "module": "env", "process": "remote_env_server", "function": "run_once", "stack": "", "pid": 115}
{"time": "2026-04-18 12:25:34.075791", "level": "INFO", "message": "env Select map in order: episode=317, map_id=8 from map_list=[1, 2, 3, 4, 5, 6, 7, 8, 9, 10]", "file": "data_handler.py", "line": "148", "module": "env", "process": "data_handler", "function": "handle_usr_conf", "stack": "", "pid": 115}
{"time": "2026-04-18 12:25:37.832503", "level": "INFO", "message": "env data_handler finish success", "file": "data_handler.py", "line": "189", "module": "env", "process": "data_handler", "function": "finish", "stack": "", "pid": 115}
{"time": "2026-04-18 12:25:37.833098", "level": "INFO", "message": "env env run once episode done, process_run_count is 254857", "file": "remote_env_server.py", "line": "298", "module": "env", "process": "remote_env_server", "function": "run_once", "stack": "", "pid": 115}
{"time": "2026-04-18 12:25:37.854677", "level": "INFO", "message": "env env recv reset message", "file": "remote_env_server.py", "line": "282", "module": "env", "process": "remote_env_server", "function": "run_once", "stack": "", "pid": 115}
{"time": "2026-04-18 12:25:37.855362", "level": "INFO", "message": "env Select map in order: episode=318, map_id=9 from map_list=[1, 2, 3, 4, 5, 6, 7, 8, 9, 10]", "file": "data_handler.py", "line": "148", "module": "env", "process": "data_handler", "function": "handle_usr_conf", "stack": "", "pid": 115}
{"time": "2026-04-18 12:25:43.952054", "level": "INFO", "message": "env data_handler finish success", "file": "data_handler.py", "line": "189", "module": "env", "process": "data_handler", "function": "finish", "stack": "", "pid": 115}
{"time": "2026-04-18 12:25:43.952624", "level": "INFO", "message": "env env run once episode done, process_run_count is 255858", "file": "remote_env_server.py", "line": "298", "module": "env", "process": "remote_env_server", "function": "run_once", "stack": "", "pid": 115}
{"time": "2026-04-18 12:25:43.988247", "level": "INFO", "message": "env env recv reset message", "file": "remote_env_server.py", "line": "282", "module": "env", "process": "remote_env_server", "function": "run_once", "stack": "", "pid": 115}
{"time": "2026-04-18 12:25:43.988894", "level": "INFO", "message": "env Select map in order: episode=319, map_id=10 from map_list=[1, 2, 3, 4, 5, 6, 7, 8, 9, 10]", "file": "data_handler.py", "line": "148", "module": "env", "process": "data_handler", "function": "handle_usr_conf", "stack": "", "pid": 115}
{"time": "2026-04-18 12:25:49.661890", "level": "INFO", "message": "env data_handler finish success", "file": "data_handler.py", "line": "189", "module": "env", "process": "data_handler", "function": "finish", "stack": "", "pid": 115}
{"time": "2026-04-18 12:25:49.662656", "level": "INFO", "message": "env env run once episode done, process_run_count is 256859", "file": "remote_env_server.py", "line": "298", "module": "env", "process": "remote_env_server", "function": "run_once", "stack": "", "pid": 115}
{"time": "2026-04-18 12:25:49.695255", "level": "INFO", "message": "env env recv reset message", "file": "remote_env_server.py", "line": "282", "module": "env", "process": "remote_env_server", "function": "run_once", "stack": "", "pid": 115}
{"time": "2026-04-18 12:25:49.697295", "level": "INFO", "message": "env Select map in order: episode=320, map_id=1 from map_list=[1, 2, 3, 4, 5, 6, 7, 8, 9, 10]", "file": "data_handler.py", "line": "148", "module": "env", "process": "data_handler", "function": "handle_usr_conf", "stack": "", "pid": 115}
{"time": "2026-04-18 12:25:53.478775", "level": "INFO", "message": "env data_handler finish success", "file": "data_handler.py", "line": "189", "module": "env", "process": "data_handler", "function": "finish", "stack": "", "pid": 115}
{"time": "2026-04-18 12:25:53.479255", "level": "INFO", "message": "env env run once episode done, process_run_count is 257476", "file": "remote_env_server.py", "line": "298", "module": "env", "process": "remote_env_server", "function": "run_once", "stack": "", "pid": 115}
{"time": "2026-04-18 12:25:53.502809", "level": "INFO", "message": "env env recv reset message", "file": "remote_env_server.py", "line": "282", "module": "env", "process": "remote_env_server", "function": "run_once", "stack": "", "pid": 115}
{"time": "2026-04-18 12:25:53.503351", "level": "INFO", "message": "env Select map in order: episode=321, map_id=2 from map_list=[1, 2, 3, 4, 5, 6, 7, 8, 9, 10]", "file": "data_handler.py", "line": "148", "module": "env", "process": "data_handler", "function": "handle_usr_conf", "stack": "", "pid": 115}
{"time": "2026-04-18 12:25:59.595100", "level": "INFO", "message": "env data_handler finish success", "file": "data_handler.py", "line": "189", "module": "env", "process": "data_handler", "function": "finish", "stack": "", "pid": 115}
{"time": "2026-04-18 12:25:59.595660", "level": "INFO", "message": "env env run once episode done, process_run_count is 258477", "file": "remote_env_server.py", "line": "298", "module": "env", "process": "remote_env_server", "function": "run_once", "stack": "", "pid": 115}
{"time": "2026-04-18 12:25:59.630495", "level": "INFO", "message": "env env recv reset message", "file": "remote_env_server.py", "line": "282", "module": "env", "process": "remote_env_server", "function": "run_once", "stack": "", "pid": 115}
{"time": "2026-04-18 12:25:59.631099", "level": "INFO", "message": "env Select map in order: episode=322, map_id=3 from map_list=[1, 2, 3, 4, 5, 6, 7, 8, 9, 10]", "file": "data_handler.py", "line": "148", "module": "env", "process": "data_handler", "function": "handle_usr_conf", "stack": "", "pid": 115}
{"time": "2026-04-18 12:26:05.417617", "level": "INFO", "message": "env data_handler finish success", "file": "data_handler.py", "line": "189", "module": "env", "process": "data_handler", "function": "finish", "stack": "", "pid": 115}
{"time": "2026-04-18 12:26:05.418313", "level": "INFO", "message": "env env run once episode done, process_run_count is 259414", "file": "remote_env_server.py", "line": "298", "module": "env", "process": "remote_env_server", "function": "run_once", "stack": "", "pid": 115}
{"time": "2026-04-18 12:26:05.450531", "level": "INFO", "message": "env env recv reset message", "file": "remote_env_server.py", "line": "282", "module": "env", "process": "remote_env_server", "function": "run_once", "stack": "", "pid": 115}
{"time": "2026-04-18 12:26:05.451391", "level": "INFO", "message": "env Select map in order: episode=323, map_id=4 from map_list=[1, 2, 3, 4, 5, 6, 7, 8, 9, 10]", "file": "data_handler.py", "line": "148", "module": "env", "process": "data_handler", "function": "handle_usr_conf", "stack": "", "pid": 115}
{"time": "2026-04-18 12:26:06.450439", "level": "INFO", "message": "env data_handler finish success", "file": "data_handler.py", "line": "189", "module": "env", "process": "data_handler", "function": "finish", "stack": "", "pid": 115}
{"time": "2026-04-18 12:26:06.451847", "level": "INFO", "message": "env env run once episode done, process_run_count is 259555", "file": "remote_env_server.py", "line": "298", "module": "env", "process": "remote_env_server", "function": "run_once", "stack": "", "pid": 115}
{"time": "2026-04-18 12:26:06.458354", "level": "INFO", "message": "env env recv reset message", "file": "remote_env_server.py", "line": "282", "module": "env", "process": "remote_env_server", "function": "run_once", "stack": "", "pid": 115}
{"time": "2026-04-18 12:26:06.459049", "level": "INFO", "message": "env Select map in order: episode=324, map_id=5 from map_list=[1, 2, 3, 4, 5, 6, 7, 8, 9, 10]", "file": "data_handler.py", "line": "148", "module": "env", "process": "data_handler", "function": "handle_usr_conf", "stack": "", "pid": 115}
{"time": "2026-04-18 12:26:12.609026", "level": "INFO", "message": "env data_handler finish success", "file": "data_handler.py", "line": "189", "module": "env", "process": "data_handler", "function": "finish", "stack": "", "pid": 115}
{"time": "2026-04-18 12:26:12.611773", "level": "INFO", "message": "env env run once episode done, process_run_count is 260556", "file": "remote_env_server.py", "line": "298", "module": "env", "process": "remote_env_server", "function": "run_once", "stack": "", "pid": 115}
{"time": "2026-04-18 12:26:12.643070", "level": "INFO", "message": "env env recv reset message", "file": "remote_env_server.py", "line": "282", "module": "env", "process": "remote_env_server", "function": "run_once", "stack": "", "pid": 115}
{"time": "2026-04-18 12:26:12.643840", "level": "INFO", "message": "env Select map in order: episode=325, map_id=6 from map_list=[1, 2, 3, 4, 5, 6, 7, 8, 9, 10]", "file": "data_handler.py", "line": "148", "module": "env", "process": "data_handler", "function": "handle_usr_conf", "stack": "", "pid": 115}
{"time": "2026-04-18 12:26:18.213756", "level": "INFO", "message": "env data_handler finish success", "file": "data_handler.py", "line": "189", "module": "env", "process": "data_handler", "function": "finish", "stack": "", "pid": 115}
{"time": "2026-04-18 12:26:18.214374", "level": "INFO", "message": "env env run once episode done, process_run_count is 261557", "file": "remote_env_server.py", "line": "298", "module": "env", "process": "remote_env_server", "function": "run_once", "stack": "", "pid": 115}
{"time": "2026-04-18 12:26:18.246725", "level": "INFO", "message": "env env recv reset message", "file": "remote_env_server.py", "line": "282", "module": "env", "process": "remote_env_server", "function": "run_once", "stack": "", "pid": 115}
{"time": "2026-04-18 12:26:18.247605", "level": "INFO", "message": "env Select map in order: episode=326, map_id=7 from map_list=[1, 2, 3, 4, 5, 6, 7, 8, 9, 10]", "file": "data_handler.py", "line": "148", "module": "env", "process": "data_handler", "function": "handle_usr_conf", "stack": "", "pid": 115}
{"time": "2026-04-18 12:26:24.124719", "level": "INFO", "message": "env data_handler finish success", "file": "data_handler.py", "line": "189", "module": "env", "process": "data_handler", "function": "finish", "stack": "", "pid": 115}
{"time": "2026-04-18 12:26:24.125318", "level": "INFO", "message": "env env run once episode done, process_run_count is 262558", "file": "remote_env_server.py", "line": "298", "module": "env", "process": "remote_env_server", "function": "run_once", "stack": "", "pid": 115}
{"time": "2026-04-18 12:26:24.156556", "level": "INFO", "message": "env env recv reset message", "file": "remote_env_server.py", "line": "282", "module": "env", "process": "remote_env_server", "function": "run_once", "stack": "", "pid": 115}
{"time": "2026-04-18 12:26:24.161447", "level": "INFO", "message": "env Select map in order: episode=327, map_id=8 from map_list=[1, 2, 3, 4, 5, 6, 7, 8, 9, 10]", "file": "data_handler.py", "line": "148", "module": "env", "process": "data_handler", "function": "handle_usr_conf", "stack": "", "pid": 115}
{"time": "2026-04-18 12:26:29.836413", "level": "INFO", "message": "env finish monitor_data is {'total_score': 910, 'clean_score': 910, 'total_map': 10, 'map_random': 0, 'map_code': 8, 'max_steps': 1000, 'finished_steps': 1000, 'total_charger': 4, 'charge_count': 10, 'remaining_charge': 151}", "file": "monitor_helper.py", "line": "95", "module": "env", "process": "monitor_helper", "function": "finish", "stack": "", "pid": 115}
{"time": "2026-04-18 12:26:29.837224", "level": "INFO", "message": "env data_handler finish success", "file": "data_handler.py", "line": "189", "module": "env", "process": "data_handler", "function": "finish", "stack": "", "pid": 115}
{"time": "2026-04-18 12:26:29.837737", "level": "INFO", "message": "env env run once episode done, process_run_count is 263559", "file": "remote_env_server.py", "line": "298", "module": "env", "process": "remote_env_server", "function": "run_once", "stack": "", "pid": 115}
{"time": "2026-04-18 12:26:29.872061", "level": "INFO", "message": "env env recv reset message", "file": "remote_env_server.py", "line": "282", "module": "env", "process": "remote_env_server", "function": "run_once", "stack": "", "pid": 115}
{"time": "2026-04-18 12:26:29.872780", "level": "INFO", "message": "env Select map in order: episode=328, map_id=9 from map_list=[1, 2, 3, 4, 5, 6, 7, 8, 9, 10]", "file": "data_handler.py", "line": "148", "module": "env", "process": "data_handler", "function": "handle_usr_conf", "stack": "", "pid": 115}
{"time": "2026-04-18 12:26:34.674668", "level": "INFO", "message": "env data_handler finish success", "file": "data_handler.py", "line": "189", "module": "env", "process": "data_handler", "function": "finish", "stack": "", "pid": 115}
{"time": "2026-04-18 12:26:34.675345", "level": "INFO", "message": "env env run once episode done, process_run_count is 264560", "file": "remote_env_server.py", "line": "298", "module": "env", "process": "remote_env_server", "function": "run_once", "stack": "", "pid": 115}
{"time": "2026-04-18 12:26:34.715434", "level": "INFO", "message": "env env recv reset message", "file": "remote_env_server.py", "line": "282", "module": "env", "process": "remote_env_server", "function": "run_once", "stack": "", "pid": 115}
{"time": "2026-04-18 12:26:34.716172", "level": "INFO", "message": "env Select map in order: episode=329, map_id=10 from map_list=[1, 2, 3, 4, 5, 6, 7, 8, 9, 10]", "file": "data_handler.py", "line": "148", "module": "env", "process": "data_handler", "function": "handle_usr_conf", "stack": "", "pid": 115}
{"time": "2026-04-18 12:26:40.921014", "level": "INFO", "message": "env data_handler finish success", "file": "data_handler.py", "line": "189", "module": "env", "process": "data_handler", "function": "finish", "stack": "", "pid": 115}
{"time": "2026-04-18 12:26:40.921507", "level": "INFO", "message": "env env run once episode done, process_run_count is 265561", "file": "remote_env_server.py", "line": "298", "module": "env", "process": "remote_env_server", "function": "run_once", "stack": "", "pid": 115}
{"time": "2026-04-18 12:26:40.956133", "level": "INFO", "message": "env env recv reset message", "file": "remote_env_server.py", "line": "282", "module": "env", "process": "remote_env_server", "function": "run_once", "stack": "", "pid": 115}
{"time": "2026-04-18 12:26:40.956807", "level": "INFO", "message": "env Select map in order: episode=330, map_id=1 from map_list=[1, 2, 3, 4, 5, 6, 7, 8, 9, 10]", "file": "data_handler.py", "line": "148", "module": "env", "process": "data_handler", "function": "handle_usr_conf", "stack": "", "pid": 115}
{"time": "2026-04-18 12:26:46.735125", "level": "INFO", "message": "env data_handler finish success", "file": "data_handler.py", "line": "189", "module": "env", "process": "data_handler", "function": "finish", "stack": "", "pid": 115}
{"time": "2026-04-18 12:26:46.735599", "level": "INFO", "message": "env env run once episode done, process_run_count is 266562", "file": "remote_env_server.py", "line": "298", "module": "env", "process": "remote_env_server", "function": "run_once", "stack": "", "pid": 115}
{"time": "2026-04-18 12:26:46.769769", "level": "INFO", "message": "env env recv reset message", "file": "remote_env_server.py", "line": "282", "module": "env", "process": "remote_env_server", "function": "run_once", "stack": "", "pid": 115}
{"time": "2026-04-18 12:26:46.770266", "level": "INFO", "message": "env Select map in order: episode=331, map_id=2 from map_list=[1, 2, 3, 4, 5, 6, 7, 8, 9, 10]", "file": "data_handler.py", "line": "148", "module": "env", "process": "data_handler", "function": "handle_usr_conf", "stack": "", "pid": 115}
{"time": "2026-04-18 12:26:52.519881", "level": "INFO", "message": "env data_handler finish success", "file": "data_handler.py", "line": "189", "module": "env", "process": "data_handler", "function": "finish", "stack": "", "pid": 115}
{"time": "2026-04-18 12:26:52.520490", "level": "INFO", "message": "env env run once episode done, process_run_count is 267563", "file": "remote_env_server.py", "line": "298", "module": "env", "process": "remote_env_server", "function": "run_once", "stack": "", "pid": 115}
{"time": "2026-04-18 12:26:52.551543", "level": "INFO", "message": "env env recv reset message", "file": "remote_env_server.py", "line": "282", "module": "env", "process": "remote_env_server", "function": "run_once", "stack": "", "pid": 115}
{"time": "2026-04-18 12:26:52.552323", "level": "INFO", "message": "env Select map in order: episode=332, map_id=3 from map_list=[1, 2, 3, 4, 5, 6, 7, 8, 9, 10]", "file": "data_handler.py", "line": "148", "module": "env", "process": "data_handler", "function": "handle_usr_conf", "stack": "", "pid": 115}
{"time": "2026-04-18 12:26:58.660351", "level": "INFO", "message": "env data_handler finish success", "file": "data_handler.py", "line": "189", "module": "env", "process": "data_handler", "function": "finish", "stack": "", "pid": 115}
{"time": "2026-04-18 12:26:58.661196", "level": "INFO", "message": "env env run once episode done, process_run_count is 268564", "file": "remote_env_server.py", "line": "298", "module": "env", "process": "remote_env_server", "function": "run_once", "stack": "", "pid": 115}
{"time": "2026-04-18 12:26:58.696163", "level": "INFO", "message": "env env recv reset message", "file": "remote_env_server.py", "line": "282", "module": "env", "process": "remote_env_server", "function": "run_once", "stack": "", "pid": 115}
{"time": "2026-04-18 12:26:58.696993", "level": "INFO", "message": "env Select map in order: episode=333, map_id=4 from map_list=[1, 2, 3, 4, 5, 6, 7, 8, 9, 10]", "file": "data_handler.py", "line": "148", "module": "env", "process": "data_handler", "function": "handle_usr_conf", "stack": "", "pid": 115}
{"time": "2026-04-18 12:27:02.586579", "level": "INFO", "message": "env data_handler finish success", "file": "data_handler.py", "line": "189", "module": "env", "process": "data_handler", "function": "finish", "stack": "", "pid": 115}
{"time": "2026-04-18 12:27:02.587376", "level": "INFO", "message": "env env run once episode done, process_run_count is 269164", "file": "remote_env_server.py", "line": "298", "module": "env", "process": "remote_env_server", "function": "run_once", "stack": "", "pid": 115}
{"time": "2026-04-18 12:27:02.608713", "level": "INFO", "message": "env env recv reset message", "file": "remote_env_server.py", "line": "282", "module": "env", "process": "remote_env_server", "function": "run_once", "stack": "", "pid": 115}
{"time": "2026-04-18 12:27:02.609683", "level": "INFO", "message": "env Select map in order: episode=334, map_id=5 from map_list=[1, 2, 3, 4, 5, 6, 7, 8, 9, 10]", "file": "data_handler.py", "line": "148", "module": "env", "process": "data_handler", "function": "handle_usr_conf", "stack": "", "pid": 115}
{"time": "2026-04-18 12:27:09.067725", "level": "INFO", "message": "env data_handler finish success", "file": "data_handler.py", "line": "189", "module": "env", "process": "data_handler", "function": "finish", "stack": "", "pid": 115}
{"time": "2026-04-18 12:27:09.068188", "level": "INFO", "message": "env env run once episode done, process_run_count is 270165", "file": "remote_env_server.py", "line": "298", "module": "env", "process": "remote_env_server", "function": "run_once", "stack": "", "pid": 115}
{"time": "2026-04-18 12:27:09.103482", "level": "INFO", "message": "env env recv reset message", "file": "remote_env_server.py", "line": "282", "module": "env", "process": "remote_env_server", "function": "run_once", "stack": "", "pid": 115}
{"time": "2026-04-18 12:27:09.104056", "level": "INFO", "message": "env Select map in order: episode=335, map_id=6 from map_list=[1, 2, 3, 4, 5, 6, 7, 8, 9, 10]", "file": "data_handler.py", "line": "148", "module": "env", "process": "data_handler", "function": "handle_usr_conf", "stack": "", "pid": 115}
{"time": "2026-04-18 12:27:15.048215", "level": "INFO", "message": "env data_handler finish success", "file": "data_handler.py", "line": "189", "module": "env", "process": "data_handler", "function": "finish", "stack": "", "pid": 115}
{"time": "2026-04-18 12:27:15.048757", "level": "INFO", "message": "env env run once episode done, process_run_count is 271093", "file": "remote_env_server.py", "line": "298", "module": "env", "process": "remote_env_server", "function": "run_once", "stack": "", "pid": 115}
{"time": "2026-04-18 12:27:15.087204", "level": "INFO", "message": "env env recv reset message", "file": "remote_env_server.py", "line": "282", "module": "env", "process": "remote_env_server", "function": "run_once", "stack": "", "pid": 115}
{"time": "2026-04-18 12:27:15.087892", "level": "INFO", "message": "env Select map in order: episode=336, map_id=7 from map_list=[1, 2, 3, 4, 5, 6, 7, 8, 9, 10]", "file": "data_handler.py", "line": "148", "module": "env", "process": "data_handler", "function": "handle_usr_conf", "stack": "", "pid": 115}
{"time": "2026-04-18 12:27:15.616011", "level": "INFO", "message": "env data_handler finish success", "file": "data_handler.py", "line": "189", "module": "env", "process": "data_handler", "function": "finish", "stack": "", "pid": 115}
{"time": "2026-04-18 12:27:15.616748", "level": "INFO", "message": "env env run once episode done, process_run_count is 271294", "file": "remote_env_server.py", "line": "298", "module": "env", "process": "remote_env_server", "function": "run_once", "stack": "", "pid": 115}
{"time": "2026-04-18 12:27:15.627738", "level": "INFO", "message": "env env recv reset message", "file": "remote_env_server.py", "line": "282", "module": "env", "process": "remote_env_server", "function": "run_once", "stack": "", "pid": 115}
{"time": "2026-04-18 12:27:15.628368", "level": "INFO", "message": "env Select map in order: episode=337, map_id=8 from map_list=[1, 2, 3, 4, 5, 6, 7, 8, 9, 10]", "file": "data_handler.py", "line": "148", "module": "env", "process": "data_handler", "function": "handle_usr_conf", "stack": "", "pid": 115}
