{"time": "2026-04-17 22:08:50.568238", "level": "INFO", "message": "env env using shared MonitorProxy (PID: 109) not_server", "file": "worker.py", "line": "178", "module": "env", "process": "worker", "function": "worker_start_up", "stack": "", "pid": 103}
{"time": "2026-04-17 22:08:50.569531", "level": "INFO", "message": "env timeit enabled: False", "file": "env_core.py", "line": "132", "module": "env", "process": "env_core", "function": "init_data_handler", "stack": "", "pid": 103}
{"time": "2026-04-17 22:08:50.646919", "level": "INFO", "message": "env KaiwuDataHandler init success, KaiwuDataHandler class is environments.robot_vacuum.data_handler.KaiwuDataHandler", "file": "env_core.py", "line": "139", "module": "env", "process": "env_core", "function": "init_data_handler", "stack": "", "pid": 103}
{"time": "2026-04-17 22:08:50.684044", "level": "INFO", "message": "env timeit enabled: False", "file": "env_core.py", "line": "46", "module": "env", "process": "env_core", "function": "init_env_adapter", "stack": "", "pid": 103}
{"time": "2026-04-17 22:08:50.693057", "level": "INFO", "message": "env EnvAdapter init success, EnvAdapter class is environments.robot_vacuum.env_adapter.EnvAdapter", "file": "env_core.py", "line": "53", "module": "env", "process": "env_core", "function": "init_env_adapter", "stack": "", "pid": 103}
{"time": "2026-04-17 22:08:50.694445", "level": "INFO", "message": "env env_wrapper, zmq_server aisrv <--> env or entity <--> env, start at 172.19.0.10:5566 success", "file": "inter_process_communication.py", "line": "68", "module": "env", "process": "inter_process_communication", "function": "create_server", "stack": "", "pid": 103}
{"time": "2026-04-17 22:08:59.296953", "level": "INFO", "message": "env env recv reset message", "file": "remote_env_server.py", "line": "282", "module": "env", "process": "remote_env_server", "function": "run_once", "stack": "", "pid": 103}
{"time": "2026-04-17 22:08:59.297894", "level": "INFO", "message": "env Select map in order: episode=0, map_id=1 from map_list=[1, 2, 3, 4, 5, 6, 7, 8, 9, 10]", "file": "data_handler.py", "line": "148", "module": "env", "process": "data_handler", "function": "handle_usr_conf", "stack": "", "pid": 103}
{"time": "2026-04-17 22:08:59.907150", "level": "INFO", "message": "env finish monitor_data is {'total_score': 126, 'clean_score': 126, 'total_map': 10, 'map_random': 0, 'map_code': 1, 'max_steps': 1000, 'finished_steps': 200, 'total_charger': 4, 'charge_count': 0, 'remaining_charge': 0}", "file": "monitor_helper.py", "line": "95", "module": "env", "process": "monitor_helper", "function": "finish", "stack": "", "pid": 103}
{"time": "2026-04-17 22:08:59.908400", "level": "INFO", "message": "env data_handler finish success", "file": "data_handler.py", "line": "189", "module": "env", "process": "data_handler", "function": "finish", "stack": "", "pid": 103}
{"time": "2026-04-17 22:08:59.908704", "level": "INFO", "message": "env env run once episode done, process_run_count is 201", "file": "remote_env_server.py", "line": "298", "module": "env", "process": "remote_env_server", "function": "run_once", "stack": "", "pid": 103}
{"time": "2026-04-17 22:08:59.912321", "level": "INFO", "message": "env env recv reset message", "file": "remote_env_server.py", "line": "282", "module": "env", "process": "remote_env_server", "function": "run_once", "stack": "", "pid": 103}
{"time": "2026-04-17 22:08:59.912906", "level": "INFO", "message": "env Select map in order: episode=1, map_id=2 from map_list=[1, 2, 3, 4, 5, 6, 7, 8, 9, 10]", "file": "data_handler.py", "line": "148", "module": "env", "process": "data_handler", "function": "handle_usr_conf", "stack": "", "pid": 103}
{"time": "2026-04-17 22:09:00.476228", "level": "INFO", "message": "env data_handler finish success", "file": "data_handler.py", "line": "189", "module": "env", "process": "data_handler", "function": "finish", "stack": "", "pid": 103}
{"time": "2026-04-17 22:09:00.476596", "level": "INFO", "message": "env env run once episode done, process_run_count is 402", "file": "remote_env_server.py", "line": "298", "module": "env", "process": "remote_env_server", "function": "run_once", "stack": "", "pid": 103}
{"time": "2026-04-17 22:09:00.479983", "level": "INFO", "message": "env env recv reset message", "file": "remote_env_server.py", "line": "282", "module": "env", "process": "remote_env_server", "function": "run_once", "stack": "", "pid": 103}
{"time": "2026-04-17 22:09:00.480547", "level": "INFO", "message": "env Select map in order: episode=2, map_id=3 from map_list=[1, 2, 3, 4, 5, 6, 7, 8, 9, 10]", "file": "data_handler.py", "line": "148", "module": "env", "process": "data_handler", "function": "handle_usr_conf", "stack": "", "pid": 103}
{"time": "2026-04-17 22:09:01.088599", "level": "INFO", "message": "env data_handler finish success", "file": "data_handler.py", "line": "189", "module": "env", "process": "data_handler", "function": "finish", "stack": "", "pid": 103}
{"time": "2026-04-17 22:09:01.089015", "level": "INFO", "message": "env env run once episode done, process_run_count is 603", "file": "remote_env_server.py", "line": "298", "module": "env", "process": "remote_env_server", "function": "run_once", "stack": "", "pid": 103}
{"time": "2026-04-17 22:09:01.092207", "level": "INFO", "message": "env env recv reset message", "file": "remote_env_server.py", "line": "282", "module": "env", "process": "remote_env_server", "function": "run_once", "stack": "", "pid": 103}
{"time": "2026-04-17 22:09:01.092756", "level": "INFO", "message": "env Select map in order: episode=3, map_id=4 from map_list=[1, 2, 3, 4, 5, 6, 7, 8, 9, 10]", "file": "data_handler.py", "line": "148", "module": "env", "process": "data_handler", "function": "handle_usr_conf", "stack": "", "pid": 103}
{"time": "2026-04-17 22:09:01.692953", "level": "INFO", "message": "env data_handler finish success", "file": "data_handler.py", "line": "189", "module": "env", "process": "data_handler", "function": "finish", "stack": "", "pid": 103}
{"time": "2026-04-17 22:09:01.693552", "level": "INFO", "message": "env env run once episode done, process_run_count is 804", "file": "remote_env_server.py", "line": "298", "module": "env", "process": "remote_env_server", "function": "run_once", "stack": "", "pid": 103}
{"time": "2026-04-17 22:09:01.696484", "level": "INFO", "message": "env env recv reset message", "file": "remote_env_server.py", "line": "282", "module": "env", "process": "remote_env_server", "function": "run_once", "stack": "", "pid": 103}
{"time": "2026-04-17 22:09:01.696889", "level": "INFO", "message": "env Select map in order: episode=4, map_id=5 from map_list=[1, 2, 3, 4, 5, 6, 7, 8, 9, 10]", "file": "data_handler.py", "line": "148", "module": "env", "process": "data_handler", "function": "handle_usr_conf", "stack": "", "pid": 103}
{"time": "2026-04-17 22:09:02.277444", "level": "INFO", "message": "env data_handler finish success", "file": "data_handler.py", "line": "189", "module": "env", "process": "data_handler", "function": "finish", "stack": "", "pid": 103}
{"time": "2026-04-17 22:09:02.277770", "level": "INFO", "message": "env env run once episode done, process_run_count is 1005", "file": "remote_env_server.py", "line": "298", "module": "env", "process": "remote_env_server", "function": "run_once", "stack": "", "pid": 103}
{"time": "2026-04-17 22:09:02.281179", "level": "INFO", "message": "env env recv reset message", "file": "remote_env_server.py", "line": "282", "module": "env", "process": "remote_env_server", "function": "run_once", "stack": "", "pid": 103}
{"time": "2026-04-17 22:09:02.281555", "level": "INFO", "message": "env Select map in order: episode=5, map_id=6 from map_list=[1, 2, 3, 4, 5, 6, 7, 8, 9, 10]", "file": "data_handler.py", "line": "148", "module": "env", "process": "data_handler", "function": "handle_usr_conf", "stack": "", "pid": 103}
{"time": "2026-04-17 22:09:02.442438", "level": "INFO", "message": "env data_handler finish success", "file": "data_handler.py", "line": "189", "module": "env", "process": "data_handler", "function": "finish", "stack": "", "pid": 103}
{"time": "2026-04-17 22:09:02.442882", "level": "INFO", "message": "env env run once episode done, process_run_count is 1032", "file": "remote_env_server.py", "line": "298", "module": "env", "process": "remote_env_server", "function": "run_once", "stack": "", "pid": 103}
{"time": "2026-04-17 22:09:02.443911", "level": "INFO", "message": "env env recv reset message", "file": "remote_env_server.py", "line": "282", "module": "env", "process": "remote_env_server", "function": "run_once", "stack": "", "pid": 103}
{"time": "2026-04-17 22:09:02.444278", "level": "INFO", "message": "env Select map in order: episode=6, map_id=7 from map_list=[1, 2, 3, 4, 5, 6, 7, 8, 9, 10]", "file": "data_handler.py", "line": "148", "module": "env", "process": "data_handler", "function": "handle_usr_conf", "stack": "", "pid": 103}
{"time": "2026-04-17 22:09:03.059753", "level": "INFO", "message": "env data_handler finish success", "file": "data_handler.py", "line": "189", "module": "env", "process": "data_handler", "function": "finish", "stack": "", "pid": 103}
{"time": "2026-04-17 22:09:03.060172", "level": "INFO", "message": "env env run once episode done, process_run_count is 1233", "file": "remote_env_server.py", "line": "298", "module": "env", "process": "remote_env_server", "function": "run_once", "stack": "", "pid": 103}
{"time": "2026-04-17 22:09:03.064762", "level": "INFO", "message": "env env recv reset message", "file": "remote_env_server.py", "line": "282", "module": "env", "process": "remote_env_server", "function": "run_once", "stack": "", "pid": 103}
{"time": "2026-04-17 22:09:03.065502", "level": "INFO", "message": "env Select map in order: episode=7, map_id=8 from map_list=[1, 2, 3, 4, 5, 6, 7, 8, 9, 10]", "file": "data_handler.py", "line": "148", "module": "env", "process": "data_handler", "function": "handle_usr_conf", "stack": "", "pid": 103}
{"time": "2026-04-17 22:09:03.753487", "level": "INFO", "message": "env data_handler finish success", "file": "data_handler.py", "line": "189", "module": "env", "process": "data_handler", "function": "finish", "stack": "", "pid": 103}
{"time": "2026-04-17 22:09:03.754094", "level": "INFO", "message": "env env run once episode done, process_run_count is 1434", "file": "remote_env_server.py", "line": "298", "module": "env", "process": "remote_env_server", "function": "run_once", "stack": "", "pid": 103}
{"time": "2026-04-17 22:09:03.757108", "level": "INFO", "message": "env env recv reset message", "file": "remote_env_server.py", "line": "282", "module": "env", "process": "remote_env_server", "function": "run_once", "stack": "", "pid": 103}
{"time": "2026-04-17 22:09:03.757526", "level": "INFO", "message": "env Select map in order: episode=8, map_id=9 from map_list=[1, 2, 3, 4, 5, 6, 7, 8, 9, 10]", "file": "data_handler.py", "line": "148", "module": "env", "process": "data_handler", "function": "handle_usr_conf", "stack": "", "pid": 103}
{"time": "2026-04-17 22:09:04.423701", "level": "INFO", "message": "env data_handler finish success", "file": "data_handler.py", "line": "189", "module": "env", "process": "data_handler", "function": "finish", "stack": "", "pid": 103}
{"time": "2026-04-17 22:09:04.424744", "level": "INFO", "message": "env env run once episode done, process_run_count is 1635", "file": "remote_env_server.py", "line": "298", "module": "env", "process": "remote_env_server", "function": "run_once", "stack": "", "pid": 103}
{"time": "2026-04-17 22:09:04.433636", "level": "INFO", "message": "env env recv reset message", "file": "remote_env_server.py", "line": "282", "module": "env", "process": "remote_env_server", "function": "run_once", "stack": "", "pid": 103}
{"time": "2026-04-17 22:09:04.434180", "level": "INFO", "message": "env Select map in order: episode=9, map_id=10 from map_list=[1, 2, 3, 4, 5, 6, 7, 8, 9, 10]", "file": "data_handler.py", "line": "148", "module": "env", "process": "data_handler", "function": "handle_usr_conf", "stack": "", "pid": 103}
{"time": "2026-04-17 22:09:05.079437", "level": "INFO", "message": "env data_handler finish success", "file": "data_handler.py", "line": "189", "module": "env", "process": "data_handler", "function": "finish", "stack": "", "pid": 103}
{"time": "2026-04-17 22:09:05.080083", "level": "INFO", "message": "env env run once episode done, process_run_count is 1836", "file": "remote_env_server.py", "line": "298", "module": "env", "process": "remote_env_server", "function": "run_once", "stack": "", "pid": 103}
{"time": "2026-04-17 22:09:05.083378", "level": "INFO", "message": "env env recv reset message", "file": "remote_env_server.py", "line": "282", "module": "env", "process": "remote_env_server", "function": "run_once", "stack": "", "pid": 103}
{"time": "2026-04-17 22:09:05.083874", "level": "INFO", "message": "env Select map in order: episode=10, map_id=1 from map_list=[1, 2, 3, 4, 5, 6, 7, 8, 9, 10]", "file": "data_handler.py", "line": "148", "module": "env", "process": "data_handler", "function": "handle_usr_conf", "stack": "", "pid": 103}
{"time": "2026-04-17 22:09:05.711754", "level": "INFO", "message": "env data_handler finish success", "file": "data_handler.py", "line": "189", "module": "env", "process": "data_handler", "function": "finish", "stack": "", "pid": 103}
{"time": "2026-04-17 22:09:05.712322", "level": "INFO", "message": "env env run once episode done, process_run_count is 2037", "file": "remote_env_server.py", "line": "298", "module": "env", "process": "remote_env_server", "function": "run_once", "stack": "", "pid": 103}
{"time": "2026-04-17 22:09:05.715516", "level": "INFO", "message": "env env recv reset message", "file": "remote_env_server.py", "line": "282", "module": "env", "process": "remote_env_server", "function": "run_once", "stack": "", "pid": 103}
{"time": "2026-04-17 22:09:05.717866", "level": "INFO", "message": "env Select map in order: episode=11, map_id=2 from map_list=[1, 2, 3, 4, 5, 6, 7, 8, 9, 10]", "file": "data_handler.py", "line": "148", "module": "env", "process": "data_handler", "function": "handle_usr_conf", "stack": "", "pid": 103}
{"time": "2026-04-17 22:09:06.342013", "level": "INFO", "message": "env data_handler finish success", "file": "data_handler.py", "line": "189", "module": "env", "process": "data_handler", "function": "finish", "stack": "", "pid": 103}
{"time": "2026-04-17 22:09:06.342628", "level": "INFO", "message": "env env run once episode done, process_run_count is 2238", "file": "remote_env_server.py", "line": "298", "module": "env", "process": "remote_env_server", "function": "run_once", "stack": "", "pid": 103}
{"time": "2026-04-17 22:09:06.346139", "level": "INFO", "message": "env env recv reset message", "file": "remote_env_server.py", "line": "282", "module": "env", "process": "remote_env_server", "function": "run_once", "stack": "", "pid": 103}
{"time": "2026-04-17 22:09:06.346586", "level": "INFO", "message": "env Select map in order: episode=12, map_id=3 from map_list=[1, 2, 3, 4, 5, 6, 7, 8, 9, 10]", "file": "data_handler.py", "line": "148", "module": "env", "process": "data_handler", "function": "handle_usr_conf", "stack": "", "pid": 103}
{"time": "2026-04-17 22:09:06.987110", "level": "INFO", "message": "env data_handler finish success", "file": "data_handler.py", "line": "189", "module": "env", "process": "data_handler", "function": "finish", "stack": "", "pid": 103}
{"time": "2026-04-17 22:09:06.987558", "level": "INFO", "message": "env env run once episode done, process_run_count is 2439", "file": "remote_env_server.py", "line": "298", "module": "env", "process": "remote_env_server", "function": "run_once", "stack": "", "pid": 103}
{"time": "2026-04-17 22:09:06.991919", "level": "INFO", "message": "env env recv reset message", "file": "remote_env_server.py", "line": "282", "module": "env", "process": "remote_env_server", "function": "run_once", "stack": "", "pid": 103}
{"time": "2026-04-17 22:09:51.015453", "level": "INFO", "message": "env data_handler finish success", "file": "data_handler.py", "line": "189", "module": "env", "process": "data_handler", "function": "finish", "stack": "", "pid": 103}
{"time": "2026-04-17 22:09:51.016426", "level": "INFO", "message": "env env run once episode done, process_run_count is 10192", "file": "remote_env_server.py", "line": "298", "module": "env", "process": "remote_env_server", "function": "run_once", "stack": "", "pid": 103}
{"time": "2026-04-17 22:09:51.025290", "level": "INFO", "message": "env env recv reset message", "file": "remote_env_server.py", "line": "282", "module": "env", "process": "remote_env_server", "function": "run_once", "stack": "", "pid": 103}
{"time": "2026-04-17 22:09:51.026166", "level": "INFO", "message": "env Select map in order: episode=48, map_id=9 from map_list=[1, 2, 3, 4, 5, 6, 7, 8, 9, 10]", "file": "data_handler.py", "line": "148", "module": "env", "process": "data_handler", "function": "handle_usr_conf", "stack": "", "pid": 103}
{"time": "2026-04-17 22:09:51.017183", "level": "INFO", "message": "env data_handler finish success", "file": "data_handler.py", "line": "189", "module": "env", "process": "data_handler", "function": "finish", "stack": "", "pid": 103}
{"time": "2026-04-17 22:09:51.017789", "level": "INFO", "message": "env env run once episode done, process_run_count is 10393", "file": "remote_env_server.py", "line": "298", "module": "env", "process": "remote_env_server", "function": "run_once", "stack": "", "pid": 103}
{"time": "2026-04-17 22:09:51.023078", "level": "INFO", "message": "env env recv reset message", "file": "remote_env_server.py", "line": "282", "module": "env", "process": "remote_env_server", "function": "run_once", "stack": "", "pid": 103}
{"time": "2026-04-17 22:09:51.023887", "level": "INFO", "message": "env Select map in order: episode=49, map_id=10 from map_list=[1, 2, 3, 4, 5, 6, 7, 8, 9, 10]", "file": "data_handler.py", "line": "148", "module": "env", "process": "data_handler", "function": "handle_usr_conf", "stack": "", "pid": 103}
{"time": "2026-04-17 22:09:52.313037", "level": "INFO", "message": "env data_handler finish success", "file": "data_handler.py", "line": "189", "module": "env", "process": "data_handler", "function": "finish", "stack": "", "pid": 103}
{"time": "2026-04-17 22:09:52.313658", "level": "INFO", "message": "env env run once episode done, process_run_count is 10594", "file": "remote_env_server.py", "line": "298", "module": "env", "process": "remote_env_server", "function": "run_once", "stack": "", "pid": 103}
{"time": "2026-04-17 22:09:52.320420", "level": "INFO", "message": "env env recv reset message", "file": "remote_env_server.py", "line": "282", "module": "env", "process": "remote_env_server", "function": "run_once", "stack": "", "pid": 103}
{"time": "2026-04-17 22:09:52.321164", "level": "INFO", "message": "env Select map in order: episode=50, map_id=1 from map_list=[1, 2, 3, 4, 5, 6, 7, 8, 9, 10]", "file": "data_handler.py", "line": "148", "module": "env", "process": "data_handler", "function": "handle_usr_conf", "stack": "", "pid": 103}
{"time": "2026-04-17 22:09:52.877026", "level": "INFO", "message": "env data_handler finish success", "file": "data_handler.py", "line": "189", "module": "env", "process": "data_handler", "function": "finish", "stack": "", "pid": 103}
{"time": "2026-04-17 22:09:52.877845", "level": "INFO", "message": "env env run once episode done, process_run_count is 10656", "file": "remote_env_server.py", "line": "298", "module": "env", "process": "remote_env_server", "function": "run_once", "stack": "", "pid": 103}
{"time": "2026-04-17 22:09:52.880132", "level": "INFO", "message": "env env recv reset message", "file": "remote_env_server.py", "line": "282", "module": "env", "process": "remote_env_server", "function": "run_once", "stack": "", "pid": 103}
{"time": "2026-04-17 22:09:52.880837", "level": "INFO", "message": "env Select map in order: episode=51, map_id=2 from map_list=[1, 2, 3, 4, 5, 6, 7, 8, 9, 10]", "file": "data_handler.py", "line": "148", "module": "env", "process": "data_handler", "function": "handle_usr_conf", "stack": "", "pid": 103}
{"time": "2026-04-17 22:09:54.148075", "level": "INFO", "message": "env data_handler finish success", "file": "data_handler.py", "line": "189", "module": "env", "process": "data_handler", "function": "finish", "stack": "", "pid": 103}
{"time": "2026-04-17 22:09:54.148798", "level": "INFO", "message": "env env run once episode done, process_run_count is 10857", "file": "remote_env_server.py", "line": "298", "module": "env", "process": "remote_env_server", "function": "run_once", "stack": "", "pid": 103}
{"time": "2026-04-17 22:09:54.154335", "level": "INFO", "message": "env env recv reset message", "file": "remote_env_server.py", "line": "282", "module": "env", "process": "remote_env_server", "function": "run_once", "stack": "", "pid": 103}
{"time": "2026-04-17 22:09:54.155064", "level": "INFO", "message": "env Select map in order: episode=52, map_id=3 from map_list=[1, 2, 3, 4, 5, 6, 7, 8, 9, 10]", "file": "data_handler.py", "line": "148", "module": "env", "process": "data_handler", "function": "handle_usr_conf", "stack": "", "pid": 103}
{"time": "2026-04-17 22:09:55.325778", "level": "INFO", "message": "env data_handler finish success", "file": "data_handler.py", "line": "189", "module": "env", "process": "data_handler", "function": "finish", "stack": "", "pid": 103}
{"time": "2026-04-17 22:09:55.326661", "level": "INFO", "message": "env env run once episode done, process_run_count is 11058", "file": "remote_env_server.py", "line": "298", "module": "env", "process": "remote_env_server", "function": "run_once", "stack": "", "pid": 103}
{"time": "2026-04-17 22:09:55.332028", "level": "INFO", "message": "env env recv reset message", "file": "remote_env_server.py", "line": "282", "module": "env", "process": "remote_env_server", "function": "run_once", "stack": "", "pid": 103}
{"time": "2026-04-17 22:09:55.332714", "level": "INFO", "message": "env Select map in order: episode=53, map_id=4 from map_list=[1, 2, 3, 4, 5, 6, 7, 8, 9, 10]", "file": "data_handler.py", "line": "148", "module": "env", "process": "data_handler", "function": "handle_usr_conf", "stack": "", "pid": 103}
{"time": "2026-04-17 22:09:56.541922", "level": "INFO", "message": "env data_handler finish success", "file": "data_handler.py", "line": "189", "module": "env", "process": "data_handler", "function": "finish", "stack": "", "pid": 103}
{"time": "2026-04-17 22:09:56.542542", "level": "INFO", "message": "env env run once episode done, process_run_count is 11259", "file": "remote_env_server.py", "line": "298", "module": "env", "process": "remote_env_server", "function": "run_once", "stack": "", "pid": 103}
{"time": "2026-04-17 22:09:56.550401", "level": "INFO", "message": "env env recv reset message", "file": "remote_env_server.py", "line": "282", "module": "env", "process": "remote_env_server", "function": "run_once", "stack": "", "pid": 103}
{"time": "2026-04-17 22:09:56.551125", "level": "INFO", "message": "env Select map in order: episode=54, map_id=5 from map_list=[1, 2, 3, 4, 5, 6, 7, 8, 9, 10]", "file": "data_handler.py", "line": "148", "module": "env", "process": "data_handler", "function": "handle_usr_conf", "stack": "", "pid": 103}
{"time": "2026-04-17 22:09:57.840732", "level": "INFO", "message": "env data_handler finish success", "file": "data_handler.py", "line": "189", "module": "env", "process": "data_handler", "function": "finish", "stack": "", "pid": 103}
{"time": "2026-04-17 22:09:57.841542", "level": "INFO", "message": "env env run once episode done, process_run_count is 11460", "file": "remote_env_server.py", "line": "298", "module": "env", "process": "remote_env_server", "function": "run_once", "stack": "", "pid": 103}
{"time": "2026-04-17 22:09:57.848674", "level": "INFO", "message": "env env recv reset message", "file": "remote_env_server.py", "line": "282", "module": "env", "process": "remote_env_server", "function": "run_once", "stack": "", "pid": 103}
{"time": "2026-04-17 22:09:57.849739", "level": "INFO", "message": "env Select map in order: episode=55, map_id=6 from map_list=[1, 2, 3, 4, 5, 6, 7, 8, 9, 10]", "file": "data_handler.py", "line": "148", "module": "env", "process": "data_handler", "function": "handle_usr_conf", "stack": "", "pid": 103}
{"time": "2026-04-17 22:09:59.144540", "level": "INFO", "message": "env data_handler finish success", "file": "data_handler.py", "line": "189", "module": "env", "process": "data_handler", "function": "finish", "stack": "", "pid": 103}
{"time": "2026-04-17 22:09:59.145360", "level": "INFO", "message": "env env run once episode done, process_run_count is 11661", "file": "remote_env_server.py", "line": "298", "module": "env", "process": "remote_env_server", "function": "run_once", "stack": "", "pid": 103}
{"time": "2026-04-17 22:09:59.152455", "level": "INFO", "message": "env env recv reset message", "file": "remote_env_server.py", "line": "282", "module": "env", "process": "remote_env_server", "function": "run_once", "stack": "", "pid": 103}
{"time": "2026-04-17 22:09:59.153953", "level": "INFO", "message": "env Select map in order: episode=56, map_id=7 from map_list=[1, 2, 3, 4, 5, 6, 7, 8, 9, 10]", "file": "data_handler.py", "line": "148", "module": "env", "process": "data_handler", "function": "handle_usr_conf", "stack": "", "pid": 103}
{"time": "2026-04-17 22:10:01.305576", "level": "INFO", "message": "env finish monitor_data is {'total_score': 173, 'clean_score': 173, 'total_map': 10, 'map_random': 0, 'map_code': 7, 'max_steps': 1000, 'finished_steps': 356, 'total_charger': 4, 'charge_count': 1, 'remaining_charge': 0}", "file": "monitor_helper.py", "line": "95", "module": "env", "process": "monitor_helper", "function": "finish", "stack": "", "pid": 103}
{"time": "2026-04-17 22:10:01.308743", "level": "INFO", "message": "env data_handler finish success", "file": "data_handler.py", "line": "189", "module": "env", "process": "data_handler", "function": "finish", "stack": "", "pid": 103}
{"time": "2026-04-17 22:10:01.309411", "level": "INFO", "message": "env env run once episode done, process_run_count is 12018", "file": "remote_env_server.py", "line": "298", "module": "env", "process": "remote_env_server", "function": "run_once", "stack": "", "pid": 103}
{"time": "2026-04-17 22:10:01.327438", "level": "INFO", "message": "env env recv reset message", "file": "remote_env_server.py", "line": "282", "module": "env", "process": "remote_env_server", "function": "run_once", "stack": "", "pid": 103}
{"time": "2026-04-17 22:10:01.328554", "level": "INFO", "message": "env Select map in order: episode=57, map_id=8 from map_list=[1, 2, 3, 4, 5, 6, 7, 8, 9, 10]", "file": "data_handler.py", "line": "148", "module": "env", "process": "data_handler", "function": "handle_usr_conf", "stack": "", "pid": 103}
{"time": "2026-04-17 22:10:02.536396", "level": "INFO", "message": "env data_handler finish success", "file": "data_handler.py", "line": "189", "module": "env", "process": "data_handler", "function": "finish", "stack": "", "pid": 103}
{"time": "2026-04-17 22:10:02.536967", "level": "INFO", "message": "env env run once episode done, process_run_count is 12219", "file": "remote_env_server.py", "line": "298", "module": "env", "process": "remote_env_server", "function": "run_once", "stack": "", "pid": 103}
{"time": "2026-04-17 22:10:02.542489", "level": "INFO", "message": "env env recv reset message", "file": "remote_env_server.py", "line": "282", "module": "env", "process": "remote_env_server", "function": "run_once", "stack": "", "pid": 103}
{"time": "2026-04-17 22:10:02.543399", "level": "INFO", "message": "env Select map in order: episode=58, map_id=9 from map_list=[1, 2, 3, 4, 5, 6, 7, 8, 9, 10]", "file": "data_handler.py", "line": "148", "module": "env", "process": "data_handler", "function": "handle_usr_conf", "stack": "", "pid": 103}
{"time": "2026-04-17 22:10:03.733907", "level": "INFO", "message": "env data_handler finish success", "file": "data_handler.py", "line": "189", "module": "env", "process": "data_handler", "function": "finish", "stack": "", "pid": 103}
{"time": "2026-04-17 22:10:03.734458", "level": "INFO", "message": "env env run once episode done, process_run_count is 12420", "file": "remote_env_server.py", "line": "298", "module": "env", "process": "remote_env_server", "function": "run_once", "stack": "", "pid": 103}
{"time": "2026-04-17 22:10:03.742042", "level": "INFO", "message": "env env recv reset message", "file": "remote_env_server.py", "line": "282", "module": "env", "process": "remote_env_server", "function": "run_once", "stack": "", "pid": 103}
{"time": "2026-04-17 22:10:03.742790", "level": "INFO", "message": "env Select map in order: episode=59, map_id=10 from map_list=[1, 2, 3, 4, 5, 6, 7, 8, 9, 10]", "file": "data_handler.py", "line": "148", "module": "env", "process": "data_handler", "function": "handle_usr_conf", "stack": "", "pid": 103}
{"time": "2026-04-17 22:10:04.927164", "level": "INFO", "message": "env data_handler finish success", "file": "data_handler.py", "line": "189", "module": "env", "process": "data_handler", "function": "finish", "stack": "", "pid": 103}
{"time": "2026-04-17 22:10:04.929855", "level": "INFO", "message": "env env run once episode done, process_run_count is 12621", "file": "remote_env_server.py", "line": "298", "module": "env", "process": "remote_env_server", "function": "run_once", "stack": "", "pid": 103}
{"time": "2026-04-17 22:10:04.933457", "level": "INFO", "message": "env env recv reset message", "file": "remote_env_server.py", "line": "282", "module": "env", "process": "remote_env_server", "function": "run_once", "stack": "", "pid": 103}
{"time": "2026-04-17 22:10:04.935494", "level": "INFO", "message": "env Select map in order: episode=60, map_id=1 from map_list=[1, 2, 3, 4, 5, 6, 7, 8, 9, 10]", "file": "data_handler.py", "line": "148", "module": "env", "process": "data_handler", "function": "handle_usr_conf", "stack": "", "pid": 103}
{"time": "2026-04-17 22:10:06.576010", "level": "INFO", "message": "env data_handler finish success", "file": "data_handler.py", "line": "189", "module": "env", "process": "data_handler", "function": "finish", "stack": "", "pid": 103}
{"time": "2026-04-17 22:10:06.577465", "level": "INFO", "message": "env env run once episode done, process_run_count is 12822", "file": "remote_env_server.py", "line": "298", "module": "env", "process": "remote_env_server", "function": "run_once", "stack": "", "pid": 103}
{"time": "2026-04-17 22:10:06.583396", "level": "INFO", "message": "env env recv reset message", "file": "remote_env_server.py", "line": "282", "module": "env", "process": "remote_env_server", "function": "run_once", "stack": "", "pid": 103}
{"time": "2026-04-17 22:10:06.584008", "level": "INFO", "message": "env Select map in order: episode=61, map_id=2 from map_list=[1, 2, 3, 4, 5, 6, 7, 8, 9, 10]", "file": "data_handler.py", "line": "148", "module": "env", "process": "data_handler", "function": "handle_usr_conf", "stack": "", "pid": 103}
{"time": "2026-04-17 22:10:07.871568", "level": "INFO", "message": "env data_handler finish success", "file": "data_handler.py", "line": "189", "module": "env", "process": "data_handler", "function": "finish", "stack": "", "pid": 103}
{"time": "2026-04-17 22:10:07.872340", "level": "INFO", "message": "env env run once episode done, process_run_count is 13023", "file": "remote_env_server.py", "line": "298", "module": "env", "process": "remote_env_server", "function": "run_once", "stack": "", "pid": 103}
{"time": "2026-04-17 22:10:07.878441", "level": "INFO", "message": "env env recv reset message", "file": "remote_env_server.py", "line": "282", "module": "env", "process": "remote_env_server", "function": "run_once", "stack": "", "pid": 103}
{"time": "2026-04-17 22:10:52.824815", "level": "INFO", "message": "env data_handler finish success", "file": "data_handler.py", "line": "189", "module": "env", "process": "data_handler", "function": "finish", "stack": "", "pid": 103}
{"time": "2026-04-17 22:10:52.825378", "level": "INFO", "message": "env env run once episode done, process_run_count is 20632", "file": "remote_env_server.py", "line": "298", "module": "env", "process": "remote_env_server", "function": "run_once", "stack": "", "pid": 103}
{"time": "2026-04-17 22:10:52.847496", "level": "INFO", "message": "env env recv reset message", "file": "remote_env_server.py", "line": "282", "module": "env", "process": "remote_env_server", "function": "run_once", "stack": "", "pid": 103}
{"time": "2026-04-17 22:10:52.848826", "level": "INFO", "message": "env Select map in order: episode=98, map_id=9 from map_list=[1, 2, 3, 4, 5, 6, 7, 8, 9, 10]", "file": "data_handler.py", "line": "148", "module": "env", "process": "data_handler", "function": "handle_usr_conf", "stack": "", "pid": 103}
{"time": "2026-04-17 22:10:54.073054", "level": "INFO", "message": "env data_handler finish success", "file": "data_handler.py", "line": "189", "module": "env", "process": "data_handler", "function": "finish", "stack": "", "pid": 103}
{"time": "2026-04-17 22:10:54.073647", "level": "INFO", "message": "env env run once episode done, process_run_count is 20833", "file": "remote_env_server.py", "line": "298", "module": "env", "process": "remote_env_server", "function": "run_once", "stack": "", "pid": 103}
{"time": "2026-04-17 22:10:54.083085", "level": "INFO", "message": "env env recv reset message", "file": "remote_env_server.py", "line": "282", "module": "env", "process": "remote_env_server", "function": "run_once", "stack": "", "pid": 103}
{"time": "2026-04-17 22:10:54.084060", "level": "INFO", "message": "env Select map in order: episode=99, map_id=10 from map_list=[1, 2, 3, 4, 5, 6, 7, 8, 9, 10]", "file": "data_handler.py", "line": "148", "module": "env", "process": "data_handler", "function": "handle_usr_conf", "stack": "", "pid": 103}
{"time": "2026-04-17 22:10:54.897468", "level": "INFO", "message": "env data_handler finish success", "file": "data_handler.py", "line": "189", "module": "env", "process": "data_handler", "function": "finish", "stack": "", "pid": 103}
{"time": "2026-04-17 22:10:54.898256", "level": "INFO", "message": "env env run once episode done, process_run_count is 20968", "file": "remote_env_server.py", "line": "298", "module": "env", "process": "remote_env_server", "function": "run_once", "stack": "", "pid": 103}
{"time": "2026-04-17 22:10:54.903163", "level": "INFO", "message": "env env recv reset message", "file": "remote_env_server.py", "line": "282", "module": "env", "process": "remote_env_server", "function": "run_once", "stack": "", "pid": 103}
{"time": "2026-04-17 22:10:54.903931", "level": "INFO", "message": "env Select map in order: episode=100, map_id=1 from map_list=[1, 2, 3, 4, 5, 6, 7, 8, 9, 10]", "file": "data_handler.py", "line": "148", "module": "env", "process": "data_handler", "function": "handle_usr_conf", "stack": "", "pid": 103}
{"time": "2026-04-17 22:10:56.087908", "level": "INFO", "message": "env data_handler finish success", "file": "data_handler.py", "line": "189", "module": "env", "process": "data_handler", "function": "finish", "stack": "", "pid": 103}
{"time": "2026-04-17 22:10:56.088570", "level": "INFO", "message": "env env run once episode done, process_run_count is 21169", "file": "remote_env_server.py", "line": "298", "module": "env", "process": "remote_env_server", "function": "run_once", "stack": "", "pid": 103}
{"time": "2026-04-17 22:10:56.095085", "level": "INFO", "message": "env env recv reset message", "file": "remote_env_server.py", "line": "282", "module": "env", "process": "remote_env_server", "function": "run_once", "stack": "", "pid": 103}
{"time": "2026-04-17 22:10:56.095809", "level": "INFO", "message": "env Select map in order: episode=101, map_id=2 from map_list=[1, 2, 3, 4, 5, 6, 7, 8, 9, 10]", "file": "data_handler.py", "line": "148", "module": "env", "process": "data_handler", "function": "handle_usr_conf", "stack": "", "pid": 103}
{"time": "2026-04-17 22:10:57.298134", "level": "INFO", "message": "env data_handler finish success", "file": "data_handler.py", "line": "189", "module": "env", "process": "data_handler", "function": "finish", "stack": "", "pid": 103}
{"time": "2026-04-17 22:10:57.298661", "level": "INFO", "message": "env env run once episode done, process_run_count is 21370", "file": "remote_env_server.py", "line": "298", "module": "env", "process": "remote_env_server", "function": "run_once", "stack": "", "pid": 103}
{"time": "2026-04-17 22:10:57.307973", "level": "INFO", "message": "env env recv reset message", "file": "remote_env_server.py", "line": "282", "module": "env", "process": "remote_env_server", "function": "run_once", "stack": "", "pid": 103}
{"time": "2026-04-17 22:10:57.309300", "level": "INFO", "message": "env Select map in order: episode=102, map_id=3 from map_list=[1, 2, 3, 4, 5, 6, 7, 8, 9, 10]", "file": "data_handler.py", "line": "148", "module": "env", "process": "data_handler", "function": "handle_usr_conf", "stack": "", "pid": 103}
{"time": "2026-04-17 22:10:58.495197", "level": "INFO", "message": "env data_handler finish success", "file": "data_handler.py", "line": "189", "module": "env", "process": "data_handler", "function": "finish", "stack": "", "pid": 103}
{"time": "2026-04-17 22:10:58.498156", "level": "INFO", "message": "env env run once episode done, process_run_count is 21571", "file": "remote_env_server.py", "line": "298", "module": "env", "process": "remote_env_server", "function": "run_once", "stack": "", "pid": 103}
{"time": "2026-04-17 22:10:58.501034", "level": "INFO", "message": "env env recv reset message", "file": "remote_env_server.py", "line": "282", "module": "env", "process": "remote_env_server", "function": "run_once", "stack": "", "pid": 103}
{"time": "2026-04-17 22:10:58.501825", "level": "INFO", "message": "env Select map in order: episode=103, map_id=4 from map_list=[1, 2, 3, 4, 5, 6, 7, 8, 9, 10]", "file": "data_handler.py", "line": "148", "module": "env", "process": "data_handler", "function": "handle_usr_conf", "stack": "", "pid": 103}
{"time": "2026-04-17 22:10:59.032936", "level": "INFO", "message": "env data_handler finish success", "file": "data_handler.py", "line": "189", "module": "env", "process": "data_handler", "function": "finish", "stack": "", "pid": 103}
{"time": "2026-04-17 22:10:59.035251", "level": "INFO", "message": "env env run once episode done, process_run_count is 21641", "file": "remote_env_server.py", "line": "298", "module": "env", "process": "remote_env_server", "function": "run_once", "stack": "", "pid": 103}
{"time": "2026-04-17 22:10:59.036800", "level": "INFO", "message": "env env recv reset message", "file": "remote_env_server.py", "line": "282", "module": "env", "process": "remote_env_server", "function": "run_once", "stack": "", "pid": 103}
{"time": "2026-04-17 22:10:59.037696", "level": "INFO", "message": "env Select map in order: episode=104, map_id=5 from map_list=[1, 2, 3, 4, 5, 6, 7, 8, 9, 10]", "file": "data_handler.py", "line": "148", "module": "env", "process": "data_handler", "function": "handle_usr_conf", "stack": "", "pid": 103}
{"time": "2026-04-17 22:11:00.244972", "level": "INFO", "message": "env data_handler finish success", "file": "data_handler.py", "line": "189", "module": "env", "process": "data_handler", "function": "finish", "stack": "", "pid": 103}
{"time": "2026-04-17 22:11:00.245696", "level": "INFO", "message": "env env run once episode done, process_run_count is 21842", "file": "remote_env_server.py", "line": "298", "module": "env", "process": "remote_env_server", "function": "run_once", "stack": "", "pid": 103}
{"time": "2026-04-17 22:11:00.253271", "level": "INFO", "message": "env env recv reset message", "file": "remote_env_server.py", "line": "282", "module": "env", "process": "remote_env_server", "function": "run_once", "stack": "", "pid": 103}
{"time": "2026-04-17 22:11:00.254182", "level": "INFO", "message": "env Select map in order: episode=105, map_id=6 from map_list=[1, 2, 3, 4, 5, 6, 7, 8, 9, 10]", "file": "data_handler.py", "line": "148", "module": "env", "process": "data_handler", "function": "handle_usr_conf", "stack": "", "pid": 103}
{"time": "2026-04-17 22:11:01.438131", "level": "INFO", "message": "env finish monitor_data is {'total_score': 129, 'clean_score': 129, 'total_map': 10, 'map_random': 0, 'map_code': 6, 'max_steps': 1000, 'finished_steps': 200, 'total_charger': 4, 'charge_count': 0, 'remaining_charge': 0}", "file": "monitor_helper.py", "line": "95", "module": "env", "process": "monitor_helper", "function": "finish", "stack": "", "pid": 103}
{"time": "2026-04-17 22:11:01.441796", "level": "INFO", "message": "env data_handler finish success", "file": "data_handler.py", "line": "189", "module": "env", "process": "data_handler", "function": "finish", "stack": "", "pid": 103}
{"time": "2026-04-17 22:11:01.442392", "level": "INFO", "message": "env env run once episode done, process_run_count is 22043", "file": "remote_env_server.py", "line": "298", "module": "env", "process": "remote_env_server", "function": "run_once", "stack": "", "pid": 103}
{"time": "2026-04-17 22:11:01.575993", "level": "INFO", "message": "env env recv reset message", "file": "remote_env_server.py", "line": "282", "module": "env", "process": "remote_env_server", "function": "run_once", "stack": "", "pid": 103}
{"time": "2026-04-17 22:11:01.577129", "level": "INFO", "message": "env Select map in order: episode=106, map_id=7 from map_list=[1, 2, 3, 4, 5, 6, 7, 8, 9, 10]", "file": "data_handler.py", "line": "148", "module": "env", "process": "data_handler", "function": "handle_usr_conf", "stack": "", "pid": 103}
{"time": "2026-04-17 22:11:01.787958", "level": "INFO", "message": "env data_handler finish success", "file": "data_handler.py", "line": "189", "module": "env", "process": "data_handler", "function": "finish", "stack": "", "pid": 103}
{"time": "2026-04-17 22:11:01.791026", "level": "INFO", "message": "env env run once episode done, process_run_count is 22055", "file": "remote_env_server.py", "line": "298", "module": "env", "process": "remote_env_server", "function": "run_once", "stack": "", "pid": 103}
{"time": "2026-04-17 22:11:01.791714", "level": "INFO", "message": "env env recv reset message", "file": "remote_env_server.py", "line": "282", "module": "env", "process": "remote_env_server", "function": "run_once", "stack": "", "pid": 103}
{"time": "2026-04-17 22:11:01.792305", "level": "INFO", "message": "env Select map in order: episode=107, map_id=8 from map_list=[1, 2, 3, 4, 5, 6, 7, 8, 9, 10]", "file": "data_handler.py", "line": "148", "module": "env", "process": "data_handler", "function": "handle_usr_conf", "stack": "", "pid": 103}
{"time": "2026-04-17 22:11:02.996326", "level": "INFO", "message": "env data_handler finish success", "file": "data_handler.py", "line": "189", "module": "env", "process": "data_handler", "function": "finish", "stack": "", "pid": 103}
{"time": "2026-04-17 22:11:02.997064", "level": "INFO", "message": "env env run once episode done, process_run_count is 22256", "file": "remote_env_server.py", "line": "298", "module": "env", "process": "remote_env_server", "function": "run_once", "stack": "", "pid": 103}
{"time": "2026-04-17 22:11:03.004444", "level": "INFO", "message": "env env recv reset message", "file": "remote_env_server.py", "line": "282", "module": "env", "process": "remote_env_server", "function": "run_once", "stack": "", "pid": 103}
{"time": "2026-04-17 22:11:03.005342", "level": "INFO", "message": "env Select map in order: episode=108, map_id=9 from map_list=[1, 2, 3, 4, 5, 6, 7, 8, 9, 10]", "file": "data_handler.py", "line": "148", "module": "env", "process": "data_handler", "function": "handle_usr_conf", "stack": "", "pid": 103}
{"time": "2026-04-17 22:11:04.008998", "level": "INFO", "message": "env data_handler finish success", "file": "data_handler.py", "line": "189", "module": "env", "process": "data_handler", "function": "finish", "stack": "", "pid": 103}
{"time": "2026-04-17 22:11:04.010562", "level": "INFO", "message": "env env run once episode done, process_run_count is 22457", "file": "remote_env_server.py", "line": "298", "module": "env", "process": "remote_env_server", "function": "run_once", "stack": "", "pid": 103}
{"time": "2026-04-17 22:11:04.015443", "level": "INFO", "message": "env env recv reset message", "file": "remote_env_server.py", "line": "282", "module": "env", "process": "remote_env_server", "function": "run_once", "stack": "", "pid": 103}
{"time": "2026-04-17 22:11:04.016346", "level": "INFO", "message": "env Select map in order: episode=109, map_id=10 from map_list=[1, 2, 3, 4, 5, 6, 7, 8, 9, 10]", "file": "data_handler.py", "line": "148", "module": "env", "process": "data_handler", "function": "handle_usr_conf", "stack": "", "pid": 103}
{"time": "2026-04-17 22:11:04.307138", "level": "INFO", "message": "env data_handler finish success", "file": "data_handler.py", "line": "189", "module": "env", "process": "data_handler", "function": "finish", "stack": "", "pid": 103}
{"time": "2026-04-17 22:11:04.307893", "level": "INFO", "message": "env env run once episode done, process_run_count is 22658", "file": "remote_env_server.py", "line": "298", "module": "env", "process": "remote_env_server", "function": "run_once", "stack": "", "pid": 103}
{"time": "2026-04-17 22:11:04.312493", "level": "INFO", "message": "env env recv reset message", "file": "remote_env_server.py", "line": "282", "module": "env", "process": "remote_env_server", "function": "run_once", "stack": "", "pid": 103}
{"time": "2026-04-17 22:11:04.313141", "level": "INFO", "message": "env Select map in order: episode=110, map_id=1 from map_list=[1, 2, 3, 4, 5, 6, 7, 8, 9, 10]", "file": "data_handler.py", "line": "148", "module": "env", "process": "data_handler", "function": "handle_usr_conf", "stack": "", "pid": 103}
{"time": "2026-04-17 22:11:05.623952", "level": "INFO", "message": "env data_handler finish success", "file": "data_handler.py", "line": "189", "module": "env", "process": "data_handler", "function": "finish", "stack": "", "pid": 103}
{"time": "2026-04-17 22:11:05.624501", "level": "INFO", "message": "env env run once episode done, process_run_count is 22859", "file": "remote_env_server.py", "line": "298", "module": "env", "process": "remote_env_server", "function": "run_once", "stack": "", "pid": 103}
{"time": "2026-04-17 22:11:05.629427", "level": "INFO", "message": "env env recv reset message", "file": "remote_env_server.py", "line": "282", "module": "env", "process": "remote_env_server", "function": "run_once", "stack": "", "pid": 103}
{"time": "2026-04-17 22:11:05.630289", "level": "INFO", "message": "env Select map in order: episode=111, map_id=2 from map_list=[1, 2, 3, 4, 5, 6, 7, 8, 9, 10]", "file": "data_handler.py", "line": "148", "module": "env", "process": "data_handler", "function": "handle_usr_conf", "stack": "", "pid": 103}
{"time": "2026-04-17 22:11:06.928135", "level": "INFO", "message": "env data_handler finish success", "file": "data_handler.py", "line": "189", "module": "env", "process": "data_handler", "function": "finish", "stack": "", "pid": 103}
{"time": "2026-04-17 22:11:06.928955", "level": "INFO", "message": "env env run once episode done, process_run_count is 23060", "file": "remote_env_server.py", "line": "298", "module": "env", "process": "remote_env_server", "function": "run_once", "stack": "", "pid": 103}
{"time": "2026-04-17 22:11:06.933361", "level": "INFO", "message": "env env recv reset message", "file": "remote_env_server.py", "line": "282", "module": "env", "process": "remote_env_server", "function": "run_once", "stack": "", "pid": 103}
{"time": "2026-04-17 22:11:54.614946", "level": "INFO", "message": "env data_handler finish success", "file": "data_handler.py", "line": "189", "module": "env", "process": "data_handler", "function": "finish", "stack": "", "pid": 103}
{"time": "2026-04-17 22:11:54.615638", "level": "INFO", "message": "env env run once episode done, process_run_count is 30769", "file": "remote_env_server.py", "line": "298", "module": "env", "process": "remote_env_server", "function": "run_once", "stack": "", "pid": 103}
{"time": "2026-04-17 22:11:54.628117", "level": "INFO", "message": "env env recv reset message", "file": "remote_env_server.py", "line": "282", "module": "env", "process": "remote_env_server", "function": "run_once", "stack": "", "pid": 103}
{"time": "2026-04-17 22:11:54.628976", "level": "INFO", "message": "env Select map in order: episode=149, map_id=10 from map_list=[1, 2, 3, 4, 5, 6, 7, 8, 9, 10]", "file": "data_handler.py", "line": "148", "module": "env", "process": "data_handler", "function": "handle_usr_conf", "stack": "", "pid": 103}
{"time": "2026-04-17 22:11:55.879084", "level": "INFO", "message": "env data_handler finish success", "file": "data_handler.py", "line": "189", "module": "env", "process": "data_handler", "function": "finish", "stack": "", "pid": 103}
{"time": "2026-04-17 22:11:55.880152", "level": "INFO", "message": "env env run once episode done, process_run_count is 30970", "file": "remote_env_server.py", "line": "298", "module": "env", "process": "remote_env_server", "function": "run_once", "stack": "", "pid": 103}
{"time": "2026-04-17 22:11:55.886180", "level": "INFO", "message": "env env recv reset message", "file": "remote_env_server.py", "line": "282", "module": "env", "process": "remote_env_server", "function": "run_once", "stack": "", "pid": 103}
{"time": "2026-04-17 22:11:55.887057", "level": "INFO", "message": "env Select map in order: episode=150, map_id=1 from map_list=[1, 2, 3, 4, 5, 6, 7, 8, 9, 10]", "file": "data_handler.py", "line": "148", "module": "env", "process": "data_handler", "function": "handle_usr_conf", "stack": "", "pid": 103}
{"time": "2026-04-17 22:11:56.161331", "level": "INFO", "message": "env data_handler finish success", "file": "data_handler.py", "line": "189", "module": "env", "process": "data_handler", "function": "finish", "stack": "", "pid": 103}
{"time": "2026-04-17 22:11:56.162038", "level": "INFO", "message": "env env run once episode done, process_run_count is 30992", "file": "remote_env_server.py", "line": "298", "module": "env", "process": "remote_env_server", "function": "run_once", "stack": "", "pid": 103}
{"time": "2026-04-17 22:11:56.163645", "level": "INFO", "message": "env env recv reset message", "file": "remote_env_server.py", "line": "282", "module": "env", "process": "remote_env_server", "function": "run_once", "stack": "", "pid": 103}
{"time": "2026-04-17 22:11:56.164188", "level": "INFO", "message": "env Select map in order: episode=151, map_id=2 from map_list=[1, 2, 3, 4, 5, 6, 7, 8, 9, 10]", "file": "data_handler.py", "line": "148", "module": "env", "process": "data_handler", "function": "handle_usr_conf", "stack": "", "pid": 103}
{"time": "2026-04-17 22:11:57.336897", "level": "INFO", "message": "env data_handler finish success", "file": "data_handler.py", "line": "189", "module": "env", "process": "data_handler", "function": "finish", "stack": "", "pid": 103}
{"time": "2026-04-17 22:11:57.337957", "level": "INFO", "message": "env env run once episode done, process_run_count is 31193", "file": "remote_env_server.py", "line": "298", "module": "env", "process": "remote_env_server", "function": "run_once", "stack": "", "pid": 103}
{"time": "2026-04-17 22:11:57.347402", "level": "INFO", "message": "env env recv reset message", "file": "remote_env_server.py", "line": "282", "module": "env", "process": "remote_env_server", "function": "run_once", "stack": "", "pid": 103}
{"time": "2026-04-17 22:11:57.348306", "level": "INFO", "message": "env Select map in order: episode=152, map_id=3 from map_list=[1, 2, 3, 4, 5, 6, 7, 8, 9, 10]", "file": "data_handler.py", "line": "148", "module": "env", "process": "data_handler", "function": "handle_usr_conf", "stack": "", "pid": 103}
{"time": "2026-04-17 22:11:58.545168", "level": "INFO", "message": "env data_handler finish success", "file": "data_handler.py", "line": "189", "module": "env", "process": "data_handler", "function": "finish", "stack": "", "pid": 103}
{"time": "2026-04-17 22:11:58.545934", "level": "INFO", "message": "env env run once episode done, process_run_count is 31394", "file": "remote_env_server.py", "line": "298", "module": "env", "process": "remote_env_server", "function": "run_once", "stack": "", "pid": 103}
{"time": "2026-04-17 22:11:58.551946", "level": "INFO", "message": "env env recv reset message", "file": "remote_env_server.py", "line": "282", "module": "env", "process": "remote_env_server", "function": "run_once", "stack": "", "pid": 103}
{"time": "2026-04-17 22:11:58.552850", "level": "INFO", "message": "env Select map in order: episode=153, map_id=4 from map_list=[1, 2, 3, 4, 5, 6, 7, 8, 9, 10]", "file": "data_handler.py", "line": "148", "module": "env", "process": "data_handler", "function": "handle_usr_conf", "stack": "", "pid": 103}
{"time": "2026-04-17 22:11:59.805400", "level": "INFO", "message": "env data_handler finish success", "file": "data_handler.py", "line": "189", "module": "env", "process": "data_handler", "function": "finish", "stack": "", "pid": 103}
{"time": "2026-04-17 22:11:59.806363", "level": "INFO", "message": "env env run once episode done, process_run_count is 31595", "file": "remote_env_server.py", "line": "298", "module": "env", "process": "remote_env_server", "function": "run_once", "stack": "", "pid": 103}
{"time": "2026-04-17 22:11:59.811120", "level": "INFO", "message": "env env recv reset message", "file": "remote_env_server.py", "line": "282", "module": "env", "process": "remote_env_server", "function": "run_once", "stack": "", "pid": 103}
{"time": "2026-04-17 22:11:59.812838", "level": "INFO", "message": "env Select map in order: episode=154, map_id=5 from map_list=[1, 2, 3, 4, 5, 6, 7, 8, 9, 10]", "file": "data_handler.py", "line": "148", "module": "env", "process": "data_handler", "function": "handle_usr_conf", "stack": "", "pid": 103}
{"time": "2026-04-17 22:12:01.018887", "level": "INFO", "message": "env data_handler finish success", "file": "data_handler.py", "line": "189", "module": "env", "process": "data_handler", "function": "finish", "stack": "", "pid": 103}
{"time": "2026-04-17 22:12:01.019626", "level": "INFO", "message": "env env run once episode done, process_run_count is 31796", "file": "remote_env_server.py", "line": "298", "module": "env", "process": "remote_env_server", "function": "run_once", "stack": "", "pid": 103}
{"time": "2026-04-17 22:12:01.026221", "level": "INFO", "message": "env env recv reset message", "file": "remote_env_server.py", "line": "282", "module": "env", "process": "remote_env_server", "function": "run_once", "stack": "", "pid": 103}
{"time": "2026-04-17 22:12:01.027181", "level": "INFO", "message": "env Select map in order: episode=155, map_id=6 from map_list=[1, 2, 3, 4, 5, 6, 7, 8, 9, 10]", "file": "data_handler.py", "line": "148", "module": "env", "process": "data_handler", "function": "handle_usr_conf", "stack": "", "pid": 103}
{"time": "2026-04-17 22:12:02.227021", "level": "INFO", "message": "env finish monitor_data is {'total_score': 86, 'clean_score': 86, 'total_map': 10, 'map_random': 0, 'map_code': 6, 'max_steps': 1000, 'finished_steps': 192, 'total_charger': 4, 'charge_count': 0, 'remaining_charge': 8}", "file": "monitor_helper.py", "line": "95", "module": "env", "process": "monitor_helper", "function": "finish", "stack": "", "pid": 103}
{"time": "2026-04-17 22:12:02.227776", "level": "INFO", "message": "env data_handler finish success", "file": "data_handler.py", "line": "189", "module": "env", "process": "data_handler", "function": "finish", "stack": "", "pid": 103}
{"time": "2026-04-17 22:12:02.228487", "level": "INFO", "message": "env env run once episode done, process_run_count is 31989", "file": "remote_env_server.py", "line": "298", "module": "env", "process": "remote_env_server", "function": "run_once", "stack": "", "pid": 103}
{"time": "2026-04-17 22:12:02.239257", "level": "INFO", "message": "env env recv reset message", "file": "remote_env_server.py", "line": "282", "module": "env", "process": "remote_env_server", "function": "run_once", "stack": "", "pid": 103}
{"time": "2026-04-17 22:12:02.240242", "level": "INFO", "message": "env Select map in order: episode=156, map_id=7 from map_list=[1, 2, 3, 4, 5, 6, 7, 8, 9, 10]", "file": "data_handler.py", "line": "148", "module": "env", "process": "data_handler", "function": "handle_usr_conf", "stack": "", "pid": 103}
{"time": "2026-04-17 22:12:02.583556", "level": "INFO", "message": "env data_handler finish success", "file": "data_handler.py", "line": "189", "module": "env", "process": "data_handler", "function": "finish", "stack": "", "pid": 103}
{"time": "2026-04-17 22:12:02.584338", "level": "INFO", "message": "env env run once episode done, process_run_count is 32190", "file": "remote_env_server.py", "line": "298", "module": "env", "process": "remote_env_server", "function": "run_once", "stack": "", "pid": 103}
{"time": "2026-04-17 22:12:02.588994", "level": "INFO", "message": "env env recv reset message", "file": "remote_env_server.py", "line": "282", "module": "env", "process": "remote_env_server", "function": "run_once", "stack": "", "pid": 103}
{"time": "2026-04-17 22:12:02.589718", "level": "INFO", "message": "env Select map in order: episode=157, map_id=8 from map_list=[1, 2, 3, 4, 5, 6, 7, 8, 9, 10]", "file": "data_handler.py", "line": "148", "module": "env", "process": "data_handler", "function": "handle_usr_conf", "stack": "", "pid": 103}
{"time": "2026-04-17 22:12:03.792136", "level": "INFO", "message": "env data_handler finish success", "file": "data_handler.py", "line": "189", "module": "env", "process": "data_handler", "function": "finish", "stack": "", "pid": 103}
{"time": "2026-04-17 22:12:03.795613", "level": "INFO", "message": "env env run once episode done, process_run_count is 32391", "file": "remote_env_server.py", "line": "298", "module": "env", "process": "remote_env_server", "function": "run_once", "stack": "", "pid": 103}
{"time": "2026-04-17 22:12:03.797741", "level": "INFO", "message": "env env recv reset message", "file": "remote_env_server.py", "line": "282", "module": "env", "process": "remote_env_server", "function": "run_once", "stack": "", "pid": 103}
{"time": "2026-04-17 22:12:03.800226", "level": "INFO", "message": "env Select map in order: episode=158, map_id=9 from map_list=[1, 2, 3, 4, 5, 6, 7, 8, 9, 10]", "file": "data_handler.py", "line": "148", "module": "env", "process": "data_handler", "function": "handle_usr_conf", "stack": "", "pid": 103}
{"time": "2026-04-17 22:12:04.981260", "level": "INFO", "message": "env data_handler finish success", "file": "data_handler.py", "line": "189", "module": "env", "process": "data_handler", "function": "finish", "stack": "", "pid": 103}
{"time": "2026-04-17 22:12:04.981948", "level": "INFO", "message": "env env run once episode done, process_run_count is 32592", "file": "remote_env_server.py", "line": "298", "module": "env", "process": "remote_env_server", "function": "run_once", "stack": "", "pid": 103}
{"time": "2026-04-17 22:12:04.987333", "level": "INFO", "message": "env env recv reset message", "file": "remote_env_server.py", "line": "282", "module": "env", "process": "remote_env_server", "function": "run_once", "stack": "", "pid": 103}
{"time": "2026-04-17 22:12:04.988278", "level": "INFO", "message": "env Select map in order: episode=159, map_id=10 from map_list=[1, 2, 3, 4, 5, 6, 7, 8, 9, 10]", "file": "data_handler.py", "line": "148", "module": "env", "process": "data_handler", "function": "handle_usr_conf", "stack": "", "pid": 103}
{"time": "2026-04-17 22:12:06.165338", "level": "INFO", "message": "env data_handler finish success", "file": "data_handler.py", "line": "189", "module": "env", "process": "data_handler", "function": "finish", "stack": "", "pid": 103}
{"time": "2026-04-17 22:12:06.166010", "level": "INFO", "message": "env env run once episode done, process_run_count is 32793", "file": "remote_env_server.py", "line": "298", "module": "env", "process": "remote_env_server", "function": "run_once", "stack": "", "pid": 103}
{"time": "2026-04-17 22:12:06.171911", "level": "INFO", "message": "env env recv reset message", "file": "remote_env_server.py", "line": "282", "module": "env", "process": "remote_env_server", "function": "run_once", "stack": "", "pid": 103}
{"time": "2026-04-17 22:12:06.172741", "level": "INFO", "message": "env Select map in order: episode=160, map_id=1 from map_list=[1, 2, 3, 4, 5, 6, 7, 8, 9, 10]", "file": "data_handler.py", "line": "148", "module": "env", "process": "data_handler", "function": "handle_usr_conf", "stack": "", "pid": 103}
{"time": "2026-04-17 22:12:07.433147", "level": "INFO", "message": "env data_handler finish success", "file": "data_handler.py", "line": "189", "module": "env", "process": "data_handler", "function": "finish", "stack": "", "pid": 103}
{"time": "2026-04-17 22:12:07.433900", "level": "INFO", "message": "env env run once episode done, process_run_count is 32994", "file": "remote_env_server.py", "line": "298", "module": "env", "process": "remote_env_server", "function": "run_once", "stack": "", "pid": 103}
{"time": "2026-04-17 22:12:07.444162", "level": "INFO", "message": "env env recv reset message", "file": "remote_env_server.py", "line": "282", "module": "env", "process": "remote_env_server", "function": "run_once", "stack": "", "pid": 103}
{"time": "2026-04-17 22:12:07.444910", "level": "INFO", "message": "env Select map in order: episode=161, map_id=2 from map_list=[1, 2, 3, 4, 5, 6, 7, 8, 9, 10]", "file": "data_handler.py", "line": "148", "module": "env", "process": "data_handler", "function": "handle_usr_conf", "stack": "", "pid": 103}
{"time": "2026-04-17 22:12:08.662164", "level": "INFO", "message": "env data_handler finish success", "file": "data_handler.py", "line": "189", "module": "env", "process": "data_handler", "function": "finish", "stack": "", "pid": 103}
{"time": "2026-04-17 22:12:08.664845", "level": "INFO", "message": "env env run once episode done, process_run_count is 33195", "file": "remote_env_server.py", "line": "298", "module": "env", "process": "remote_env_server", "function": "run_once", "stack": "", "pid": 103}
{"time": "2026-04-17 22:12:08.667666", "level": "INFO", "message": "env env recv reset message", "file": "remote_env_server.py", "line": "282", "module": "env", "process": "remote_env_server", "function": "run_once", "stack": "", "pid": 103}
{"time": "2026-04-17 22:12:08.670524", "level": "INFO", "message": "env Select map in order: episode=162, map_id=3 from map_list=[1, 2, 3, 4, 5, 6, 7, 8, 9, 10]", "file": "data_handler.py", "line": "148", "module": "env", "process": "data_handler", "function": "handle_usr_conf", "stack": "", "pid": 103}
{"time": "2026-04-17 22:12:09.867631", "level": "INFO", "message": "env data_handler finish success", "file": "data_handler.py", "line": "189", "module": "env", "process": "data_handler", "function": "finish", "stack": "", "pid": 103}
{"time": "2026-04-17 22:12:09.870320", "level": "INFO", "message": "env env run once episode done, process_run_count is 33396", "file": "remote_env_server.py", "line": "298", "module": "env", "process": "remote_env_server", "function": "run_once", "stack": "", "pid": 103}
{"time": "2026-04-17 22:12:09.873216", "level": "INFO", "message": "env env recv reset message", "file": "remote_env_server.py", "line": "282", "module": "env", "process": "remote_env_server", "function": "run_once", "stack": "", "pid": 103}
{"time": "2026-04-17 22:12:54.688839", "level": "INFO", "message": "env data_handler finish success", "file": "data_handler.py", "line": "189", "module": "env", "process": "data_handler", "function": "finish", "stack": "", "pid": 103}
{"time": "2026-04-17 22:12:54.690438", "level": "INFO", "message": "env env run once episode done, process_run_count is 40444", "file": "remote_env_server.py", "line": "298", "module": "env", "process": "remote_env_server", "function": "run_once", "stack": "", "pid": 103}
{"time": "2026-04-17 22:12:54.698500", "level": "INFO", "message": "env env recv reset message", "file": "remote_env_server.py", "line": "282", "module": "env", "process": "remote_env_server", "function": "run_once", "stack": "", "pid": 103}
{"time": "2026-04-17 22:12:54.699177", "level": "INFO", "message": "env Select map in order: episode=201, map_id=2 from map_list=[1, 2, 3, 4, 5, 6, 7, 8, 9, 10]", "file": "data_handler.py", "line": "148", "module": "env", "process": "data_handler", "function": "handle_usr_conf", "stack": "", "pid": 103}
{"time": "2026-04-17 22:12:55.701226", "level": "INFO", "message": "env data_handler finish success", "file": "data_handler.py", "line": "189", "module": "env", "process": "data_handler", "function": "finish", "stack": "", "pid": 103}
{"time": "2026-04-17 22:12:55.701938", "level": "INFO", "message": "env env run once episode done, process_run_count is 40594", "file": "remote_env_server.py", "line": "298", "module": "env", "process": "remote_env_server", "function": "run_once", "stack": "", "pid": 103}
{"time": "2026-04-17 22:12:55.706219", "level": "INFO", "message": "env env recv reset message", "file": "remote_env_server.py", "line": "282", "module": "env", "process": "remote_env_server", "function": "run_once", "stack": "", "pid": 103}
{"time": "2026-04-17 22:12:55.707139", "level": "INFO", "message": "env Select map in order: episode=202, map_id=3 from map_list=[1, 2, 3, 4, 5, 6, 7, 8, 9, 10]", "file": "data_handler.py", "line": "148", "module": "env", "process": "data_handler", "function": "handle_usr_conf", "stack": "", "pid": 103}
{"time": "2026-04-17 22:12:57.014473", "level": "INFO", "message": "env data_handler finish success", "file": "data_handler.py", "line": "189", "module": "env", "process": "data_handler", "function": "finish", "stack": "", "pid": 103}
{"time": "2026-04-17 22:12:57.015003", "level": "INFO", "message": "env env run once episode done, process_run_count is 40795", "file": "remote_env_server.py", "line": "298", "module": "env", "process": "remote_env_server", "function": "run_once", "stack": "", "pid": 103}
{"time": "2026-04-17 22:12:57.021157", "level": "INFO", "message": "env env recv reset message", "file": "remote_env_server.py", "line": "282", "module": "env", "process": "remote_env_server", "function": "run_once", "stack": "", "pid": 103}
{"time": "2026-04-17 22:12:57.023817", "level": "INFO", "message": "env Select map in order: episode=203, map_id=4 from map_list=[1, 2, 3, 4, 5, 6, 7, 8, 9, 10]", "file": "data_handler.py", "line": "148", "module": "env", "process": "data_handler", "function": "handle_usr_conf", "stack": "", "pid": 103}
{"time": "2026-04-17 22:12:58.265253", "level": "INFO", "message": "env data_handler finish success", "file": "data_handler.py", "line": "189", "module": "env", "process": "data_handler", "function": "finish", "stack": "", "pid": 103}
{"time": "2026-04-17 22:12:58.266772", "level": "INFO", "message": "env env run once episode done, process_run_count is 40996", "file": "remote_env_server.py", "line": "298", "module": "env", "process": "remote_env_server", "function": "run_once", "stack": "", "pid": 103}
{"time": "2026-04-17 22:12:58.272284", "level": "INFO", "message": "env env recv reset message", "file": "remote_env_server.py", "line": "282", "module": "env", "process": "remote_env_server", "function": "run_once", "stack": "", "pid": 103}
{"time": "2026-04-17 22:12:58.273148", "level": "INFO", "message": "env Select map in order: episode=204, map_id=5 from map_list=[1, 2, 3, 4, 5, 6, 7, 8, 9, 10]", "file": "data_handler.py", "line": "148", "module": "env", "process": "data_handler", "function": "handle_usr_conf", "stack": "", "pid": 103}
{"time": "2026-04-17 22:12:59.505146", "level": "INFO", "message": "env data_handler finish success", "file": "data_handler.py", "line": "189", "module": "env", "process": "data_handler", "function": "finish", "stack": "", "pid": 103}
{"time": "2026-04-17 22:12:59.505850", "level": "INFO", "message": "env env run once episode done, process_run_count is 41197", "file": "remote_env_server.py", "line": "298", "module": "env", "process": "remote_env_server", "function": "run_once", "stack": "", "pid": 103}
{"time": "2026-04-17 22:12:59.511760", "level": "INFO", "message": "env env recv reset message", "file": "remote_env_server.py", "line": "282", "module": "env", "process": "remote_env_server", "function": "run_once", "stack": "", "pid": 103}
{"time": "2026-04-17 22:12:59.512577", "level": "INFO", "message": "env Select map in order: episode=205, map_id=6 from map_list=[1, 2, 3, 4, 5, 6, 7, 8, 9, 10]", "file": "data_handler.py", "line": "148", "module": "env", "process": "data_handler", "function": "handle_usr_conf", "stack": "", "pid": 103}
{"time": "2026-04-17 22:13:00.548834", "level": "INFO", "message": "env data_handler finish success", "file": "data_handler.py", "line": "189", "module": "env", "process": "data_handler", "function": "finish", "stack": "", "pid": 103}
{"time": "2026-04-17 22:13:00.549445", "level": "INFO", "message": "env env run once episode done, process_run_count is 41398", "file": "remote_env_server.py", "line": "298", "module": "env", "process": "remote_env_server", "function": "run_once", "stack": "", "pid": 103}
{"time": "2026-04-17 22:13:00.555015", "level": "INFO", "message": "env env recv reset message", "file": "remote_env_server.py", "line": "282", "module": "env", "process": "remote_env_server", "function": "run_once", "stack": "", "pid": 103}
{"time": "2026-04-17 22:13:00.555936", "level": "INFO", "message": "env Select map in order: episode=206, map_id=7 from map_list=[1, 2, 3, 4, 5, 6, 7, 8, 9, 10]", "file": "data_handler.py", "line": "148", "module": "env", "process": "data_handler", "function": "handle_usr_conf", "stack": "", "pid": 103}
{"time": "2026-04-17 22:13:01.455819", "level": "INFO", "message": "env data_handler finish success", "file": "data_handler.py", "line": "189", "module": "env", "process": "data_handler", "function": "finish", "stack": "", "pid": 103}
{"time": "2026-04-17 22:13:01.457236", "level": "INFO", "message": "env env run once episode done, process_run_count is 41515", "file": "remote_env_server.py", "line": "298", "module": "env", "process": "remote_env_server", "function": "run_once", "stack": "", "pid": 103}
{"time": "2026-04-17 22:13:01.462088", "level": "INFO", "message": "env env recv reset message", "file": "remote_env_server.py", "line": "282", "module": "env", "process": "remote_env_server", "function": "run_once", "stack": "", "pid": 103}
{"time": "2026-04-17 22:13:01.463099", "level": "INFO", "message": "env Select map in order: episode=207, map_id=8 from map_list=[1, 2, 3, 4, 5, 6, 7, 8, 9, 10]", "file": "data_handler.py", "line": "148", "module": "env", "process": "data_handler", "function": "handle_usr_conf", "stack": "", "pid": 103}
{"time": "2026-04-17 22:13:01.767853", "level": "INFO", "message": "env data_handler finish success", "file": "data_handler.py", "line": "189", "module": "env", "process": "data_handler", "function": "finish", "stack": "", "pid": 103}
{"time": "2026-04-17 22:13:01.768644", "level": "INFO", "message": "env env run once episode done, process_run_count is 41531", "file": "remote_env_server.py", "line": "298", "module": "env", "process": "remote_env_server", "function": "run_once", "stack": "", "pid": 103}
{"time": "2026-04-17 22:13:01.772147", "level": "INFO", "message": "env env recv reset message", "file": "remote_env_server.py", "line": "282", "module": "env", "process": "remote_env_server", "function": "run_once", "stack": "", "pid": 103}
{"time": "2026-04-17 22:13:01.773285", "level": "INFO", "message": "env Select map in order: episode=208, map_id=9 from map_list=[1, 2, 3, 4, 5, 6, 7, 8, 9, 10]", "file": "data_handler.py", "line": "148", "module": "env", "process": "data_handler", "function": "handle_usr_conf", "stack": "", "pid": 103}
{"time": "2026-04-17 22:13:04.166180", "level": "INFO", "message": "env finish monitor_data is {'total_score': 179, 'clean_score': 179, 'total_map': 10, 'map_random': 0, 'map_code': 9, 'max_steps': 1000, 'finished_steps': 377, 'total_charger': 4, 'charge_count': 5, 'remaining_charge': 0}", "file": "monitor_helper.py", "line": "95", "module": "env", "process": "monitor_helper", "function": "finish", "stack": "", "pid": 103}
{"time": "2026-04-17 22:13:04.167080", "level": "INFO", "message": "env data_handler finish success", "file": "data_handler.py", "line": "189", "module": "env", "process": "data_handler", "function": "finish", "stack": "", "pid": 103}
{"time": "2026-04-17 22:13:04.167806", "level": "INFO", "message": "env env run once episode done, process_run_count is 41909", "file": "remote_env_server.py", "line": "298", "module": "env", "process": "remote_env_server", "function": "run_once", "stack": "", "pid": 103}
{"time": "2026-04-17 22:13:04.183885", "level": "INFO", "message": "env env recv reset message", "file": "remote_env_server.py", "line": "282", "module": "env", "process": "remote_env_server", "function": "run_once", "stack": "", "pid": 103}
{"time": "2026-04-17 22:13:04.184822", "level": "INFO", "message": "env Select map in order: episode=209, map_id=10 from map_list=[1, 2, 3, 4, 5, 6, 7, 8, 9, 10]", "file": "data_handler.py", "line": "148", "module": "env", "process": "data_handler", "function": "handle_usr_conf", "stack": "", "pid": 103}
{"time": "2026-04-17 22:13:05.550234", "level": "INFO", "message": "env data_handler finish success", "file": "data_handler.py", "line": "189", "module": "env", "process": "data_handler", "function": "finish", "stack": "", "pid": 103}
{"time": "2026-04-17 22:13:05.550825", "level": "INFO", "message": "env env run once episode done, process_run_count is 42110", "file": "remote_env_server.py", "line": "298", "module": "env", "process": "remote_env_server", "function": "run_once", "stack": "", "pid": 103}
{"time": "2026-04-17 22:13:05.557339", "level": "INFO", "message": "env env recv reset message", "file": "remote_env_server.py", "line": "282", "module": "env", "process": "remote_env_server", "function": "run_once", "stack": "", "pid": 103}
{"time": "2026-04-17 22:13:05.558100", "level": "INFO", "message": "env Select map in order: episode=210, map_id=1 from map_list=[1, 2, 3, 4, 5, 6, 7, 8, 9, 10]", "file": "data_handler.py", "line": "148", "module": "env", "process": "data_handler", "function": "handle_usr_conf", "stack": "", "pid": 103}
{"time": "2026-04-17 22:13:06.944958", "level": "INFO", "message": "env data_handler finish success", "file": "data_handler.py", "line": "189", "module": "env", "process": "data_handler", "function": "finish", "stack": "", "pid": 103}
{"time": "2026-04-17 22:13:06.945694", "level": "INFO", "message": "env env run once episode done, process_run_count is 42311", "file": "remote_env_server.py", "line": "298", "module": "env", "process": "remote_env_server", "function": "run_once", "stack": "", "pid": 103}
{"time": "2026-04-17 22:13:06.954189", "level": "INFO", "message": "env env recv reset message", "file": "remote_env_server.py", "line": "282", "module": "env", "process": "remote_env_server", "function": "run_once", "stack": "", "pid": 103}
{"time": "2026-04-17 22:13:06.955023", "level": "INFO", "message": "env Select map in order: episode=211, map_id=2 from map_list=[1, 2, 3, 4, 5, 6, 7, 8, 9, 10]", "file": "data_handler.py", "line": "148", "module": "env", "process": "data_handler", "function": "handle_usr_conf", "stack": "", "pid": 103}
{"time": "2026-04-17 22:13:08.143114", "level": "INFO", "message": "env data_handler finish success", "file": "data_handler.py", "line": "189", "module": "env", "process": "data_handler", "function": "finish", "stack": "", "pid": 103}
{"time": "2026-04-17 22:13:08.143803", "level": "INFO", "message": "env env run once episode done, process_run_count is 42512", "file": "remote_env_server.py", "line": "298", "module": "env", "process": "remote_env_server", "function": "run_once", "stack": "", "pid": 103}
{"time": "2026-04-17 22:13:08.150891", "level": "INFO", "message": "env env recv reset message", "file": "remote_env_server.py", "line": "282", "module": "env", "process": "remote_env_server", "function": "run_once", "stack": "", "pid": 103}
{"time": "2026-04-17 22:13:08.154146", "level": "INFO", "message": "env Select map in order: episode=212, map_id=3 from map_list=[1, 2, 3, 4, 5, 6, 7, 8, 9, 10]", "file": "data_handler.py", "line": "148", "module": "env", "process": "data_handler", "function": "handle_usr_conf", "stack": "", "pid": 103}
{"time": "2026-04-17 22:13:09.359606", "level": "INFO", "message": "env data_handler finish success", "file": "data_handler.py", "line": "189", "module": "env", "process": "data_handler", "function": "finish", "stack": "", "pid": 103}
{"time": "2026-04-17 22:13:09.364705", "level": "INFO", "message": "env env run once episode done, process_run_count is 42713", "file": "remote_env_server.py", "line": "298", "module": "env", "process": "remote_env_server", "function": "run_once", "stack": "", "pid": 103}
{"time": "2026-04-17 22:13:09.368647", "level": "INFO", "message": "env env recv reset message", "file": "remote_env_server.py", "line": "282", "module": "env", "process": "remote_env_server", "function": "run_once", "stack": "", "pid": 103}
{"time": "2026-04-17 22:13:09.369646", "level": "INFO", "message": "env Select map in order: episode=213, map_id=4 from map_list=[1, 2, 3, 4, 5, 6, 7, 8, 9, 10]", "file": "data_handler.py", "line": "148", "module": "env", "process": "data_handler", "function": "handle_usr_conf", "stack": "", "pid": 103}
{"time": "2026-04-17 22:13:10.701114", "level": "INFO", "message": "env data_handler finish success", "file": "data_handler.py", "line": "189", "module": "env", "process": "data_handler", "function": "finish", "stack": "", "pid": 103}
{"time": "2026-04-17 22:13:10.701864", "level": "INFO", "message": "env env run once episode done, process_run_count is 42914", "file": "remote_env_server.py", "line": "298", "module": "env", "process": "remote_env_server", "function": "run_once", "stack": "", "pid": 103}
{"time": "2026-04-17 22:13:10.715589", "level": "INFO", "message": "env env recv reset message", "file": "remote_env_server.py", "line": "282", "module": "env", "process": "remote_env_server", "function": "run_once", "stack": "", "pid": 103}
{"time": "2026-04-17 22:13:10.716956", "level": "INFO", "message": "env Select map in order: episode=214, map_id=5 from map_list=[1, 2, 3, 4, 5, 6, 7, 8, 9, 10]", "file": "data_handler.py", "line": "148", "module": "env", "process": "data_handler", "function": "handle_usr_conf", "stack": "", "pid": 103}
{"time": "2026-04-17 22:13:11.908951", "level": "INFO", "message": "env data_handler finish success", "file": "data_handler.py", "line": "189", "module": "env", "process": "data_handler", "function": "finish", "stack": "", "pid": 103}
{"time": "2026-04-17 22:13:11.909533", "level": "INFO", "message": "env env run once episode done, process_run_count is 43115", "file": "remote_env_server.py", "line": "298", "module": "env", "process": "remote_env_server", "function": "run_once", "stack": "", "pid": 103}
{"time": "2026-04-17 22:13:11.919564", "level": "INFO", "message": "env env recv reset message", "file": "remote_env_server.py", "line": "282", "module": "env", "process": "remote_env_server", "function": "run_once", "stack": "", "pid": 103}
{"time": "2026-04-17 22:13:55.301967", "level": "INFO", "message": "env data_handler finish success", "file": "data_handler.py", "line": "189", "module": "env", "process": "data_handler", "function": "finish", "stack": "", "pid": 103}
{"time": "2026-04-17 22:13:55.302678", "level": "INFO", "message": "env env run once episode done, process_run_count is 50581", "file": "remote_env_server.py", "line": "298", "module": "env", "process": "remote_env_server", "function": "run_once", "stack": "", "pid": 103}
{"time": "2026-04-17 22:13:55.307602", "level": "INFO", "message": "env env recv reset message", "file": "remote_env_server.py", "line": "282", "module": "env", "process": "remote_env_server", "function": "run_once", "stack": "", "pid": 103}
{"time": "2026-04-17 22:13:55.308483", "level": "INFO", "message": "env Select map in order: episode=252, map_id=3 from map_list=[1, 2, 3, 4, 5, 6, 7, 8, 9, 10]", "file": "data_handler.py", "line": "148", "module": "env", "process": "data_handler", "function": "handle_usr_conf", "stack": "", "pid": 103}
{"time": "2026-04-17 22:13:56.590138", "level": "INFO", "message": "env data_handler finish success", "file": "data_handler.py", "line": "189", "module": "env", "process": "data_handler", "function": "finish", "stack": "", "pid": 103}
{"time": "2026-04-17 22:13:56.591228", "level": "INFO", "message": "env env run once episode done, process_run_count is 50782", "file": "remote_env_server.py", "line": "298", "module": "env", "process": "remote_env_server", "function": "run_once", "stack": "", "pid": 103}
{"time": "2026-04-17 22:13:56.595765", "level": "INFO", "message": "env env recv reset message", "file": "remote_env_server.py", "line": "282", "module": "env", "process": "remote_env_server", "function": "run_once", "stack": "", "pid": 103}
{"time": "2026-04-17 22:13:56.596623", "level": "INFO", "message": "env Select map in order: episode=253, map_id=4 from map_list=[1, 2, 3, 4, 5, 6, 7, 8, 9, 10]", "file": "data_handler.py", "line": "148", "module": "env", "process": "data_handler", "function": "handle_usr_conf", "stack": "", "pid": 103}
{"time": "2026-04-17 22:13:58.313370", "level": "INFO", "message": "env data_handler finish success", "file": "data_handler.py", "line": "189", "module": "env", "process": "data_handler", "function": "finish", "stack": "", "pid": 103}
{"time": "2026-04-17 22:13:58.314494", "level": "INFO", "message": "env env run once episode done, process_run_count is 50983", "file": "remote_env_server.py", "line": "298", "module": "env", "process": "remote_env_server", "function": "run_once", "stack": "", "pid": 103}
{"time": "2026-04-17 22:13:58.319865", "level": "INFO", "message": "env env recv reset message", "file": "remote_env_server.py", "line": "282", "module": "env", "process": "remote_env_server", "function": "run_once", "stack": "", "pid": 103}
{"time": "2026-04-17 22:13:58.320568", "level": "INFO", "message": "env Select map in order: episode=254, map_id=5 from map_list=[1, 2, 3, 4, 5, 6, 7, 8, 9, 10]", "file": "data_handler.py", "line": "148", "module": "env", "process": "data_handler", "function": "handle_usr_conf", "stack": "", "pid": 103}
{"time": "2026-04-17 22:13:57.797982", "level": "INFO", "message": "env data_handler finish success", "file": "data_handler.py", "line": "189", "module": "env", "process": "data_handler", "function": "finish", "stack": "", "pid": 103}
{"time": "2026-04-17 22:13:57.798595", "level": "INFO", "message": "env env run once episode done, process_run_count is 51029", "file": "remote_env_server.py", "line": "298", "module": "env", "process": "remote_env_server", "function": "run_once", "stack": "", "pid": 103}
{"time": "2026-04-17 22:13:57.800917", "level": "INFO", "message": "env env recv reset message", "file": "remote_env_server.py", "line": "282", "module": "env", "process": "remote_env_server", "function": "run_once", "stack": "", "pid": 103}
{"time": "2026-04-17 22:13:57.801658", "level": "INFO", "message": "env Select map in order: episode=255, map_id=6 from map_list=[1, 2, 3, 4, 5, 6, 7, 8, 9, 10]", "file": "data_handler.py", "line": "148", "module": "env", "process": "data_handler", "function": "handle_usr_conf", "stack": "", "pid": 103}
{"time": "2026-04-17 22:13:59.211121", "level": "INFO", "message": "env data_handler finish success", "file": "data_handler.py", "line": "189", "module": "env", "process": "data_handler", "function": "finish", "stack": "", "pid": 103}
{"time": "2026-04-17 22:13:59.211779", "level": "INFO", "message": "env env run once episode done, process_run_count is 51230", "file": "remote_env_server.py", "line": "298", "module": "env", "process": "remote_env_server", "function": "run_once", "stack": "", "pid": 103}
{"time": "2026-04-17 22:13:59.219924", "level": "INFO", "message": "env env recv reset message", "file": "remote_env_server.py", "line": "282", "module": "env", "process": "remote_env_server", "function": "run_once", "stack": "", "pid": 103}
{"time": "2026-04-17 22:13:59.223684", "level": "INFO", "message": "env Select map in order: episode=256, map_id=7 from map_list=[1, 2, 3, 4, 5, 6, 7, 8, 9, 10]", "file": "data_handler.py", "line": "148", "module": "env", "process": "data_handler", "function": "handle_usr_conf", "stack": "", "pid": 103}
{"time": "2026-04-17 22:14:00.641399", "level": "INFO", "message": "env data_handler finish success", "file": "data_handler.py", "line": "189", "module": "env", "process": "data_handler", "function": "finish", "stack": "", "pid": 103}
{"time": "2026-04-17 22:14:00.645462", "level": "INFO", "message": "env env run once episode done, process_run_count is 51431", "file": "remote_env_server.py", "line": "298", "module": "env", "process": "remote_env_server", "function": "run_once", "stack": "", "pid": 103}
{"time": "2026-04-17 22:14:00.652383", "level": "INFO", "message": "env env recv reset message", "file": "remote_env_server.py", "line": "282", "module": "env", "process": "remote_env_server", "function": "run_once", "stack": "", "pid": 103}
{"time": "2026-04-17 22:14:00.653570", "level": "INFO", "message": "env Select map in order: episode=257, map_id=8 from map_list=[1, 2, 3, 4, 5, 6, 7, 8, 9, 10]", "file": "data_handler.py", "line": "148", "module": "env", "process": "data_handler", "function": "handle_usr_conf", "stack": "", "pid": 103}
{"time": "2026-04-17 22:14:01.939903", "level": "INFO", "message": "env data_handler finish success", "file": "data_handler.py", "line": "189", "module": "env", "process": "data_handler", "function": "finish", "stack": "", "pid": 103}
{"time": "2026-04-17 22:14:01.940544", "level": "INFO", "message": "env env run once episode done, process_run_count is 51632", "file": "remote_env_server.py", "line": "298", "module": "env", "process": "remote_env_server", "function": "run_once", "stack": "", "pid": 103}
{"time": "2026-04-17 22:14:01.948928", "level": "INFO", "message": "env env recv reset message", "file": "remote_env_server.py", "line": "282", "module": "env", "process": "remote_env_server", "function": "run_once", "stack": "", "pid": 103}
{"time": "2026-04-17 22:14:01.949884", "level": "INFO", "message": "env Select map in order: episode=258, map_id=9 from map_list=[1, 2, 3, 4, 5, 6, 7, 8, 9, 10]", "file": "data_handler.py", "line": "148", "module": "env", "process": "data_handler", "function": "handle_usr_conf", "stack": "", "pid": 103}
{"time": "2026-04-17 22:14:03.302337", "level": "INFO", "message": "env data_handler finish success", "file": "data_handler.py", "line": "189", "module": "env", "process": "data_handler", "function": "finish", "stack": "", "pid": 103}
{"time": "2026-04-17 22:14:03.303031", "level": "INFO", "message": "env env run once episode done, process_run_count is 51833", "file": "remote_env_server.py", "line": "298", "module": "env", "process": "remote_env_server", "function": "run_once", "stack": "", "pid": 103}
{"time": "2026-04-17 22:14:03.308075", "level": "INFO", "message": "env env recv reset message", "file": "remote_env_server.py", "line": "282", "module": "env", "process": "remote_env_server", "function": "run_once", "stack": "", "pid": 103}
{"time": "2026-04-17 22:14:03.309007", "level": "INFO", "message": "env Select map in order: episode=259, map_id=10 from map_list=[1, 2, 3, 4, 5, 6, 7, 8, 9, 10]", "file": "data_handler.py", "line": "148", "module": "env", "process": "data_handler", "function": "handle_usr_conf", "stack": "", "pid": 103}
{"time": "2026-04-17 22:14:05.692245", "level": "INFO", "message": "env finish monitor_data is {'total_score': 160, 'clean_score': 160, 'total_map': 10, 'map_random': 0, 'map_code': 10, 'max_steps': 1000, 'finished_steps': 371, 'total_charger': 4, 'charge_count': 1, 'remaining_charge': 0}", "file": "monitor_helper.py", "line": "95", "module": "env", "process": "monitor_helper", "function": "finish", "stack": "", "pid": 103}
{"time": "2026-04-17 22:14:05.695135", "level": "INFO", "message": "env data_handler finish success", "file": "data_handler.py", "line": "189", "module": "env", "process": "data_handler", "function": "finish", "stack": "", "pid": 103}
{"time": "2026-04-17 22:14:05.696056", "level": "INFO", "message": "env env run once episode done, process_run_count is 52205", "file": "remote_env_server.py", "line": "298", "module": "env", "process": "remote_env_server", "function": "run_once", "stack": "", "pid": 103}
{"time": "2026-04-17 22:14:05.712063", "level": "INFO", "message": "env env recv reset message", "file": "remote_env_server.py", "line": "282", "module": "env", "process": "remote_env_server", "function": "run_once", "stack": "", "pid": 103}
{"time": "2026-04-17 22:14:05.713002", "level": "INFO", "message": "env Select map in order: episode=260, map_id=1 from map_list=[1, 2, 3, 4, 5, 6, 7, 8, 9, 10]", "file": "data_handler.py", "line": "148", "module": "env", "process": "data_handler", "function": "handle_usr_conf", "stack": "", "pid": 103}
{"time": "2026-04-17 22:14:07.035887", "level": "INFO", "message": "env data_handler finish success", "file": "data_handler.py", "line": "189", "module": "env", "process": "data_handler", "function": "finish", "stack": "", "pid": 103}
{"time": "2026-04-17 22:14:07.036578", "level": "INFO", "message": "env env run once episode done, process_run_count is 52406", "file": "remote_env_server.py", "line": "298", "module": "env", "process": "remote_env_server", "function": "run_once", "stack": "", "pid": 103}
{"time": "2026-04-17 22:14:07.056564", "level": "INFO", "message": "env env recv reset message", "file": "remote_env_server.py", "line": "282", "module": "env", "process": "remote_env_server", "function": "run_once", "stack": "", "pid": 103}
{"time": "2026-04-17 22:14:07.057364", "level": "INFO", "message": "env Select map in order: episode=261, map_id=2 from map_list=[1, 2, 3, 4, 5, 6, 7, 8, 9, 10]", "file": "data_handler.py", "line": "148", "module": "env", "process": "data_handler", "function": "handle_usr_conf", "stack": "", "pid": 103}
{"time": "2026-04-17 22:14:08.509829", "level": "INFO", "message": "env data_handler finish success", "file": "data_handler.py", "line": "189", "module": "env", "process": "data_handler", "function": "finish", "stack": "", "pid": 103}
{"time": "2026-04-17 22:14:08.510587", "level": "INFO", "message": "env env run once episode done, process_run_count is 52607", "file": "remote_env_server.py", "line": "298", "module": "env", "process": "remote_env_server", "function": "run_once", "stack": "", "pid": 103}
{"time": "2026-04-17 22:14:08.517641", "level": "INFO", "message": "env env recv reset message", "file": "remote_env_server.py", "line": "282", "module": "env", "process": "remote_env_server", "function": "run_once", "stack": "", "pid": 103}
{"time": "2026-04-17 22:14:08.518791", "level": "INFO", "message": "env Select map in order: episode=262, map_id=3 from map_list=[1, 2, 3, 4, 5, 6, 7, 8, 9, 10]", "file": "data_handler.py", "line": "148", "module": "env", "process": "data_handler", "function": "handle_usr_conf", "stack": "", "pid": 103}
{"time": "2026-04-17 22:14:10.059668", "level": "INFO", "message": "env data_handler finish success", "file": "data_handler.py", "line": "189", "module": "env", "process": "data_handler", "function": "finish", "stack": "", "pid": 103}
{"time": "2026-04-17 22:14:10.061056", "level": "INFO", "message": "env env run once episode done, process_run_count is 52808", "file": "remote_env_server.py", "line": "298", "module": "env", "process": "remote_env_server", "function": "run_once", "stack": "", "pid": 103}
{"time": "2026-04-17 22:14:10.066889", "level": "INFO", "message": "env env recv reset message", "file": "remote_env_server.py", "line": "282", "module": "env", "process": "remote_env_server", "function": "run_once", "stack": "", "pid": 103}
{"time": "2026-04-17 22:14:10.068777", "level": "INFO", "message": "env Select map in order: episode=263, map_id=4 from map_list=[1, 2, 3, 4, 5, 6, 7, 8, 9, 10]", "file": "data_handler.py", "line": "148", "module": "env", "process": "data_handler", "function": "handle_usr_conf", "stack": "", "pid": 103}
{"time": "2026-04-17 22:14:12.123892", "level": "INFO", "message": "env data_handler finish success", "file": "data_handler.py", "line": "189", "module": "env", "process": "data_handler", "function": "finish", "stack": "", "pid": 103}
{"time": "2026-04-17 22:14:12.125753", "level": "INFO", "message": "env env run once episode done, process_run_count is 53009", "file": "remote_env_server.py", "line": "298", "module": "env", "process": "remote_env_server", "function": "run_once", "stack": "", "pid": 103}
{"time": "2026-04-17 22:14:12.131891", "level": "INFO", "message": "env env recv reset message", "file": "remote_env_server.py", "line": "282", "module": "env", "process": "remote_env_server", "function": "run_once", "stack": "", "pid": 103}
{"time": "2026-04-17 22:14:12.133036", "level": "INFO", "message": "env Select map in order: episode=264, map_id=5 from map_list=[1, 2, 3, 4, 5, 6, 7, 8, 9, 10]", "file": "data_handler.py", "line": "148", "module": "env", "process": "data_handler", "function": "handle_usr_conf", "stack": "", "pid": 103}
{"time": "2026-04-17 22:14:13.562549", "level": "INFO", "message": "env data_handler finish success", "file": "data_handler.py", "line": "189", "module": "env", "process": "data_handler", "function": "finish", "stack": "", "pid": 103}
{"time": "2026-04-17 22:14:13.564012", "level": "INFO", "message": "env env run once episode done, process_run_count is 53210", "file": "remote_env_server.py", "line": "298", "module": "env", "process": "remote_env_server", "function": "run_once", "stack": "", "pid": 103}
{"time": "2026-04-17 22:14:13.570531", "level": "INFO", "message": "env env recv reset message", "file": "remote_env_server.py", "line": "282", "module": "env", "process": "remote_env_server", "function": "run_once", "stack": "", "pid": 103}
{"time": "2026-04-17 22:14:13.573662", "level": "INFO", "message": "env Select map in order: episode=265, map_id=6 from map_list=[1, 2, 3, 4, 5, 6, 7, 8, 9, 10]", "file": "data_handler.py", "line": "148", "module": "env", "process": "data_handler", "function": "handle_usr_conf", "stack": "", "pid": 103}
{"time": "2026-04-17 22:14:14.792628", "level": "INFO", "message": "env data_handler finish success", "file": "data_handler.py", "line": "189", "module": "env", "process": "data_handler", "function": "finish", "stack": "", "pid": 103}
{"time": "2026-04-17 22:14:14.793285", "level": "INFO", "message": "env env run once episode done, process_run_count is 53411", "file": "remote_env_server.py", "line": "298", "module": "env", "process": "remote_env_server", "function": "run_once", "stack": "", "pid": 103}
{"time": "2026-04-17 22:14:14.797932", "level": "INFO", "message": "env env recv reset message", "file": "remote_env_server.py", "line": "282", "module": "env", "process": "remote_env_server", "function": "run_once", "stack": "", "pid": 103}
{"time": "2026-04-17 22:14:55.363918", "level": "INFO", "message": "env data_handler finish success", "file": "data_handler.py", "line": "189", "module": "env", "process": "data_handler", "function": "finish", "stack": "", "pid": 103}
{"time": "2026-04-17 22:14:55.364588", "level": "INFO", "message": "env env run once episode done, process_run_count is 60069", "file": "remote_env_server.py", "line": "298", "module": "env", "process": "remote_env_server", "function": "run_once", "stack": "", "pid": 103}
{"time": "2026-04-17 22:14:55.369733", "level": "INFO", "message": "env env recv reset message", "file": "remote_env_server.py", "line": "282", "module": "env", "process": "remote_env_server", "function": "run_once", "stack": "", "pid": 103}
{"time": "2026-04-17 22:14:55.370420", "level": "INFO", "message": "env Select map in order: episode=302, map_id=3 from map_list=[1, 2, 3, 4, 5, 6, 7, 8, 9, 10]", "file": "data_handler.py", "line": "148", "module": "env", "process": "data_handler", "function": "handle_usr_conf", "stack": "", "pid": 103}
{"time": "2026-04-17 22:14:55.594038", "level": "INFO", "message": "env data_handler finish success", "file": "data_handler.py", "line": "189", "module": "env", "process": "data_handler", "function": "finish", "stack": "", "pid": 103}
{"time": "2026-04-17 22:14:55.594702", "level": "INFO", "message": "env env run once episode done, process_run_count is 60270", "file": "remote_env_server.py", "line": "298", "module": "env", "process": "remote_env_server", "function": "run_once", "stack": "", "pid": 103}
{"time": "2026-04-17 22:14:55.599944", "level": "INFO", "message": "env env recv reset message", "file": "remote_env_server.py", "line": "282", "module": "env", "process": "remote_env_server", "function": "run_once", "stack": "", "pid": 103}
{"time": "2026-04-17 22:14:55.600905", "level": "INFO", "message": "env Select map in order: episode=303, map_id=4 from map_list=[1, 2, 3, 4, 5, 6, 7, 8, 9, 10]", "file": "data_handler.py", "line": "148", "module": "env", "process": "data_handler", "function": "handle_usr_conf", "stack": "", "pid": 103}
{"time": "2026-04-17 22:14:56.482196", "level": "INFO", "message": "env data_handler finish success", "file": "data_handler.py", "line": "189", "module": "env", "process": "data_handler", "function": "finish", "stack": "", "pid": 103}
{"time": "2026-04-17 22:14:56.482836", "level": "INFO", "message": "env env run once episode done, process_run_count is 60388", "file": "remote_env_server.py", "line": "298", "module": "env", "process": "remote_env_server", "function": "run_once", "stack": "", "pid": 103}
{"time": "2026-04-17 22:14:56.486908", "level": "INFO", "message": "env env recv reset message", "file": "remote_env_server.py", "line": "282", "module": "env", "process": "remote_env_server", "function": "run_once", "stack": "", "pid": 103}
{"time": "2026-04-17 22:14:56.491168", "level": "INFO", "message": "env Select map in order: episode=304, map_id=5 from map_list=[1, 2, 3, 4, 5, 6, 7, 8, 9, 10]", "file": "data_handler.py", "line": "148", "module": "env", "process": "data_handler", "function": "handle_usr_conf", "stack": "", "pid": 103}
{"time": "2026-04-17 22:14:57.809385", "level": "INFO", "message": "env data_handler finish success", "file": "data_handler.py", "line": "189", "module": "env", "process": "data_handler", "function": "finish", "stack": "", "pid": 103}
{"time": "2026-04-17 22:14:57.810112", "level": "INFO", "message": "env env run once episode done, process_run_count is 60589", "file": "remote_env_server.py", "line": "298", "module": "env", "process": "remote_env_server", "function": "run_once", "stack": "", "pid": 103}
{"time": "2026-04-17 22:14:57.815492", "level": "INFO", "message": "env env recv reset message", "file": "remote_env_server.py", "line": "282", "module": "env", "process": "remote_env_server", "function": "run_once", "stack": "", "pid": 103}
{"time": "2026-04-17 22:14:57.816786", "level": "INFO", "message": "env Select map in order: episode=305, map_id=6 from map_list=[1, 2, 3, 4, 5, 6, 7, 8, 9, 10]", "file": "data_handler.py", "line": "148", "module": "env", "process": "data_handler", "function": "handle_usr_conf", "stack": "", "pid": 103}
{"time": "2026-04-17 22:14:58.075974", "level": "INFO", "message": "env data_handler finish success", "file": "data_handler.py", "line": "189", "module": "env", "process": "data_handler", "function": "finish", "stack": "", "pid": 103}
{"time": "2026-04-17 22:14:58.077145", "level": "INFO", "message": "env env run once episode done, process_run_count is 60603", "file": "remote_env_server.py", "line": "298", "module": "env", "process": "remote_env_server", "function": "run_once", "stack": "", "pid": 103}
{"time": "2026-04-17 22:14:58.078486", "level": "INFO", "message": "env env recv reset message", "file": "remote_env_server.py", "line": "282", "module": "env", "process": "remote_env_server", "function": "run_once", "stack": "", "pid": 103}
{"time": "2026-04-17 22:14:58.078997", "level": "INFO", "message": "env Select map in order: episode=306, map_id=7 from map_list=[1, 2, 3, 4, 5, 6, 7, 8, 9, 10]", "file": "data_handler.py", "line": "148", "module": "env", "process": "data_handler", "function": "handle_usr_conf", "stack": "", "pid": 103}
{"time": "2026-04-17 22:14:59.330444", "level": "INFO", "message": "env data_handler finish success", "file": "data_handler.py", "line": "189", "module": "env", "process": "data_handler", "function": "finish", "stack": "", "pid": 103}
{"time": "2026-04-17 22:14:59.331034", "level": "INFO", "message": "env env run once episode done, process_run_count is 60804", "file": "remote_env_server.py", "line": "298", "module": "env", "process": "remote_env_server", "function": "run_once", "stack": "", "pid": 103}
{"time": "2026-04-17 22:14:59.337502", "level": "INFO", "message": "env env recv reset message", "file": "remote_env_server.py", "line": "282", "module": "env", "process": "remote_env_server", "function": "run_once", "stack": "", "pid": 103}
{"time": "2026-04-17 22:14:59.338253", "level": "INFO", "message": "env Select map in order: episode=307, map_id=8 from map_list=[1, 2, 3, 4, 5, 6, 7, 8, 9, 10]", "file": "data_handler.py", "line": "148", "module": "env", "process": "data_handler", "function": "handle_usr_conf", "stack": "", "pid": 103}
{"time": "2026-04-17 22:15:01.387011", "level": "INFO", "message": "env data_handler finish success", "file": "data_handler.py", "line": "189", "module": "env", "process": "data_handler", "function": "finish", "stack": "", "pid": 103}
{"time": "2026-04-17 22:15:01.387678", "level": "INFO", "message": "env env run once episode done, process_run_count is 61141", "file": "remote_env_server.py", "line": "298", "module": "env", "process": "remote_env_server", "function": "run_once", "stack": "", "pid": 103}
{"time": "2026-04-17 22:15:01.396816", "level": "INFO", "message": "env env recv reset message", "file": "remote_env_server.py", "line": "282", "module": "env", "process": "remote_env_server", "function": "run_once", "stack": "", "pid": 103}
{"time": "2026-04-17 22:15:01.398375", "level": "INFO", "message": "env Select map in order: episode=308, map_id=9 from map_list=[1, 2, 3, 4, 5, 6, 7, 8, 9, 10]", "file": "data_handler.py", "line": "148", "module": "env", "process": "data_handler", "function": "handle_usr_conf", "stack": "", "pid": 103}
{"time": "2026-04-17 22:15:03.111950", "level": "INFO", "message": "env data_handler finish success", "file": "data_handler.py", "line": "189", "module": "env", "process": "data_handler", "function": "finish", "stack": "", "pid": 103}
{"time": "2026-04-17 22:15:03.112572", "level": "INFO", "message": "env env run once episode done, process_run_count is 61427", "file": "remote_env_server.py", "line": "298", "module": "env", "process": "remote_env_server", "function": "run_once", "stack": "", "pid": 103}
{"time": "2026-04-17 22:15:03.123932", "level": "INFO", "message": "env env recv reset message", "file": "remote_env_server.py", "line": "282", "module": "env", "process": "remote_env_server", "function": "run_once", "stack": "", "pid": 103}
{"time": "2026-04-17 22:15:03.124792", "level": "INFO", "message": "env Select map in order: episode=309, map_id=10 from map_list=[1, 2, 3, 4, 5, 6, 7, 8, 9, 10]", "file": "data_handler.py", "line": "148", "module": "env", "process": "data_handler", "function": "handle_usr_conf", "stack": "", "pid": 103}
{"time": "2026-04-17 22:15:04.448029", "level": "INFO", "message": "env data_handler finish success", "file": "data_handler.py", "line": "189", "module": "env", "process": "data_handler", "function": "finish", "stack": "", "pid": 103}
{"time": "2026-04-17 22:15:04.448951", "level": "INFO", "message": "env env run once episode done, process_run_count is 61628", "file": "remote_env_server.py", "line": "298", "module": "env", "process": "remote_env_server", "function": "run_once", "stack": "", "pid": 103}
{"time": "2026-04-17 22:15:04.454138", "level": "INFO", "message": "env env recv reset message", "file": "remote_env_server.py", "line": "282", "module": "env", "process": "remote_env_server", "function": "run_once", "stack": "", "pid": 103}
{"time": "2026-04-17 22:15:04.457153", "level": "INFO", "message": "env Select map in order: episode=310, map_id=1 from map_list=[1, 2, 3, 4, 5, 6, 7, 8, 9, 10]", "file": "data_handler.py", "line": "148", "module": "env", "process": "data_handler", "function": "handle_usr_conf", "stack": "", "pid": 103}
{"time": "2026-04-17 22:15:05.778715", "level": "INFO", "message": "env finish monitor_data is {'total_score': 118, 'clean_score': 118, 'total_map': 10, 'map_random': 0, 'map_code': 1, 'max_steps': 1000, 'finished_steps': 200, 'total_charger': 4, 'charge_count': 0, 'remaining_charge': 0}", "file": "monitor_helper.py", "line": "95", "module": "env", "process": "monitor_helper", "function": "finish", "stack": "", "pid": 103}
{"time": "2026-04-17 22:15:05.780689", "level": "INFO", "message": "env data_handler finish success", "file": "data_handler.py", "line": "189", "module": "env", "process": "data_handler", "function": "finish", "stack": "", "pid": 103}
{"time": "2026-04-17 22:15:05.781406", "level": "INFO", "message": "env env run once episode done, process_run_count is 61829", "file": "remote_env_server.py", "line": "298", "module": "env", "process": "remote_env_server", "function": "run_once", "stack": "", "pid": 103}
{"time": "2026-04-17 22:15:05.789897", "level": "INFO", "message": "env env recv reset message", "file": "remote_env_server.py", "line": "282", "module": "env", "process": "remote_env_server", "function": "run_once", "stack": "", "pid": 103}
{"time": "2026-04-17 22:15:05.790710", "level": "INFO", "message": "env Select map in order: episode=311, map_id=2 from map_list=[1, 2, 3, 4, 5, 6, 7, 8, 9, 10]", "file": "data_handler.py", "line": "148", "module": "env", "process": "data_handler", "function": "handle_usr_conf", "stack": "", "pid": 103}
{"time": "2026-04-17 22:15:07.085526", "level": "INFO", "message": "env data_handler finish success", "file": "data_handler.py", "line": "189", "module": "env", "process": "data_handler", "function": "finish", "stack": "", "pid": 103}
{"time": "2026-04-17 22:15:07.086299", "level": "INFO", "message": "env env run once episode done, process_run_count is 62030", "file": "remote_env_server.py", "line": "298", "module": "env", "process": "remote_env_server", "function": "run_once", "stack": "", "pid": 103}
{"time": "2026-04-17 22:15:07.091867", "level": "INFO", "message": "env env recv reset message", "file": "remote_env_server.py", "line": "282", "module": "env", "process": "remote_env_server", "function": "run_once", "stack": "", "pid": 103}
{"time": "2026-04-17 22:15:07.093580", "level": "INFO", "message": "env Select map in order: episode=312, map_id=3 from map_list=[1, 2, 3, 4, 5, 6, 7, 8, 9, 10]", "file": "data_handler.py", "line": "148", "module": "env", "process": "data_handler", "function": "handle_usr_conf", "stack": "", "pid": 103}
{"time": "2026-04-17 22:15:08.385691", "level": "INFO", "message": "env data_handler finish success", "file": "data_handler.py", "line": "189", "module": "env", "process": "data_handler", "function": "finish", "stack": "", "pid": 103}
{"time": "2026-04-17 22:15:08.391219", "level": "INFO", "message": "env env run once episode done, process_run_count is 62231", "file": "remote_env_server.py", "line": "298", "module": "env", "process": "remote_env_server", "function": "run_once", "stack": "", "pid": 103}
{"time": "2026-04-17 22:15:08.392474", "level": "INFO", "message": "env env recv reset message", "file": "remote_env_server.py", "line": "282", "module": "env", "process": "remote_env_server", "function": "run_once", "stack": "", "pid": 103}
{"time": "2026-04-17 22:15:08.393154", "level": "INFO", "message": "env Select map in order: episode=313, map_id=4 from map_list=[1, 2, 3, 4, 5, 6, 7, 8, 9, 10]", "file": "data_handler.py", "line": "148", "module": "env", "process": "data_handler", "function": "handle_usr_conf", "stack": "", "pid": 103}
{"time": "2026-04-17 22:15:09.716423", "level": "INFO", "message": "env data_handler finish success", "file": "data_handler.py", "line": "189", "module": "env", "process": "data_handler", "function": "finish", "stack": "", "pid": 103}
{"time": "2026-04-17 22:15:09.719213", "level": "INFO", "message": "env env run once episode done, process_run_count is 62432", "file": "remote_env_server.py", "line": "298", "module": "env", "process": "remote_env_server", "function": "run_once", "stack": "", "pid": 103}
{"time": "2026-04-17 22:15:09.725458", "level": "INFO", "message": "env env recv reset message", "file": "remote_env_server.py", "line": "282", "module": "env", "process": "remote_env_server", "function": "run_once", "stack": "", "pid": 103}
{"time": "2026-04-17 22:15:09.726240", "level": "INFO", "message": "env Select map in order: episode=314, map_id=5 from map_list=[1, 2, 3, 4, 5, 6, 7, 8, 9, 10]", "file": "data_handler.py", "line": "148", "module": "env", "process": "data_handler", "function": "handle_usr_conf", "stack": "", "pid": 103}
{"time": "2026-04-17 22:15:10.882057", "level": "INFO", "message": "env data_handler finish success", "file": "data_handler.py", "line": "189", "module": "env", "process": "data_handler", "function": "finish", "stack": "", "pid": 103}
{"time": "2026-04-17 22:15:10.882860", "level": "INFO", "message": "env env run once episode done, process_run_count is 62633", "file": "remote_env_server.py", "line": "298", "module": "env", "process": "remote_env_server", "function": "run_once", "stack": "", "pid": 103}
{"time": "2026-04-17 22:15:10.888278", "level": "INFO", "message": "env env recv reset message", "file": "remote_env_server.py", "line": "282", "module": "env", "process": "remote_env_server", "function": "run_once", "stack": "", "pid": 103}
{"time": "2026-04-17 22:15:10.889136", "level": "INFO", "message": "env Select map in order: episode=315, map_id=6 from map_list=[1, 2, 3, 4, 5, 6, 7, 8, 9, 10]", "file": "data_handler.py", "line": "148", "module": "env", "process": "data_handler", "function": "handle_usr_conf", "stack": "", "pid": 103}
{"time": "2026-04-17 22:15:12.212612", "level": "INFO", "message": "env data_handler finish success", "file": "data_handler.py", "line": "189", "module": "env", "process": "data_handler", "function": "finish", "stack": "", "pid": 103}
{"time": "2026-04-17 22:15:12.213825", "level": "INFO", "message": "env env run once episode done, process_run_count is 62834", "file": "remote_env_server.py", "line": "298", "module": "env", "process": "remote_env_server", "function": "run_once", "stack": "", "pid": 103}
{"time": "2026-04-17 22:15:12.219702", "level": "INFO", "message": "env env recv reset message", "file": "remote_env_server.py", "line": "282", "module": "env", "process": "remote_env_server", "function": "run_once", "stack": "", "pid": 103}
