{"time": "2026-04-18 11:53:38.339349", "level": "INFO", "message": "env env using shared MonitorProxy (PID: 118) not_server", "file": "worker.py", "line": "178", "module": "env", "process": "worker", "function": "worker_start_up", "stack": "", "pid": 112}
{"time": "2026-04-18 11:53:38.341064", "level": "INFO", "message": "env timeit enabled: False", "file": "env_core.py", "line": "132", "module": "env", "process": "env_core", "function": "init_data_handler", "stack": "", "pid": 112}
{"time": "2026-04-18 11:53:38.457519", "level": "INFO", "message": "env KaiwuDataHandler init success, KaiwuDataHandler class is environments.robot_vacuum.data_handler.KaiwuDataHandler", "file": "env_core.py", "line": "139", "module": "env", "process": "env_core", "function": "init_data_handler", "stack": "", "pid": 112}
{"time": "2026-04-18 11:53:38.458195", "level": "INFO", "message": "env timeit enabled: False", "file": "env_core.py", "line": "46", "module": "env", "process": "env_core", "function": "init_env_adapter", "stack": "", "pid": 112}
{"time": "2026-04-18 11:53:38.472334", "level": "INFO", "message": "env EnvAdapter init success, EnvAdapter class is environments.robot_vacuum.env_adapter.EnvAdapter", "file": "env_core.py", "line": "53", "module": "env", "process": "env_core", "function": "init_env_adapter", "stack": "", "pid": 112}
{"time": "2026-04-18 11:53:38.474241", "level": "INFO", "message": "env env_wrapper, zmq_server aisrv <--> env or entity <--> env, start at 172.19.0.16:5566 success", "file": "inter_process_communication.py", "line": "68", "module": "env", "process": "inter_process_communication", "function": "create_server", "stack": "", "pid": 112}
{"time": "2026-04-18 11:53:47.299451", "level": "INFO", "message": "env env recv reset message", "file": "remote_env_server.py", "line": "282", "module": "env", "process": "remote_env_server", "function": "run_once", "stack": "", "pid": 112}
{"time": "2026-04-18 11:53:47.300489", "level": "INFO", "message": "env Select map in order: episode=0, map_id=1 from map_list=[1, 2, 3, 4, 5, 6, 7, 8, 9, 10]", "file": "data_handler.py", "line": "148", "module": "env", "process": "data_handler", "function": "handle_usr_conf", "stack": "", "pid": 112}
{"time": "2026-04-18 11:53:55.657527", "level": "INFO", "message": "env finish monitor_data is {'total_score': 808, 'clean_score': 808, 'total_map': 10, 'map_random': 0, 'map_code': 1, 'max_steps': 1000, 'finished_steps': 956, 'total_charger': 4, 'charge_count': 8, 'remaining_charge': 0}", "file": "monitor_helper.py", "line": "95", "module": "env", "process": "monitor_helper", "function": "finish", "stack": "", "pid": 112}
{"time": "2026-04-18 11:53:55.659530", "level": "INFO", "message": "env data_handler finish success", "file": "data_handler.py", "line": "189", "module": "env", "process": "data_handler", "function": "finish", "stack": "", "pid": 112}
{"time": "2026-04-18 11:53:55.660647", "level": "INFO", "message": "env env run once episode done, process_run_count is 957", "file": "remote_env_server.py", "line": "298", "module": "env", "process": "remote_env_server", "function": "run_once", "stack": "", "pid": 112}
{"time": "2026-04-18 11:53:55.734158", "level": "INFO", "message": "env env recv reset message", "file": "remote_env_server.py", "line": "282", "module": "env", "process": "remote_env_server", "function": "run_once", "stack": "", "pid": 112}
{"time": "2026-04-18 11:53:55.735053", "level": "INFO", "message": "env Select map in order: episode=1, map_id=2 from map_list=[1, 2, 3, 4, 5, 6, 7, 8, 9, 10]", "file": "data_handler.py", "line": "148", "module": "env", "process": "data_handler", "function": "handle_usr_conf", "stack": "", "pid": 112}
{"time": "2026-04-18 11:54:07.869271", "level": "INFO", "message": "env data_handler finish success", "file": "data_handler.py", "line": "189", "module": "env", "process": "data_handler", "function": "finish", "stack": "", "pid": 112}
{"time": "2026-04-18 11:54:07.870212", "level": "INFO", "message": "env env run once episode done, process_run_count is 1958", "file": "remote_env_server.py", "line": "298", "module": "env", "process": "remote_env_server", "function": "run_once", "stack": "", "pid": 112}
{"time": "2026-04-18 11:54:07.927046", "level": "INFO", "message": "env env recv reset message", "file": "remote_env_server.py", "line": "282", "module": "env", "process": "remote_env_server", "function": "run_once", "stack": "", "pid": 112}
{"time": "2026-04-18 11:54:07.927889", "level": "INFO", "message": "env Select map in order: episode=2, map_id=3 from map_list=[1, 2, 3, 4, 5, 6, 7, 8, 9, 10]", "file": "data_handler.py", "line": "148", "module": "env", "process": "data_handler", "function": "handle_usr_conf", "stack": "", "pid": 112}
{"time": "2026-04-18 11:54:19.763138", "level": "INFO", "message": "env data_handler finish success", "file": "data_handler.py", "line": "189", "module": "env", "process": "data_handler", "function": "finish", "stack": "", "pid": 112}
{"time": "2026-04-18 11:54:19.763909", "level": "INFO", "message": "env env run once episode done, process_run_count is 2959", "file": "remote_env_server.py", "line": "298", "module": "env", "process": "remote_env_server", "function": "run_once", "stack": "", "pid": 112}
{"time": "2026-04-18 11:54:19.817222", "level": "INFO", "message": "env env recv reset message", "file": "remote_env_server.py", "line": "282", "module": "env", "process": "remote_env_server", "function": "run_once", "stack": "", "pid": 112}
{"time": "2026-04-18 11:54:19.818579", "level": "INFO", "message": "env Select map in order: episode=3, map_id=4 from map_list=[1, 2, 3, 4, 5, 6, 7, 8, 9, 10]", "file": "data_handler.py", "line": "148", "module": "env", "process": "data_handler", "function": "handle_usr_conf", "stack": "", "pid": 112}
{"time": "2026-04-18 11:54:22.088021", "level": "INFO", "message": "env data_handler finish success", "file": "data_handler.py", "line": "189", "module": "env", "process": "data_handler", "function": "finish", "stack": "", "pid": 112}
{"time": "2026-04-18 11:54:22.088644", "level": "INFO", "message": "env env run once episode done, process_run_count is 3160", "file": "remote_env_server.py", "line": "298", "module": "env", "process": "remote_env_server", "function": "run_once", "stack": "", "pid": 112}
{"time": "2026-04-18 11:54:22.102540", "level": "INFO", "message": "env env recv reset message", "file": "remote_env_server.py", "line": "282", "module": "env", "process": "remote_env_server", "function": "run_once", "stack": "", "pid": 112}
{"time": "2026-04-18 11:54:22.103375", "level": "INFO", "message": "env Select map in order: episode=4, map_id=5 from map_list=[1, 2, 3, 4, 5, 6, 7, 8, 9, 10]", "file": "data_handler.py", "line": "148", "module": "env", "process": "data_handler", "function": "handle_usr_conf", "stack": "", "pid": 112}
{"time": "2026-04-18 11:54:25.209650", "level": "INFO", "message": "env data_handler finish success", "file": "data_handler.py", "line": "189", "module": "env", "process": "data_handler", "function": "finish", "stack": "", "pid": 112}
{"time": "2026-04-18 11:54:25.210386", "level": "INFO", "message": "env env run once episode done, process_run_count is 3578", "file": "remote_env_server.py", "line": "298", "module": "env", "process": "remote_env_server", "function": "run_once", "stack": "", "pid": 112}
{"time": "2026-04-18 11:54:25.236006", "level": "INFO", "message": "env env recv reset message", "file": "remote_env_server.py", "line": "282", "module": "env", "process": "remote_env_server", "function": "run_once", "stack": "", "pid": 112}
{"time": "2026-04-18 11:54:25.240099", "level": "INFO", "message": "env Select map in order: episode=5, map_id=6 from map_list=[1, 2, 3, 4, 5, 6, 7, 8, 9, 10]", "file": "data_handler.py", "line": "148", "module": "env", "process": "data_handler", "function": "handle_usr_conf", "stack": "", "pid": 112}
{"time": "2026-04-18 11:54:35.101457", "level": "INFO", "message": "env data_handler finish success", "file": "data_handler.py", "line": "189", "module": "env", "process": "data_handler", "function": "finish", "stack": "", "pid": 112}
{"time": "2026-04-18 11:54:35.102104", "level": "INFO", "message": "env env run once episode done, process_run_count is 4579", "file": "remote_env_server.py", "line": "298", "module": "env", "process": "remote_env_server", "function": "run_once", "stack": "", "pid": 112}
{"time": "2026-04-18 11:54:35.141992", "level": "INFO", "message": "env env recv reset message", "file": "remote_env_server.py", "line": "282", "module": "env", "process": "remote_env_server", "function": "run_once", "stack": "", "pid": 112}
{"time": "2026-04-18 11:54:35.142643", "level": "INFO", "message": "env Select map in order: episode=6, map_id=7 from map_list=[1, 2, 3, 4, 5, 6, 7, 8, 9, 10]", "file": "data_handler.py", "line": "148", "module": "env", "process": "data_handler", "function": "handle_usr_conf", "stack": "", "pid": 112}
{"time": "2026-04-18 11:54:39.595133", "level": "INFO", "message": "env data_handler finish success", "file": "data_handler.py", "line": "189", "module": "env", "process": "data_handler", "function": "finish", "stack": "", "pid": 112}
{"time": "2026-04-18 11:54:39.595698", "level": "INFO", "message": "env env run once episode done, process_run_count is 5036", "file": "remote_env_server.py", "line": "298", "module": "env", "process": "remote_env_server", "function": "run_once", "stack": "", "pid": 112}
{"time": "2026-04-18 11:54:39.620355", "level": "INFO", "message": "env env recv reset message", "file": "remote_env_server.py", "line": "282", "module": "env", "process": "remote_env_server", "function": "run_once", "stack": "", "pid": 112}
{"time": "2026-04-18 11:54:39.621240", "level": "INFO", "message": "env Select map in order: episode=7, map_id=8 from map_list=[1, 2, 3, 4, 5, 6, 7, 8, 9, 10]", "file": "data_handler.py", "line": "148", "module": "env", "process": "data_handler", "function": "handle_usr_conf", "stack": "", "pid": 112}
{"time": "2026-04-18 11:54:48.752060", "level": "INFO", "message": "env data_handler finish success", "file": "data_handler.py", "line": "189", "module": "env", "process": "data_handler", "function": "finish", "stack": "", "pid": 112}
{"time": "2026-04-18 11:54:48.753014", "level": "INFO", "message": "env env run once episode done, process_run_count is 6037", "file": "remote_env_server.py", "line": "298", "module": "env", "process": "remote_env_server", "function": "run_once", "stack": "", "pid": 112}
{"time": "2026-04-18 11:54:48.821870", "level": "INFO", "message": "env env recv reset message", "file": "remote_env_server.py", "line": "282", "module": "env", "process": "remote_env_server", "function": "run_once", "stack": "", "pid": 112}
{"time": "2026-04-18 11:54:48.822526", "level": "INFO", "message": "env Select map in order: episode=8, map_id=9 from map_list=[1, 2, 3, 4, 5, 6, 7, 8, 9, 10]", "file": "data_handler.py", "line": "148", "module": "env", "process": "data_handler", "function": "handle_usr_conf", "stack": "", "pid": 112}
{"time": "2026-04-18 11:54:57.159754", "level": "INFO", "message": "env finish monitor_data is {'total_score': 930, 'clean_score': 930, 'total_map': 10, 'map_random': 0, 'map_code': 9, 'max_steps': 1000, 'finished_steps': 1000, 'total_charger': 4, 'charge_count': 10, 'remaining_charge': 188}", "file": "monitor_helper.py", "line": "95", "module": "env", "process": "monitor_helper", "function": "finish", "stack": "", "pid": 112}
{"time": "2026-04-18 11:54:57.164192", "level": "INFO", "message": "env data_handler finish success", "file": "data_handler.py", "line": "189", "module": "env", "process": "data_handler", "function": "finish", "stack": "", "pid": 112}
{"time": "2026-04-18 11:54:57.165312", "level": "INFO", "message": "env env run once episode done, process_run_count is 7038", "file": "remote_env_server.py", "line": "298", "module": "env", "process": "remote_env_server", "function": "run_once", "stack": "", "pid": 112}
{"time": "2026-04-18 11:54:57.206344", "level": "INFO", "message": "env env recv reset message", "file": "remote_env_server.py", "line": "282", "module": "env", "process": "remote_env_server", "function": "run_once", "stack": "", "pid": 112}
{"time": "2026-04-18 11:54:57.207235", "level": "INFO", "message": "env Select map in order: episode=9, map_id=10 from map_list=[1, 2, 3, 4, 5, 6, 7, 8, 9, 10]", "file": "data_handler.py", "line": "148", "module": "env", "process": "data_handler", "function": "handle_usr_conf", "stack": "", "pid": 112}
{"time": "2026-04-18 11:55:06.273871", "level": "INFO", "message": "env data_handler finish success", "file": "data_handler.py", "line": "189", "module": "env", "process": "data_handler", "function": "finish", "stack": "", "pid": 112}
{"time": "2026-04-18 11:55:06.274433", "level": "INFO", "message": "env env run once episode done, process_run_count is 8039", "file": "remote_env_server.py", "line": "298", "module": "env", "process": "remote_env_server", "function": "run_once", "stack": "", "pid": 112}
{"time": "2026-04-18 11:55:06.361900", "level": "INFO", "message": "env env recv reset message", "file": "remote_env_server.py", "line": "282", "module": "env", "process": "remote_env_server", "function": "run_once", "stack": "", "pid": 112}
{"time": "2026-04-18 11:55:06.362752", "level": "INFO", "message": "env Select map in order: episode=10, map_id=1 from map_list=[1, 2, 3, 4, 5, 6, 7, 8, 9, 10]", "file": "data_handler.py", "line": "148", "module": "env", "process": "data_handler", "function": "handle_usr_conf", "stack": "", "pid": 112}
{"time": "2026-04-18 11:55:15.571076", "level": "INFO", "message": "env data_handler finish success", "file": "data_handler.py", "line": "189", "module": "env", "process": "data_handler", "function": "finish", "stack": "", "pid": 112}
{"time": "2026-04-18 11:55:15.571801", "level": "INFO", "message": "env env run once episode done, process_run_count is 9040", "file": "remote_env_server.py", "line": "298", "module": "env", "process": "remote_env_server", "function": "run_once", "stack": "", "pid": 112}
{"time": "2026-04-18 11:55:15.620265", "level": "INFO", "message": "env env recv reset message", "file": "remote_env_server.py", "line": "282", "module": "env", "process": "remote_env_server", "function": "run_once", "stack": "", "pid": 112}
{"time": "2026-04-18 11:55:15.621184", "level": "INFO", "message": "env Select map in order: episode=11, map_id=2 from map_list=[1, 2, 3, 4, 5, 6, 7, 8, 9, 10]", "file": "data_handler.py", "line": "148", "module": "env", "process": "data_handler", "function": "handle_usr_conf", "stack": "", "pid": 112}
{"time": "2026-04-18 11:55:23.751013", "level": "INFO", "message": "env data_handler finish success", "file": "data_handler.py", "line": "189", "module": "env", "process": "data_handler", "function": "finish", "stack": "", "pid": 112}
{"time": "2026-04-18 11:55:23.751723", "level": "INFO", "message": "env env run once episode done, process_run_count is 10041", "file": "remote_env_server.py", "line": "298", "module": "env", "process": "remote_env_server", "function": "run_once", "stack": "", "pid": 112}
{"time": "2026-04-18 11:55:23.796923", "level": "INFO", "message": "env env recv reset message", "file": "remote_env_server.py", "line": "282", "module": "env", "process": "remote_env_server", "function": "run_once", "stack": "", "pid": 112}
{"time": "2026-04-18 11:55:23.797896", "level": "INFO", "message": "env Select map in order: episode=12, map_id=3 from map_list=[1, 2, 3, 4, 5, 6, 7, 8, 9, 10]", "file": "data_handler.py", "line": "148", "module": "env", "process": "data_handler", "function": "handle_usr_conf", "stack": "", "pid": 112}
{"time": "2026-04-18 11:55:33.112793", "level": "INFO", "message": "env data_handler finish success", "file": "data_handler.py", "line": "189", "module": "env", "process": "data_handler", "function": "finish", "stack": "", "pid": 112}
{"time": "2026-04-18 11:55:33.113415", "level": "INFO", "message": "env env run once episode done, process_run_count is 11027", "file": "remote_env_server.py", "line": "298", "module": "env", "process": "remote_env_server", "function": "run_once", "stack": "", "pid": 112}
{"time": "2026-04-18 11:55:33.154462", "level": "INFO", "message": "env env recv reset message", "file": "remote_env_server.py", "line": "282", "module": "env", "process": "remote_env_server", "function": "run_once", "stack": "", "pid": 112}
{"time": "2026-04-18 11:55:33.155441", "level": "INFO", "message": "env Select map in order: episode=13, map_id=4 from map_list=[1, 2, 3, 4, 5, 6, 7, 8, 9, 10]", "file": "data_handler.py", "line": "148", "module": "env", "process": "data_handler", "function": "handle_usr_conf", "stack": "", "pid": 112}
{"time": "2026-04-18 11:55:34.546892", "level": "INFO", "message": "env data_handler finish success", "file": "data_handler.py", "line": "189", "module": "env", "process": "data_handler", "function": "finish", "stack": "", "pid": 112}
{"time": "2026-04-18 11:55:34.547671", "level": "INFO", "message": "env env run once episode done, process_run_count is 11162", "file": "remote_env_server.py", "line": "298", "module": "env", "process": "remote_env_server", "function": "run_once", "stack": "", "pid": 112}
{"time": "2026-04-18 11:55:34.555808", "level": "INFO", "message": "env env recv reset message", "file": "remote_env_server.py", "line": "282", "module": "env", "process": "remote_env_server", "function": "run_once", "stack": "", "pid": 112}
{"time": "2026-04-18 11:55:34.556868", "level": "INFO", "message": "env Select map in order: episode=14, map_id=5 from map_list=[1, 2, 3, 4, 5, 6, 7, 8, 9, 10]", "file": "data_handler.py", "line": "148", "module": "env", "process": "data_handler", "function": "handle_usr_conf", "stack": "", "pid": 112}
{"time": "2026-04-18 11:55:41.662487", "level": "INFO", "message": "env data_handler finish success", "file": "data_handler.py", "line": "189", "module": "env", "process": "data_handler", "function": "finish", "stack": "", "pid": 112}
{"time": "2026-04-18 11:55:41.667719", "level": "INFO", "message": "env env run once episode done, process_run_count is 11934", "file": "remote_env_server.py", "line": "298", "module": "env", "process": "remote_env_server", "function": "run_once", "stack": "", "pid": 112}
{"time": "2026-04-18 11:55:41.702462", "level": "INFO", "message": "env env recv reset message", "file": "remote_env_server.py", "line": "282", "module": "env", "process": "remote_env_server", "function": "run_once", "stack": "", "pid": 112}
{"time": "2026-04-18 11:55:41.703339", "level": "INFO", "message": "env Select map in order: episode=15, map_id=6 from map_list=[1, 2, 3, 4, 5, 6, 7, 8, 9, 10]", "file": "data_handler.py", "line": "148", "module": "env", "process": "data_handler", "function": "handle_usr_conf", "stack": "", "pid": 112}
{"time": "2026-04-18 11:55:49.820765", "level": "INFO", "message": "env data_handler finish success", "file": "data_handler.py", "line": "189", "module": "env", "process": "data_handler", "function": "finish", "stack": "", "pid": 112}
{"time": "2026-04-18 11:55:49.821284", "level": "INFO", "message": "env env run once episode done, process_run_count is 12935", "file": "remote_env_server.py", "line": "298", "module": "env", "process": "remote_env_server", "function": "run_once", "stack": "", "pid": 112}
{"time": "2026-04-18 11:55:49.882731", "level": "INFO", "message": "env env recv reset message", "file": "remote_env_server.py", "line": "282", "module": "env", "process": "remote_env_server", "function": "run_once", "stack": "", "pid": 112}
{"time": "2026-04-18 11:55:49.883553", "level": "INFO", "message": "env Select map in order: episode=16, map_id=7 from map_list=[1, 2, 3, 4, 5, 6, 7, 8, 9, 10]", "file": "data_handler.py", "line": "148", "module": "env", "process": "data_handler", "function": "handle_usr_conf", "stack": "", "pid": 112}
{"time": "2026-04-18 11:55:58.997833", "level": "INFO", "message": "env finish monitor_data is {'total_score': 803, 'clean_score': 803, 'total_map': 10, 'map_random': 0, 'map_code': 7, 'max_steps': 1000, 'finished_steps': 1000, 'total_charger': 4, 'charge_count': 10, 'remaining_charge': 178}", "file": "monitor_helper.py", "line": "95", "module": "env", "process": "monitor_helper", "function": "finish", "stack": "", "pid": 112}
{"time": "2026-04-18 11:55:58.998682", "level": "INFO", "message": "env data_handler finish success", "file": "data_handler.py", "line": "189", "module": "env", "process": "data_handler", "function": "finish", "stack": "", "pid": 112}
{"time": "2026-04-18 11:55:58.999384", "level": "INFO", "message": "env env run once episode done, process_run_count is 13936", "file": "remote_env_server.py", "line": "298", "module": "env", "process": "remote_env_server", "function": "run_once", "stack": "", "pid": 112}
{"time": "2026-04-18 11:55:59.037917", "level": "INFO", "message": "env env recv reset message", "file": "remote_env_server.py", "line": "282", "module": "env", "process": "remote_env_server", "function": "run_once", "stack": "", "pid": 112}
{"time": "2026-04-18 11:55:59.038797", "level": "INFO", "message": "env Select map in order: episode=17, map_id=8 from map_list=[1, 2, 3, 4, 5, 6, 7, 8, 9, 10]", "file": "data_handler.py", "line": "148", "module": "env", "process": "data_handler", "function": "handle_usr_conf", "stack": "", "pid": 112}
{"time": "2026-04-18 11:56:03.038068", "level": "INFO", "message": "env data_handler finish success", "file": "data_handler.py", "line": "189", "module": "env", "process": "data_handler", "function": "finish", "stack": "", "pid": 112}
{"time": "2026-04-18 11:56:03.038787", "level": "INFO", "message": "env env run once episode done, process_run_count is 14354", "file": "remote_env_server.py", "line": "298", "module": "env", "process": "remote_env_server", "function": "run_once", "stack": "", "pid": 112}
{"time": "2026-04-18 11:56:03.064080", "level": "INFO", "message": "env env recv reset message", "file": "remote_env_server.py", "line": "282", "module": "env", "process": "remote_env_server", "function": "run_once", "stack": "", "pid": 112}
{"time": "2026-04-18 11:56:03.066932", "level": "INFO", "message": "env Select map in order: episode=18, map_id=9 from map_list=[1, 2, 3, 4, 5, 6, 7, 8, 9, 10]", "file": "data_handler.py", "line": "148", "module": "env", "process": "data_handler", "function": "handle_usr_conf", "stack": "", "pid": 112}
{"time": "2026-04-18 11:56:04.635222", "level": "INFO", "message": "env data_handler finish success", "file": "data_handler.py", "line": "189", "module": "env", "process": "data_handler", "function": "finish", "stack": "", "pid": 112}
{"time": "2026-04-18 11:56:04.638813", "level": "INFO", "message": "env env run once episode done, process_run_count is 14508", "file": "remote_env_server.py", "line": "298", "module": "env", "process": "remote_env_server", "function": "run_once", "stack": "", "pid": 112}
{"time": "2026-04-18 11:56:04.644438", "level": "INFO", "message": "env env recv reset message", "file": "remote_env_server.py", "line": "282", "module": "env", "process": "remote_env_server", "function": "run_once", "stack": "", "pid": 112}
{"time": "2026-04-18 11:56:04.645584", "level": "INFO", "message": "env Select map in order: episode=19, map_id=10 from map_list=[1, 2, 3, 4, 5, 6, 7, 8, 9, 10]", "file": "data_handler.py", "line": "148", "module": "env", "process": "data_handler", "function": "handle_usr_conf", "stack": "", "pid": 112}
{"time": "2026-04-18 11:56:13.660179", "level": "INFO", "message": "env data_handler finish success", "file": "data_handler.py", "line": "189", "module": "env", "process": "data_handler", "function": "finish", "stack": "", "pid": 112}
{"time": "2026-04-18 11:56:13.660992", "level": "INFO", "message": "env env run once episode done, process_run_count is 15509", "file": "remote_env_server.py", "line": "298", "module": "env", "process": "remote_env_server", "function": "run_once", "stack": "", "pid": 112}
{"time": "2026-04-18 11:56:13.697883", "level": "INFO", "message": "env env recv reset message", "file": "remote_env_server.py", "line": "282", "module": "env", "process": "remote_env_server", "function": "run_once", "stack": "", "pid": 112}
{"time": "2026-04-18 11:56:13.698928", "level": "INFO", "message": "env Select map in order: episode=20, map_id=1 from map_list=[1, 2, 3, 4, 5, 6, 7, 8, 9, 10]", "file": "data_handler.py", "line": "148", "module": "env", "process": "data_handler", "function": "handle_usr_conf", "stack": "", "pid": 112}
{"time": "2026-04-18 11:56:18.402840", "level": "INFO", "message": "env data_handler finish success", "file": "data_handler.py", "line": "189", "module": "env", "process": "data_handler", "function": "finish", "stack": "", "pid": 112}
{"time": "2026-04-18 11:56:18.403753", "level": "INFO", "message": "env env run once episode done, process_run_count is 16015", "file": "remote_env_server.py", "line": "298", "module": "env", "process": "remote_env_server", "function": "run_once", "stack": "", "pid": 112}
{"time": "2026-04-18 11:56:18.433979", "level": "INFO", "message": "env env recv reset message", "file": "remote_env_server.py", "line": "282", "module": "env", "process": "remote_env_server", "function": "run_once", "stack": "", "pid": 112}
{"time": "2026-04-18 11:56:18.434996", "level": "INFO", "message": "env Select map in order: episode=21, map_id=2 from map_list=[1, 2, 3, 4, 5, 6, 7, 8, 9, 10]", "file": "data_handler.py", "line": "148", "module": "env", "process": "data_handler", "function": "handle_usr_conf", "stack": "", "pid": 112}
{"time": "2026-04-18 11:56:20.494932", "level": "INFO", "message": "env data_handler finish success", "file": "data_handler.py", "line": "189", "module": "env", "process": "data_handler", "function": "finish", "stack": "", "pid": 112}
{"time": "2026-04-18 11:56:20.495556", "level": "INFO", "message": "env env run once episode done, process_run_count is 16336", "file": "remote_env_server.py", "line": "298", "module": "env", "process": "remote_env_server", "function": "run_once", "stack": "", "pid": 112}
{"time": "2026-04-18 11:56:20.525095", "level": "INFO", "message": "env env recv reset message", "file": "remote_env_server.py", "line": "282", "module": "env", "process": "remote_env_server", "function": "run_once", "stack": "", "pid": 112}
{"time": "2026-04-18 11:56:20.525936", "level": "INFO", "message": "env Select map in order: episode=22, map_id=3 from map_list=[1, 2, 3, 4, 5, 6, 7, 8, 9, 10]", "file": "data_handler.py", "line": "148", "module": "env", "process": "data_handler", "function": "handle_usr_conf", "stack": "", "pid": 112}
{"time": "2026-04-18 11:56:29.642248", "level": "INFO", "message": "env data_handler finish success", "file": "data_handler.py", "line": "189", "module": "env", "process": "data_handler", "function": "finish", "stack": "", "pid": 112}
{"time": "2026-04-18 11:56:29.643010", "level": "INFO", "message": "env env run once episode done, process_run_count is 17337", "file": "remote_env_server.py", "line": "298", "module": "env", "process": "remote_env_server", "function": "run_once", "stack": "", "pid": 112}
{"time": "2026-04-18 11:56:29.689721", "level": "INFO", "message": "env env recv reset message", "file": "remote_env_server.py", "line": "282", "module": "env", "process": "remote_env_server", "function": "run_once", "stack": "", "pid": 112}
{"time": "2026-04-18 11:56:29.691750", "level": "INFO", "message": "env Select map in order: episode=23, map_id=4 from map_list=[1, 2, 3, 4, 5, 6, 7, 8, 9, 10]", "file": "data_handler.py", "line": "148", "module": "env", "process": "data_handler", "function": "handle_usr_conf", "stack": "", "pid": 112}
{"time": "2026-04-18 11:56:33.690038", "level": "INFO", "message": "env data_handler finish success", "file": "data_handler.py", "line": "189", "module": "env", "process": "data_handler", "function": "finish", "stack": "", "pid": 112}
{"time": "2026-04-18 11:56:33.690848", "level": "INFO", "message": "env env run once episode done, process_run_count is 17765", "file": "remote_env_server.py", "line": "298", "module": "env", "process": "remote_env_server", "function": "run_once", "stack": "", "pid": 112}
{"time": "2026-04-18 11:56:33.713284", "level": "INFO", "message": "env env recv reset message", "file": "remote_env_server.py", "line": "282", "module": "env", "process": "remote_env_server", "function": "run_once", "stack": "", "pid": 112}
{"time": "2026-04-18 11:56:33.714127", "level": "INFO", "message": "env Select map in order: episode=24, map_id=5 from map_list=[1, 2, 3, 4, 5, 6, 7, 8, 9, 10]", "file": "data_handler.py", "line": "148", "module": "env", "process": "data_handler", "function": "handle_usr_conf", "stack": "", "pid": 112}
{"time": "2026-04-18 11:56:42.303159", "level": "INFO", "message": "env data_handler finish success", "file": "data_handler.py", "line": "189", "module": "env", "process": "data_handler", "function": "finish", "stack": "", "pid": 112}
{"time": "2026-04-18 11:56:42.303930", "level": "INFO", "message": "env env run once episode done, process_run_count is 18708", "file": "remote_env_server.py", "line": "298", "module": "env", "process": "remote_env_server", "function": "run_once", "stack": "", "pid": 112}
{"time": "2026-04-18 11:56:42.339735", "level": "INFO", "message": "env env recv reset message", "file": "remote_env_server.py", "line": "282", "module": "env", "process": "remote_env_server", "function": "run_once", "stack": "", "pid": 112}
{"time": "2026-04-18 11:56:42.343109", "level": "INFO", "message": "env Select map in order: episode=25, map_id=6 from map_list=[1, 2, 3, 4, 5, 6, 7, 8, 9, 10]", "file": "data_handler.py", "line": "148", "module": "env", "process": "data_handler", "function": "handle_usr_conf", "stack": "", "pid": 112}
{"time": "2026-04-18 11:56:44.370079", "level": "INFO", "message": "env data_handler finish success", "file": "data_handler.py", "line": "189", "module": "env", "process": "data_handler", "function": "finish", "stack": "", "pid": 112}
{"time": "2026-04-18 11:56:44.374869", "level": "INFO", "message": "env env run once episode done, process_run_count is 18909", "file": "remote_env_server.py", "line": "298", "module": "env", "process": "remote_env_server", "function": "run_once", "stack": "", "pid": 112}
{"time": "2026-04-18 11:56:44.384644", "level": "INFO", "message": "env env recv reset message", "file": "remote_env_server.py", "line": "282", "module": "env", "process": "remote_env_server", "function": "run_once", "stack": "", "pid": 112}
{"time": "2026-04-18 11:56:44.385564", "level": "INFO", "message": "env Select map in order: episode=26, map_id=7 from map_list=[1, 2, 3, 4, 5, 6, 7, 8, 9, 10]", "file": "data_handler.py", "line": "148", "module": "env", "process": "data_handler", "function": "handle_usr_conf", "stack": "", "pid": 112}
{"time": "2026-04-18 11:56:52.400303", "level": "INFO", "message": "env data_handler finish success", "file": "data_handler.py", "line": "189", "module": "env", "process": "data_handler", "function": "finish", "stack": "", "pid": 112}
{"time": "2026-04-18 11:56:52.400896", "level": "INFO", "message": "env env run once episode done, process_run_count is 19910", "file": "remote_env_server.py", "line": "298", "module": "env", "process": "remote_env_server", "function": "run_once", "stack": "", "pid": 112}
{"time": "2026-04-18 11:56:52.462441", "level": "INFO", "message": "env env recv reset message", "file": "remote_env_server.py", "line": "282", "module": "env", "process": "remote_env_server", "function": "run_once", "stack": "", "pid": 112}
{"time": "2026-04-18 11:56:52.463286", "level": "INFO", "message": "env Select map in order: episode=27, map_id=8 from map_list=[1, 2, 3, 4, 5, 6, 7, 8, 9, 10]", "file": "data_handler.py", "line": "148", "module": "env", "process": "data_handler", "function": "handle_usr_conf", "stack": "", "pid": 112}
{"time": "2026-04-18 11:57:01.734592", "level": "INFO", "message": "env finish monitor_data is {'total_score': 799, 'clean_score': 799, 'total_map': 10, 'map_random': 0, 'map_code': 8, 'max_steps': 1000, 'finished_steps': 1000, 'total_charger': 4, 'charge_count': 11, 'remaining_charge': 154}", "file": "monitor_helper.py", "line": "95", "module": "env", "process": "monitor_helper", "function": "finish", "stack": "", "pid": 112}
{"time": "2026-04-18 11:57:01.735251", "level": "INFO", "message": "env data_handler finish success", "file": "data_handler.py", "line": "189", "module": "env", "process": "data_handler", "function": "finish", "stack": "", "pid": 112}
{"time": "2026-04-18 11:57:01.735814", "level": "INFO", "message": "env env run once episode done, process_run_count is 20911", "file": "remote_env_server.py", "line": "298", "module": "env", "process": "remote_env_server", "function": "run_once", "stack": "", "pid": 112}
{"time": "2026-04-18 11:57:01.776147", "level": "INFO", "message": "env env recv reset message", "file": "remote_env_server.py", "line": "282", "module": "env", "process": "remote_env_server", "function": "run_once", "stack": "", "pid": 112}
{"time": "2026-04-18 11:57:01.777116", "level": "INFO", "message": "env Select map in order: episode=28, map_id=9 from map_list=[1, 2, 3, 4, 5, 6, 7, 8, 9, 10]", "file": "data_handler.py", "line": "148", "module": "env", "process": "data_handler", "function": "handle_usr_conf", "stack": "", "pid": 112}
{"time": "2026-04-18 11:57:11.026834", "level": "INFO", "message": "env data_handler finish success", "file": "data_handler.py", "line": "189", "module": "env", "process": "data_handler", "function": "finish", "stack": "", "pid": 112}
{"time": "2026-04-18 11:57:11.033541", "level": "INFO", "message": "env env run once episode done, process_run_count is 21912", "file": "remote_env_server.py", "line": "298", "module": "env", "process": "remote_env_server", "function": "run_once", "stack": "", "pid": 112}
{"time": "2026-04-18 11:57:11.072479", "level": "INFO", "message": "env env recv reset message", "file": "remote_env_server.py", "line": "282", "module": "env", "process": "remote_env_server", "function": "run_once", "stack": "", "pid": 112}
{"time": "2026-04-18 11:57:11.073486", "level": "INFO", "message": "env Select map in order: episode=29, map_id=10 from map_list=[1, 2, 3, 4, 5, 6, 7, 8, 9, 10]", "file": "data_handler.py", "line": "148", "module": "env", "process": "data_handler", "function": "handle_usr_conf", "stack": "", "pid": 112}
{"time": "2026-04-18 11:57:18.870513", "level": "INFO", "message": "env data_handler finish success", "file": "data_handler.py", "line": "189", "module": "env", "process": "data_handler", "function": "finish", "stack": "", "pid": 112}
{"time": "2026-04-18 11:57:18.871112", "level": "INFO", "message": "env env run once episode done, process_run_count is 22874", "file": "remote_env_server.py", "line": "298", "module": "env", "process": "remote_env_server", "function": "run_once", "stack": "", "pid": 112}
{"time": "2026-04-18 11:57:18.913388", "level": "INFO", "message": "env env recv reset message", "file": "remote_env_server.py", "line": "282", "module": "env", "process": "remote_env_server", "function": "run_once", "stack": "", "pid": 112}
{"time": "2026-04-18 11:57:18.914203", "level": "INFO", "message": "env Select map in order: episode=30, map_id=1 from map_list=[1, 2, 3, 4, 5, 6, 7, 8, 9, 10]", "file": "data_handler.py", "line": "148", "module": "env", "process": "data_handler", "function": "handle_usr_conf", "stack": "", "pid": 112}
{"time": "2026-04-18 11:57:27.139480", "level": "INFO", "message": "env data_handler finish success", "file": "data_handler.py", "line": "189", "module": "env", "process": "data_handler", "function": "finish", "stack": "", "pid": 112}
{"time": "2026-04-18 11:57:27.140034", "level": "INFO", "message": "env env run once episode done, process_run_count is 23771", "file": "remote_env_server.py", "line": "298", "module": "env", "process": "remote_env_server", "function": "run_once", "stack": "", "pid": 112}
{"time": "2026-04-18 11:57:27.175401", "level": "INFO", "message": "env env recv reset message", "file": "remote_env_server.py", "line": "282", "module": "env", "process": "remote_env_server", "function": "run_once", "stack": "", "pid": 112}
{"time": "2026-04-18 11:57:27.177199", "level": "INFO", "message": "env Select map in order: episode=31, map_id=2 from map_list=[1, 2, 3, 4, 5, 6, 7, 8, 9, 10]", "file": "data_handler.py", "line": "148", "module": "env", "process": "data_handler", "function": "handle_usr_conf", "stack": "", "pid": 112}
{"time": "2026-04-18 11:57:31.467536", "level": "INFO", "message": "env data_handler finish success", "file": "data_handler.py", "line": "189", "module": "env", "process": "data_handler", "function": "finish", "stack": "", "pid": 112}
{"time": "2026-04-18 11:57:31.468147", "level": "INFO", "message": "env env run once episode done, process_run_count is 24226", "file": "remote_env_server.py", "line": "298", "module": "env", "process": "remote_env_server", "function": "run_once", "stack": "", "pid": 112}
{"time": "2026-04-18 11:57:31.484530", "level": "INFO", "message": "env env recv reset message", "file": "remote_env_server.py", "line": "282", "module": "env", "process": "remote_env_server", "function": "run_once", "stack": "", "pid": 112}
{"time": "2026-04-18 11:57:31.485428", "level": "INFO", "message": "env Select map in order: episode=32, map_id=3 from map_list=[1, 2, 3, 4, 5, 6, 7, 8, 9, 10]", "file": "data_handler.py", "line": "148", "module": "env", "process": "data_handler", "function": "handle_usr_conf", "stack": "", "pid": 112}
{"time": "2026-04-18 11:57:39.572400", "level": "INFO", "message": "env data_handler finish success", "file": "data_handler.py", "line": "189", "module": "env", "process": "data_handler", "function": "finish", "stack": "", "pid": 112}
{"time": "2026-04-18 11:57:39.573082", "level": "INFO", "message": "env env run once episode done, process_run_count is 25120", "file": "remote_env_server.py", "line": "298", "module": "env", "process": "remote_env_server", "function": "run_once", "stack": "", "pid": 112}
{"time": "2026-04-18 11:57:39.606352", "level": "INFO", "message": "env env recv reset message", "file": "remote_env_server.py", "line": "282", "module": "env", "process": "remote_env_server", "function": "run_once", "stack": "", "pid": 112}
{"time": "2026-04-18 11:57:39.606961", "level": "INFO", "message": "env Select map in order: episode=33, map_id=4 from map_list=[1, 2, 3, 4, 5, 6, 7, 8, 9, 10]", "file": "data_handler.py", "line": "148", "module": "env", "process": "data_handler", "function": "handle_usr_conf", "stack": "", "pid": 112}
{"time": "2026-04-18 11:57:45.074700", "level": "INFO", "message": "env data_handler finish success", "file": "data_handler.py", "line": "189", "module": "env", "process": "data_handler", "function": "finish", "stack": "", "pid": 112}
{"time": "2026-04-18 11:57:45.075369", "level": "INFO", "message": "env env run once episode done, process_run_count is 25709", "file": "remote_env_server.py", "line": "298", "module": "env", "process": "remote_env_server", "function": "run_once", "stack": "", "pid": 112}
{"time": "2026-04-18 11:57:45.105046", "level": "INFO", "message": "env env recv reset message", "file": "remote_env_server.py", "line": "282", "module": "env", "process": "remote_env_server", "function": "run_once", "stack": "", "pid": 112}
{"time": "2026-04-18 11:57:45.106092", "level": "INFO", "message": "env Select map in order: episode=34, map_id=5 from map_list=[1, 2, 3, 4, 5, 6, 7, 8, 9, 10]", "file": "data_handler.py", "line": "148", "module": "env", "process": "data_handler", "function": "handle_usr_conf", "stack": "", "pid": 112}
{"time": "2026-04-18 11:57:51.144962", "level": "INFO", "message": "env data_handler finish success", "file": "data_handler.py", "line": "189", "module": "env", "process": "data_handler", "function": "finish", "stack": "", "pid": 112}
{"time": "2026-04-18 11:57:51.145739", "level": "INFO", "message": "env env run once episode done, process_run_count is 26469", "file": "remote_env_server.py", "line": "298", "module": "env", "process": "remote_env_server", "function": "run_once", "stack": "", "pid": 112}
{"time": "2026-04-18 11:57:51.172845", "level": "INFO", "message": "env env recv reset message", "file": "remote_env_server.py", "line": "282", "module": "env", "process": "remote_env_server", "function": "run_once", "stack": "", "pid": 112}
{"time": "2026-04-18 11:57:51.173771", "level": "INFO", "message": "env Select map in order: episode=35, map_id=6 from map_list=[1, 2, 3, 4, 5, 6, 7, 8, 9, 10]", "file": "data_handler.py", "line": "148", "module": "env", "process": "data_handler", "function": "handle_usr_conf", "stack": "", "pid": 112}
{"time": "2026-04-18 11:57:57.985079", "level": "INFO", "message": "env data_handler finish success", "file": "data_handler.py", "line": "189", "module": "env", "process": "data_handler", "function": "finish", "stack": "", "pid": 112}
{"time": "2026-04-18 11:57:57.985748", "level": "INFO", "message": "env env run once episode done, process_run_count is 27206", "file": "remote_env_server.py", "line": "298", "module": "env", "process": "remote_env_server", "function": "run_once", "stack": "", "pid": 112}
{"time": "2026-04-18 11:57:58.028949", "level": "INFO", "message": "env env recv reset message", "file": "remote_env_server.py", "line": "282", "module": "env", "process": "remote_env_server", "function": "run_once", "stack": "", "pid": 112}
{"time": "2026-04-18 11:57:58.029886", "level": "INFO", "message": "env Select map in order: episode=36, map_id=7 from map_list=[1, 2, 3, 4, 5, 6, 7, 8, 9, 10]", "file": "data_handler.py", "line": "148", "module": "env", "process": "data_handler", "function": "handle_usr_conf", "stack": "", "pid": 112}
{"time": "2026-04-18 11:58:00.068179", "level": "INFO", "message": "env data_handler finish success", "file": "data_handler.py", "line": "189", "module": "env", "process": "data_handler", "function": "finish", "stack": "", "pid": 112}
{"time": "2026-04-18 11:58:00.070301", "level": "INFO", "message": "env env run once episode done, process_run_count is 27407", "file": "remote_env_server.py", "line": "298", "module": "env", "process": "remote_env_server", "function": "run_once", "stack": "", "pid": 112}
{"time": "2026-04-18 11:58:00.083494", "level": "INFO", "message": "env env recv reset message", "file": "remote_env_server.py", "line": "282", "module": "env", "process": "remote_env_server", "function": "run_once", "stack": "", "pid": 112}
{"time": "2026-04-18 11:58:00.085336", "level": "INFO", "message": "env Select map in order: episode=37, map_id=8 from map_list=[1, 2, 3, 4, 5, 6, 7, 8, 9, 10]", "file": "data_handler.py", "line": "148", "module": "env", "process": "data_handler", "function": "handle_usr_conf", "stack": "", "pid": 112}
{"time": "2026-04-18 11:58:07.876423", "level": "INFO", "message": "env finish monitor_data is {'total_score': 722, 'clean_score': 722, 'total_map': 10, 'map_random': 0, 'map_code': 8, 'max_steps': 1000, 'finished_steps': 840, 'total_charger': 4, 'charge_count': 6, 'remaining_charge': 0}", "file": "monitor_helper.py", "line": "95", "module": "env", "process": "monitor_helper", "function": "finish", "stack": "", "pid": 112}
{"time": "2026-04-18 11:58:07.877195", "level": "INFO", "message": "env data_handler finish success", "file": "data_handler.py", "line": "189", "module": "env", "process": "data_handler", "function": "finish", "stack": "", "pid": 112}
{"time": "2026-04-18 11:58:07.877746", "level": "INFO", "message": "env env run once episode done, process_run_count is 28248", "file": "remote_env_server.py", "line": "298", "module": "env", "process": "remote_env_server", "function": "run_once", "stack": "", "pid": 112}
{"time": "2026-04-18 11:58:07.912780", "level": "INFO", "message": "env env recv reset message", "file": "remote_env_server.py", "line": "282", "module": "env", "process": "remote_env_server", "function": "run_once", "stack": "", "pid": 112}
{"time": "2026-04-18 11:58:07.913620", "level": "INFO", "message": "env Select map in order: episode=38, map_id=9 from map_list=[1, 2, 3, 4, 5, 6, 7, 8, 9, 10]", "file": "data_handler.py", "line": "148", "module": "env", "process": "data_handler", "function": "handle_usr_conf", "stack": "", "pid": 112}
{"time": "2026-04-18 11:58:16.409125", "level": "INFO", "message": "env data_handler finish success", "file": "data_handler.py", "line": "189", "module": "env", "process": "data_handler", "function": "finish", "stack": "", "pid": 112}
{"time": "2026-04-18 11:58:16.409729", "level": "INFO", "message": "env env run once episode done, process_run_count is 29249", "file": "remote_env_server.py", "line": "298", "module": "env", "process": "remote_env_server", "function": "run_once", "stack": "", "pid": 112}
{"time": "2026-04-18 11:58:16.442364", "level": "INFO", "message": "env env recv reset message", "file": "remote_env_server.py", "line": "282", "module": "env", "process": "remote_env_server", "function": "run_once", "stack": "", "pid": 112}
{"time": "2026-04-18 11:58:16.443155", "level": "INFO", "message": "env Select map in order: episode=39, map_id=10 from map_list=[1, 2, 3, 4, 5, 6, 7, 8, 9, 10]", "file": "data_handler.py", "line": "148", "module": "env", "process": "data_handler", "function": "handle_usr_conf", "stack": "", "pid": 112}
{"time": "2026-04-18 11:58:25.752103", "level": "INFO", "message": "env data_handler finish success", "file": "data_handler.py", "line": "189", "module": "env", "process": "data_handler", "function": "finish", "stack": "", "pid": 112}
{"time": "2026-04-18 11:58:25.752748", "level": "INFO", "message": "env env run once episode done, process_run_count is 30250", "file": "remote_env_server.py", "line": "298", "module": "env", "process": "remote_env_server", "function": "run_once", "stack": "", "pid": 112}
{"time": "2026-04-18 11:58:25.795134", "level": "INFO", "message": "env env recv reset message", "file": "remote_env_server.py", "line": "282", "module": "env", "process": "remote_env_server", "function": "run_once", "stack": "", "pid": 112}
{"time": "2026-04-18 11:58:25.798679", "level": "INFO", "message": "env Select map in order: episode=40, map_id=1 from map_list=[1, 2, 3, 4, 5, 6, 7, 8, 9, 10]", "file": "data_handler.py", "line": "148", "module": "env", "process": "data_handler", "function": "handle_usr_conf", "stack": "", "pid": 112}
{"time": "2026-04-18 11:58:35.624978", "level": "INFO", "message": "env data_handler finish success", "file": "data_handler.py", "line": "189", "module": "env", "process": "data_handler", "function": "finish", "stack": "", "pid": 112}
{"time": "2026-04-18 11:58:35.625533", "level": "INFO", "message": "env env run once episode done, process_run_count is 31251", "file": "remote_env_server.py", "line": "298", "module": "env", "process": "remote_env_server", "function": "run_once", "stack": "", "pid": 112}
{"time": "2026-04-18 11:58:35.668708", "level": "INFO", "message": "env env recv reset message", "file": "remote_env_server.py", "line": "282", "module": "env", "process": "remote_env_server", "function": "run_once", "stack": "", "pid": 112}
{"time": "2026-04-18 11:58:35.669655", "level": "INFO", "message": "env Select map in order: episode=41, map_id=2 from map_list=[1, 2, 3, 4, 5, 6, 7, 8, 9, 10]", "file": "data_handler.py", "line": "148", "module": "env", "process": "data_handler", "function": "handle_usr_conf", "stack": "", "pid": 112}
{"time": "2026-04-18 11:58:43.899016", "level": "INFO", "message": "env data_handler finish success", "file": "data_handler.py", "line": "189", "module": "env", "process": "data_handler", "function": "finish", "stack": "", "pid": 112}
{"time": "2026-04-18 11:58:43.899739", "level": "INFO", "message": "env env run once episode done, process_run_count is 32252", "file": "remote_env_server.py", "line": "298", "module": "env", "process": "remote_env_server", "function": "run_once", "stack": "", "pid": 112}
{"time": "2026-04-18 11:58:43.968205", "level": "INFO", "message": "env env recv reset message", "file": "remote_env_server.py", "line": "282", "module": "env", "process": "remote_env_server", "function": "run_once", "stack": "", "pid": 112}
{"time": "2026-04-18 11:58:43.968982", "level": "INFO", "message": "env Select map in order: episode=42, map_id=3 from map_list=[1, 2, 3, 4, 5, 6, 7, 8, 9, 10]", "file": "data_handler.py", "line": "148", "module": "env", "process": "data_handler", "function": "handle_usr_conf", "stack": "", "pid": 112}
{"time": "2026-04-18 11:58:45.988831", "level": "INFO", "message": "env data_handler finish success", "file": "data_handler.py", "line": "189", "module": "env", "process": "data_handler", "function": "finish", "stack": "", "pid": 112}
{"time": "2026-04-18 11:58:45.989593", "level": "INFO", "message": "env env run once episode done, process_run_count is 32453", "file": "remote_env_server.py", "line": "298", "module": "env", "process": "remote_env_server", "function": "run_once", "stack": "", "pid": 112}
{"time": "2026-04-18 11:58:46.003853", "level": "INFO", "message": "env env recv reset message", "file": "remote_env_server.py", "line": "282", "module": "env", "process": "remote_env_server", "function": "run_once", "stack": "", "pid": 112}
{"time": "2026-04-18 11:58:46.008127", "level": "INFO", "message": "env Select map in order: episode=43, map_id=4 from map_list=[1, 2, 3, 4, 5, 6, 7, 8, 9, 10]", "file": "data_handler.py", "line": "148", "module": "env", "process": "data_handler", "function": "handle_usr_conf", "stack": "", "pid": 112}
{"time": "2026-04-18 11:58:51.252414", "level": "INFO", "message": "env data_handler finish success", "file": "data_handler.py", "line": "189", "module": "env", "process": "data_handler", "function": "finish", "stack": "", "pid": 112}
{"time": "2026-04-18 11:58:51.253032", "level": "INFO", "message": "env env run once episode done, process_run_count is 33002", "file": "remote_env_server.py", "line": "298", "module": "env", "process": "remote_env_server", "function": "run_once", "stack": "", "pid": 112}
{"time": "2026-04-18 11:58:51.275840", "level": "INFO", "message": "env env recv reset message", "file": "remote_env_server.py", "line": "282", "module": "env", "process": "remote_env_server", "function": "run_once", "stack": "", "pid": 112}
{"time": "2026-04-18 11:58:51.276764", "level": "INFO", "message": "env Select map in order: episode=44, map_id=5 from map_list=[1, 2, 3, 4, 5, 6, 7, 8, 9, 10]", "file": "data_handler.py", "line": "148", "module": "env", "process": "data_handler", "function": "handle_usr_conf", "stack": "", "pid": 112}
{"time": "2026-04-18 11:59:00.346896", "level": "INFO", "message": "env data_handler finish success", "file": "data_handler.py", "line": "189", "module": "env", "process": "data_handler", "function": "finish", "stack": "", "pid": 112}
{"time": "2026-04-18 11:59:00.347569", "level": "INFO", "message": "env env run once episode done, process_run_count is 34003", "file": "remote_env_server.py", "line": "298", "module": "env", "process": "remote_env_server", "function": "run_once", "stack": "", "pid": 112}
{"time": "2026-04-18 11:59:00.421805", "level": "INFO", "message": "env env recv reset message", "file": "remote_env_server.py", "line": "282", "module": "env", "process": "remote_env_server", "function": "run_once", "stack": "", "pid": 112}
{"time": "2026-04-18 11:59:00.424459", "level": "INFO", "message": "env Select map in order: episode=45, map_id=6 from map_list=[1, 2, 3, 4, 5, 6, 7, 8, 9, 10]", "file": "data_handler.py", "line": "148", "module": "env", "process": "data_handler", "function": "handle_usr_conf", "stack": "", "pid": 112}
{"time": "2026-04-18 11:59:08.844783", "level": "INFO", "message": "env finish monitor_data is {'total_score': 703, 'clean_score': 703, 'total_map': 10, 'map_random': 0, 'map_code': 6, 'max_steps': 1000, 'finished_steps': 872, 'total_charger': 4, 'charge_count': 7, 'remaining_charge': 0}", "file": "monitor_helper.py", "line": "95", "module": "env", "process": "monitor_helper", "function": "finish", "stack": "", "pid": 112}
{"time": "2026-04-18 11:59:08.847777", "level": "INFO", "message": "env data_handler finish success", "file": "data_handler.py", "line": "189", "module": "env", "process": "data_handler", "function": "finish", "stack": "", "pid": 112}
{"time": "2026-04-18 11:59:08.848566", "level": "INFO", "message": "env env run once episode done, process_run_count is 34876", "file": "remote_env_server.py", "line": "298", "module": "env", "process": "remote_env_server", "function": "run_once", "stack": "", "pid": 112}
{"time": "2026-04-18 11:59:08.885319", "level": "INFO", "message": "env env recv reset message", "file": "remote_env_server.py", "line": "282", "module": "env", "process": "remote_env_server", "function": "run_once", "stack": "", "pid": 112}
{"time": "2026-04-18 11:59:08.886224", "level": "INFO", "message": "env Select map in order: episode=46, map_id=7 from map_list=[1, 2, 3, 4, 5, 6, 7, 8, 9, 10]", "file": "data_handler.py", "line": "148", "module": "env", "process": "data_handler", "function": "handle_usr_conf", "stack": "", "pid": 112}
{"time": "2026-04-18 11:59:17.077754", "level": "INFO", "message": "env data_handler finish success", "file": "data_handler.py", "line": "189", "module": "env", "process": "data_handler", "function": "finish", "stack": "", "pid": 112}
{"time": "2026-04-18 11:59:17.078788", "level": "INFO", "message": "env env run once episode done, process_run_count is 35877", "file": "remote_env_server.py", "line": "298", "module": "env", "process": "remote_env_server", "function": "run_once", "stack": "", "pid": 112}
{"time": "2026-04-18 11:59:17.130053", "level": "INFO", "message": "env env recv reset message", "file": "remote_env_server.py", "line": "282", "module": "env", "process": "remote_env_server", "function": "run_once", "stack": "", "pid": 112}
{"time": "2026-04-18 11:59:17.130938", "level": "INFO", "message": "env Select map in order: episode=47, map_id=8 from map_list=[1, 2, 3, 4, 5, 6, 7, 8, 9, 10]", "file": "data_handler.py", "line": "148", "module": "env", "process": "data_handler", "function": "handle_usr_conf", "stack": "", "pid": 112}
{"time": "2026-04-18 11:59:26.264916", "level": "INFO", "message": "env data_handler finish success", "file": "data_handler.py", "line": "189", "module": "env", "process": "data_handler", "function": "finish", "stack": "", "pid": 112}
{"time": "2026-04-18 11:59:26.265664", "level": "INFO", "message": "env env run once episode done, process_run_count is 36878", "file": "remote_env_server.py", "line": "298", "module": "env", "process": "remote_env_server", "function": "run_once", "stack": "", "pid": 112}
{"time": "2026-04-18 11:59:26.303384", "level": "INFO", "message": "env env recv reset message", "file": "remote_env_server.py", "line": "282", "module": "env", "process": "remote_env_server", "function": "run_once", "stack": "", "pid": 112}
{"time": "2026-04-18 11:59:26.304481", "level": "INFO", "message": "env Select map in order: episode=48, map_id=9 from map_list=[1, 2, 3, 4, 5, 6, 7, 8, 9, 10]", "file": "data_handler.py", "line": "148", "module": "env", "process": "data_handler", "function": "handle_usr_conf", "stack": "", "pid": 112}
{"time": "2026-04-18 11:59:35.435774", "level": "INFO", "message": "env data_handler finish success", "file": "data_handler.py", "line": "189", "module": "env", "process": "data_handler", "function": "finish", "stack": "", "pid": 112}
{"time": "2026-04-18 11:59:35.436612", "level": "INFO", "message": "env env run once episode done, process_run_count is 37879", "file": "remote_env_server.py", "line": "298", "module": "env", "process": "remote_env_server", "function": "run_once", "stack": "", "pid": 112}
{"time": "2026-04-18 11:59:35.476784", "level": "INFO", "message": "env env recv reset message", "file": "remote_env_server.py", "line": "282", "module": "env", "process": "remote_env_server", "function": "run_once", "stack": "", "pid": 112}
{"time": "2026-04-18 11:59:35.477620", "level": "INFO", "message": "env Select map in order: episode=49, map_id=10 from map_list=[1, 2, 3, 4, 5, 6, 7, 8, 9, 10]", "file": "data_handler.py", "line": "148", "module": "env", "process": "data_handler", "function": "handle_usr_conf", "stack": "", "pid": 112}
{"time": "2026-04-18 11:59:43.462449", "level": "INFO", "message": "env data_handler finish success", "file": "data_handler.py", "line": "189", "module": "env", "process": "data_handler", "function": "finish", "stack": "", "pid": 112}
{"time": "2026-04-18 11:59:43.463096", "level": "INFO", "message": "env env run once episode done, process_run_count is 38871", "file": "remote_env_server.py", "line": "298", "module": "env", "process": "remote_env_server", "function": "run_once", "stack": "", "pid": 112}
{"time": "2026-04-18 11:59:43.538198", "level": "INFO", "message": "env env recv reset message", "file": "remote_env_server.py", "line": "282", "module": "env", "process": "remote_env_server", "function": "run_once", "stack": "", "pid": 112}
{"time": "2026-04-18 11:59:43.538891", "level": "INFO", "message": "env Select map in order: episode=50, map_id=1 from map_list=[1, 2, 3, 4, 5, 6, 7, 8, 9, 10]", "file": "data_handler.py", "line": "148", "module": "env", "process": "data_handler", "function": "handle_usr_conf", "stack": "", "pid": 112}
{"time": "2026-04-18 11:59:50.968229", "level": "INFO", "message": "env data_handler finish success", "file": "data_handler.py", "line": "189", "module": "env", "process": "data_handler", "function": "finish", "stack": "", "pid": 112}
{"time": "2026-04-18 11:59:50.969124", "level": "INFO", "message": "env env run once episode done, process_run_count is 39620", "file": "remote_env_server.py", "line": "298", "module": "env", "process": "remote_env_server", "function": "run_once", "stack": "", "pid": 112}
{"time": "2026-04-18 11:59:51.006073", "level": "INFO", "message": "env env recv reset message", "file": "remote_env_server.py", "line": "282", "module": "env", "process": "remote_env_server", "function": "run_once", "stack": "", "pid": 112}
{"time": "2026-04-18 11:59:51.010087", "level": "INFO", "message": "env Select map in order: episode=51, map_id=2 from map_list=[1, 2, 3, 4, 5, 6, 7, 8, 9, 10]", "file": "data_handler.py", "line": "148", "module": "env", "process": "data_handler", "function": "handle_usr_conf", "stack": "", "pid": 112}
{"time": "2026-04-18 12:00:00.553113", "level": "INFO", "message": "env data_handler finish success", "file": "data_handler.py", "line": "189", "module": "env", "process": "data_handler", "function": "finish", "stack": "", "pid": 112}
{"time": "2026-04-18 12:00:00.554504", "level": "INFO", "message": "env env run once episode done, process_run_count is 40621", "file": "remote_env_server.py", "line": "298", "module": "env", "process": "remote_env_server", "function": "run_once", "stack": "", "pid": 112}
{"time": "2026-04-18 12:00:00.620298", "level": "INFO", "message": "env env recv reset message", "file": "remote_env_server.py", "line": "282", "module": "env", "process": "remote_env_server", "function": "run_once", "stack": "", "pid": 112}
{"time": "2026-04-18 12:00:00.621173", "level": "INFO", "message": "env Select map in order: episode=52, map_id=3 from map_list=[1, 2, 3, 4, 5, 6, 7, 8, 9, 10]", "file": "data_handler.py", "line": "148", "module": "env", "process": "data_handler", "function": "handle_usr_conf", "stack": "", "pid": 112}
{"time": "2026-04-18 12:00:10.343283", "level": "INFO", "message": "env finish monitor_data is {'total_score': 747, 'clean_score': 747, 'total_map': 10, 'map_random': 0, 'map_code': 3, 'max_steps': 1000, 'finished_steps': 1000, 'total_charger': 4, 'charge_count': 10, 'remaining_charge': 16}", "file": "monitor_helper.py", "line": "95", "module": "env", "process": "monitor_helper", "function": "finish", "stack": "", "pid": 112}
{"time": "2026-04-18 12:00:10.345762", "level": "INFO", "message": "env data_handler finish success", "file": "data_handler.py", "line": "189", "module": "env", "process": "data_handler", "function": "finish", "stack": "", "pid": 112}
{"time": "2026-04-18 12:00:10.346575", "level": "INFO", "message": "env env run once episode done, process_run_count is 41622", "file": "remote_env_server.py", "line": "298", "module": "env", "process": "remote_env_server", "function": "run_once", "stack": "", "pid": 112}
{"time": "2026-04-18 12:00:10.391315", "level": "INFO", "message": "env env recv reset message", "file": "remote_env_server.py", "line": "282", "module": "env", "process": "remote_env_server", "function": "run_once", "stack": "", "pid": 112}
{"time": "2026-04-18 12:00:10.392210", "level": "INFO", "message": "env Select map in order: episode=53, map_id=4 from map_list=[1, 2, 3, 4, 5, 6, 7, 8, 9, 10]", "file": "data_handler.py", "line": "148", "module": "env", "process": "data_handler", "function": "handle_usr_conf", "stack": "", "pid": 112}
{"time": "2026-04-18 12:00:10.724827", "level": "INFO", "message": "env data_handler finish success", "file": "data_handler.py", "line": "189", "module": "env", "process": "data_handler", "function": "finish", "stack": "", "pid": 112}
{"time": "2026-04-18 12:00:10.728999", "level": "INFO", "message": "env env run once episode done, process_run_count is 41743", "file": "remote_env_server.py", "line": "298", "module": "env", "process": "remote_env_server", "function": "run_once", "stack": "", "pid": 112}
{"time": "2026-04-18 12:00:10.736881", "level": "INFO", "message": "env env recv reset message", "file": "remote_env_server.py", "line": "282", "module": "env", "process": "remote_env_server", "function": "run_once", "stack": "", "pid": 112}
{"time": "2026-04-18 12:00:10.739789", "level": "INFO", "message": "env Select map in order: episode=54, map_id=5 from map_list=[1, 2, 3, 4, 5, 6, 7, 8, 9, 10]", "file": "data_handler.py", "line": "148", "module": "env", "process": "data_handler", "function": "handle_usr_conf", "stack": "", "pid": 112}
{"time": "2026-04-18 12:00:20.036064", "level": "INFO", "message": "env data_handler finish success", "file": "data_handler.py", "line": "189", "module": "env", "process": "data_handler", "function": "finish", "stack": "", "pid": 112}
{"time": "2026-04-18 12:00:20.036622", "level": "INFO", "message": "env env run once episode done, process_run_count is 42744", "file": "remote_env_server.py", "line": "298", "module": "env", "process": "remote_env_server", "function": "run_once", "stack": "", "pid": 112}
{"time": "2026-04-18 12:00:20.082229", "level": "INFO", "message": "env env recv reset message", "file": "remote_env_server.py", "line": "282", "module": "env", "process": "remote_env_server", "function": "run_once", "stack": "", "pid": 112}
{"time": "2026-04-18 12:00:20.082965", "level": "INFO", "message": "env Select map in order: episode=55, map_id=6 from map_list=[1, 2, 3, 4, 5, 6, 7, 8, 9, 10]", "file": "data_handler.py", "line": "148", "module": "env", "process": "data_handler", "function": "handle_usr_conf", "stack": "", "pid": 112}
{"time": "2026-04-18 12:00:24.840349", "level": "INFO", "message": "env data_handler finish success", "file": "data_handler.py", "line": "189", "module": "env", "process": "data_handler", "function": "finish", "stack": "", "pid": 112}
{"time": "2026-04-18 12:00:24.841036", "level": "INFO", "message": "env env run once episode done, process_run_count is 43244", "file": "remote_env_server.py", "line": "298", "module": "env", "process": "remote_env_server", "function": "run_once", "stack": "", "pid": 112}
{"time": "2026-04-18 12:00:24.859360", "level": "INFO", "message": "env env recv reset message", "file": "remote_env_server.py", "line": "282", "module": "env", "process": "remote_env_server", "function": "run_once", "stack": "", "pid": 112}
{"time": "2026-04-18 12:00:24.860427", "level": "INFO", "message": "env Select map in order: episode=56, map_id=7 from map_list=[1, 2, 3, 4, 5, 6, 7, 8, 9, 10]", "file": "data_handler.py", "line": "148", "module": "env", "process": "data_handler", "function": "handle_usr_conf", "stack": "", "pid": 112}
{"time": "2026-04-18 12:00:33.950621", "level": "INFO", "message": "env data_handler finish success", "file": "data_handler.py", "line": "189", "module": "env", "process": "data_handler", "function": "finish", "stack": "", "pid": 112}
{"time": "2026-04-18 12:00:33.951387", "level": "INFO", "message": "env env run once episode done, process_run_count is 44245", "file": "remote_env_server.py", "line": "298", "module": "env", "process": "remote_env_server", "function": "run_once", "stack": "", "pid": 112}
{"time": "2026-04-18 12:00:34.001570", "level": "INFO", "message": "env env recv reset message", "file": "remote_env_server.py", "line": "282", "module": "env", "process": "remote_env_server", "function": "run_once", "stack": "", "pid": 112}
{"time": "2026-04-18 12:00:34.002367", "level": "INFO", "message": "env Select map in order: episode=57, map_id=8 from map_list=[1, 2, 3, 4, 5, 6, 7, 8, 9, 10]", "file": "data_handler.py", "line": "148", "module": "env", "process": "data_handler", "function": "handle_usr_conf", "stack": "", "pid": 112}
{"time": "2026-04-18 12:00:40.737313", "level": "INFO", "message": "env data_handler finish success", "file": "data_handler.py", "line": "189", "module": "env", "process": "data_handler", "function": "finish", "stack": "", "pid": 112}
{"time": "2026-04-18 12:00:40.737951", "level": "INFO", "message": "env env run once episode done, process_run_count is 45101", "file": "remote_env_server.py", "line": "298", "module": "env", "process": "remote_env_server", "function": "run_once", "stack": "", "pid": 112}
{"time": "2026-04-18 12:00:40.780097", "level": "INFO", "message": "env env recv reset message", "file": "remote_env_server.py", "line": "282", "module": "env", "process": "remote_env_server", "function": "run_once", "stack": "", "pid": 112}
{"time": "2026-04-18 12:00:40.780978", "level": "INFO", "message": "env Select map in order: episode=58, map_id=9 from map_list=[1, 2, 3, 4, 5, 6, 7, 8, 9, 10]", "file": "data_handler.py", "line": "148", "module": "env", "process": "data_handler", "function": "handle_usr_conf", "stack": "", "pid": 112}
{"time": "2026-04-18 12:00:50.004399", "level": "INFO", "message": "env data_handler finish success", "file": "data_handler.py", "line": "189", "module": "env", "process": "data_handler", "function": "finish", "stack": "", "pid": 112}
{"time": "2026-04-18 12:00:50.005038", "level": "INFO", "message": "env env run once episode done, process_run_count is 46102", "file": "remote_env_server.py", "line": "298", "module": "env", "process": "remote_env_server", "function": "run_once", "stack": "", "pid": 112}
{"time": "2026-04-18 12:00:50.044533", "level": "INFO", "message": "env env recv reset message", "file": "remote_env_server.py", "line": "282", "module": "env", "process": "remote_env_server", "function": "run_once", "stack": "", "pid": 112}
{"time": "2026-04-18 12:00:50.045410", "level": "INFO", "message": "env Select map in order: episode=59, map_id=10 from map_list=[1, 2, 3, 4, 5, 6, 7, 8, 9, 10]", "file": "data_handler.py", "line": "148", "module": "env", "process": "data_handler", "function": "handle_usr_conf", "stack": "", "pid": 112}
{"time": "2026-04-18 12:00:59.164180", "level": "INFO", "message": "env data_handler finish success", "file": "data_handler.py", "line": "189", "module": "env", "process": "data_handler", "function": "finish", "stack": "", "pid": 112}
{"time": "2026-04-18 12:00:59.170107", "level": "INFO", "message": "env env run once episode done, process_run_count is 47103", "file": "remote_env_server.py", "line": "298", "module": "env", "process": "remote_env_server", "function": "run_once", "stack": "", "pid": 112}
{"time": "2026-04-18 12:00:59.199687", "level": "INFO", "message": "env env recv reset message", "file": "remote_env_server.py", "line": "282", "module": "env", "process": "remote_env_server", "function": "run_once", "stack": "", "pid": 112}
{"time": "2026-04-18 12:00:59.200537", "level": "INFO", "message": "env Select map in order: episode=60, map_id=1 from map_list=[1, 2, 3, 4, 5, 6, 7, 8, 9, 10]", "file": "data_handler.py", "line": "148", "module": "env", "process": "data_handler", "function": "handle_usr_conf", "stack": "", "pid": 112}
{"time": "2026-04-18 12:01:08.325314", "level": "INFO", "message": "env data_handler finish success", "file": "data_handler.py", "line": "189", "module": "env", "process": "data_handler", "function": "finish", "stack": "", "pid": 112}
{"time": "2026-04-18 12:01:08.326426", "level": "INFO", "message": "env env run once episode done, process_run_count is 48104", "file": "remote_env_server.py", "line": "298", "module": "env", "process": "remote_env_server", "function": "run_once", "stack": "", "pid": 112}
{"time": "2026-04-18 12:01:08.401222", "level": "INFO", "message": "env env recv reset message", "file": "remote_env_server.py", "line": "282", "module": "env", "process": "remote_env_server", "function": "run_once", "stack": "", "pid": 112}
{"time": "2026-04-18 12:01:08.402017", "level": "INFO", "message": "env Select map in order: episode=61, map_id=2 from map_list=[1, 2, 3, 4, 5, 6, 7, 8, 9, 10]", "file": "data_handler.py", "line": "148", "module": "env", "process": "data_handler", "function": "handle_usr_conf", "stack": "", "pid": 112}
{"time": "2026-04-18 12:01:16.582627", "level": "INFO", "message": "env finish monitor_data is {'total_score': 812, 'clean_score': 812, 'total_map': 10, 'map_random': 0, 'map_code': 2, 'max_steps': 1000, 'finished_steps': 1000, 'total_charger': 4, 'charge_count': 7, 'remaining_charge': 88}", "file": "monitor_helper.py", "line": "95", "module": "env", "process": "monitor_helper", "function": "finish", "stack": "", "pid": 112}
{"time": "2026-04-18 12:01:16.583586", "level": "INFO", "message": "env data_handler finish success", "file": "data_handler.py", "line": "189", "module": "env", "process": "data_handler", "function": "finish", "stack": "", "pid": 112}
{"time": "2026-04-18 12:01:16.584174", "level": "INFO", "message": "env env run once episode done, process_run_count is 49105", "file": "remote_env_server.py", "line": "298", "module": "env", "process": "remote_env_server", "function": "run_once", "stack": "", "pid": 112}
{"time": "2026-04-18 12:01:16.624009", "level": "INFO", "message": "env env recv reset message", "file": "remote_env_server.py", "line": "282", "module": "env", "process": "remote_env_server", "function": "run_once", "stack": "", "pid": 112}
{"time": "2026-04-18 12:01:16.624797", "level": "INFO", "message": "env Select map in order: episode=62, map_id=3 from map_list=[1, 2, 3, 4, 5, 6, 7, 8, 9, 10]", "file": "data_handler.py", "line": "148", "module": "env", "process": "data_handler", "function": "handle_usr_conf", "stack": "", "pid": 112}
{"time": "2026-04-18 12:01:25.992102", "level": "INFO", "message": "env data_handler finish success", "file": "data_handler.py", "line": "189", "module": "env", "process": "data_handler", "function": "finish", "stack": "", "pid": 112}
{"time": "2026-04-18 12:01:25.992750", "level": "INFO", "message": "env env run once episode done, process_run_count is 50106", "file": "remote_env_server.py", "line": "298", "module": "env", "process": "remote_env_server", "function": "run_once", "stack": "", "pid": 112}
{"time": "2026-04-18 12:01:26.030305", "level": "INFO", "message": "env env recv reset message", "file": "remote_env_server.py", "line": "282", "module": "env", "process": "remote_env_server", "function": "run_once", "stack": "", "pid": 112}
{"time": "2026-04-18 12:01:26.031050", "level": "INFO", "message": "env Select map in order: episode=63, map_id=4 from map_list=[1, 2, 3, 4, 5, 6, 7, 8, 9, 10]", "file": "data_handler.py", "line": "148", "module": "env", "process": "data_handler", "function": "handle_usr_conf", "stack": "", "pid": 112}
{"time": "2026-04-18 12:01:35.885643", "level": "INFO", "message": "env data_handler finish success", "file": "data_handler.py", "line": "189", "module": "env", "process": "data_handler", "function": "finish", "stack": "", "pid": 112}
{"time": "2026-04-18 12:01:35.886235", "level": "INFO", "message": "env env run once episode done, process_run_count is 51107", "file": "remote_env_server.py", "line": "298", "module": "env", "process": "remote_env_server", "function": "run_once", "stack": "", "pid": 112}
{"time": "2026-04-18 12:01:35.931235", "level": "INFO", "message": "env env recv reset message", "file": "remote_env_server.py", "line": "282", "module": "env", "process": "remote_env_server", "function": "run_once", "stack": "", "pid": 112}
{"time": "2026-04-18 12:01:35.932065", "level": "INFO", "message": "env Select map in order: episode=64, map_id=5 from map_list=[1, 2, 3, 4, 5, 6, 7, 8, 9, 10]", "file": "data_handler.py", "line": "148", "module": "env", "process": "data_handler", "function": "handle_usr_conf", "stack": "", "pid": 112}
{"time": "2026-04-18 12:01:39.990211", "level": "INFO", "message": "env data_handler finish success", "file": "data_handler.py", "line": "189", "module": "env", "process": "data_handler", "function": "finish", "stack": "", "pid": 112}
{"time": "2026-04-18 12:01:39.990868", "level": "INFO", "message": "env env run once episode done, process_run_count is 51623", "file": "remote_env_server.py", "line": "298", "module": "env", "process": "remote_env_server", "function": "run_once", "stack": "", "pid": 112}
{"time": "2026-04-18 12:01:40.018647", "level": "INFO", "message": "env env recv reset message", "file": "remote_env_server.py", "line": "282", "module": "env", "process": "remote_env_server", "function": "run_once", "stack": "", "pid": 112}
{"time": "2026-04-18 12:01:40.019679", "level": "INFO", "message": "env Select map in order: episode=65, map_id=6 from map_list=[1, 2, 3, 4, 5, 6, 7, 8, 9, 10]", "file": "data_handler.py", "line": "148", "module": "env", "process": "data_handler", "function": "handle_usr_conf", "stack": "", "pid": 112}
{"time": "2026-04-18 12:01:49.793899", "level": "INFO", "message": "env data_handler finish success", "file": "data_handler.py", "line": "189", "module": "env", "process": "data_handler", "function": "finish", "stack": "", "pid": 112}
{"time": "2026-04-18 12:01:49.795631", "level": "INFO", "message": "env env run once episode done, process_run_count is 52624", "file": "remote_env_server.py", "line": "298", "module": "env", "process": "remote_env_server", "function": "run_once", "stack": "", "pid": 112}
{"time": "2026-04-18 12:01:49.831934", "level": "INFO", "message": "env env recv reset message", "file": "remote_env_server.py", "line": "282", "module": "env", "process": "remote_env_server", "function": "run_once", "stack": "", "pid": 112}
{"time": "2026-04-18 12:01:49.832686", "level": "INFO", "message": "env Select map in order: episode=66, map_id=7 from map_list=[1, 2, 3, 4, 5, 6, 7, 8, 9, 10]", "file": "data_handler.py", "line": "148", "module": "env", "process": "data_handler", "function": "handle_usr_conf", "stack": "", "pid": 112}
{"time": "2026-04-18 12:02:00.070455", "level": "INFO", "message": "env data_handler finish success", "file": "data_handler.py", "line": "189", "module": "env", "process": "data_handler", "function": "finish", "stack": "", "pid": 112}
{"time": "2026-04-18 12:02:00.071644", "level": "INFO", "message": "env env run once episode done, process_run_count is 53625", "file": "remote_env_server.py", "line": "298", "module": "env", "process": "remote_env_server", "function": "run_once", "stack": "", "pid": 112}
{"time": "2026-04-18 12:02:00.143388", "level": "INFO", "message": "env env recv reset message", "file": "remote_env_server.py", "line": "282", "module": "env", "process": "remote_env_server", "function": "run_once", "stack": "", "pid": 112}
{"time": "2026-04-18 12:02:00.146327", "level": "INFO", "message": "env Select map in order: episode=67, map_id=8 from map_list=[1, 2, 3, 4, 5, 6, 7, 8, 9, 10]", "file": "data_handler.py", "line": "148", "module": "env", "process": "data_handler", "function": "handle_usr_conf", "stack": "", "pid": 112}
{"time": "2026-04-18 12:02:08.724341", "level": "INFO", "message": "env data_handler finish success", "file": "data_handler.py", "line": "189", "module": "env", "process": "data_handler", "function": "finish", "stack": "", "pid": 112}
{"time": "2026-04-18 12:02:08.724988", "level": "INFO", "message": "env env run once episode done, process_run_count is 54626", "file": "remote_env_server.py", "line": "298", "module": "env", "process": "remote_env_server", "function": "run_once", "stack": "", "pid": 112}
{"time": "2026-04-18 12:02:08.810029", "level": "INFO", "message": "env env recv reset message", "file": "remote_env_server.py", "line": "282", "module": "env", "process": "remote_env_server", "function": "run_once", "stack": "", "pid": 112}
{"time": "2026-04-18 12:02:08.810882", "level": "INFO", "message": "env Select map in order: episode=68, map_id=9 from map_list=[1, 2, 3, 4, 5, 6, 7, 8, 9, 10]", "file": "data_handler.py", "line": "148", "module": "env", "process": "data_handler", "function": "handle_usr_conf", "stack": "", "pid": 112}
{"time": "2026-04-18 12:02:18.338574", "level": "INFO", "message": "env finish monitor_data is {'total_score': 927, 'clean_score': 927, 'total_map': 10, 'map_random': 0, 'map_code': 9, 'max_steps': 1000, 'finished_steps': 1000, 'total_charger': 4, 'charge_count': 9, 'remaining_charge': 125}", "file": "monitor_helper.py", "line": "95", "module": "env", "process": "monitor_helper", "function": "finish", "stack": "", "pid": 112}
{"time": "2026-04-18 12:02:18.339338", "level": "INFO", "message": "env data_handler finish success", "file": "data_handler.py", "line": "189", "module": "env", "process": "data_handler", "function": "finish", "stack": "", "pid": 112}
{"time": "2026-04-18 12:02:18.339888", "level": "INFO", "message": "env env run once episode done, process_run_count is 55627", "file": "remote_env_server.py", "line": "298", "module": "env", "process": "remote_env_server", "function": "run_once", "stack": "", "pid": 112}
{"time": "2026-04-18 12:02:18.403255", "level": "INFO", "message": "env env recv reset message", "file": "remote_env_server.py", "line": "282", "module": "env", "process": "remote_env_server", "function": "run_once", "stack": "", "pid": 112}
{"time": "2026-04-18 12:02:18.404155", "level": "INFO", "message": "env Select map in order: episode=69, map_id=10 from map_list=[1, 2, 3, 4, 5, 6, 7, 8, 9, 10]", "file": "data_handler.py", "line": "148", "module": "env", "process": "data_handler", "function": "handle_usr_conf", "stack": "", "pid": 112}
{"time": "2026-04-18 12:02:27.987702", "level": "INFO", "message": "env data_handler finish success", "file": "data_handler.py", "line": "189", "module": "env", "process": "data_handler", "function": "finish", "stack": "", "pid": 112}
{"time": "2026-04-18 12:02:27.991385", "level": "INFO", "message": "env env run once episode done, process_run_count is 56628", "file": "remote_env_server.py", "line": "298", "module": "env", "process": "remote_env_server", "function": "run_once", "stack": "", "pid": 112}
{"time": "2026-04-18 12:02:28.032931", "level": "INFO", "message": "env env recv reset message", "file": "remote_env_server.py", "line": "282", "module": "env", "process": "remote_env_server", "function": "run_once", "stack": "", "pid": 112}
{"time": "2026-04-18 12:02:28.034022", "level": "INFO", "message": "env Select map in order: episode=70, map_id=1 from map_list=[1, 2, 3, 4, 5, 6, 7, 8, 9, 10]", "file": "data_handler.py", "line": "148", "module": "env", "process": "data_handler", "function": "handle_usr_conf", "stack": "", "pid": 112}
{"time": "2026-04-18 12:02:36.823966", "level": "INFO", "message": "env data_handler finish success", "file": "data_handler.py", "line": "189", "module": "env", "process": "data_handler", "function": "finish", "stack": "", "pid": 112}
{"time": "2026-04-18 12:02:36.824620", "level": "INFO", "message": "env env run once episode done, process_run_count is 57629", "file": "remote_env_server.py", "line": "298", "module": "env", "process": "remote_env_server", "function": "run_once", "stack": "", "pid": 112}
{"time": "2026-04-18 12:02:36.874471", "level": "INFO", "message": "env env recv reset message", "file": "remote_env_server.py", "line": "282", "module": "env", "process": "remote_env_server", "function": "run_once", "stack": "", "pid": 112}
{"time": "2026-04-18 12:02:36.875437", "level": "INFO", "message": "env Select map in order: episode=71, map_id=2 from map_list=[1, 2, 3, 4, 5, 6, 7, 8, 9, 10]", "file": "data_handler.py", "line": "148", "module": "env", "process": "data_handler", "function": "handle_usr_conf", "stack": "", "pid": 112}
{"time": "2026-04-18 12:02:37.233282", "level": "INFO", "message": "env data_handler finish success", "file": "data_handler.py", "line": "189", "module": "env", "process": "data_handler", "function": "finish", "stack": "", "pid": 112}
{"time": "2026-04-18 12:02:37.233945", "level": "INFO", "message": "env env run once episode done, process_run_count is 57646", "file": "remote_env_server.py", "line": "298", "module": "env", "process": "remote_env_server", "function": "run_once", "stack": "", "pid": 112}
{"time": "2026-04-18 12:02:37.239857", "level": "INFO", "message": "env env recv reset message", "file": "remote_env_server.py", "line": "282", "module": "env", "process": "remote_env_server", "function": "run_once", "stack": "", "pid": 112}
{"time": "2026-04-18 12:02:37.240677", "level": "INFO", "message": "env Select map in order: episode=72, map_id=3 from map_list=[1, 2, 3, 4, 5, 6, 7, 8, 9, 10]", "file": "data_handler.py", "line": "148", "module": "env", "process": "data_handler", "function": "handle_usr_conf", "stack": "", "pid": 112}
{"time": "2026-04-18 12:02:46.661340", "level": "INFO", "message": "env data_handler finish success", "file": "data_handler.py", "line": "189", "module": "env", "process": "data_handler", "function": "finish", "stack": "", "pid": 112}
{"time": "2026-04-18 12:02:46.661961", "level": "INFO", "message": "env env run once episode done, process_run_count is 58647", "file": "remote_env_server.py", "line": "298", "module": "env", "process": "remote_env_server", "function": "run_once", "stack": "", "pid": 112}
{"time": "2026-04-18 12:02:46.700558", "level": "INFO", "message": "env env recv reset message", "file": "remote_env_server.py", "line": "282", "module": "env", "process": "remote_env_server", "function": "run_once", "stack": "", "pid": 112}
{"time": "2026-04-18 12:02:46.706150", "level": "INFO", "message": "env Select map in order: episode=73, map_id=4 from map_list=[1, 2, 3, 4, 5, 6, 7, 8, 9, 10]", "file": "data_handler.py", "line": "148", "module": "env", "process": "data_handler", "function": "handle_usr_conf", "stack": "", "pid": 112}
{"time": "2026-04-18 12:02:52.994594", "level": "INFO", "message": "env data_handler finish success", "file": "data_handler.py", "line": "189", "module": "env", "process": "data_handler", "function": "finish", "stack": "", "pid": 112}
{"time": "2026-04-18 12:02:52.995359", "level": "INFO", "message": "env env run once episode done, process_run_count is 59314", "file": "remote_env_server.py", "line": "298", "module": "env", "process": "remote_env_server", "function": "run_once", "stack": "", "pid": 112}
{"time": "2026-04-18 12:02:53.025275", "level": "INFO", "message": "env env recv reset message", "file": "remote_env_server.py", "line": "282", "module": "env", "process": "remote_env_server", "function": "run_once", "stack": "", "pid": 112}
{"time": "2026-04-18 12:02:53.026101", "level": "INFO", "message": "env Select map in order: episode=74, map_id=5 from map_list=[1, 2, 3, 4, 5, 6, 7, 8, 9, 10]", "file": "data_handler.py", "line": "148", "module": "env", "process": "data_handler", "function": "handle_usr_conf", "stack": "", "pid": 112}
{"time": "2026-04-18 12:03:02.289557", "level": "INFO", "message": "env data_handler finish success", "file": "data_handler.py", "line": "189", "module": "env", "process": "data_handler", "function": "finish", "stack": "", "pid": 112}
{"time": "2026-04-18 12:03:02.290249", "level": "INFO", "message": "env env run once episode done, process_run_count is 60315", "file": "remote_env_server.py", "line": "298", "module": "env", "process": "remote_env_server", "function": "run_once", "stack": "", "pid": 112}
{"time": "2026-04-18 12:03:02.331290", "level": "INFO", "message": "env env recv reset message", "file": "remote_env_server.py", "line": "282", "module": "env", "process": "remote_env_server", "function": "run_once", "stack": "", "pid": 112}
{"time": "2026-04-18 12:03:02.331896", "level": "INFO", "message": "env Select map in order: episode=75, map_id=6 from map_list=[1, 2, 3, 4, 5, 6, 7, 8, 9, 10]", "file": "data_handler.py", "line": "148", "module": "env", "process": "data_handler", "function": "handle_usr_conf", "stack": "", "pid": 112}
{"time": "2026-04-18 12:03:11.023845", "level": "INFO", "message": "env data_handler finish success", "file": "data_handler.py", "line": "189", "module": "env", "process": "data_handler", "function": "finish", "stack": "", "pid": 112}
{"time": "2026-04-18 12:03:11.028349", "level": "INFO", "message": "env env run once episode done, process_run_count is 61308", "file": "remote_env_server.py", "line": "298", "module": "env", "process": "remote_env_server", "function": "run_once", "stack": "", "pid": 112}
{"time": "2026-04-18 12:03:11.112994", "level": "INFO", "message": "env env recv reset message", "file": "remote_env_server.py", "line": "282", "module": "env", "process": "remote_env_server", "function": "run_once", "stack": "", "pid": 112}
{"time": "2026-04-18 12:03:11.115539", "level": "INFO", "message": "env Select map in order: episode=76, map_id=7 from map_list=[1, 2, 3, 4, 5, 6, 7, 8, 9, 10]", "file": "data_handler.py", "line": "148", "module": "env", "process": "data_handler", "function": "handle_usr_conf", "stack": "", "pid": 112}
{"time": "2026-04-18 12:03:17.437249", "level": "INFO", "message": "env data_handler finish success", "file": "data_handler.py", "line": "189", "module": "env", "process": "data_handler", "function": "finish", "stack": "", "pid": 112}
{"time": "2026-04-18 12:03:17.438457", "level": "INFO", "message": "env env run once episode done, process_run_count is 61975", "file": "remote_env_server.py", "line": "298", "module": "env", "process": "remote_env_server", "function": "run_once", "stack": "", "pid": 112}
{"time": "2026-04-18 12:03:17.467477", "level": "INFO", "message": "env env recv reset message", "file": "remote_env_server.py", "line": "282", "module": "env", "process": "remote_env_server", "function": "run_once", "stack": "", "pid": 112}
{"time": "2026-04-18 12:03:17.468280", "level": "INFO", "message": "env Select map in order: episode=77, map_id=8 from map_list=[1, 2, 3, 4, 5, 6, 7, 8, 9, 10]", "file": "data_handler.py", "line": "148", "module": "env", "process": "data_handler", "function": "handle_usr_conf", "stack": "", "pid": 112}
{"time": "2026-04-18 12:03:27.392246", "level": "INFO", "message": "env finish monitor_data is {'total_score': 859, 'clean_score': 859, 'total_map': 10, 'map_random': 0, 'map_code': 8, 'max_steps': 1000, 'finished_steps': 1000, 'total_charger': 4, 'charge_count': 9, 'remaining_charge': 109}", "file": "monitor_helper.py", "line": "95", "module": "env", "process": "monitor_helper", "function": "finish", "stack": "", "pid": 112}
{"time": "2026-04-18 12:03:27.393149", "level": "INFO", "message": "env data_handler finish success", "file": "data_handler.py", "line": "189", "module": "env", "process": "data_handler", "function": "finish", "stack": "", "pid": 112}
{"time": "2026-04-18 12:03:27.393949", "level": "INFO", "message": "env env run once episode done, process_run_count is 62976", "file": "remote_env_server.py", "line": "298", "module": "env", "process": "remote_env_server", "function": "run_once", "stack": "", "pid": 112}
{"time": "2026-04-18 12:03:27.440015", "level": "INFO", "message": "env env recv reset message", "file": "remote_env_server.py", "line": "282", "module": "env", "process": "remote_env_server", "function": "run_once", "stack": "", "pid": 112}
{"time": "2026-04-18 12:03:27.440754", "level": "INFO", "message": "env Select map in order: episode=78, map_id=9 from map_list=[1, 2, 3, 4, 5, 6, 7, 8, 9, 10]", "file": "data_handler.py", "line": "148", "module": "env", "process": "data_handler", "function": "handle_usr_conf", "stack": "", "pid": 112}
{"time": "2026-04-18 12:03:29.606204", "level": "INFO", "message": "env data_handler finish success", "file": "data_handler.py", "line": "189", "module": "env", "process": "data_handler", "function": "finish", "stack": "", "pid": 112}
{"time": "2026-04-18 12:03:29.606906", "level": "INFO", "message": "env env run once episode done, process_run_count is 63177", "file": "remote_env_server.py", "line": "298", "module": "env", "process": "remote_env_server", "function": "run_once", "stack": "", "pid": 112}
{"time": "2026-04-18 12:03:29.624382", "level": "INFO", "message": "env env recv reset message", "file": "remote_env_server.py", "line": "282", "module": "env", "process": "remote_env_server", "function": "run_once", "stack": "", "pid": 112}
{"time": "2026-04-18 12:03:29.625527", "level": "INFO", "message": "env Select map in order: episode=79, map_id=10 from map_list=[1, 2, 3, 4, 5, 6, 7, 8, 9, 10]", "file": "data_handler.py", "line": "148", "module": "env", "process": "data_handler", "function": "handle_usr_conf", "stack": "", "pid": 112}
{"time": "2026-04-18 12:03:38.767914", "level": "INFO", "message": "env data_handler finish success", "file": "data_handler.py", "line": "189", "module": "env", "process": "data_handler", "function": "finish", "stack": "", "pid": 112}
{"time": "2026-04-18 12:03:38.768545", "level": "INFO", "message": "env env run once episode done, process_run_count is 64178", "file": "remote_env_server.py", "line": "298", "module": "env", "process": "remote_env_server", "function": "run_once", "stack": "", "pid": 112}
{"time": "2026-04-18 12:03:38.819843", "level": "INFO", "message": "env env recv reset message", "file": "remote_env_server.py", "line": "282", "module": "env", "process": "remote_env_server", "function": "run_once", "stack": "", "pid": 112}
{"time": "2026-04-18 12:03:38.824345", "level": "INFO", "message": "env Select map in order: episode=80, map_id=1 from map_list=[1, 2, 3, 4, 5, 6, 7, 8, 9, 10]", "file": "data_handler.py", "line": "148", "module": "env", "process": "data_handler", "function": "handle_usr_conf", "stack": "", "pid": 112}
{"time": "2026-04-18 12:03:47.997393", "level": "INFO", "message": "env data_handler finish success", "file": "data_handler.py", "line": "189", "module": "env", "process": "data_handler", "function": "finish", "stack": "", "pid": 112}
{"time": "2026-04-18 12:03:47.998029", "level": "INFO", "message": "env env run once episode done, process_run_count is 65179", "file": "remote_env_server.py", "line": "298", "module": "env", "process": "remote_env_server", "function": "run_once", "stack": "", "pid": 112}
{"time": "2026-04-18 12:03:48.040348", "level": "INFO", "message": "env env recv reset message", "file": "remote_env_server.py", "line": "282", "module": "env", "process": "remote_env_server", "function": "run_once", "stack": "", "pid": 112}
{"time": "2026-04-18 12:03:48.041236", "level": "INFO", "message": "env Select map in order: episode=81, map_id=2 from map_list=[1, 2, 3, 4, 5, 6, 7, 8, 9, 10]", "file": "data_handler.py", "line": "148", "module": "env", "process": "data_handler", "function": "handle_usr_conf", "stack": "", "pid": 112}
{"time": "2026-04-18 12:03:55.823171", "level": "INFO", "message": "env data_handler finish success", "file": "data_handler.py", "line": "189", "module": "env", "process": "data_handler", "function": "finish", "stack": "", "pid": 112}
{"time": "2026-04-18 12:03:55.823993", "level": "INFO", "message": "env env run once episode done, process_run_count is 66131", "file": "remote_env_server.py", "line": "298", "module": "env", "process": "remote_env_server", "function": "run_once", "stack": "", "pid": 112}
{"time": "2026-04-18 12:03:55.859501", "level": "INFO", "message": "env env recv reset message", "file": "remote_env_server.py", "line": "282", "module": "env", "process": "remote_env_server", "function": "run_once", "stack": "", "pid": 112}
{"time": "2026-04-18 12:03:55.860393", "level": "INFO", "message": "env Select map in order: episode=82, map_id=3 from map_list=[1, 2, 3, 4, 5, 6, 7, 8, 9, 10]", "file": "data_handler.py", "line": "148", "module": "env", "process": "data_handler", "function": "handle_usr_conf", "stack": "", "pid": 112}
{"time": "2026-04-18 12:04:04.543767", "level": "INFO", "message": "env data_handler finish success", "file": "data_handler.py", "line": "189", "module": "env", "process": "data_handler", "function": "finish", "stack": "", "pid": 112}
{"time": "2026-04-18 12:04:04.544428", "level": "INFO", "message": "env env run once episode done, process_run_count is 67132", "file": "remote_env_server.py", "line": "298", "module": "env", "process": "remote_env_server", "function": "run_once", "stack": "", "pid": 112}
{"time": "2026-04-18 12:04:04.588133", "level": "INFO", "message": "env env recv reset message", "file": "remote_env_server.py", "line": "282", "module": "env", "process": "remote_env_server", "function": "run_once", "stack": "", "pid": 112}
{"time": "2026-04-18 12:04:04.589221", "level": "INFO", "message": "env Select map in order: episode=83, map_id=4 from map_list=[1, 2, 3, 4, 5, 6, 7, 8, 9, 10]", "file": "data_handler.py", "line": "148", "module": "env", "process": "data_handler", "function": "handle_usr_conf", "stack": "", "pid": 112}
{"time": "2026-04-18 12:04:12.764913", "level": "INFO", "message": "env data_handler finish success", "file": "data_handler.py", "line": "189", "module": "env", "process": "data_handler", "function": "finish", "stack": "", "pid": 112}
{"time": "2026-04-18 12:04:12.765463", "level": "INFO", "message": "env env run once episode done, process_run_count is 68011", "file": "remote_env_server.py", "line": "298", "module": "env", "process": "remote_env_server", "function": "run_once", "stack": "", "pid": 112}
{"time": "2026-04-18 12:04:12.819543", "level": "INFO", "message": "env env recv reset message", "file": "remote_env_server.py", "line": "282", "module": "env", "process": "remote_env_server", "function": "run_once", "stack": "", "pid": 112}
{"time": "2026-04-18 12:04:12.820221", "level": "INFO", "message": "env Select map in order: episode=84, map_id=5 from map_list=[1, 2, 3, 4, 5, 6, 7, 8, 9, 10]", "file": "data_handler.py", "line": "148", "module": "env", "process": "data_handler", "function": "handle_usr_conf", "stack": "", "pid": 112}
{"time": "2026-04-18 12:04:21.965525", "level": "INFO", "message": "env data_handler finish success", "file": "data_handler.py", "line": "189", "module": "env", "process": "data_handler", "function": "finish", "stack": "", "pid": 112}
{"time": "2026-04-18 12:04:21.966283", "level": "INFO", "message": "env env run once episode done, process_run_count is 69012", "file": "remote_env_server.py", "line": "298", "module": "env", "process": "remote_env_server", "function": "run_once", "stack": "", "pid": 112}
{"time": "2026-04-18 12:04:22.013620", "level": "INFO", "message": "env env recv reset message", "file": "remote_env_server.py", "line": "282", "module": "env", "process": "remote_env_server", "function": "run_once", "stack": "", "pid": 112}
{"time": "2026-04-18 12:04:22.014418", "level": "INFO", "message": "env Select map in order: episode=85, map_id=6 from map_list=[1, 2, 3, 4, 5, 6, 7, 8, 9, 10]", "file": "data_handler.py", "line": "148", "module": "env", "process": "data_handler", "function": "handle_usr_conf", "stack": "", "pid": 112}
{"time": "2026-04-18 12:04:31.807141", "level": "INFO", "message": "env finish monitor_data is {'total_score': 879, 'clean_score': 879, 'total_map': 10, 'map_random': 0, 'map_code': 6, 'max_steps': 1000, 'finished_steps': 1000, 'total_charger': 4, 'charge_count': 7, 'remaining_charge': 1}", "file": "monitor_helper.py", "line": "95", "module": "env", "process": "monitor_helper", "function": "finish", "stack": "", "pid": 112}
{"time": "2026-04-18 12:04:31.807744", "level": "INFO", "message": "env data_handler finish success", "file": "data_handler.py", "line": "189", "module": "env", "process": "data_handler", "function": "finish", "stack": "", "pid": 112}
{"time": "2026-04-18 12:04:31.808324", "level": "INFO", "message": "env env run once episode done, process_run_count is 70013", "file": "remote_env_server.py", "line": "298", "module": "env", "process": "remote_env_server", "function": "run_once", "stack": "", "pid": 112}
{"time": "2026-04-18 12:04:31.854233", "level": "INFO", "message": "env env recv reset message", "file": "remote_env_server.py", "line": "282", "module": "env", "process": "remote_env_server", "function": "run_once", "stack": "", "pid": 112}
{"time": "2026-04-18 12:04:31.855032", "level": "INFO", "message": "env Select map in order: episode=86, map_id=7 from map_list=[1, 2, 3, 4, 5, 6, 7, 8, 9, 10]", "file": "data_handler.py", "line": "148", "module": "env", "process": "data_handler", "function": "handle_usr_conf", "stack": "", "pid": 112}
{"time": "2026-04-18 12:04:34.969995", "level": "INFO", "message": "env data_handler finish success", "file": "data_handler.py", "line": "189", "module": "env", "process": "data_handler", "function": "finish", "stack": "", "pid": 112}
{"time": "2026-04-18 12:04:34.971165", "level": "INFO", "message": "env env run once episode done, process_run_count is 70402", "file": "remote_env_server.py", "line": "298", "module": "env", "process": "remote_env_server", "function": "run_once", "stack": "", "pid": 112}
{"time": "2026-04-18 12:04:34.987211", "level": "INFO", "message": "env env recv reset message", "file": "remote_env_server.py", "line": "282", "module": "env", "process": "remote_env_server", "function": "run_once", "stack": "", "pid": 112}
{"time": "2026-04-18 12:04:34.988074", "level": "INFO", "message": "env Select map in order: episode=87, map_id=8 from map_list=[1, 2, 3, 4, 5, 6, 7, 8, 9, 10]", "file": "data_handler.py", "line": "148", "module": "env", "process": "data_handler", "function": "handle_usr_conf", "stack": "", "pid": 112}
{"time": "2026-04-18 12:04:39.543014", "level": "INFO", "message": "env data_handler finish success", "file": "data_handler.py", "line": "189", "module": "env", "process": "data_handler", "function": "finish", "stack": "", "pid": 112}
{"time": "2026-04-18 12:04:39.543604", "level": "INFO", "message": "env env run once episode done, process_run_count is 70854", "file": "remote_env_server.py", "line": "298", "module": "env", "process": "remote_env_server", "function": "run_once", "stack": "", "pid": 112}
{"time": "2026-04-18 12:04:39.562153", "level": "INFO", "message": "env env recv reset message", "file": "remote_env_server.py", "line": "282", "module": "env", "process": "remote_env_server", "function": "run_once", "stack": "", "pid": 112}
{"time": "2026-04-18 12:04:39.564210", "level": "INFO", "message": "env Select map in order: episode=88, map_id=9 from map_list=[1, 2, 3, 4, 5, 6, 7, 8, 9, 10]", "file": "data_handler.py", "line": "148", "module": "env", "process": "data_handler", "function": "handle_usr_conf", "stack": "", "pid": 112}
{"time": "2026-04-18 12:04:49.042973", "level": "INFO", "message": "env data_handler finish success", "file": "data_handler.py", "line": "189", "module": "env", "process": "data_handler", "function": "finish", "stack": "", "pid": 112}
{"time": "2026-04-18 12:04:49.046601", "level": "INFO", "message": "env env run once episode done, process_run_count is 71855", "file": "remote_env_server.py", "line": "298", "module": "env", "process": "remote_env_server", "function": "run_once", "stack": "", "pid": 112}
{"time": "2026-04-18 12:04:49.080359", "level": "INFO", "message": "env env recv reset message", "file": "remote_env_server.py", "line": "282", "module": "env", "process": "remote_env_server", "function": "run_once", "stack": "", "pid": 112}
{"time": "2026-04-18 12:04:49.081257", "level": "INFO", "message": "env Select map in order: episode=89, map_id=10 from map_list=[1, 2, 3, 4, 5, 6, 7, 8, 9, 10]", "file": "data_handler.py", "line": "148", "module": "env", "process": "data_handler", "function": "handle_usr_conf", "stack": "", "pid": 112}
{"time": "2026-04-18 12:04:57.562267", "level": "INFO", "message": "env data_handler finish success", "file": "data_handler.py", "line": "189", "module": "env", "process": "data_handler", "function": "finish", "stack": "", "pid": 112}
{"time": "2026-04-18 12:04:57.562912", "level": "INFO", "message": "env env run once episode done, process_run_count is 72856", "file": "remote_env_server.py", "line": "298", "module": "env", "process": "remote_env_server", "function": "run_once", "stack": "", "pid": 112}
{"time": "2026-04-18 12:04:57.609098", "level": "INFO", "message": "env env recv reset message", "file": "remote_env_server.py", "line": "282", "module": "env", "process": "remote_env_server", "function": "run_once", "stack": "", "pid": 112}
{"time": "2026-04-18 12:04:57.609868", "level": "INFO", "message": "env Select map in order: episode=90, map_id=1 from map_list=[1, 2, 3, 4, 5, 6, 7, 8, 9, 10]", "file": "data_handler.py", "line": "148", "module": "env", "process": "data_handler", "function": "handle_usr_conf", "stack": "", "pid": 112}
{"time": "2026-04-18 12:05:04.826355", "level": "INFO", "message": "env data_handler finish success", "file": "data_handler.py", "line": "189", "module": "env", "process": "data_handler", "function": "finish", "stack": "", "pid": 112}
{"time": "2026-04-18 12:05:04.827125", "level": "INFO", "message": "env env run once episode done, process_run_count is 73857", "file": "remote_env_server.py", "line": "298", "module": "env", "process": "remote_env_server", "function": "run_once", "stack": "", "pid": 112}
{"time": "2026-04-18 12:05:04.868673", "level": "INFO", "message": "env env recv reset message", "file": "remote_env_server.py", "line": "282", "module": "env", "process": "remote_env_server", "function": "run_once", "stack": "", "pid": 112}
{"time": "2026-04-18 12:05:04.869608", "level": "INFO", "message": "env Select map in order: episode=91, map_id=2 from map_list=[1, 2, 3, 4, 5, 6, 7, 8, 9, 10]", "file": "data_handler.py", "line": "148", "module": "env", "process": "data_handler", "function": "handle_usr_conf", "stack": "", "pid": 112}
{"time": "2026-04-18 12:05:05.089965", "level": "INFO", "message": "env data_handler finish success", "file": "data_handler.py", "line": "189", "module": "env", "process": "data_handler", "function": "finish", "stack": "", "pid": 112}
{"time": "2026-04-18 12:05:05.090723", "level": "INFO", "message": "env env run once episode done, process_run_count is 73862", "file": "remote_env_server.py", "line": "298", "module": "env", "process": "remote_env_server", "function": "run_once", "stack": "", "pid": 112}
{"time": "2026-04-18 12:05:05.095151", "level": "INFO", "message": "env env recv reset message", "file": "remote_env_server.py", "line": "282", "module": "env", "process": "remote_env_server", "function": "run_once", "stack": "", "pid": 112}
{"time": "2026-04-18 12:05:05.096292", "level": "INFO", "message": "env Select map in order: episode=92, map_id=3 from map_list=[1, 2, 3, 4, 5, 6, 7, 8, 9, 10]", "file": "data_handler.py", "line": "148", "module": "env", "process": "data_handler", "function": "handle_usr_conf", "stack": "", "pid": 112}
{"time": "2026-04-18 12:05:13.356088", "level": "INFO", "message": "env data_handler finish success", "file": "data_handler.py", "line": "189", "module": "env", "process": "data_handler", "function": "finish", "stack": "", "pid": 112}
{"time": "2026-04-18 12:05:13.356830", "level": "INFO", "message": "env env run once episode done, process_run_count is 74863", "file": "remote_env_server.py", "line": "298", "module": "env", "process": "remote_env_server", "function": "run_once", "stack": "", "pid": 112}
{"time": "2026-04-18 12:05:13.412352", "level": "INFO", "message": "env env recv reset message", "file": "remote_env_server.py", "line": "282", "module": "env", "process": "remote_env_server", "function": "run_once", "stack": "", "pid": 112}
{"time": "2026-04-18 12:05:13.413273", "level": "INFO", "message": "env Select map in order: episode=93, map_id=4 from map_list=[1, 2, 3, 4, 5, 6, 7, 8, 9, 10]", "file": "data_handler.py", "line": "148", "module": "env", "process": "data_handler", "function": "handle_usr_conf", "stack": "", "pid": 112}
{"time": "2026-04-18 12:05:15.179284", "level": "INFO", "message": "env data_handler finish success", "file": "data_handler.py", "line": "189", "module": "env", "process": "data_handler", "function": "finish", "stack": "", "pid": 112}
{"time": "2026-04-18 12:05:15.180447", "level": "INFO", "message": "env env run once episode done, process_run_count is 75064", "file": "remote_env_server.py", "line": "298", "module": "env", "process": "remote_env_server", "function": "run_once", "stack": "", "pid": 112}
{"time": "2026-04-18 12:05:15.194738", "level": "INFO", "message": "env env recv reset message", "file": "remote_env_server.py", "line": "282", "module": "env", "process": "remote_env_server", "function": "run_once", "stack": "", "pid": 112}
{"time": "2026-04-18 12:05:15.195688", "level": "INFO", "message": "env Select map in order: episode=94, map_id=5 from map_list=[1, 2, 3, 4, 5, 6, 7, 8, 9, 10]", "file": "data_handler.py", "line": "148", "module": "env", "process": "data_handler", "function": "handle_usr_conf", "stack": "", "pid": 112}
{"time": "2026-04-18 12:05:23.438688", "level": "INFO", "message": "env data_handler finish success", "file": "data_handler.py", "line": "189", "module": "env", "process": "data_handler", "function": "finish", "stack": "", "pid": 112}
{"time": "2026-04-18 12:05:23.439466", "level": "INFO", "message": "env env run once episode done, process_run_count is 76065", "file": "remote_env_server.py", "line": "298", "module": "env", "process": "remote_env_server", "function": "run_once", "stack": "", "pid": 112}
{"time": "2026-04-18 12:05:23.494213", "level": "INFO", "message": "env env recv reset message", "file": "remote_env_server.py", "line": "282", "module": "env", "process": "remote_env_server", "function": "run_once", "stack": "", "pid": 112}
{"time": "2026-04-18 12:05:23.495091", "level": "INFO", "message": "env Select map in order: episode=95, map_id=6 from map_list=[1, 2, 3, 4, 5, 6, 7, 8, 9, 10]", "file": "data_handler.py", "line": "148", "module": "env", "process": "data_handler", "function": "handle_usr_conf", "stack": "", "pid": 112}
{"time": "2026-04-18 12:05:30.975507", "level": "INFO", "message": "env data_handler finish success", "file": "data_handler.py", "line": "189", "module": "env", "process": "data_handler", "function": "finish", "stack": "", "pid": 112}
{"time": "2026-04-18 12:05:30.976158", "level": "INFO", "message": "env env run once episode done, process_run_count is 77066", "file": "remote_env_server.py", "line": "298", "module": "env", "process": "remote_env_server", "function": "run_once", "stack": "", "pid": 112}
{"time": "2026-04-18 12:05:31.016065", "level": "INFO", "message": "env env recv reset message", "file": "remote_env_server.py", "line": "282", "module": "env", "process": "remote_env_server", "function": "run_once", "stack": "", "pid": 112}
{"time": "2026-04-18 12:05:31.017099", "level": "INFO", "message": "env Select map in order: episode=96, map_id=7 from map_list=[1, 2, 3, 4, 5, 6, 7, 8, 9, 10]", "file": "data_handler.py", "line": "148", "module": "env", "process": "data_handler", "function": "handle_usr_conf", "stack": "", "pid": 112}
{"time": "2026-04-18 12:05:39.464747", "level": "INFO", "message": "env finish monitor_data is {'total_score': 776, 'clean_score': 776, 'total_map': 10, 'map_random': 0, 'map_code': 7, 'max_steps': 1000, 'finished_steps': 1000, 'total_charger': 4, 'charge_count': 9, 'remaining_charge': 91}", "file": "monitor_helper.py", "line": "95", "module": "env", "process": "monitor_helper", "function": "finish", "stack": "", "pid": 112}
{"time": "2026-04-18 12:05:39.465617", "level": "INFO", "message": "env data_handler finish success", "file": "data_handler.py", "line": "189", "module": "env", "process": "data_handler", "function": "finish", "stack": "", "pid": 112}
{"time": "2026-04-18 12:05:39.466221", "level": "INFO", "message": "env env run once episode done, process_run_count is 78067", "file": "remote_env_server.py", "line": "298", "module": "env", "process": "remote_env_server", "function": "run_once", "stack": "", "pid": 112}
{"time": "2026-04-18 12:05:39.505124", "level": "INFO", "message": "env env recv reset message", "file": "remote_env_server.py", "line": "282", "module": "env", "process": "remote_env_server", "function": "run_once", "stack": "", "pid": 112}
{"time": "2026-04-18 12:05:39.505922", "level": "INFO", "message": "env Select map in order: episode=97, map_id=8 from map_list=[1, 2, 3, 4, 5, 6, 7, 8, 9, 10]", "file": "data_handler.py", "line": "148", "module": "env", "process": "data_handler", "function": "handle_usr_conf", "stack": "", "pid": 112}
{"time": "2026-04-18 12:05:47.793965", "level": "INFO", "message": "env data_handler finish success", "file": "data_handler.py", "line": "189", "module": "env", "process": "data_handler", "function": "finish", "stack": "", "pid": 112}
{"time": "2026-04-18 12:05:47.794877", "level": "INFO", "message": "env env run once episode done, process_run_count is 79068", "file": "remote_env_server.py", "line": "298", "module": "env", "process": "remote_env_server", "function": "run_once", "stack": "", "pid": 112}
{"time": "2026-04-18 12:05:47.833944", "level": "INFO", "message": "env env recv reset message", "file": "remote_env_server.py", "line": "282", "module": "env", "process": "remote_env_server", "function": "run_once", "stack": "", "pid": 112}
{"time": "2026-04-18 12:05:47.834729", "level": "INFO", "message": "env Select map in order: episode=98, map_id=9 from map_list=[1, 2, 3, 4, 5, 6, 7, 8, 9, 10]", "file": "data_handler.py", "line": "148", "module": "env", "process": "data_handler", "function": "handle_usr_conf", "stack": "", "pid": 112}
{"time": "2026-04-18 12:05:55.956432", "level": "INFO", "message": "env data_handler finish success", "file": "data_handler.py", "line": "189", "module": "env", "process": "data_handler", "function": "finish", "stack": "", "pid": 112}
{"time": "2026-04-18 12:05:55.957065", "level": "INFO", "message": "env env run once episode done, process_run_count is 80069", "file": "remote_env_server.py", "line": "298", "module": "env", "process": "remote_env_server", "function": "run_once", "stack": "", "pid": 112}
{"time": "2026-04-18 12:05:55.998021", "level": "INFO", "message": "env env recv reset message", "file": "remote_env_server.py", "line": "282", "module": "env", "process": "remote_env_server", "function": "run_once", "stack": "", "pid": 112}
{"time": "2026-04-18 12:05:55.998772", "level": "INFO", "message": "env Select map in order: episode=99, map_id=10 from map_list=[1, 2, 3, 4, 5, 6, 7, 8, 9, 10]", "file": "data_handler.py", "line": "148", "module": "env", "process": "data_handler", "function": "handle_usr_conf", "stack": "", "pid": 112}
{"time": "2026-04-18 12:06:03.584195", "level": "INFO", "message": "env data_handler finish success", "file": "data_handler.py", "line": "189", "module": "env", "process": "data_handler", "function": "finish", "stack": "", "pid": 112}
{"time": "2026-04-18 12:06:03.584750", "level": "INFO", "message": "env env run once episode done, process_run_count is 81070", "file": "remote_env_server.py", "line": "298", "module": "env", "process": "remote_env_server", "function": "run_once", "stack": "", "pid": 112}
{"time": "2026-04-18 12:06:03.627724", "level": "INFO", "message": "env env recv reset message", "file": "remote_env_server.py", "line": "282", "module": "env", "process": "remote_env_server", "function": "run_once", "stack": "", "pid": 112}
{"time": "2026-04-18 12:06:03.628505", "level": "INFO", "message": "env Select map in order: episode=100, map_id=1 from map_list=[1, 2, 3, 4, 5, 6, 7, 8, 9, 10]", "file": "data_handler.py", "line": "148", "module": "env", "process": "data_handler", "function": "handle_usr_conf", "stack": "", "pid": 112}
{"time": "2026-04-18 12:06:11.890541", "level": "INFO", "message": "env data_handler finish success", "file": "data_handler.py", "line": "189", "module": "env", "process": "data_handler", "function": "finish", "stack": "", "pid": 112}
{"time": "2026-04-18 12:06:11.894629", "level": "INFO", "message": "env env run once episode done, process_run_count is 82071", "file": "remote_env_server.py", "line": "298", "module": "env", "process": "remote_env_server", "function": "run_once", "stack": "", "pid": 112}
{"time": "2026-04-18 12:06:11.944628", "level": "INFO", "message": "env env recv reset message", "file": "remote_env_server.py", "line": "282", "module": "env", "process": "remote_env_server", "function": "run_once", "stack": "", "pid": 112}
{"time": "2026-04-18 12:06:11.945381", "level": "INFO", "message": "env Select map in order: episode=101, map_id=2 from map_list=[1, 2, 3, 4, 5, 6, 7, 8, 9, 10]", "file": "data_handler.py", "line": "148", "module": "env", "process": "data_handler", "function": "handle_usr_conf", "stack": "", "pid": 112}
{"time": "2026-04-18 12:06:12.464685", "level": "INFO", "message": "env data_handler finish success", "file": "data_handler.py", "line": "189", "module": "env", "process": "data_handler", "function": "finish", "stack": "", "pid": 112}
{"time": "2026-04-18 12:06:12.465313", "level": "INFO", "message": "env env run once episode done, process_run_count is 82112", "file": "remote_env_server.py", "line": "298", "module": "env", "process": "remote_env_server", "function": "run_once", "stack": "", "pid": 112}
{"time": "2026-04-18 12:06:12.468641", "level": "INFO", "message": "env env recv reset message", "file": "remote_env_server.py", "line": "282", "module": "env", "process": "remote_env_server", "function": "run_once", "stack": "", "pid": 112}
{"time": "2026-04-18 12:06:12.469386", "level": "INFO", "message": "env Select map in order: episode=102, map_id=3 from map_list=[1, 2, 3, 4, 5, 6, 7, 8, 9, 10]", "file": "data_handler.py", "line": "148", "module": "env", "process": "data_handler", "function": "handle_usr_conf", "stack": "", "pid": 112}
{"time": "2026-04-18 12:06:17.663974", "level": "INFO", "message": "env data_handler finish success", "file": "data_handler.py", "line": "189", "module": "env", "process": "data_handler", "function": "finish", "stack": "", "pid": 112}
{"time": "2026-04-18 12:06:17.664518", "level": "INFO", "message": "env env run once episode done, process_run_count is 82855", "file": "remote_env_server.py", "line": "298", "module": "env", "process": "remote_env_server", "function": "run_once", "stack": "", "pid": 112}
{"time": "2026-04-18 12:06:17.705005", "level": "INFO", "message": "env env recv reset message", "file": "remote_env_server.py", "line": "282", "module": "env", "process": "remote_env_server", "function": "run_once", "stack": "", "pid": 112}
{"time": "2026-04-18 12:06:17.705758", "level": "INFO", "message": "env Select map in order: episode=103, map_id=4 from map_list=[1, 2, 3, 4, 5, 6, 7, 8, 9, 10]", "file": "data_handler.py", "line": "148", "module": "env", "process": "data_handler", "function": "handle_usr_conf", "stack": "", "pid": 112}
{"time": "2026-04-18 12:06:19.078277", "level": "INFO", "message": "env data_handler finish success", "file": "data_handler.py", "line": "189", "module": "env", "process": "data_handler", "function": "finish", "stack": "", "pid": 112}
{"time": "2026-04-18 12:06:19.083244", "level": "INFO", "message": "env env run once episode done, process_run_count is 83008", "file": "remote_env_server.py", "line": "298", "module": "env", "process": "remote_env_server", "function": "run_once", "stack": "", "pid": 112}
{"time": "2026-04-18 12:06:19.087167", "level": "INFO", "message": "env env recv reset message", "file": "remote_env_server.py", "line": "282", "module": "env", "process": "remote_env_server", "function": "run_once", "stack": "", "pid": 112}
{"time": "2026-04-18 12:06:19.088002", "level": "INFO", "message": "env Select map in order: episode=104, map_id=5 from map_list=[1, 2, 3, 4, 5, 6, 7, 8, 9, 10]", "file": "data_handler.py", "line": "148", "module": "env", "process": "data_handler", "function": "handle_usr_conf", "stack": "", "pid": 112}
{"time": "2026-04-18 12:06:27.247417", "level": "INFO", "message": "env data_handler finish success", "file": "data_handler.py", "line": "189", "module": "env", "process": "data_handler", "function": "finish", "stack": "", "pid": 112}
{"time": "2026-04-18 12:06:27.247972", "level": "INFO", "message": "env env run once episode done, process_run_count is 84009", "file": "remote_env_server.py", "line": "298", "module": "env", "process": "remote_env_server", "function": "run_once", "stack": "", "pid": 112}
{"time": "2026-04-18 12:06:27.298555", "level": "INFO", "message": "env env recv reset message", "file": "remote_env_server.py", "line": "282", "module": "env", "process": "remote_env_server", "function": "run_once", "stack": "", "pid": 112}
{"time": "2026-04-18 12:06:27.299426", "level": "INFO", "message": "env Select map in order: episode=105, map_id=6 from map_list=[1, 2, 3, 4, 5, 6, 7, 8, 9, 10]", "file": "data_handler.py", "line": "148", "module": "env", "process": "data_handler", "function": "handle_usr_conf", "stack": "", "pid": 112}
{"time": "2026-04-18 12:06:31.549565", "level": "INFO", "message": "env data_handler finish success", "file": "data_handler.py", "line": "189", "module": "env", "process": "data_handler", "function": "finish", "stack": "", "pid": 112}
{"time": "2026-04-18 12:06:31.555430", "level": "INFO", "message": "env env run once episode done, process_run_count is 84574", "file": "remote_env_server.py", "line": "298", "module": "env", "process": "remote_env_server", "function": "run_once", "stack": "", "pid": 112}
{"time": "2026-04-18 12:06:31.573400", "level": "INFO", "message": "env env recv reset message", "file": "remote_env_server.py", "line": "282", "module": "env", "process": "remote_env_server", "function": "run_once", "stack": "", "pid": 112}
{"time": "2026-04-18 12:06:31.574276", "level": "INFO", "message": "env Select map in order: episode=106, map_id=7 from map_list=[1, 2, 3, 4, 5, 6, 7, 8, 9, 10]", "file": "data_handler.py", "line": "148", "module": "env", "process": "data_handler", "function": "handle_usr_conf", "stack": "", "pid": 112}
{"time": "2026-04-18 12:06:33.318012", "level": "INFO", "message": "env data_handler finish success", "file": "data_handler.py", "line": "189", "module": "env", "process": "data_handler", "function": "finish", "stack": "", "pid": 112}
{"time": "2026-04-18 12:06:33.318689", "level": "INFO", "message": "env env run once episode done, process_run_count is 84775", "file": "remote_env_server.py", "line": "298", "module": "env", "process": "remote_env_server", "function": "run_once", "stack": "", "pid": 112}
{"time": "2026-04-18 12:06:33.328098", "level": "INFO", "message": "env env recv reset message", "file": "remote_env_server.py", "line": "282", "module": "env", "process": "remote_env_server", "function": "run_once", "stack": "", "pid": 112}
{"time": "2026-04-18 12:06:33.328788", "level": "INFO", "message": "env Select map in order: episode=107, map_id=8 from map_list=[1, 2, 3, 4, 5, 6, 7, 8, 9, 10]", "file": "data_handler.py", "line": "148", "module": "env", "process": "data_handler", "function": "handle_usr_conf", "stack": "", "pid": 112}
{"time": "2026-04-18 12:06:41.156537", "level": "INFO", "message": "env finish monitor_data is {'total_score': 863, 'clean_score': 863, 'total_map': 10, 'map_random': 0, 'map_code': 8, 'max_steps': 1000, 'finished_steps': 1000, 'total_charger': 4, 'charge_count': 8, 'remaining_charge': 79}", "file": "monitor_helper.py", "line": "95", "module": "env", "process": "monitor_helper", "function": "finish", "stack": "", "pid": 112}
{"time": "2026-04-18 12:06:41.158819", "level": "INFO", "message": "env data_handler finish success", "file": "data_handler.py", "line": "189", "module": "env", "process": "data_handler", "function": "finish", "stack": "", "pid": 112}
{"time": "2026-04-18 12:06:41.159463", "level": "INFO", "message": "env env run once episode done, process_run_count is 85776", "file": "remote_env_server.py", "line": "298", "module": "env", "process": "remote_env_server", "function": "run_once", "stack": "", "pid": 112}
{"time": "2026-04-18 12:06:41.198699", "level": "INFO", "message": "env env recv reset message", "file": "remote_env_server.py", "line": "282", "module": "env", "process": "remote_env_server", "function": "run_once", "stack": "", "pid": 112}
{"time": "2026-04-18 12:06:41.199520", "level": "INFO", "message": "env Select map in order: episode=108, map_id=9 from map_list=[1, 2, 3, 4, 5, 6, 7, 8, 9, 10]", "file": "data_handler.py", "line": "148", "module": "env", "process": "data_handler", "function": "handle_usr_conf", "stack": "", "pid": 112}
{"time": "2026-04-18 12:06:49.029036", "level": "INFO", "message": "env data_handler finish success", "file": "data_handler.py", "line": "189", "module": "env", "process": "data_handler", "function": "finish", "stack": "", "pid": 112}
{"time": "2026-04-18 12:06:49.030380", "level": "INFO", "message": "env env run once episode done, process_run_count is 86777", "file": "remote_env_server.py", "line": "298", "module": "env", "process": "remote_env_server", "function": "run_once", "stack": "", "pid": 112}
{"time": "2026-04-18 12:06:49.081423", "level": "INFO", "message": "env env recv reset message", "file": "remote_env_server.py", "line": "282", "module": "env", "process": "remote_env_server", "function": "run_once", "stack": "", "pid": 112}
{"time": "2026-04-18 12:06:49.082130", "level": "INFO", "message": "env Select map in order: episode=109, map_id=10 from map_list=[1, 2, 3, 4, 5, 6, 7, 8, 9, 10]", "file": "data_handler.py", "line": "148", "module": "env", "process": "data_handler", "function": "handle_usr_conf", "stack": "", "pid": 112}
{"time": "2026-04-18 12:06:56.919768", "level": "INFO", "message": "env data_handler finish success", "file": "data_handler.py", "line": "189", "module": "env", "process": "data_handler", "function": "finish", "stack": "", "pid": 112}
{"time": "2026-04-18 12:06:56.920522", "level": "INFO", "message": "env env run once episode done, process_run_count is 87778", "file": "remote_env_server.py", "line": "298", "module": "env", "process": "remote_env_server", "function": "run_once", "stack": "", "pid": 112}
{"time": "2026-04-18 12:06:56.959510", "level": "INFO", "message": "env env recv reset message", "file": "remote_env_server.py", "line": "282", "module": "env", "process": "remote_env_server", "function": "run_once", "stack": "", "pid": 112}
{"time": "2026-04-18 12:06:56.960424", "level": "INFO", "message": "env Select map in order: episode=110, map_id=1 from map_list=[1, 2, 3, 4, 5, 6, 7, 8, 9, 10]", "file": "data_handler.py", "line": "148", "module": "env", "process": "data_handler", "function": "handle_usr_conf", "stack": "", "pid": 112}
{"time": "2026-04-18 12:07:03.512844", "level": "INFO", "message": "env data_handler finish success", "file": "data_handler.py", "line": "189", "module": "env", "process": "data_handler", "function": "finish", "stack": "", "pid": 112}
{"time": "2026-04-18 12:07:03.513500", "level": "INFO", "message": "env env run once episode done, process_run_count is 88740", "file": "remote_env_server.py", "line": "298", "module": "env", "process": "remote_env_server", "function": "run_once", "stack": "", "pid": 112}
{"time": "2026-04-18 12:07:03.554437", "level": "INFO", "message": "env env recv reset message", "file": "remote_env_server.py", "line": "282", "module": "env", "process": "remote_env_server", "function": "run_once", "stack": "", "pid": 112}
{"time": "2026-04-18 12:07:03.555074", "level": "INFO", "message": "env Select map in order: episode=111, map_id=2 from map_list=[1, 2, 3, 4, 5, 6, 7, 8, 9, 10]", "file": "data_handler.py", "line": "148", "module": "env", "process": "data_handler", "function": "handle_usr_conf", "stack": "", "pid": 112}
{"time": "2026-04-18 12:07:05.296134", "level": "INFO", "message": "env data_handler finish success", "file": "data_handler.py", "line": "189", "module": "env", "process": "data_handler", "function": "finish", "stack": "", "pid": 112}
{"time": "2026-04-18 12:07:05.296640", "level": "INFO", "message": "env env run once episode done, process_run_count is 88941", "file": "remote_env_server.py", "line": "298", "module": "env", "process": "remote_env_server", "function": "run_once", "stack": "", "pid": 112}
{"time": "2026-04-18 12:07:05.308683", "level": "INFO", "message": "env env recv reset message", "file": "remote_env_server.py", "line": "282", "module": "env", "process": "remote_env_server", "function": "run_once", "stack": "", "pid": 112}
{"time": "2026-04-18 12:07:05.309726", "level": "INFO", "message": "env Select map in order: episode=112, map_id=3 from map_list=[1, 2, 3, 4, 5, 6, 7, 8, 9, 10]", "file": "data_handler.py", "line": "148", "module": "env", "process": "data_handler", "function": "handle_usr_conf", "stack": "", "pid": 112}
{"time": "2026-04-18 12:07:08.641897", "level": "INFO", "message": "env data_handler finish success", "file": "data_handler.py", "line": "189", "module": "env", "process": "data_handler", "function": "finish", "stack": "", "pid": 112}
{"time": "2026-04-18 12:07:08.642689", "level": "INFO", "message": "env env run once episode done, process_run_count is 89349", "file": "remote_env_server.py", "line": "298", "module": "env", "process": "remote_env_server", "function": "run_once", "stack": "", "pid": 112}
{"time": "2026-04-18 12:07:08.661216", "level": "INFO", "message": "env env recv reset message", "file": "remote_env_server.py", "line": "282", "module": "env", "process": "remote_env_server", "function": "run_once", "stack": "", "pid": 112}
{"time": "2026-04-18 12:07:08.661976", "level": "INFO", "message": "env Select map in order: episode=113, map_id=4 from map_list=[1, 2, 3, 4, 5, 6, 7, 8, 9, 10]", "file": "data_handler.py", "line": "148", "module": "env", "process": "data_handler", "function": "handle_usr_conf", "stack": "", "pid": 112}
{"time": "2026-04-18 12:07:11.680982", "level": "INFO", "message": "env data_handler finish success", "file": "data_handler.py", "line": "189", "module": "env", "process": "data_handler", "function": "finish", "stack": "", "pid": 112}
{"time": "2026-04-18 12:07:11.681734", "level": "INFO", "message": "env env run once episode done, process_run_count is 89714", "file": "remote_env_server.py", "line": "298", "module": "env", "process": "remote_env_server", "function": "run_once", "stack": "", "pid": 112}
{"time": "2026-04-18 12:07:11.695041", "level": "INFO", "message": "env env recv reset message", "file": "remote_env_server.py", "line": "282", "module": "env", "process": "remote_env_server", "function": "run_once", "stack": "", "pid": 112}
{"time": "2026-04-18 12:07:11.695974", "level": "INFO", "message": "env Select map in order: episode=114, map_id=5 from map_list=[1, 2, 3, 4, 5, 6, 7, 8, 9, 10]", "file": "data_handler.py", "line": "148", "module": "env", "process": "data_handler", "function": "handle_usr_conf", "stack": "", "pid": 112}
{"time": "2026-04-18 12:07:16.974247", "level": "INFO", "message": "env data_handler finish success", "file": "data_handler.py", "line": "189", "module": "env", "process": "data_handler", "function": "finish", "stack": "", "pid": 112}
{"time": "2026-04-18 12:07:16.974786", "level": "INFO", "message": "env env run once episode done, process_run_count is 90383", "file": "remote_env_server.py", "line": "298", "module": "env", "process": "remote_env_server", "function": "run_once", "stack": "", "pid": 112}
{"time": "2026-04-18 12:07:17.009398", "level": "INFO", "message": "env env recv reset message", "file": "remote_env_server.py", "line": "282", "module": "env", "process": "remote_env_server", "function": "run_once", "stack": "", "pid": 112}
{"time": "2026-04-18 12:07:17.010450", "level": "INFO", "message": "env Select map in order: episode=115, map_id=6 from map_list=[1, 2, 3, 4, 5, 6, 7, 8, 9, 10]", "file": "data_handler.py", "line": "148", "module": "env", "process": "data_handler", "function": "handle_usr_conf", "stack": "", "pid": 112}
{"time": "2026-04-18 12:07:24.674724", "level": "INFO", "message": "env data_handler finish success", "file": "data_handler.py", "line": "189", "module": "env", "process": "data_handler", "function": "finish", "stack": "", "pid": 112}
{"time": "2026-04-18 12:07:24.675377", "level": "INFO", "message": "env env run once episode done, process_run_count is 91384", "file": "remote_env_server.py", "line": "298", "module": "env", "process": "remote_env_server", "function": "run_once", "stack": "", "pid": 112}
{"time": "2026-04-18 12:07:24.728748", "level": "INFO", "message": "env env recv reset message", "file": "remote_env_server.py", "line": "282", "module": "env", "process": "remote_env_server", "function": "run_once", "stack": "", "pid": 112}
{"time": "2026-04-18 12:07:24.730407", "level": "INFO", "message": "env Select map in order: episode=116, map_id=7 from map_list=[1, 2, 3, 4, 5, 6, 7, 8, 9, 10]", "file": "data_handler.py", "line": "148", "module": "env", "process": "data_handler", "function": "handle_usr_conf", "stack": "", "pid": 112}
{"time": "2026-04-18 12:07:28.471095", "level": "INFO", "message": "env data_handler finish success", "file": "data_handler.py", "line": "189", "module": "env", "process": "data_handler", "function": "finish", "stack": "", "pid": 112}
{"time": "2026-04-18 12:07:28.471668", "level": "INFO", "message": "env env run once episode done, process_run_count is 91992", "file": "remote_env_server.py", "line": "298", "module": "env", "process": "remote_env_server", "function": "run_once", "stack": "", "pid": 112}
{"time": "2026-04-18 12:07:28.497623", "level": "INFO", "message": "env env recv reset message", "file": "remote_env_server.py", "line": "282", "module": "env", "process": "remote_env_server", "function": "run_once", "stack": "", "pid": 112}
{"time": "2026-04-18 12:07:28.498229", "level": "INFO", "message": "env Select map in order: episode=117, map_id=8 from map_list=[1, 2, 3, 4, 5, 6, 7, 8, 9, 10]", "file": "data_handler.py", "line": "148", "module": "env", "process": "data_handler", "function": "handle_usr_conf", "stack": "", "pid": 112}
{"time": "2026-04-18 12:07:34.756295", "level": "INFO", "message": "env data_handler finish success", "file": "data_handler.py", "line": "189", "module": "env", "process": "data_handler", "function": "finish", "stack": "", "pid": 112}
{"time": "2026-04-18 12:07:34.756941", "level": "INFO", "message": "env env run once episode done, process_run_count is 92800", "file": "remote_env_server.py", "line": "298", "module": "env", "process": "remote_env_server", "function": "run_once", "stack": "", "pid": 112}
{"time": "2026-04-18 12:07:34.800776", "level": "INFO", "message": "env env recv reset message", "file": "remote_env_server.py", "line": "282", "module": "env", "process": "remote_env_server", "function": "run_once", "stack": "", "pid": 112}
{"time": "2026-04-18 12:07:34.801549", "level": "INFO", "message": "env Select map in order: episode=118, map_id=9 from map_list=[1, 2, 3, 4, 5, 6, 7, 8, 9, 10]", "file": "data_handler.py", "line": "148", "module": "env", "process": "data_handler", "function": "handle_usr_conf", "stack": "", "pid": 112}
{"time": "2026-04-18 12:07:42.756319", "level": "INFO", "message": "env finish monitor_data is {'total_score': 886, 'clean_score': 886, 'total_map': 10, 'map_random': 0, 'map_code': 9, 'max_steps': 1000, 'finished_steps': 1000, 'total_charger': 4, 'charge_count': 9, 'remaining_charge': 142}", "file": "monitor_helper.py", "line": "95", "module": "env", "process": "monitor_helper", "function": "finish", "stack": "", "pid": 112}
{"time": "2026-04-18 12:07:42.756926", "level": "INFO", "message": "env data_handler finish success", "file": "data_handler.py", "line": "189", "module": "env", "process": "data_handler", "function": "finish", "stack": "", "pid": 112}
{"time": "2026-04-18 12:07:42.757413", "level": "INFO", "message": "env env run once episode done, process_run_count is 93801", "file": "remote_env_server.py", "line": "298", "module": "env", "process": "remote_env_server", "function": "run_once", "stack": "", "pid": 112}
{"time": "2026-04-18 12:07:42.810821", "level": "INFO", "message": "env env recv reset message", "file": "remote_env_server.py", "line": "282", "module": "env", "process": "remote_env_server", "function": "run_once", "stack": "", "pid": 112}
{"time": "2026-04-18 12:07:42.811660", "level": "INFO", "message": "env Select map in order: episode=119, map_id=10 from map_list=[1, 2, 3, 4, 5, 6, 7, 8, 9, 10]", "file": "data_handler.py", "line": "148", "module": "env", "process": "data_handler", "function": "handle_usr_conf", "stack": "", "pid": 112}
{"time": "2026-04-18 12:07:50.734546", "level": "INFO", "message": "env data_handler finish success", "file": "data_handler.py", "line": "189", "module": "env", "process": "data_handler", "function": "finish", "stack": "", "pid": 112}
{"time": "2026-04-18 12:07:50.735205", "level": "INFO", "message": "env env run once episode done, process_run_count is 94802", "file": "remote_env_server.py", "line": "298", "module": "env", "process": "remote_env_server", "function": "run_once", "stack": "", "pid": 112}
{"time": "2026-04-18 12:07:50.783712", "level": "INFO", "message": "env env recv reset message", "file": "remote_env_server.py", "line": "282", "module": "env", "process": "remote_env_server", "function": "run_once", "stack": "", "pid": 112}
{"time": "2026-04-18 12:07:50.784373", "level": "INFO", "message": "env Select map in order: episode=120, map_id=1 from map_list=[1, 2, 3, 4, 5, 6, 7, 8, 9, 10]", "file": "data_handler.py", "line": "148", "module": "env", "process": "data_handler", "function": "handle_usr_conf", "stack": "", "pid": 112}
{"time": "2026-04-18 12:07:57.533683", "level": "INFO", "message": "env data_handler finish success", "file": "data_handler.py", "line": "189", "module": "env", "process": "data_handler", "function": "finish", "stack": "", "pid": 112}
{"time": "2026-04-18 12:07:57.534259", "level": "INFO", "message": "env env run once episode done, process_run_count is 95803", "file": "remote_env_server.py", "line": "298", "module": "env", "process": "remote_env_server", "function": "run_once", "stack": "", "pid": 112}
{"time": "2026-04-18 12:07:57.584681", "level": "INFO", "message": "env env recv reset message", "file": "remote_env_server.py", "line": "282", "module": "env", "process": "remote_env_server", "function": "run_once", "stack": "", "pid": 112}
{"time": "2026-04-18 12:07:57.585521", "level": "INFO", "message": "env Select map in order: episode=121, map_id=2 from map_list=[1, 2, 3, 4, 5, 6, 7, 8, 9, 10]", "file": "data_handler.py", "line": "148", "module": "env", "process": "data_handler", "function": "handle_usr_conf", "stack": "", "pid": 112}
{"time": "2026-04-18 12:08:04.400871", "level": "INFO", "message": "env data_handler finish success", "file": "data_handler.py", "line": "189", "module": "env", "process": "data_handler", "function": "finish", "stack": "", "pid": 112}
{"time": "2026-04-18 12:08:04.401443", "level": "INFO", "message": "env env run once episode done, process_run_count is 96680", "file": "remote_env_server.py", "line": "298", "module": "env", "process": "remote_env_server", "function": "run_once", "stack": "", "pid": 112}
{"time": "2026-04-18 12:08:04.443700", "level": "INFO", "message": "env env recv reset message", "file": "remote_env_server.py", "line": "282", "module": "env", "process": "remote_env_server", "function": "run_once", "stack": "", "pid": 112}
{"time": "2026-04-18 12:08:04.444336", "level": "INFO", "message": "env Select map in order: episode=122, map_id=3 from map_list=[1, 2, 3, 4, 5, 6, 7, 8, 9, 10]", "file": "data_handler.py", "line": "148", "module": "env", "process": "data_handler", "function": "handle_usr_conf", "stack": "", "pid": 112}
{"time": "2026-04-18 12:08:12.275913", "level": "INFO", "message": "env data_handler finish success", "file": "data_handler.py", "line": "189", "module": "env", "process": "data_handler", "function": "finish", "stack": "", "pid": 112}
{"time": "2026-04-18 12:08:12.276626", "level": "INFO", "message": "env env run once episode done, process_run_count is 97681", "file": "remote_env_server.py", "line": "298", "module": "env", "process": "remote_env_server", "function": "run_once", "stack": "", "pid": 112}
{"time": "2026-04-18 12:08:12.322719", "level": "INFO", "message": "env env recv reset message", "file": "remote_env_server.py", "line": "282", "module": "env", "process": "remote_env_server", "function": "run_once", "stack": "", "pid": 112}
{"time": "2026-04-18 12:08:12.323747", "level": "INFO", "message": "env Select map in order: episode=123, map_id=4 from map_list=[1, 2, 3, 4, 5, 6, 7, 8, 9, 10]", "file": "data_handler.py", "line": "148", "module": "env", "process": "data_handler", "function": "handle_usr_conf", "stack": "", "pid": 112}
{"time": "2026-04-18 12:08:16.299916", "level": "INFO", "message": "env data_handler finish success", "file": "data_handler.py", "line": "189", "module": "env", "process": "data_handler", "function": "finish", "stack": "", "pid": 112}
{"time": "2026-04-18 12:08:16.300395", "level": "INFO", "message": "env env run once episode done, process_run_count is 98181", "file": "remote_env_server.py", "line": "298", "module": "env", "process": "remote_env_server", "function": "run_once", "stack": "", "pid": 112}
{"time": "2026-04-18 12:08:16.320475", "level": "INFO", "message": "env env recv reset message", "file": "remote_env_server.py", "line": "282", "module": "env", "process": "remote_env_server", "function": "run_once", "stack": "", "pid": 112}
{"time": "2026-04-18 12:08:16.321240", "level": "INFO", "message": "env Select map in order: episode=124, map_id=5 from map_list=[1, 2, 3, 4, 5, 6, 7, 8, 9, 10]", "file": "data_handler.py", "line": "148", "module": "env", "process": "data_handler", "function": "handle_usr_conf", "stack": "", "pid": 112}
{"time": "2026-04-18 12:08:24.060589", "level": "INFO", "message": "env data_handler finish success", "file": "data_handler.py", "line": "189", "module": "env", "process": "data_handler", "function": "finish", "stack": "", "pid": 112}
{"time": "2026-04-18 12:08:24.061382", "level": "INFO", "message": "env env run once episode done, process_run_count is 99182", "file": "remote_env_server.py", "line": "298", "module": "env", "process": "remote_env_server", "function": "run_once", "stack": "", "pid": 112}
{"time": "2026-04-18 12:08:24.110963", "level": "INFO", "message": "env env recv reset message", "file": "remote_env_server.py", "line": "282", "module": "env", "process": "remote_env_server", "function": "run_once", "stack": "", "pid": 112}
{"time": "2026-04-18 12:08:24.111596", "level": "INFO", "message": "env Select map in order: episode=125, map_id=6 from map_list=[1, 2, 3, 4, 5, 6, 7, 8, 9, 10]", "file": "data_handler.py", "line": "148", "module": "env", "process": "data_handler", "function": "handle_usr_conf", "stack": "", "pid": 112}
{"time": "2026-04-18 12:08:29.097580", "level": "INFO", "message": "env data_handler finish success", "file": "data_handler.py", "line": "189", "module": "env", "process": "data_handler", "function": "finish", "stack": "", "pid": 112}
{"time": "2026-04-18 12:08:29.098194", "level": "INFO", "message": "env env run once episode done, process_run_count is 99938", "file": "remote_env_server.py", "line": "298", "module": "env", "process": "remote_env_server", "function": "run_once", "stack": "", "pid": 112}
{"time": "2026-04-18 12:08:29.136202", "level": "INFO", "message": "env env recv reset message", "file": "remote_env_server.py", "line": "282", "module": "env", "process": "remote_env_server", "function": "run_once", "stack": "", "pid": 112}
{"time": "2026-04-18 12:08:29.136963", "level": "INFO", "message": "env Select map in order: episode=126, map_id=7 from map_list=[1, 2, 3, 4, 5, 6, 7, 8, 9, 10]", "file": "data_handler.py", "line": "148", "module": "env", "process": "data_handler", "function": "handle_usr_conf", "stack": "", "pid": 112}
{"time": "2026-04-18 12:08:36.897282", "level": "INFO", "message": "env data_handler finish success", "file": "data_handler.py", "line": "189", "module": "env", "process": "data_handler", "function": "finish", "stack": "", "pid": 112}
{"time": "2026-04-18 12:08:36.897971", "level": "INFO", "message": "env env run once episode done, process_run_count is 100939", "file": "remote_env_server.py", "line": "298", "module": "env", "process": "remote_env_server", "function": "run_once", "stack": "", "pid": 112}
{"time": "2026-04-18 12:08:36.943071", "level": "INFO", "message": "env env recv reset message", "file": "remote_env_server.py", "line": "282", "module": "env", "process": "remote_env_server", "function": "run_once", "stack": "", "pid": 112}
{"time": "2026-04-18 12:08:36.943725", "level": "INFO", "message": "env Select map in order: episode=127, map_id=8 from map_list=[1, 2, 3, 4, 5, 6, 7, 8, 9, 10]", "file": "data_handler.py", "line": "148", "module": "env", "process": "data_handler", "function": "handle_usr_conf", "stack": "", "pid": 112}
{"time": "2026-04-18 12:08:44.812980", "level": "INFO", "message": "env finish monitor_data is {'total_score': 850, 'clean_score': 850, 'total_map': 10, 'map_random': 0, 'map_code': 8, 'max_steps': 1000, 'finished_steps': 1000, 'total_charger': 4, 'charge_count': 9, 'remaining_charge': 101}", "file": "monitor_helper.py", "line": "95", "module": "env", "process": "monitor_helper", "function": "finish", "stack": "", "pid": 112}
{"time": "2026-04-18 12:08:44.814787", "level": "INFO", "message": "env data_handler finish success", "file": "data_handler.py", "line": "189", "module": "env", "process": "data_handler", "function": "finish", "stack": "", "pid": 112}
{"time": "2026-04-18 12:08:44.815356", "level": "INFO", "message": "env env run once episode done, process_run_count is 101940", "file": "remote_env_server.py", "line": "298", "module": "env", "process": "remote_env_server", "function": "run_once", "stack": "", "pid": 112}
{"time": "2026-04-18 12:08:44.857616", "level": "INFO", "message": "env env recv reset message", "file": "remote_env_server.py", "line": "282", "module": "env", "process": "remote_env_server", "function": "run_once", "stack": "", "pid": 112}
{"time": "2026-04-18 12:08:44.858365", "level": "INFO", "message": "env Select map in order: episode=128, map_id=9 from map_list=[1, 2, 3, 4, 5, 6, 7, 8, 9, 10]", "file": "data_handler.py", "line": "148", "module": "env", "process": "data_handler", "function": "handle_usr_conf", "stack": "", "pid": 112}
{"time": "2026-04-18 12:08:52.711412", "level": "INFO", "message": "env data_handler finish success", "file": "data_handler.py", "line": "189", "module": "env", "process": "data_handler", "function": "finish", "stack": "", "pid": 112}
{"time": "2026-04-18 12:08:52.712196", "level": "INFO", "message": "env env run once episode done, process_run_count is 102941", "file": "remote_env_server.py", "line": "298", "module": "env", "process": "remote_env_server", "function": "run_once", "stack": "", "pid": 112}
{"time": "2026-04-18 12:08:52.759734", "level": "INFO", "message": "env env recv reset message", "file": "remote_env_server.py", "line": "282", "module": "env", "process": "remote_env_server", "function": "run_once", "stack": "", "pid": 112}
{"time": "2026-04-18 12:08:52.760765", "level": "INFO", "message": "env Select map in order: episode=129, map_id=10 from map_list=[1, 2, 3, 4, 5, 6, 7, 8, 9, 10]", "file": "data_handler.py", "line": "148", "module": "env", "process": "data_handler", "function": "handle_usr_conf", "stack": "", "pid": 112}
{"time": "2026-04-18 12:09:00.088782", "level": "INFO", "message": "env data_handler finish success", "file": "data_handler.py", "line": "189", "module": "env", "process": "data_handler", "function": "finish", "stack": "", "pid": 112}
{"time": "2026-04-18 12:09:00.091233", "level": "INFO", "message": "env env run once episode done, process_run_count is 103942", "file": "remote_env_server.py", "line": "298", "module": "env", "process": "remote_env_server", "function": "run_once", "stack": "", "pid": 112}
{"time": "2026-04-18 12:09:00.132683", "level": "INFO", "message": "env env recv reset message", "file": "remote_env_server.py", "line": "282", "module": "env", "process": "remote_env_server", "function": "run_once", "stack": "", "pid": 112}
{"time": "2026-04-18 12:09:00.133484", "level": "INFO", "message": "env Select map in order: episode=130, map_id=1 from map_list=[1, 2, 3, 4, 5, 6, 7, 8, 9, 10]", "file": "data_handler.py", "line": "148", "module": "env", "process": "data_handler", "function": "handle_usr_conf", "stack": "", "pid": 112}
{"time": "2026-04-18 12:09:07.947518", "level": "INFO", "message": "env data_handler finish success", "file": "data_handler.py", "line": "189", "module": "env", "process": "data_handler", "function": "finish", "stack": "", "pid": 112}
{"time": "2026-04-18 12:09:07.948108", "level": "INFO", "message": "env env run once episode done, process_run_count is 104943", "file": "remote_env_server.py", "line": "298", "module": "env", "process": "remote_env_server", "function": "run_once", "stack": "", "pid": 112}
{"time": "2026-04-18 12:09:07.988649", "level": "INFO", "message": "env env recv reset message", "file": "remote_env_server.py", "line": "282", "module": "env", "process": "remote_env_server", "function": "run_once", "stack": "", "pid": 112}
{"time": "2026-04-18 12:09:07.989354", "level": "INFO", "message": "env Select map in order: episode=131, map_id=2 from map_list=[1, 2, 3, 4, 5, 6, 7, 8, 9, 10]", "file": "data_handler.py", "line": "148", "module": "env", "process": "data_handler", "function": "handle_usr_conf", "stack": "", "pid": 112}
{"time": "2026-04-18 12:09:13.144630", "level": "INFO", "message": "env data_handler finish success", "file": "data_handler.py", "line": "189", "module": "env", "process": "data_handler", "function": "finish", "stack": "", "pid": 112}
{"time": "2026-04-18 12:09:13.145284", "level": "INFO", "message": "env env run once episode done, process_run_count is 105711", "file": "remote_env_server.py", "line": "298", "module": "env", "process": "remote_env_server", "function": "run_once", "stack": "", "pid": 112}
{"time": "2026-04-18 12:09:13.177028", "level": "INFO", "message": "env env recv reset message", "file": "remote_env_server.py", "line": "282", "module": "env", "process": "remote_env_server", "function": "run_once", "stack": "", "pid": 112}
{"time": "2026-04-18 12:09:13.180903", "level": "INFO", "message": "env Select map in order: episode=132, map_id=3 from map_list=[1, 2, 3, 4, 5, 6, 7, 8, 9, 10]", "file": "data_handler.py", "line": "148", "module": "env", "process": "data_handler", "function": "handle_usr_conf", "stack": "", "pid": 112}
{"time": "2026-04-18 12:09:14.876553", "level": "INFO", "message": "env data_handler finish success", "file": "data_handler.py", "line": "189", "module": "env", "process": "data_handler", "function": "finish", "stack": "", "pid": 112}
{"time": "2026-04-18 12:09:14.877177", "level": "INFO", "message": "env env run once episode done, process_run_count is 105912", "file": "remote_env_server.py", "line": "298", "module": "env", "process": "remote_env_server", "function": "run_once", "stack": "", "pid": 112}
{"time": "2026-04-18 12:09:14.887379", "level": "INFO", "message": "env env recv reset message", "file": "remote_env_server.py", "line": "282", "module": "env", "process": "remote_env_server", "function": "run_once", "stack": "", "pid": 112}
{"time": "2026-04-18 12:09:14.888088", "level": "INFO", "message": "env Select map in order: episode=133, map_id=4 from map_list=[1, 2, 3, 4, 5, 6, 7, 8, 9, 10]", "file": "data_handler.py", "line": "148", "module": "env", "process": "data_handler", "function": "handle_usr_conf", "stack": "", "pid": 112}
{"time": "2026-04-18 12:09:16.187110", "level": "INFO", "message": "env data_handler finish success", "file": "data_handler.py", "line": "189", "module": "env", "process": "data_handler", "function": "finish", "stack": "", "pid": 112}
{"time": "2026-04-18 12:09:16.187836", "level": "INFO", "message": "env env run once episode done, process_run_count is 106064", "file": "remote_env_server.py", "line": "298", "module": "env", "process": "remote_env_server", "function": "run_once", "stack": "", "pid": 112}
{"time": "2026-04-18 12:09:16.195355", "level": "INFO", "message": "env env recv reset message", "file": "remote_env_server.py", "line": "282", "module": "env", "process": "remote_env_server", "function": "run_once", "stack": "", "pid": 112}
{"time": "2026-04-18 12:09:16.196030", "level": "INFO", "message": "env Select map in order: episode=134, map_id=5 from map_list=[1, 2, 3, 4, 5, 6, 7, 8, 9, 10]", "file": "data_handler.py", "line": "148", "module": "env", "process": "data_handler", "function": "handle_usr_conf", "stack": "", "pid": 112}
{"time": "2026-04-18 12:09:23.549432", "level": "INFO", "message": "env data_handler finish success", "file": "data_handler.py", "line": "189", "module": "env", "process": "data_handler", "function": "finish", "stack": "", "pid": 112}
{"time": "2026-04-18 12:09:23.549947", "level": "INFO", "message": "env env run once episode done, process_run_count is 107065", "file": "remote_env_server.py", "line": "298", "module": "env", "process": "remote_env_server", "function": "run_once", "stack": "", "pid": 112}
{"time": "2026-04-18 12:09:23.597608", "level": "INFO", "message": "env env recv reset message", "file": "remote_env_server.py", "line": "282", "module": "env", "process": "remote_env_server", "function": "run_once", "stack": "", "pid": 112}
{"time": "2026-04-18 12:09:23.598427", "level": "INFO", "message": "env Select map in order: episode=135, map_id=6 from map_list=[1, 2, 3, 4, 5, 6, 7, 8, 9, 10]", "file": "data_handler.py", "line": "148", "module": "env", "process": "data_handler", "function": "handle_usr_conf", "stack": "", "pid": 112}
{"time": "2026-04-18 12:09:31.363183", "level": "INFO", "message": "env data_handler finish success", "file": "data_handler.py", "line": "189", "module": "env", "process": "data_handler", "function": "finish", "stack": "", "pid": 112}
{"time": "2026-04-18 12:09:31.363729", "level": "INFO", "message": "env env run once episode done, process_run_count is 108066", "file": "remote_env_server.py", "line": "298", "module": "env", "process": "remote_env_server", "function": "run_once", "stack": "", "pid": 112}
{"time": "2026-04-18 12:09:31.421293", "level": "INFO", "message": "env env recv reset message", "file": "remote_env_server.py", "line": "282", "module": "env", "process": "remote_env_server", "function": "run_once", "stack": "", "pid": 112}
{"time": "2026-04-18 12:09:31.422137", "level": "INFO", "message": "env Select map in order: episode=136, map_id=7 from map_list=[1, 2, 3, 4, 5, 6, 7, 8, 9, 10]", "file": "data_handler.py", "line": "148", "module": "env", "process": "data_handler", "function": "handle_usr_conf", "stack": "", "pid": 112}
{"time": "2026-04-18 12:09:34.557040", "level": "INFO", "message": "env data_handler finish success", "file": "data_handler.py", "line": "189", "module": "env", "process": "data_handler", "function": "finish", "stack": "", "pid": 112}
{"time": "2026-04-18 12:09:34.557671", "level": "INFO", "message": "env env run once episode done, process_run_count is 108460", "file": "remote_env_server.py", "line": "298", "module": "env", "process": "remote_env_server", "function": "run_once", "stack": "", "pid": 112}
{"time": "2026-04-18 12:09:34.574417", "level": "INFO", "message": "env env recv reset message", "file": "remote_env_server.py", "line": "282", "module": "env", "process": "remote_env_server", "function": "run_once", "stack": "", "pid": 112}
{"time": "2026-04-18 12:09:34.575090", "level": "INFO", "message": "env Select map in order: episode=137, map_id=8 from map_list=[1, 2, 3, 4, 5, 6, 7, 8, 9, 10]", "file": "data_handler.py", "line": "148", "module": "env", "process": "data_handler", "function": "handle_usr_conf", "stack": "", "pid": 112}
{"time": "2026-04-18 12:09:42.401323", "level": "INFO", "message": "env data_handler finish success", "file": "data_handler.py", "line": "189", "module": "env", "process": "data_handler", "function": "finish", "stack": "", "pid": 112}
{"time": "2026-04-18 12:09:42.401864", "level": "INFO", "message": "env env run once episode done, process_run_count is 109461", "file": "remote_env_server.py", "line": "298", "module": "env", "process": "remote_env_server", "function": "run_once", "stack": "", "pid": 112}
{"time": "2026-04-18 12:09:42.445750", "level": "INFO", "message": "env env recv reset message", "file": "remote_env_server.py", "line": "282", "module": "env", "process": "remote_env_server", "function": "run_once", "stack": "", "pid": 112}
{"time": "2026-04-18 12:09:42.446471", "level": "INFO", "message": "env Select map in order: episode=138, map_id=9 from map_list=[1, 2, 3, 4, 5, 6, 7, 8, 9, 10]", "file": "data_handler.py", "line": "148", "module": "env", "process": "data_handler", "function": "handle_usr_conf", "stack": "", "pid": 112}
{"time": "2026-04-18 12:09:50.236696", "level": "INFO", "message": "env finish monitor_data is {'total_score': 850, 'clean_score': 850, 'total_map': 10, 'map_random': 0, 'map_code': 9, 'max_steps': 1000, 'finished_steps': 1000, 'total_charger': 4, 'charge_count': 9, 'remaining_charge': 134}", "file": "monitor_helper.py", "line": "95", "module": "env", "process": "monitor_helper", "function": "finish", "stack": "", "pid": 112}
{"time": "2026-04-18 12:09:50.237357", "level": "INFO", "message": "env data_handler finish success", "file": "data_handler.py", "line": "189", "module": "env", "process": "data_handler", "function": "finish", "stack": "", "pid": 112}
{"time": "2026-04-18 12:09:50.237869", "level": "INFO", "message": "env env run once episode done, process_run_count is 110462", "file": "remote_env_server.py", "line": "298", "module": "env", "process": "remote_env_server", "function": "run_once", "stack": "", "pid": 112}
{"time": "2026-04-18 12:09:50.287543", "level": "INFO", "message": "env env recv reset message", "file": "remote_env_server.py", "line": "282", "module": "env", "process": "remote_env_server", "function": "run_once", "stack": "", "pid": 112}
{"time": "2026-04-18 12:09:50.288300", "level": "INFO", "message": "env Select map in order: episode=139, map_id=10 from map_list=[1, 2, 3, 4, 5, 6, 7, 8, 9, 10]", "file": "data_handler.py", "line": "148", "module": "env", "process": "data_handler", "function": "handle_usr_conf", "stack": "", "pid": 112}
{"time": "2026-04-18 12:09:57.024765", "level": "INFO", "message": "env data_handler finish success", "file": "data_handler.py", "line": "189", "module": "env", "process": "data_handler", "function": "finish", "stack": "", "pid": 112}
{"time": "2026-04-18 12:09:57.025326", "level": "INFO", "message": "env env run once episode done, process_run_count is 111463", "file": "remote_env_server.py", "line": "298", "module": "env", "process": "remote_env_server", "function": "run_once", "stack": "", "pid": 112}
{"time": "2026-04-18 12:09:57.066443", "level": "INFO", "message": "env env recv reset message", "file": "remote_env_server.py", "line": "282", "module": "env", "process": "remote_env_server", "function": "run_once", "stack": "", "pid": 112}
{"time": "2026-04-18 12:09:57.067277", "level": "INFO", "message": "env Select map in order: episode=140, map_id=1 from map_list=[1, 2, 3, 4, 5, 6, 7, 8, 9, 10]", "file": "data_handler.py", "line": "148", "module": "env", "process": "data_handler", "function": "handle_usr_conf", "stack": "", "pid": 112}
{"time": "2026-04-18 12:09:59.343089", "level": "INFO", "message": "env data_handler finish success", "file": "data_handler.py", "line": "189", "module": "env", "process": "data_handler", "function": "finish", "stack": "", "pid": 112}
{"time": "2026-04-18 12:09:59.343891", "level": "INFO", "message": "env env run once episode done, process_run_count is 111737", "file": "remote_env_server.py", "line": "298", "module": "env", "process": "remote_env_server", "function": "run_once", "stack": "", "pid": 112}
{"time": "2026-04-18 12:09:59.354892", "level": "INFO", "message": "env env recv reset message", "file": "remote_env_server.py", "line": "282", "module": "env", "process": "remote_env_server", "function": "run_once", "stack": "", "pid": 112}
{"time": "2026-04-18 12:09:59.355647", "level": "INFO", "message": "env Select map in order: episode=141, map_id=2 from map_list=[1, 2, 3, 4, 5, 6, 7, 8, 9, 10]", "file": "data_handler.py", "line": "148", "module": "env", "process": "data_handler", "function": "handle_usr_conf", "stack": "", "pid": 112}
{"time": "2026-04-18 12:10:07.158213", "level": "INFO", "message": "env data_handler finish success", "file": "data_handler.py", "line": "189", "module": "env", "process": "data_handler", "function": "finish", "stack": "", "pid": 112}
{"time": "2026-04-18 12:10:07.158814", "level": "INFO", "message": "env env run once episode done, process_run_count is 112738", "file": "remote_env_server.py", "line": "298", "module": "env", "process": "remote_env_server", "function": "run_once", "stack": "", "pid": 112}
{"time": "2026-04-18 12:10:07.208293", "level": "INFO", "message": "env env recv reset message", "file": "remote_env_server.py", "line": "282", "module": "env", "process": "remote_env_server", "function": "run_once", "stack": "", "pid": 112}
{"time": "2026-04-18 12:10:07.209167", "level": "INFO", "message": "env Select map in order: episode=142, map_id=3 from map_list=[1, 2, 3, 4, 5, 6, 7, 8, 9, 10]", "file": "data_handler.py", "line": "148", "module": "env", "process": "data_handler", "function": "handle_usr_conf", "stack": "", "pid": 112}
{"time": "2026-04-18 12:10:13.689332", "level": "INFO", "message": "env data_handler finish success", "file": "data_handler.py", "line": "189", "module": "env", "process": "data_handler", "function": "finish", "stack": "", "pid": 112}
{"time": "2026-04-18 12:10:13.689805", "level": "INFO", "message": "env env run once episode done, process_run_count is 113566", "file": "remote_env_server.py", "line": "298", "module": "env", "process": "remote_env_server", "function": "run_once", "stack": "", "pid": 112}
{"time": "2026-04-18 12:10:13.723507", "level": "INFO", "message": "env env recv reset message", "file": "remote_env_server.py", "line": "282", "module": "env", "process": "remote_env_server", "function": "run_once", "stack": "", "pid": 112}
{"time": "2026-04-18 12:10:13.724089", "level": "INFO", "message": "env Select map in order: episode=143, map_id=4 from map_list=[1, 2, 3, 4, 5, 6, 7, 8, 9, 10]", "file": "data_handler.py", "line": "148", "module": "env", "process": "data_handler", "function": "handle_usr_conf", "stack": "", "pid": 112}
{"time": "2026-04-18 12:10:20.593223", "level": "INFO", "message": "env data_handler finish success", "file": "data_handler.py", "line": "189", "module": "env", "process": "data_handler", "function": "finish", "stack": "", "pid": 112}
{"time": "2026-04-18 12:10:20.593893", "level": "INFO", "message": "env env run once episode done, process_run_count is 114567", "file": "remote_env_server.py", "line": "298", "module": "env", "process": "remote_env_server", "function": "run_once", "stack": "", "pid": 112}
{"time": "2026-04-18 12:10:20.641125", "level": "INFO", "message": "env env recv reset message", "file": "remote_env_server.py", "line": "282", "module": "env", "process": "remote_env_server", "function": "run_once", "stack": "", "pid": 112}
{"time": "2026-04-18 12:10:20.641794", "level": "INFO", "message": "env Select map in order: episode=144, map_id=5 from map_list=[1, 2, 3, 4, 5, 6, 7, 8, 9, 10]", "file": "data_handler.py", "line": "148", "module": "env", "process": "data_handler", "function": "handle_usr_conf", "stack": "", "pid": 112}
{"time": "2026-04-18 12:10:28.419733", "level": "INFO", "message": "env data_handler finish success", "file": "data_handler.py", "line": "189", "module": "env", "process": "data_handler", "function": "finish", "stack": "", "pid": 112}
{"time": "2026-04-18 12:10:28.422999", "level": "INFO", "message": "env env run once episode done, process_run_count is 115568", "file": "remote_env_server.py", "line": "298", "module": "env", "process": "remote_env_server", "function": "run_once", "stack": "", "pid": 112}
{"time": "2026-04-18 12:10:28.459373", "level": "INFO", "message": "env env recv reset message", "file": "remote_env_server.py", "line": "282", "module": "env", "process": "remote_env_server", "function": "run_once", "stack": "", "pid": 112}
{"time": "2026-04-18 12:10:28.460356", "level": "INFO", "message": "env Select map in order: episode=145, map_id=6 from map_list=[1, 2, 3, 4, 5, 6, 7, 8, 9, 10]", "file": "data_handler.py", "line": "148", "module": "env", "process": "data_handler", "function": "handle_usr_conf", "stack": "", "pid": 112}
{"time": "2026-04-18 12:10:33.406703", "level": "INFO", "message": "env data_handler finish success", "file": "data_handler.py", "line": "189", "module": "env", "process": "data_handler", "function": "finish", "stack": "", "pid": 112}
{"time": "2026-04-18 12:10:33.407330", "level": "INFO", "message": "env env run once episode done, process_run_count is 116189", "file": "remote_env_server.py", "line": "298", "module": "env", "process": "remote_env_server", "function": "run_once", "stack": "", "pid": 112}
{"time": "2026-04-18 12:10:33.448939", "level": "INFO", "message": "env env recv reset message", "file": "remote_env_server.py", "line": "282", "module": "env", "process": "remote_env_server", "function": "run_once", "stack": "", "pid": 112}
{"time": "2026-04-18 12:10:33.449758", "level": "INFO", "message": "env Select map in order: episode=146, map_id=7 from map_list=[1, 2, 3, 4, 5, 6, 7, 8, 9, 10]", "file": "data_handler.py", "line": "148", "module": "env", "process": "data_handler", "function": "handle_usr_conf", "stack": "", "pid": 112}
{"time": "2026-04-18 12:10:39.539416", "level": "INFO", "message": "env data_handler finish success", "file": "data_handler.py", "line": "189", "module": "env", "process": "data_handler", "function": "finish", "stack": "", "pid": 112}
{"time": "2026-04-18 12:10:39.540121", "level": "INFO", "message": "env env run once episode done, process_run_count is 116961", "file": "remote_env_server.py", "line": "298", "module": "env", "process": "remote_env_server", "function": "run_once", "stack": "", "pid": 112}
{"time": "2026-04-18 12:10:39.579847", "level": "INFO", "message": "env env recv reset message", "file": "remote_env_server.py", "line": "282", "module": "env", "process": "remote_env_server", "function": "run_once", "stack": "", "pid": 112}
{"time": "2026-04-18 12:10:39.594198", "level": "INFO", "message": "env Select map in order: episode=147, map_id=8 from map_list=[1, 2, 3, 4, 5, 6, 7, 8, 9, 10]", "file": "data_handler.py", "line": "148", "module": "env", "process": "data_handler", "function": "handle_usr_conf", "stack": "", "pid": 112}
{"time": "2026-04-18 12:10:43.074157", "level": "INFO", "message": "env data_handler finish success", "file": "data_handler.py", "line": "189", "module": "env", "process": "data_handler", "function": "finish", "stack": "", "pid": 112}
{"time": "2026-04-18 12:10:43.074740", "level": "INFO", "message": "env env run once episode done, process_run_count is 117375", "file": "remote_env_server.py", "line": "298", "module": "env", "process": "remote_env_server", "function": "run_once", "stack": "", "pid": 112}
{"time": "2026-04-18 12:10:43.095564", "level": "INFO", "message": "env env recv reset message", "file": "remote_env_server.py", "line": "282", "module": "env", "process": "remote_env_server", "function": "run_once", "stack": "", "pid": 112}
{"time": "2026-04-18 12:10:43.096338", "level": "INFO", "message": "env Select map in order: episode=148, map_id=9 from map_list=[1, 2, 3, 4, 5, 6, 7, 8, 9, 10]", "file": "data_handler.py", "line": "148", "module": "env", "process": "data_handler", "function": "handle_usr_conf", "stack": "", "pid": 112}
{"time": "2026-04-18 12:10:50.093998", "level": "INFO", "message": "env data_handler finish success", "file": "data_handler.py", "line": "189", "module": "env", "process": "data_handler", "function": "finish", "stack": "", "pid": 112}
{"time": "2026-04-18 12:10:50.094534", "level": "INFO", "message": "env env run once episode done, process_run_count is 118376", "file": "remote_env_server.py", "line": "298", "module": "env", "process": "remote_env_server", "function": "run_once", "stack": "", "pid": 112}
{"time": "2026-04-18 12:10:50.147108", "level": "INFO", "message": "env env recv reset message", "file": "remote_env_server.py", "line": "282", "module": "env", "process": "remote_env_server", "function": "run_once", "stack": "", "pid": 112}
{"time": "2026-04-18 12:10:50.147867", "level": "INFO", "message": "env Select map in order: episode=149, map_id=10 from map_list=[1, 2, 3, 4, 5, 6, 7, 8, 9, 10]", "file": "data_handler.py", "line": "148", "module": "env", "process": "data_handler", "function": "handle_usr_conf", "stack": "", "pid": 112}
{"time": "2026-04-18 12:10:53.993920", "level": "INFO", "message": "env finish monitor_data is {'total_score': 392, 'clean_score': 392, 'total_map': 10, 'map_random': 0, 'map_code': 10, 'max_steps': 1000, 'finished_steps': 489, 'total_charger': 4, 'charge_count': 3, 'remaining_charge': 73}", "file": "monitor_helper.py", "line": "95", "module": "env", "process": "monitor_helper", "function": "finish", "stack": "", "pid": 112}
{"time": "2026-04-18 12:10:53.994898", "level": "INFO", "message": "env data_handler finish success", "file": "data_handler.py", "line": "189", "module": "env", "process": "data_handler", "function": "finish", "stack": "", "pid": 112}
{"time": "2026-04-18 12:10:53.995506", "level": "INFO", "message": "env env run once episode done, process_run_count is 118866", "file": "remote_env_server.py", "line": "298", "module": "env", "process": "remote_env_server", "function": "run_once", "stack": "", "pid": 112}
{"time": "2026-04-18 12:10:54.019860", "level": "INFO", "message": "env env recv reset message", "file": "remote_env_server.py", "line": "282", "module": "env", "process": "remote_env_server", "function": "run_once", "stack": "", "pid": 112}
{"time": "2026-04-18 12:10:54.020690", "level": "INFO", "message": "env Select map in order: episode=150, map_id=1 from map_list=[1, 2, 3, 4, 5, 6, 7, 8, 9, 10]", "file": "data_handler.py", "line": "148", "module": "env", "process": "data_handler", "function": "handle_usr_conf", "stack": "", "pid": 112}
{"time": "2026-04-18 12:11:01.813040", "level": "INFO", "message": "env data_handler finish success", "file": "data_handler.py", "line": "189", "module": "env", "process": "data_handler", "function": "finish", "stack": "", "pid": 112}
{"time": "2026-04-18 12:11:01.813769", "level": "INFO", "message": "env env run once episode done, process_run_count is 119867", "file": "remote_env_server.py", "line": "298", "module": "env", "process": "remote_env_server", "function": "run_once", "stack": "", "pid": 112}
{"time": "2026-04-18 12:11:01.864002", "level": "INFO", "message": "env env recv reset message", "file": "remote_env_server.py", "line": "282", "module": "env", "process": "remote_env_server", "function": "run_once", "stack": "", "pid": 112}
{"time": "2026-04-18 12:11:01.868786", "level": "INFO", "message": "env Select map in order: episode=151, map_id=2 from map_list=[1, 2, 3, 4, 5, 6, 7, 8, 9, 10]", "file": "data_handler.py", "line": "148", "module": "env", "process": "data_handler", "function": "handle_usr_conf", "stack": "", "pid": 112}
{"time": "2026-04-18 12:11:07.401976", "level": "INFO", "message": "env data_handler finish success", "file": "data_handler.py", "line": "189", "module": "env", "process": "data_handler", "function": "finish", "stack": "", "pid": 112}
{"time": "2026-04-18 12:11:07.402650", "level": "INFO", "message": "env env run once episode done, process_run_count is 120559", "file": "remote_env_server.py", "line": "298", "module": "env", "process": "remote_env_server", "function": "run_once", "stack": "", "pid": 112}
{"time": "2026-04-18 12:11:07.431910", "level": "INFO", "message": "env env recv reset message", "file": "remote_env_server.py", "line": "282", "module": "env", "process": "remote_env_server", "function": "run_once", "stack": "", "pid": 112}
{"time": "2026-04-18 12:11:07.432743", "level": "INFO", "message": "env Select map in order: episode=152, map_id=3 from map_list=[1, 2, 3, 4, 5, 6, 7, 8, 9, 10]", "file": "data_handler.py", "line": "148", "module": "env", "process": "data_handler", "function": "handle_usr_conf", "stack": "", "pid": 112}
{"time": "2026-04-18 12:11:15.216824", "level": "INFO", "message": "env data_handler finish success", "file": "data_handler.py", "line": "189", "module": "env", "process": "data_handler", "function": "finish", "stack": "", "pid": 112}
{"time": "2026-04-18 12:11:15.217361", "level": "INFO", "message": "env env run once episode done, process_run_count is 121560", "file": "remote_env_server.py", "line": "298", "module": "env", "process": "remote_env_server", "function": "run_once", "stack": "", "pid": 112}
{"time": "2026-04-18 12:11:15.269773", "level": "INFO", "message": "env env recv reset message", "file": "remote_env_server.py", "line": "282", "module": "env", "process": "remote_env_server", "function": "run_once", "stack": "", "pid": 112}
{"time": "2026-04-18 12:11:15.270704", "level": "INFO", "message": "env Select map in order: episode=153, map_id=4 from map_list=[1, 2, 3, 4, 5, 6, 7, 8, 9, 10]", "file": "data_handler.py", "line": "148", "module": "env", "process": "data_handler", "function": "handle_usr_conf", "stack": "", "pid": 112}
{"time": "2026-04-18 12:11:21.929826", "level": "INFO", "message": "env data_handler finish success", "file": "data_handler.py", "line": "189", "module": "env", "process": "data_handler", "function": "finish", "stack": "", "pid": 112}
{"time": "2026-04-18 12:11:21.930463", "level": "INFO", "message": "env env run once episode done, process_run_count is 122533", "file": "remote_env_server.py", "line": "298", "module": "env", "process": "remote_env_server", "function": "run_once", "stack": "", "pid": 112}
{"time": "2026-04-18 12:11:21.971108", "level": "INFO", "message": "env env recv reset message", "file": "remote_env_server.py", "line": "282", "module": "env", "process": "remote_env_server", "function": "run_once", "stack": "", "pid": 112}
{"time": "2026-04-18 12:11:21.971764", "level": "INFO", "message": "env Select map in order: episode=154, map_id=5 from map_list=[1, 2, 3, 4, 5, 6, 7, 8, 9, 10]", "file": "data_handler.py", "line": "148", "module": "env", "process": "data_handler", "function": "handle_usr_conf", "stack": "", "pid": 112}
{"time": "2026-04-18 12:11:28.050403", "level": "INFO", "message": "env data_handler finish success", "file": "data_handler.py", "line": "189", "module": "env", "process": "data_handler", "function": "finish", "stack": "", "pid": 112}
{"time": "2026-04-18 12:11:28.051294", "level": "INFO", "message": "env env run once episode done, process_run_count is 123304", "file": "remote_env_server.py", "line": "298", "module": "env", "process": "remote_env_server", "function": "run_once", "stack": "", "pid": 112}
{"time": "2026-04-18 12:11:28.081707", "level": "INFO", "message": "env env recv reset message", "file": "remote_env_server.py", "line": "282", "module": "env", "process": "remote_env_server", "function": "run_once", "stack": "", "pid": 112}
{"time": "2026-04-18 12:11:28.082683", "level": "INFO", "message": "env Select map in order: episode=155, map_id=6 from map_list=[1, 2, 3, 4, 5, 6, 7, 8, 9, 10]", "file": "data_handler.py", "line": "148", "module": "env", "process": "data_handler", "function": "handle_usr_conf", "stack": "", "pid": 112}
{"time": "2026-04-18 12:11:33.908311", "level": "INFO", "message": "env data_handler finish success", "file": "data_handler.py", "line": "189", "module": "env", "process": "data_handler", "function": "finish", "stack": "", "pid": 112}
{"time": "2026-04-18 12:11:33.908975", "level": "INFO", "message": "env env run once episode done, process_run_count is 124042", "file": "remote_env_server.py", "line": "298", "module": "env", "process": "remote_env_server", "function": "run_once", "stack": "", "pid": 112}
{"time": "2026-04-18 12:11:33.947008", "level": "INFO", "message": "env env recv reset message", "file": "remote_env_server.py", "line": "282", "module": "env", "process": "remote_env_server", "function": "run_once", "stack": "", "pid": 112}
{"time": "2026-04-18 12:11:33.948722", "level": "INFO", "message": "env Select map in order: episode=156, map_id=7 from map_list=[1, 2, 3, 4, 5, 6, 7, 8, 9, 10]", "file": "data_handler.py", "line": "148", "module": "env", "process": "data_handler", "function": "handle_usr_conf", "stack": "", "pid": 112}
{"time": "2026-04-18 12:11:41.684632", "level": "INFO", "message": "env data_handler finish success", "file": "data_handler.py", "line": "189", "module": "env", "process": "data_handler", "function": "finish", "stack": "", "pid": 112}
{"time": "2026-04-18 12:11:41.685324", "level": "INFO", "message": "env env run once episode done, process_run_count is 125043", "file": "remote_env_server.py", "line": "298", "module": "env", "process": "remote_env_server", "function": "run_once", "stack": "", "pid": 112}
{"time": "2026-04-18 12:11:41.733317", "level": "INFO", "message": "env env recv reset message", "file": "remote_env_server.py", "line": "282", "module": "env", "process": "remote_env_server", "function": "run_once", "stack": "", "pid": 112}
{"time": "2026-04-18 12:11:41.734287", "level": "INFO", "message": "env Select map in order: episode=157, map_id=8 from map_list=[1, 2, 3, 4, 5, 6, 7, 8, 9, 10]", "file": "data_handler.py", "line": "148", "module": "env", "process": "data_handler", "function": "handle_usr_conf", "stack": "", "pid": 112}
{"time": "2026-04-18 12:11:47.510650", "level": "INFO", "message": "env data_handler finish success", "file": "data_handler.py", "line": "189", "module": "env", "process": "data_handler", "function": "finish", "stack": "", "pid": 112}
{"time": "2026-04-18 12:11:47.512890", "level": "INFO", "message": "env env run once episode done, process_run_count is 125945", "file": "remote_env_server.py", "line": "298", "module": "env", "process": "remote_env_server", "function": "run_once", "stack": "", "pid": 112}
{"time": "2026-04-18 12:11:47.556678", "level": "INFO", "message": "env env recv reset message", "file": "remote_env_server.py", "line": "282", "module": "env", "process": "remote_env_server", "function": "run_once", "stack": "", "pid": 112}
{"time": "2026-04-18 12:11:47.557455", "level": "INFO", "message": "env Select map in order: episode=158, map_id=9 from map_list=[1, 2, 3, 4, 5, 6, 7, 8, 9, 10]", "file": "data_handler.py", "line": "148", "module": "env", "process": "data_handler", "function": "handle_usr_conf", "stack": "", "pid": 112}
{"time": "2026-04-18 12:11:54.925016", "level": "INFO", "message": "env finish monitor_data is {'total_score': 901, 'clean_score': 901, 'total_map': 10, 'map_random': 0, 'map_code': 9, 'max_steps': 1000, 'finished_steps': 1000, 'total_charger': 4, 'charge_count': 10, 'remaining_charge': 73}", "file": "monitor_helper.py", "line": "95", "module": "env", "process": "monitor_helper", "function": "finish", "stack": "", "pid": 112}
{"time": "2026-04-18 12:11:54.925704", "level": "INFO", "message": "env data_handler finish success", "file": "data_handler.py", "line": "189", "module": "env", "process": "data_handler", "function": "finish", "stack": "", "pid": 112}
{"time": "2026-04-18 12:11:54.926239", "level": "INFO", "message": "env env run once episode done, process_run_count is 126946", "file": "remote_env_server.py", "line": "298", "module": "env", "process": "remote_env_server", "function": "run_once", "stack": "", "pid": 112}
{"time": "2026-04-18 12:11:54.969885", "level": "INFO", "message": "env env recv reset message", "file": "remote_env_server.py", "line": "282", "module": "env", "process": "remote_env_server", "function": "run_once", "stack": "", "pid": 112}
{"time": "2026-04-18 12:11:54.970621", "level": "INFO", "message": "env Select map in order: episode=159, map_id=10 from map_list=[1, 2, 3, 4, 5, 6, 7, 8, 9, 10]", "file": "data_handler.py", "line": "148", "module": "env", "process": "data_handler", "function": "handle_usr_conf", "stack": "", "pid": 112}
{"time": "2026-04-18 12:12:02.332687", "level": "INFO", "message": "env data_handler finish success", "file": "data_handler.py", "line": "189", "module": "env", "process": "data_handler", "function": "finish", "stack": "", "pid": 112}
{"time": "2026-04-18 12:12:02.333250", "level": "INFO", "message": "env env run once episode done, process_run_count is 127947", "file": "remote_env_server.py", "line": "298", "module": "env", "process": "remote_env_server", "function": "run_once", "stack": "", "pid": 112}
{"time": "2026-04-18 12:12:02.383904", "level": "INFO", "message": "env env recv reset message", "file": "remote_env_server.py", "line": "282", "module": "env", "process": "remote_env_server", "function": "run_once", "stack": "", "pid": 112}
{"time": "2026-04-18 12:12:02.384634", "level": "INFO", "message": "env Select map in order: episode=160, map_id=1 from map_list=[1, 2, 3, 4, 5, 6, 7, 8, 9, 10]", "file": "data_handler.py", "line": "148", "module": "env", "process": "data_handler", "function": "handle_usr_conf", "stack": "", "pid": 112}
{"time": "2026-04-18 12:12:09.870225", "level": "INFO", "message": "env data_handler finish success", "file": "data_handler.py", "line": "189", "module": "env", "process": "data_handler", "function": "finish", "stack": "", "pid": 112}
{"time": "2026-04-18 12:12:09.870893", "level": "INFO", "message": "env env run once episode done, process_run_count is 128948", "file": "remote_env_server.py", "line": "298", "module": "env", "process": "remote_env_server", "function": "run_once", "stack": "", "pid": 112}
{"time": "2026-04-18 12:12:09.916737", "level": "INFO", "message": "env env recv reset message", "file": "remote_env_server.py", "line": "282", "module": "env", "process": "remote_env_server", "function": "run_once", "stack": "", "pid": 112}
{"time": "2026-04-18 12:12:09.917611", "level": "INFO", "message": "env Select map in order: episode=161, map_id=2 from map_list=[1, 2, 3, 4, 5, 6, 7, 8, 9, 10]", "file": "data_handler.py", "line": "148", "module": "env", "process": "data_handler", "function": "handle_usr_conf", "stack": "", "pid": 112}
{"time": "2026-04-18 12:12:16.465145", "level": "INFO", "message": "env data_handler finish success", "file": "data_handler.py", "line": "189", "module": "env", "process": "data_handler", "function": "finish", "stack": "", "pid": 112}
{"time": "2026-04-18 12:12:16.465649", "level": "INFO", "message": "env env run once episode done, process_run_count is 129949", "file": "remote_env_server.py", "line": "298", "module": "env", "process": "remote_env_server", "function": "run_once", "stack": "", "pid": 112}
{"time": "2026-04-18 12:12:16.509966", "level": "INFO", "message": "env env recv reset message", "file": "remote_env_server.py", "line": "282", "module": "env", "process": "remote_env_server", "function": "run_once", "stack": "", "pid": 112}
{"time": "2026-04-18 12:12:16.510625", "level": "INFO", "message": "env Select map in order: episode=162, map_id=3 from map_list=[1, 2, 3, 4, 5, 6, 7, 8, 9, 10]", "file": "data_handler.py", "line": "148", "module": "env", "process": "data_handler", "function": "handle_usr_conf", "stack": "", "pid": 112}
{"time": "2026-04-18 12:12:23.845596", "level": "INFO", "message": "env data_handler finish success", "file": "data_handler.py", "line": "189", "module": "env", "process": "data_handler", "function": "finish", "stack": "", "pid": 112}
{"time": "2026-04-18 12:12:23.847052", "level": "INFO", "message": "env env run once episode done, process_run_count is 130950", "file": "remote_env_server.py", "line": "298", "module": "env", "process": "remote_env_server", "function": "run_once", "stack": "", "pid": 112}
{"time": "2026-04-18 12:12:23.890296", "level": "INFO", "message": "env env recv reset message", "file": "remote_env_server.py", "line": "282", "module": "env", "process": "remote_env_server", "function": "run_once", "stack": "", "pid": 112}
{"time": "2026-04-18 12:12:23.890991", "level": "INFO", "message": "env Select map in order: episode=163, map_id=4 from map_list=[1, 2, 3, 4, 5, 6, 7, 8, 9, 10]", "file": "data_handler.py", "line": "148", "module": "env", "process": "data_handler", "function": "handle_usr_conf", "stack": "", "pid": 112}
{"time": "2026-04-18 12:12:25.388325", "level": "INFO", "message": "env data_handler finish success", "file": "data_handler.py", "line": "189", "module": "env", "process": "data_handler", "function": "finish", "stack": "", "pid": 112}
{"time": "2026-04-18 12:12:25.389011", "level": "INFO", "message": "env env run once episode done, process_run_count is 131133", "file": "remote_env_server.py", "line": "298", "module": "env", "process": "remote_env_server", "function": "run_once", "stack": "", "pid": 112}
{"time": "2026-04-18 12:12:25.397388", "level": "INFO", "message": "env env recv reset message", "file": "remote_env_server.py", "line": "282", "module": "env", "process": "remote_env_server", "function": "run_once", "stack": "", "pid": 112}
{"time": "2026-04-18 12:12:25.397957", "level": "INFO", "message": "env Select map in order: episode=164, map_id=5 from map_list=[1, 2, 3, 4, 5, 6, 7, 8, 9, 10]", "file": "data_handler.py", "line": "148", "module": "env", "process": "data_handler", "function": "handle_usr_conf", "stack": "", "pid": 112}
{"time": "2026-04-18 12:12:32.820814", "level": "INFO", "message": "env data_handler finish success", "file": "data_handler.py", "line": "189", "module": "env", "process": "data_handler", "function": "finish", "stack": "", "pid": 112}
{"time": "2026-04-18 12:12:32.821496", "level": "INFO", "message": "env env run once episode done, process_run_count is 132134", "file": "remote_env_server.py", "line": "298", "module": "env", "process": "remote_env_server", "function": "run_once", "stack": "", "pid": 112}
{"time": "2026-04-18 12:12:32.869156", "level": "INFO", "message": "env env recv reset message", "file": "remote_env_server.py", "line": "282", "module": "env", "process": "remote_env_server", "function": "run_once", "stack": "", "pid": 112}
{"time": "2026-04-18 12:12:32.869894", "level": "INFO", "message": "env Select map in order: episode=165, map_id=6 from map_list=[1, 2, 3, 4, 5, 6, 7, 8, 9, 10]", "file": "data_handler.py", "line": "148", "module": "env", "process": "data_handler", "function": "handle_usr_conf", "stack": "", "pid": 112}
{"time": "2026-04-18 12:12:39.232594", "level": "INFO", "message": "env data_handler finish success", "file": "data_handler.py", "line": "189", "module": "env", "process": "data_handler", "function": "finish", "stack": "", "pid": 112}
{"time": "2026-04-18 12:12:39.233300", "level": "INFO", "message": "env env run once episode done, process_run_count is 132983", "file": "remote_env_server.py", "line": "298", "module": "env", "process": "remote_env_server", "function": "run_once", "stack": "", "pid": 112}
{"time": "2026-04-18 12:12:39.275879", "level": "INFO", "message": "env env recv reset message", "file": "remote_env_server.py", "line": "282", "module": "env", "process": "remote_env_server", "function": "run_once", "stack": "", "pid": 112}
{"time": "2026-04-18 12:12:39.276862", "level": "INFO", "message": "env Select map in order: episode=166, map_id=7 from map_list=[1, 2, 3, 4, 5, 6, 7, 8, 9, 10]", "file": "data_handler.py", "line": "148", "module": "env", "process": "data_handler", "function": "handle_usr_conf", "stack": "", "pid": 112}
{"time": "2026-04-18 12:12:41.702626", "level": "INFO", "message": "env data_handler finish success", "file": "data_handler.py", "line": "189", "module": "env", "process": "data_handler", "function": "finish", "stack": "", "pid": 112}
{"time": "2026-04-18 12:12:41.703352", "level": "INFO", "message": "env env run once episode done, process_run_count is 133293", "file": "remote_env_server.py", "line": "298", "module": "env", "process": "remote_env_server", "function": "run_once", "stack": "", "pid": 112}
{"time": "2026-04-18 12:12:41.716432", "level": "INFO", "message": "env env recv reset message", "file": "remote_env_server.py", "line": "282", "module": "env", "process": "remote_env_server", "function": "run_once", "stack": "", "pid": 112}
{"time": "2026-04-18 12:12:41.717265", "level": "INFO", "message": "env Select map in order: episode=167, map_id=8 from map_list=[1, 2, 3, 4, 5, 6, 7, 8, 9, 10]", "file": "data_handler.py", "line": "148", "module": "env", "process": "data_handler", "function": "handle_usr_conf", "stack": "", "pid": 112}
{"time": "2026-04-18 12:12:48.189848", "level": "INFO", "message": "env data_handler finish success", "file": "data_handler.py", "line": "189", "module": "env", "process": "data_handler", "function": "finish", "stack": "", "pid": 112}
{"time": "2026-04-18 12:12:48.190472", "level": "INFO", "message": "env env run once episode done, process_run_count is 134294", "file": "remote_env_server.py", "line": "298", "module": "env", "process": "remote_env_server", "function": "run_once", "stack": "", "pid": 112}
{"time": "2026-04-18 12:12:48.236853", "level": "INFO", "message": "env env recv reset message", "file": "remote_env_server.py", "line": "282", "module": "env", "process": "remote_env_server", "function": "run_once", "stack": "", "pid": 112}
{"time": "2026-04-18 12:12:48.237703", "level": "INFO", "message": "env Select map in order: episode=168, map_id=9 from map_list=[1, 2, 3, 4, 5, 6, 7, 8, 9, 10]", "file": "data_handler.py", "line": "148", "module": "env", "process": "data_handler", "function": "handle_usr_conf", "stack": "", "pid": 112}
{"time": "2026-04-18 12:12:52.486178", "level": "INFO", "message": "env data_handler finish success", "file": "data_handler.py", "line": "189", "module": "env", "process": "data_handler", "function": "finish", "stack": "", "pid": 112}
{"time": "2026-04-18 12:12:52.486799", "level": "INFO", "message": "env env run once episode done, process_run_count is 134849", "file": "remote_env_server.py", "line": "298", "module": "env", "process": "remote_env_server", "function": "run_once", "stack": "", "pid": 112}
{"time": "2026-04-18 12:12:52.512090", "level": "INFO", "message": "env env recv reset message", "file": "remote_env_server.py", "line": "282", "module": "env", "process": "remote_env_server", "function": "run_once", "stack": "", "pid": 112}
{"time": "2026-04-18 12:12:52.512842", "level": "INFO", "message": "env Select map in order: episode=169, map_id=10 from map_list=[1, 2, 3, 4, 5, 6, 7, 8, 9, 10]", "file": "data_handler.py", "line": "148", "module": "env", "process": "data_handler", "function": "handle_usr_conf", "stack": "", "pid": 112}
{"time": "2026-04-18 12:12:59.951812", "level": "INFO", "message": "env finish monitor_data is {'total_score': 829, 'clean_score': 829, 'total_map': 10, 'map_random': 0, 'map_code': 10, 'max_steps': 1000, 'finished_steps': 1000, 'total_charger': 4, 'charge_count': 9, 'remaining_charge': 109}", "file": "monitor_helper.py", "line": "95", "module": "env", "process": "monitor_helper", "function": "finish", "stack": "", "pid": 112}
{"time": "2026-04-18 12:12:59.952505", "level": "INFO", "message": "env data_handler finish success", "file": "data_handler.py", "line": "189", "module": "env", "process": "data_handler", "function": "finish", "stack": "", "pid": 112}
{"time": "2026-04-18 12:12:59.953063", "level": "INFO", "message": "env env run once episode done, process_run_count is 135850", "file": "remote_env_server.py", "line": "298", "module": "env", "process": "remote_env_server", "function": "run_once", "stack": "", "pid": 112}
{"time": "2026-04-18 12:12:59.999945", "level": "INFO", "message": "env env recv reset message", "file": "remote_env_server.py", "line": "282", "module": "env", "process": "remote_env_server", "function": "run_once", "stack": "", "pid": 112}
{"time": "2026-04-18 12:13:00.000707", "level": "INFO", "message": "env Select map in order: episode=170, map_id=1 from map_list=[1, 2, 3, 4, 5, 6, 7, 8, 9, 10]", "file": "data_handler.py", "line": "148", "module": "env", "process": "data_handler", "function": "handle_usr_conf", "stack": "", "pid": 112}
{"time": "2026-04-18 12:13:07.530934", "level": "INFO", "message": "env data_handler finish success", "file": "data_handler.py", "line": "189", "module": "env", "process": "data_handler", "function": "finish", "stack": "", "pid": 112}
{"time": "2026-04-18 12:13:07.531666", "level": "INFO", "message": "env env run once episode done, process_run_count is 136851", "file": "remote_env_server.py", "line": "298", "module": "env", "process": "remote_env_server", "function": "run_once", "stack": "", "pid": 112}
{"time": "2026-04-18 12:13:07.579815", "level": "INFO", "message": "env env recv reset message", "file": "remote_env_server.py", "line": "282", "module": "env", "process": "remote_env_server", "function": "run_once", "stack": "", "pid": 112}
{"time": "2026-04-18 12:13:07.580788", "level": "INFO", "message": "env Select map in order: episode=171, map_id=2 from map_list=[1, 2, 3, 4, 5, 6, 7, 8, 9, 10]", "file": "data_handler.py", "line": "148", "module": "env", "process": "data_handler", "function": "handle_usr_conf", "stack": "", "pid": 112}
{"time": "2026-04-18 12:13:14.262159", "level": "INFO", "message": "env data_handler finish success", "file": "data_handler.py", "line": "189", "module": "env", "process": "data_handler", "function": "finish", "stack": "", "pid": 112}
{"time": "2026-04-18 12:13:14.262942", "level": "INFO", "message": "env env run once episode done, process_run_count is 137852", "file": "remote_env_server.py", "line": "298", "module": "env", "process": "remote_env_server", "function": "run_once", "stack": "", "pid": 112}
{"time": "2026-04-18 12:13:14.324840", "level": "INFO", "message": "env env recv reset message", "file": "remote_env_server.py", "line": "282", "module": "env", "process": "remote_env_server", "function": "run_once", "stack": "", "pid": 112}
{"time": "2026-04-18 12:13:14.325559", "level": "INFO", "message": "env Select map in order: episode=172, map_id=3 from map_list=[1, 2, 3, 4, 5, 6, 7, 8, 9, 10]", "file": "data_handler.py", "line": "148", "module": "env", "process": "data_handler", "function": "handle_usr_conf", "stack": "", "pid": 112}
{"time": "2026-04-18 12:13:21.841378", "level": "INFO", "message": "env data_handler finish success", "file": "data_handler.py", "line": "189", "module": "env", "process": "data_handler", "function": "finish", "stack": "", "pid": 112}
{"time": "2026-04-18 12:13:21.841961", "level": "INFO", "message": "env env run once episode done, process_run_count is 138851", "file": "remote_env_server.py", "line": "298", "module": "env", "process": "remote_env_server", "function": "run_once", "stack": "", "pid": 112}
{"time": "2026-04-18 12:13:21.890431", "level": "INFO", "message": "env env recv reset message", "file": "remote_env_server.py", "line": "282", "module": "env", "process": "remote_env_server", "function": "run_once", "stack": "", "pid": 112}
{"time": "2026-04-18 12:13:21.891330", "level": "INFO", "message": "env Select map in order: episode=173, map_id=4 from map_list=[1, 2, 3, 4, 5, 6, 7, 8, 9, 10]", "file": "data_handler.py", "line": "148", "module": "env", "process": "data_handler", "function": "handle_usr_conf", "stack": "", "pid": 112}
{"time": "2026-04-18 12:13:24.341253", "level": "INFO", "message": "env data_handler finish success", "file": "data_handler.py", "line": "189", "module": "env", "process": "data_handler", "function": "finish", "stack": "", "pid": 112}
{"time": "2026-04-18 12:13:24.341814", "level": "INFO", "message": "env env run once episode done, process_run_count is 139161", "file": "remote_env_server.py", "line": "298", "module": "env", "process": "remote_env_server", "function": "run_once", "stack": "", "pid": 112}
{"time": "2026-04-18 12:13:24.362034", "level": "INFO", "message": "env env recv reset message", "file": "remote_env_server.py", "line": "282", "module": "env", "process": "remote_env_server", "function": "run_once", "stack": "", "pid": 112}
{"time": "2026-04-18 12:13:24.363031", "level": "INFO", "message": "env Select map in order: episode=174, map_id=5 from map_list=[1, 2, 3, 4, 5, 6, 7, 8, 9, 10]", "file": "data_handler.py", "line": "148", "module": "env", "process": "data_handler", "function": "handle_usr_conf", "stack": "", "pid": 112}
{"time": "2026-04-18 12:13:31.052330", "level": "INFO", "message": "env data_handler finish success", "file": "data_handler.py", "line": "189", "module": "env", "process": "data_handler", "function": "finish", "stack": "", "pid": 112}
{"time": "2026-04-18 12:13:31.053062", "level": "INFO", "message": "env env run once episode done, process_run_count is 140061", "file": "remote_env_server.py", "line": "298", "module": "env", "process": "remote_env_server", "function": "run_once", "stack": "", "pid": 112}
{"time": "2026-04-18 12:13:31.091012", "level": "INFO", "message": "env env recv reset message", "file": "remote_env_server.py", "line": "282", "module": "env", "process": "remote_env_server", "function": "run_once", "stack": "", "pid": 112}
{"time": "2026-04-18 12:13:31.091959", "level": "INFO", "message": "env Select map in order: episode=175, map_id=6 from map_list=[1, 2, 3, 4, 5, 6, 7, 8, 9, 10]", "file": "data_handler.py", "line": "148", "module": "env", "process": "data_handler", "function": "handle_usr_conf", "stack": "", "pid": 112}
{"time": "2026-04-18 12:13:38.100658", "level": "INFO", "message": "env data_handler finish success", "file": "data_handler.py", "line": "189", "module": "env", "process": "data_handler", "function": "finish", "stack": "", "pid": 112}
{"time": "2026-04-18 12:13:38.101154", "level": "INFO", "message": "env env run once episode done, process_run_count is 141062", "file": "remote_env_server.py", "line": "298", "module": "env", "process": "remote_env_server", "function": "run_once", "stack": "", "pid": 112}
{"time": "2026-04-18 12:13:38.146244", "level": "INFO", "message": "env env recv reset message", "file": "remote_env_server.py", "line": "282", "module": "env", "process": "remote_env_server", "function": "run_once", "stack": "", "pid": 112}
{"time": "2026-04-18 12:13:38.146903", "level": "INFO", "message": "env Select map in order: episode=176, map_id=7 from map_list=[1, 2, 3, 4, 5, 6, 7, 8, 9, 10]", "file": "data_handler.py", "line": "148", "module": "env", "process": "data_handler", "function": "handle_usr_conf", "stack": "", "pid": 112}
{"time": "2026-04-18 12:13:44.201238", "level": "INFO", "message": "env data_handler finish success", "file": "data_handler.py", "line": "189", "module": "env", "process": "data_handler", "function": "finish", "stack": "", "pid": 112}
{"time": "2026-04-18 12:13:44.201845", "level": "INFO", "message": "env env run once episode done, process_run_count is 142032", "file": "remote_env_server.py", "line": "298", "module": "env", "process": "remote_env_server", "function": "run_once", "stack": "", "pid": 112}
{"time": "2026-04-18 12:13:44.244442", "level": "INFO", "message": "env env recv reset message", "file": "remote_env_server.py", "line": "282", "module": "env", "process": "remote_env_server", "function": "run_once", "stack": "", "pid": 112}
{"time": "2026-04-18 12:13:44.245265", "level": "INFO", "message": "env Select map in order: episode=177, map_id=8 from map_list=[1, 2, 3, 4, 5, 6, 7, 8, 9, 10]", "file": "data_handler.py", "line": "148", "module": "env", "process": "data_handler", "function": "handle_usr_conf", "stack": "", "pid": 112}
{"time": "2026-04-18 12:13:50.777532", "level": "INFO", "message": "env data_handler finish success", "file": "data_handler.py", "line": "189", "module": "env", "process": "data_handler", "function": "finish", "stack": "", "pid": 112}
{"time": "2026-04-18 12:13:50.778205", "level": "INFO", "message": "env env run once episode done, process_run_count is 142965", "file": "remote_env_server.py", "line": "298", "module": "env", "process": "remote_env_server", "function": "run_once", "stack": "", "pid": 112}
{"time": "2026-04-18 12:13:50.812364", "level": "INFO", "message": "env env recv reset message", "file": "remote_env_server.py", "line": "282", "module": "env", "process": "remote_env_server", "function": "run_once", "stack": "", "pid": 112}
{"time": "2026-04-18 12:13:50.813193", "level": "INFO", "message": "env Select map in order: episode=178, map_id=9 from map_list=[1, 2, 3, 4, 5, 6, 7, 8, 9, 10]", "file": "data_handler.py", "line": "148", "module": "env", "process": "data_handler", "function": "handle_usr_conf", "stack": "", "pid": 112}
{"time": "2026-04-18 12:13:57.839578", "level": "INFO", "message": "env data_handler finish success", "file": "data_handler.py", "line": "189", "module": "env", "process": "data_handler", "function": "finish", "stack": "", "pid": 112}
{"time": "2026-04-18 12:13:57.840818", "level": "INFO", "message": "env env run once episode done, process_run_count is 143966", "file": "remote_env_server.py", "line": "298", "module": "env", "process": "remote_env_server", "function": "run_once", "stack": "", "pid": 112}
{"time": "2026-04-18 12:13:57.879958", "level": "INFO", "message": "env env recv reset message", "file": "remote_env_server.py", "line": "282", "module": "env", "process": "remote_env_server", "function": "run_once", "stack": "", "pid": 112}
{"time": "2026-04-18 12:13:57.880992", "level": "INFO", "message": "env Select map in order: episode=179, map_id=10 from map_list=[1, 2, 3, 4, 5, 6, 7, 8, 9, 10]", "file": "data_handler.py", "line": "148", "module": "env", "process": "data_handler", "function": "handle_usr_conf", "stack": "", "pid": 112}
{"time": "2026-04-18 12:14:04.881288", "level": "INFO", "message": "env finish monitor_data is {'total_score': 797, 'clean_score': 797, 'total_map': 10, 'map_random': 0, 'map_code': 10, 'max_steps': 1000, 'finished_steps': 1000, 'total_charger': 4, 'charge_count': 9, 'remaining_charge': 98}", "file": "monitor_helper.py", "line": "95", "module": "env", "process": "monitor_helper", "function": "finish", "stack": "", "pid": 112}
{"time": "2026-04-18 12:14:04.882125", "level": "INFO", "message": "env data_handler finish success", "file": "data_handler.py", "line": "189", "module": "env", "process": "data_handler", "function": "finish", "stack": "", "pid": 112}
{"time": "2026-04-18 12:14:04.882619", "level": "INFO", "message": "env env run once episode done, process_run_count is 144967", "file": "remote_env_server.py", "line": "298", "module": "env", "process": "remote_env_server", "function": "run_once", "stack": "", "pid": 112}
{"time": "2026-04-18 12:14:04.927085", "level": "INFO", "message": "env env recv reset message", "file": "remote_env_server.py", "line": "282", "module": "env", "process": "remote_env_server", "function": "run_once", "stack": "", "pid": 112}
{"time": "2026-04-18 12:14:04.927871", "level": "INFO", "message": "env Select map in order: episode=180, map_id=1 from map_list=[1, 2, 3, 4, 5, 6, 7, 8, 9, 10]", "file": "data_handler.py", "line": "148", "module": "env", "process": "data_handler", "function": "handle_usr_conf", "stack": "", "pid": 112}
{"time": "2026-04-18 12:14:11.958795", "level": "INFO", "message": "env data_handler finish success", "file": "data_handler.py", "line": "189", "module": "env", "process": "data_handler", "function": "finish", "stack": "", "pid": 112}
{"time": "2026-04-18 12:14:11.959497", "level": "INFO", "message": "env env run once episode done, process_run_count is 145968", "file": "remote_env_server.py", "line": "298", "module": "env", "process": "remote_env_server", "function": "run_once", "stack": "", "pid": 112}
{"time": "2026-04-18 12:14:12.002108", "level": "INFO", "message": "env env recv reset message", "file": "remote_env_server.py", "line": "282", "module": "env", "process": "remote_env_server", "function": "run_once", "stack": "", "pid": 112}
{"time": "2026-04-18 12:14:12.002911", "level": "INFO", "message": "env Select map in order: episode=181, map_id=2 from map_list=[1, 2, 3, 4, 5, 6, 7, 8, 9, 10]", "file": "data_handler.py", "line": "148", "module": "env", "process": "data_handler", "function": "handle_usr_conf", "stack": "", "pid": 112}
{"time": "2026-04-18 12:14:17.936550", "level": "INFO", "message": "env data_handler finish success", "file": "data_handler.py", "line": "189", "module": "env", "process": "data_handler", "function": "finish", "stack": "", "pid": 112}
{"time": "2026-04-18 12:14:17.937084", "level": "INFO", "message": "env env run once episode done, process_run_count is 146969", "file": "remote_env_server.py", "line": "298", "module": "env", "process": "remote_env_server", "function": "run_once", "stack": "", "pid": 112}
{"time": "2026-04-18 12:14:17.993974", "level": "INFO", "message": "env env recv reset message", "file": "remote_env_server.py", "line": "282", "module": "env", "process": "remote_env_server", "function": "run_once", "stack": "", "pid": 112}
{"time": "2026-04-18 12:14:17.997293", "level": "INFO", "message": "env Select map in order: episode=182, map_id=3 from map_list=[1, 2, 3, 4, 5, 6, 7, 8, 9, 10]", "file": "data_handler.py", "line": "148", "module": "env", "process": "data_handler", "function": "handle_usr_conf", "stack": "", "pid": 112}
{"time": "2026-04-18 12:14:24.966008", "level": "INFO", "message": "env data_handler finish success", "file": "data_handler.py", "line": "189", "module": "env", "process": "data_handler", "function": "finish", "stack": "", "pid": 112}
{"time": "2026-04-18 12:14:24.966460", "level": "INFO", "message": "env env run once episode done, process_run_count is 147970", "file": "remote_env_server.py", "line": "298", "module": "env", "process": "remote_env_server", "function": "run_once", "stack": "", "pid": 112}
{"time": "2026-04-18 12:14:25.004803", "level": "INFO", "message": "env env recv reset message", "file": "remote_env_server.py", "line": "282", "module": "env", "process": "remote_env_server", "function": "run_once", "stack": "", "pid": 112}
{"time": "2026-04-18 12:14:25.005678", "level": "INFO", "message": "env Select map in order: episode=183, map_id=4 from map_list=[1, 2, 3, 4, 5, 6, 7, 8, 9, 10]", "file": "data_handler.py", "line": "148", "module": "env", "process": "data_handler", "function": "handle_usr_conf", "stack": "", "pid": 112}
{"time": "2026-04-18 12:14:29.230368", "level": "INFO", "message": "env data_handler finish success", "file": "data_handler.py", "line": "189", "module": "env", "process": "data_handler", "function": "finish", "stack": "", "pid": 112}
{"time": "2026-04-18 12:14:29.231237", "level": "INFO", "message": "env env run once episode done, process_run_count is 148568", "file": "remote_env_server.py", "line": "298", "module": "env", "process": "remote_env_server", "function": "run_once", "stack": "", "pid": 112}
{"time": "2026-04-18 12:14:29.253521", "level": "INFO", "message": "env env recv reset message", "file": "remote_env_server.py", "line": "282", "module": "env", "process": "remote_env_server", "function": "run_once", "stack": "", "pid": 112}
{"time": "2026-04-18 12:14:29.254487", "level": "INFO", "message": "env Select map in order: episode=184, map_id=5 from map_list=[1, 2, 3, 4, 5, 6, 7, 8, 9, 10]", "file": "data_handler.py", "line": "148", "module": "env", "process": "data_handler", "function": "handle_usr_conf", "stack": "", "pid": 112}
{"time": "2026-04-18 12:14:36.271365", "level": "INFO", "message": "env data_handler finish success", "file": "data_handler.py", "line": "189", "module": "env", "process": "data_handler", "function": "finish", "stack": "", "pid": 112}
{"time": "2026-04-18 12:14:36.271904", "level": "INFO", "message": "env env run once episode done, process_run_count is 149569", "file": "remote_env_server.py", "line": "298", "module": "env", "process": "remote_env_server", "function": "run_once", "stack": "", "pid": 112}
{"time": "2026-04-18 12:14:36.308664", "level": "INFO", "message": "env env recv reset message", "file": "remote_env_server.py", "line": "282", "module": "env", "process": "remote_env_server", "function": "run_once", "stack": "", "pid": 112}
{"time": "2026-04-18 12:14:36.309265", "level": "INFO", "message": "env Select map in order: episode=185, map_id=6 from map_list=[1, 2, 3, 4, 5, 6, 7, 8, 9, 10]", "file": "data_handler.py", "line": "148", "module": "env", "process": "data_handler", "function": "handle_usr_conf", "stack": "", "pid": 112}
{"time": "2026-04-18 12:14:37.833727", "level": "INFO", "message": "env data_handler finish success", "file": "data_handler.py", "line": "189", "module": "env", "process": "data_handler", "function": "finish", "stack": "", "pid": 112}
{"time": "2026-04-18 12:14:37.834440", "level": "INFO", "message": "env env run once episode done, process_run_count is 149770", "file": "remote_env_server.py", "line": "298", "module": "env", "process": "remote_env_server", "function": "run_once", "stack": "", "pid": 112}
{"time": "2026-04-18 12:14:37.844358", "level": "INFO", "message": "env env recv reset message", "file": "remote_env_server.py", "line": "282", "module": "env", "process": "remote_env_server", "function": "run_once", "stack": "", "pid": 112}
{"time": "2026-04-18 12:14:37.845330", "level": "INFO", "message": "env Select map in order: episode=186, map_id=7 from map_list=[1, 2, 3, 4, 5, 6, 7, 8, 9, 10]", "file": "data_handler.py", "line": "148", "module": "env", "process": "data_handler", "function": "handle_usr_conf", "stack": "", "pid": 112}
{"time": "2026-04-18 12:14:41.260988", "level": "INFO", "message": "env data_handler finish success", "file": "data_handler.py", "line": "189", "module": "env", "process": "data_handler", "function": "finish", "stack": "", "pid": 112}
{"time": "2026-04-18 12:14:41.261496", "level": "INFO", "message": "env env run once episode done, process_run_count is 150432", "file": "remote_env_server.py", "line": "298", "module": "env", "process": "remote_env_server", "function": "run_once", "stack": "", "pid": 112}
{"time": "2026-04-18 12:14:41.288688", "level": "INFO", "message": "env env recv reset message", "file": "remote_env_server.py", "line": "282", "module": "env", "process": "remote_env_server", "function": "run_once", "stack": "", "pid": 112}
{"time": "2026-04-18 12:14:41.289468", "level": "INFO", "message": "env Select map in order: episode=187, map_id=8 from map_list=[1, 2, 3, 4, 5, 6, 7, 8, 9, 10]", "file": "data_handler.py", "line": "148", "module": "env", "process": "data_handler", "function": "handle_usr_conf", "stack": "", "pid": 112}
{"time": "2026-04-18 12:14:47.362148", "level": "INFO", "message": "env data_handler finish success", "file": "data_handler.py", "line": "189", "module": "env", "process": "data_handler", "function": "finish", "stack": "", "pid": 112}
{"time": "2026-04-18 12:14:47.362806", "level": "INFO", "message": "env env run once episode done, process_run_count is 151284", "file": "remote_env_server.py", "line": "298", "module": "env", "process": "remote_env_server", "function": "run_once", "stack": "", "pid": 112}
{"time": "2026-04-18 12:14:47.400031", "level": "INFO", "message": "env env recv reset message", "file": "remote_env_server.py", "line": "282", "module": "env", "process": "remote_env_server", "function": "run_once", "stack": "", "pid": 112}
{"time": "2026-04-18 12:14:47.400771", "level": "INFO", "message": "env Select map in order: episode=188, map_id=9 from map_list=[1, 2, 3, 4, 5, 6, 7, 8, 9, 10]", "file": "data_handler.py", "line": "148", "module": "env", "process": "data_handler", "function": "handle_usr_conf", "stack": "", "pid": 112}
{"time": "2026-04-18 12:14:54.444903", "level": "INFO", "message": "env data_handler finish success", "file": "data_handler.py", "line": "189", "module": "env", "process": "data_handler", "function": "finish", "stack": "", "pid": 112}
{"time": "2026-04-18 12:14:54.445388", "level": "INFO", "message": "env env run once episode done, process_run_count is 152285", "file": "remote_env_server.py", "line": "298", "module": "env", "process": "remote_env_server", "function": "run_once", "stack": "", "pid": 112}
{"time": "2026-04-18 12:14:54.484075", "level": "INFO", "message": "env env recv reset message", "file": "remote_env_server.py", "line": "282", "module": "env", "process": "remote_env_server", "function": "run_once", "stack": "", "pid": 112}
{"time": "2026-04-18 12:14:54.484846", "level": "INFO", "message": "env Select map in order: episode=189, map_id=10 from map_list=[1, 2, 3, 4, 5, 6, 7, 8, 9, 10]", "file": "data_handler.py", "line": "148", "module": "env", "process": "data_handler", "function": "handle_usr_conf", "stack": "", "pid": 112}
{"time": "2026-04-18 12:15:01.468054", "level": "INFO", "message": "env data_handler finish success", "file": "data_handler.py", "line": "189", "module": "env", "process": "data_handler", "function": "finish", "stack": "", "pid": 112}
{"time": "2026-04-18 12:15:01.468540", "level": "INFO", "message": "env env run once episode done, process_run_count is 153286", "file": "remote_env_server.py", "line": "298", "module": "env", "process": "remote_env_server", "function": "run_once", "stack": "", "pid": 112}
{"time": "2026-04-18 12:15:01.511431", "level": "INFO", "message": "env env recv reset message", "file": "remote_env_server.py", "line": "282", "module": "env", "process": "remote_env_server", "function": "run_once", "stack": "", "pid": 112}
{"time": "2026-04-18 12:15:01.512112", "level": "INFO", "message": "env Select map in order: episode=190, map_id=1 from map_list=[1, 2, 3, 4, 5, 6, 7, 8, 9, 10]", "file": "data_handler.py", "line": "148", "module": "env", "process": "data_handler", "function": "handle_usr_conf", "stack": "", "pid": 112}
{"time": "2026-04-18 12:15:08.562851", "level": "INFO", "message": "env finish monitor_data is {'total_score': 884, 'clean_score': 884, 'total_map': 10, 'map_random': 0, 'map_code': 1, 'max_steps': 1000, 'finished_steps': 1000, 'total_charger': 4, 'charge_count': 10, 'remaining_charge': 135}", "file": "monitor_helper.py", "line": "95", "module": "env", "process": "monitor_helper", "function": "finish", "stack": "", "pid": 112}
{"time": "2026-04-18 12:15:08.563978", "level": "INFO", "message": "env data_handler finish success", "file": "data_handler.py", "line": "189", "module": "env", "process": "data_handler", "function": "finish", "stack": "", "pid": 112}
{"time": "2026-04-18 12:15:08.564580", "level": "INFO", "message": "env env run once episode done, process_run_count is 154287", "file": "remote_env_server.py", "line": "298", "module": "env", "process": "remote_env_server", "function": "run_once", "stack": "", "pid": 112}
{"time": "2026-04-18 12:15:08.599128", "level": "INFO", "message": "env env recv reset message", "file": "remote_env_server.py", "line": "282", "module": "env", "process": "remote_env_server", "function": "run_once", "stack": "", "pid": 112}
{"time": "2026-04-18 12:15:08.599991", "level": "INFO", "message": "env Select map in order: episode=191, map_id=2 from map_list=[1, 2, 3, 4, 5, 6, 7, 8, 9, 10]", "file": "data_handler.py", "line": "148", "module": "env", "process": "data_handler", "function": "handle_usr_conf", "stack": "", "pid": 112}
{"time": "2026-04-18 12:15:14.851832", "level": "INFO", "message": "env data_handler finish success", "file": "data_handler.py", "line": "189", "module": "env", "process": "data_handler", "function": "finish", "stack": "", "pid": 112}
{"time": "2026-04-18 12:15:14.852509", "level": "INFO", "message": "env env run once episode done, process_run_count is 155288", "file": "remote_env_server.py", "line": "298", "module": "env", "process": "remote_env_server", "function": "run_once", "stack": "", "pid": 112}
{"time": "2026-04-18 12:15:14.887874", "level": "INFO", "message": "env env recv reset message", "file": "remote_env_server.py", "line": "282", "module": "env", "process": "remote_env_server", "function": "run_once", "stack": "", "pid": 112}
{"time": "2026-04-18 12:15:14.888603", "level": "INFO", "message": "env Select map in order: episode=192, map_id=3 from map_list=[1, 2, 3, 4, 5, 6, 7, 8, 9, 10]", "file": "data_handler.py", "line": "148", "module": "env", "process": "data_handler", "function": "handle_usr_conf", "stack": "", "pid": 112}
{"time": "2026-04-18 12:15:19.915610", "level": "INFO", "message": "env data_handler finish success", "file": "data_handler.py", "line": "189", "module": "env", "process": "data_handler", "function": "finish", "stack": "", "pid": 112}
{"time": "2026-04-18 12:15:19.916272", "level": "INFO", "message": "env env run once episode done, process_run_count is 156007", "file": "remote_env_server.py", "line": "298", "module": "env", "process": "remote_env_server", "function": "run_once", "stack": "", "pid": 112}
{"time": "2026-04-18 12:15:19.943387", "level": "INFO", "message": "env env recv reset message", "file": "remote_env_server.py", "line": "282", "module": "env", "process": "remote_env_server", "function": "run_once", "stack": "", "pid": 112}
{"time": "2026-04-18 12:15:19.944244", "level": "INFO", "message": "env Select map in order: episode=193, map_id=4 from map_list=[1, 2, 3, 4, 5, 6, 7, 8, 9, 10]", "file": "data_handler.py", "line": "148", "module": "env", "process": "data_handler", "function": "handle_usr_conf", "stack": "", "pid": 112}
{"time": "2026-04-18 12:15:26.901352", "level": "INFO", "message": "env data_handler finish success", "file": "data_handler.py", "line": "189", "module": "env", "process": "data_handler", "function": "finish", "stack": "", "pid": 112}
{"time": "2026-04-18 12:15:26.901981", "level": "INFO", "message": "env env run once episode done, process_run_count is 157008", "file": "remote_env_server.py", "line": "298", "module": "env", "process": "remote_env_server", "function": "run_once", "stack": "", "pid": 112}
{"time": "2026-04-18 12:15:26.937684", "level": "INFO", "message": "env env recv reset message", "file": "remote_env_server.py", "line": "282", "module": "env", "process": "remote_env_server", "function": "run_once", "stack": "", "pid": 112}
{"time": "2026-04-18 12:15:26.938310", "level": "INFO", "message": "env Select map in order: episode=194, map_id=5 from map_list=[1, 2, 3, 4, 5, 6, 7, 8, 9, 10]", "file": "data_handler.py", "line": "148", "module": "env", "process": "data_handler", "function": "handle_usr_conf", "stack": "", "pid": 112}
{"time": "2026-04-18 12:15:33.878528", "level": "INFO", "message": "env data_handler finish success", "file": "data_handler.py", "line": "189", "module": "env", "process": "data_handler", "function": "finish", "stack": "", "pid": 112}
{"time": "2026-04-18 12:15:33.879156", "level": "INFO", "message": "env env run once episode done, process_run_count is 158009", "file": "remote_env_server.py", "line": "298", "module": "env", "process": "remote_env_server", "function": "run_once", "stack": "", "pid": 112}
{"time": "2026-04-18 12:15:33.915758", "level": "INFO", "message": "env env recv reset message", "file": "remote_env_server.py", "line": "282", "module": "env", "process": "remote_env_server", "function": "run_once", "stack": "", "pid": 112}
{"time": "2026-04-18 12:15:33.916618", "level": "INFO", "message": "env Select map in order: episode=195, map_id=6 from map_list=[1, 2, 3, 4, 5, 6, 7, 8, 9, 10]", "file": "data_handler.py", "line": "148", "module": "env", "process": "data_handler", "function": "handle_usr_conf", "stack": "", "pid": 112}
{"time": "2026-04-18 12:15:37.069887", "level": "INFO", "message": "env data_handler finish success", "file": "data_handler.py", "line": "189", "module": "env", "process": "data_handler", "function": "finish", "stack": "", "pid": 112}
{"time": "2026-04-18 12:15:37.070606", "level": "INFO", "message": "env env run once episode done, process_run_count is 158444", "file": "remote_env_server.py", "line": "298", "module": "env", "process": "remote_env_server", "function": "run_once", "stack": "", "pid": 112}
{"time": "2026-04-18 12:15:37.089466", "level": "INFO", "message": "env env recv reset message", "file": "remote_env_server.py", "line": "282", "module": "env", "process": "remote_env_server", "function": "run_once", "stack": "", "pid": 112}
{"time": "2026-04-18 12:15:37.090311", "level": "INFO", "message": "env Select map in order: episode=196, map_id=7 from map_list=[1, 2, 3, 4, 5, 6, 7, 8, 9, 10]", "file": "data_handler.py", "line": "148", "module": "env", "process": "data_handler", "function": "handle_usr_conf", "stack": "", "pid": 112}
{"time": "2026-04-18 12:15:42.059210", "level": "INFO", "message": "env data_handler finish success", "file": "data_handler.py", "line": "189", "module": "env", "process": "data_handler", "function": "finish", "stack": "", "pid": 112}
{"time": "2026-04-18 12:15:42.059840", "level": "INFO", "message": "env env run once episode done, process_run_count is 159296", "file": "remote_env_server.py", "line": "298", "module": "env", "process": "remote_env_server", "function": "run_once", "stack": "", "pid": 112}
{"time": "2026-04-18 12:15:42.096183", "level": "INFO", "message": "env env recv reset message", "file": "remote_env_server.py", "line": "282", "module": "env", "process": "remote_env_server", "function": "run_once", "stack": "", "pid": 112}
{"time": "2026-04-18 12:15:42.096925", "level": "INFO", "message": "env Select map in order: episode=197, map_id=8 from map_list=[1, 2, 3, 4, 5, 6, 7, 8, 9, 10]", "file": "data_handler.py", "line": "148", "module": "env", "process": "data_handler", "function": "handle_usr_conf", "stack": "", "pid": 112}
{"time": "2026-04-18 12:15:49.082846", "level": "INFO", "message": "env data_handler finish success", "file": "data_handler.py", "line": "189", "module": "env", "process": "data_handler", "function": "finish", "stack": "", "pid": 112}
{"time": "2026-04-18 12:15:49.083596", "level": "INFO", "message": "env env run once episode done, process_run_count is 160297", "file": "remote_env_server.py", "line": "298", "module": "env", "process": "remote_env_server", "function": "run_once", "stack": "", "pid": 112}
{"time": "2026-04-18 12:15:49.122244", "level": "INFO", "message": "env env recv reset message", "file": "remote_env_server.py", "line": "282", "module": "env", "process": "remote_env_server", "function": "run_once", "stack": "", "pid": 112}
{"time": "2026-04-18 12:15:49.123032", "level": "INFO", "message": "env Select map in order: episode=198, map_id=9 from map_list=[1, 2, 3, 4, 5, 6, 7, 8, 9, 10]", "file": "data_handler.py", "line": "148", "module": "env", "process": "data_handler", "function": "handle_usr_conf", "stack": "", "pid": 112}
{"time": "2026-04-18 12:15:51.185045", "level": "INFO", "message": "env data_handler finish success", "file": "data_handler.py", "line": "189", "module": "env", "process": "data_handler", "function": "finish", "stack": "", "pid": 112}
{"time": "2026-04-18 12:15:51.185616", "level": "INFO", "message": "env env run once episode done, process_run_count is 160571", "file": "remote_env_server.py", "line": "298", "module": "env", "process": "remote_env_server", "function": "run_once", "stack": "", "pid": 112}
{"time": "2026-04-18 12:15:51.197710", "level": "INFO", "message": "env env recv reset message", "file": "remote_env_server.py", "line": "282", "module": "env", "process": "remote_env_server", "function": "run_once", "stack": "", "pid": 112}
{"time": "2026-04-18 12:15:51.198497", "level": "INFO", "message": "env Select map in order: episode=199, map_id=10 from map_list=[1, 2, 3, 4, 5, 6, 7, 8, 9, 10]", "file": "data_handler.py", "line": "148", "module": "env", "process": "data_handler", "function": "handle_usr_conf", "stack": "", "pid": 112}
{"time": "2026-04-18 12:15:58.081824", "level": "INFO", "message": "env data_handler finish success", "file": "data_handler.py", "line": "189", "module": "env", "process": "data_handler", "function": "finish", "stack": "", "pid": 112}
{"time": "2026-04-18 12:15:58.082530", "level": "INFO", "message": "env env run once episode done, process_run_count is 161572", "file": "remote_env_server.py", "line": "298", "module": "env", "process": "remote_env_server", "function": "run_once", "stack": "", "pid": 112}
{"time": "2026-04-18 12:15:58.117015", "level": "INFO", "message": "env env recv reset message", "file": "remote_env_server.py", "line": "282", "module": "env", "process": "remote_env_server", "function": "run_once", "stack": "", "pid": 112}
{"time": "2026-04-18 12:15:58.118056", "level": "INFO", "message": "env Select map in order: episode=200, map_id=1 from map_list=[1, 2, 3, 4, 5, 6, 7, 8, 9, 10]", "file": "data_handler.py", "line": "148", "module": "env", "process": "data_handler", "function": "handle_usr_conf", "stack": "", "pid": 112}
{"time": "2026-04-18 12:16:04.619942", "level": "INFO", "message": "env data_handler finish success", "file": "data_handler.py", "line": "189", "module": "env", "process": "data_handler", "function": "finish", "stack": "", "pid": 112}
{"time": "2026-04-18 12:16:04.620563", "level": "INFO", "message": "env env run once episode done, process_run_count is 162573", "file": "remote_env_server.py", "line": "298", "module": "env", "process": "remote_env_server", "function": "run_once", "stack": "", "pid": 112}
{"time": "2026-04-18 12:16:04.654810", "level": "INFO", "message": "env env recv reset message", "file": "remote_env_server.py", "line": "282", "module": "env", "process": "remote_env_server", "function": "run_once", "stack": "", "pid": 112}
{"time": "2026-04-18 12:16:04.655592", "level": "INFO", "message": "env Select map in order: episode=201, map_id=2 from map_list=[1, 2, 3, 4, 5, 6, 7, 8, 9, 10]", "file": "data_handler.py", "line": "148", "module": "env", "process": "data_handler", "function": "handle_usr_conf", "stack": "", "pid": 112}
{"time": "2026-04-18 12:16:08.157326", "level": "INFO", "message": "env data_handler finish success", "file": "data_handler.py", "line": "189", "module": "env", "process": "data_handler", "function": "finish", "stack": "", "pid": 112}
{"time": "2026-04-18 12:16:08.158111", "level": "INFO", "message": "env env run once episode done, process_run_count is 163096", "file": "remote_env_server.py", "line": "298", "module": "env", "process": "remote_env_server", "function": "run_once", "stack": "", "pid": 112}
{"time": "2026-04-18 12:16:08.176618", "level": "INFO", "message": "env env recv reset message", "file": "remote_env_server.py", "line": "282", "module": "env", "process": "remote_env_server", "function": "run_once", "stack": "", "pid": 112}
{"time": "2026-04-18 12:16:08.177544", "level": "INFO", "message": "env Select map in order: episode=202, map_id=3 from map_list=[1, 2, 3, 4, 5, 6, 7, 8, 9, 10]", "file": "data_handler.py", "line": "148", "module": "env", "process": "data_handler", "function": "handle_usr_conf", "stack": "", "pid": 112}
{"time": "2026-04-18 12:16:13.565136", "level": "INFO", "message": "env finish monitor_data is {'total_score': 768, 'clean_score': 768, 'total_map': 10, 'map_random': 0, 'map_code': 3, 'max_steps': 1000, 'finished_steps': 968, 'total_charger': 4, 'charge_count': 7, 'remaining_charge': 0}", "file": "monitor_helper.py", "line": "95", "module": "env", "process": "monitor_helper", "function": "finish", "stack": "", "pid": 112}
{"time": "2026-04-18 12:16:13.565819", "level": "INFO", "message": "env data_handler finish success", "file": "data_handler.py", "line": "189", "module": "env", "process": "data_handler", "function": "finish", "stack": "", "pid": 112}
{"time": "2026-04-18 12:16:13.566261", "level": "INFO", "message": "env env run once episode done, process_run_count is 164065", "file": "remote_env_server.py", "line": "298", "module": "env", "process": "remote_env_server", "function": "run_once", "stack": "", "pid": 112}
{"time": "2026-04-18 12:16:13.599975", "level": "INFO", "message": "env env recv reset message", "file": "remote_env_server.py", "line": "282", "module": "env", "process": "remote_env_server", "function": "run_once", "stack": "", "pid": 112}
{"time": "2026-04-18 12:16:13.600790", "level": "INFO", "message": "env Select map in order: episode=203, map_id=4 from map_list=[1, 2, 3, 4, 5, 6, 7, 8, 9, 10]", "file": "data_handler.py", "line": "148", "module": "env", "process": "data_handler", "function": "handle_usr_conf", "stack": "", "pid": 112}
{"time": "2026-04-18 12:16:19.984362", "level": "INFO", "message": "env data_handler finish success", "file": "data_handler.py", "line": "189", "module": "env", "process": "data_handler", "function": "finish", "stack": "", "pid": 112}
{"time": "2026-04-18 12:16:19.985047", "level": "INFO", "message": "env env run once episode done, process_run_count is 165047", "file": "remote_env_server.py", "line": "298", "module": "env", "process": "remote_env_server", "function": "run_once", "stack": "", "pid": 112}
{"time": "2026-04-18 12:16:20.019062", "level": "INFO", "message": "env env recv reset message", "file": "remote_env_server.py", "line": "282", "module": "env", "process": "remote_env_server", "function": "run_once", "stack": "", "pid": 112}
{"time": "2026-04-18 12:16:20.019818", "level": "INFO", "message": "env Select map in order: episode=204, map_id=5 from map_list=[1, 2, 3, 4, 5, 6, 7, 8, 9, 10]", "file": "data_handler.py", "line": "148", "module": "env", "process": "data_handler", "function": "handle_usr_conf", "stack": "", "pid": 112}
{"time": "2026-04-18 12:16:21.438032", "level": "INFO", "message": "env data_handler finish success", "file": "data_handler.py", "line": "189", "module": "env", "process": "data_handler", "function": "finish", "stack": "", "pid": 112}
{"time": "2026-04-18 12:16:21.442169", "level": "INFO", "message": "env env run once episode done, process_run_count is 165248", "file": "remote_env_server.py", "line": "298", "module": "env", "process": "remote_env_server", "function": "run_once", "stack": "", "pid": 112}
{"time": "2026-04-18 12:16:21.449027", "level": "INFO", "message": "env env recv reset message", "file": "remote_env_server.py", "line": "282", "module": "env", "process": "remote_env_server", "function": "run_once", "stack": "", "pid": 112}
{"time": "2026-04-18 12:16:21.449734", "level": "INFO", "message": "env Select map in order: episode=205, map_id=6 from map_list=[1, 2, 3, 4, 5, 6, 7, 8, 9, 10]", "file": "data_handler.py", "line": "148", "module": "env", "process": "data_handler", "function": "handle_usr_conf", "stack": "", "pid": 112}
{"time": "2026-04-18 12:16:23.677431", "level": "INFO", "message": "env data_handler finish success", "file": "data_handler.py", "line": "189", "module": "env", "process": "data_handler", "function": "finish", "stack": "", "pid": 112}
{"time": "2026-04-18 12:16:23.678116", "level": "INFO", "message": "env env run once episode done, process_run_count is 165574", "file": "remote_env_server.py", "line": "298", "module": "env", "process": "remote_env_server", "function": "run_once", "stack": "", "pid": 112}
{"time": "2026-04-18 12:16:23.690828", "level": "INFO", "message": "env env recv reset message", "file": "remote_env_server.py", "line": "282", "module": "env", "process": "remote_env_server", "function": "run_once", "stack": "", "pid": 112}
{"time": "2026-04-18 12:16:23.691588", "level": "INFO", "message": "env Select map in order: episode=206, map_id=7 from map_list=[1, 2, 3, 4, 5, 6, 7, 8, 9, 10]", "file": "data_handler.py", "line": "148", "module": "env", "process": "data_handler", "function": "handle_usr_conf", "stack": "", "pid": 112}
{"time": "2026-04-18 12:16:25.142134", "level": "INFO", "message": "env data_handler finish success", "file": "data_handler.py", "line": "189", "module": "env", "process": "data_handler", "function": "finish", "stack": "", "pid": 112}
{"time": "2026-04-18 12:16:25.142674", "level": "INFO", "message": "env env run once episode done, process_run_count is 165775", "file": "remote_env_server.py", "line": "298", "module": "env", "process": "remote_env_server", "function": "run_once", "stack": "", "pid": 112}
{"time": "2026-04-18 12:16:25.152675", "level": "INFO", "message": "env env recv reset message", "file": "remote_env_server.py", "line": "282", "module": "env", "process": "remote_env_server", "function": "run_once", "stack": "", "pid": 112}
{"time": "2026-04-18 12:16:25.153304", "level": "INFO", "message": "env Select map in order: episode=207, map_id=8 from map_list=[1, 2, 3, 4, 5, 6, 7, 8, 9, 10]", "file": "data_handler.py", "line": "148", "module": "env", "process": "data_handler", "function": "handle_usr_conf", "stack": "", "pid": 112}
{"time": "2026-04-18 12:16:31.683792", "level": "INFO", "message": "env data_handler finish success", "file": "data_handler.py", "line": "189", "module": "env", "process": "data_handler", "function": "finish", "stack": "", "pid": 112}
{"time": "2026-04-18 12:16:31.684436", "level": "INFO", "message": "env env run once episode done, process_run_count is 166776", "file": "remote_env_server.py", "line": "298", "module": "env", "process": "remote_env_server", "function": "run_once", "stack": "", "pid": 112}
{"time": "2026-04-18 12:16:31.722820", "level": "INFO", "message": "env env recv reset message", "file": "remote_env_server.py", "line": "282", "module": "env", "process": "remote_env_server", "function": "run_once", "stack": "", "pid": 112}
{"time": "2026-04-18 12:16:31.723404", "level": "INFO", "message": "env Select map in order: episode=208, map_id=9 from map_list=[1, 2, 3, 4, 5, 6, 7, 8, 9, 10]", "file": "data_handler.py", "line": "148", "module": "env", "process": "data_handler", "function": "handle_usr_conf", "stack": "", "pid": 112}
{"time": "2026-04-18 12:16:37.280898", "level": "INFO", "message": "env data_handler finish success", "file": "data_handler.py", "line": "189", "module": "env", "process": "data_handler", "function": "finish", "stack": "", "pid": 112}
{"time": "2026-04-18 12:16:37.281389", "level": "INFO", "message": "env env run once episode done, process_run_count is 167777", "file": "remote_env_server.py", "line": "298", "module": "env", "process": "remote_env_server", "function": "run_once", "stack": "", "pid": 112}
{"time": "2026-04-18 12:16:37.316528", "level": "INFO", "message": "env env recv reset message", "file": "remote_env_server.py", "line": "282", "module": "env", "process": "remote_env_server", "function": "run_once", "stack": "", "pid": 112}
{"time": "2026-04-18 12:16:37.317143", "level": "INFO", "message": "env Select map in order: episode=209, map_id=10 from map_list=[1, 2, 3, 4, 5, 6, 7, 8, 9, 10]", "file": "data_handler.py", "line": "148", "module": "env", "process": "data_handler", "function": "handle_usr_conf", "stack": "", "pid": 112}
{"time": "2026-04-18 12:16:44.090018", "level": "INFO", "message": "env data_handler finish success", "file": "data_handler.py", "line": "189", "module": "env", "process": "data_handler", "function": "finish", "stack": "", "pid": 112}
{"time": "2026-04-18 12:16:44.090664", "level": "INFO", "message": "env env run once episode done, process_run_count is 168778", "file": "remote_env_server.py", "line": "298", "module": "env", "process": "remote_env_server", "function": "run_once", "stack": "", "pid": 112}
{"time": "2026-04-18 12:16:44.127844", "level": "INFO", "message": "env env recv reset message", "file": "remote_env_server.py", "line": "282", "module": "env", "process": "remote_env_server", "function": "run_once", "stack": "", "pid": 112}
{"time": "2026-04-18 12:16:44.128462", "level": "INFO", "message": "env Select map in order: episode=210, map_id=1 from map_list=[1, 2, 3, 4, 5, 6, 7, 8, 9, 10]", "file": "data_handler.py", "line": "148", "module": "env", "process": "data_handler", "function": "handle_usr_conf", "stack": "", "pid": 112}
{"time": "2026-04-18 12:16:50.778376", "level": "INFO", "message": "env data_handler finish success", "file": "data_handler.py", "line": "189", "module": "env", "process": "data_handler", "function": "finish", "stack": "", "pid": 112}
{"time": "2026-04-18 12:16:50.779054", "level": "INFO", "message": "env env run once episode done, process_run_count is 169779", "file": "remote_env_server.py", "line": "298", "module": "env", "process": "remote_env_server", "function": "run_once", "stack": "", "pid": 112}
{"time": "2026-04-18 12:16:50.818797", "level": "INFO", "message": "env env recv reset message", "file": "remote_env_server.py", "line": "282", "module": "env", "process": "remote_env_server", "function": "run_once", "stack": "", "pid": 112}
{"time": "2026-04-18 12:16:50.819491", "level": "INFO", "message": "env Select map in order: episode=211, map_id=2 from map_list=[1, 2, 3, 4, 5, 6, 7, 8, 9, 10]", "file": "data_handler.py", "line": "148", "module": "env", "process": "data_handler", "function": "handle_usr_conf", "stack": "", "pid": 112}
{"time": "2026-04-18 12:16:57.375529", "level": "INFO", "message": "env data_handler finish success", "file": "data_handler.py", "line": "189", "module": "env", "process": "data_handler", "function": "finish", "stack": "", "pid": 112}
{"time": "2026-04-18 12:16:57.376228", "level": "INFO", "message": "env env run once episode done, process_run_count is 170780", "file": "remote_env_server.py", "line": "298", "module": "env", "process": "remote_env_server", "function": "run_once", "stack": "", "pid": 112}
{"time": "2026-04-18 12:16:57.412171", "level": "INFO", "message": "env env recv reset message", "file": "remote_env_server.py", "line": "282", "module": "env", "process": "remote_env_server", "function": "run_once", "stack": "", "pid": 112}
{"time": "2026-04-18 12:16:57.412751", "level": "INFO", "message": "env Select map in order: episode=212, map_id=3 from map_list=[1, 2, 3, 4, 5, 6, 7, 8, 9, 10]", "file": "data_handler.py", "line": "148", "module": "env", "process": "data_handler", "function": "handle_usr_conf", "stack": "", "pid": 112}
{"time": "2026-04-18 12:17:02.109857", "level": "INFO", "message": "env data_handler finish success", "file": "data_handler.py", "line": "189", "module": "env", "process": "data_handler", "function": "finish", "stack": "", "pid": 112}
{"time": "2026-04-18 12:17:02.116054", "level": "INFO", "message": "env env run once episode done, process_run_count is 171493", "file": "remote_env_server.py", "line": "298", "module": "env", "process": "remote_env_server", "function": "run_once", "stack": "", "pid": 112}
{"time": "2026-04-18 12:17:02.137833", "level": "INFO", "message": "env env recv reset message", "file": "remote_env_server.py", "line": "282", "module": "env", "process": "remote_env_server", "function": "run_once", "stack": "", "pid": 112}
{"time": "2026-04-18 12:17:02.138638", "level": "INFO", "message": "env Select map in order: episode=213, map_id=4 from map_list=[1, 2, 3, 4, 5, 6, 7, 8, 9, 10]", "file": "data_handler.py", "line": "148", "module": "env", "process": "data_handler", "function": "handle_usr_conf", "stack": "", "pid": 112}
{"time": "2026-04-18 12:17:04.620267", "level": "INFO", "message": "env data_handler finish success", "file": "data_handler.py", "line": "189", "module": "env", "process": "data_handler", "function": "finish", "stack": "", "pid": 112}
{"time": "2026-04-18 12:17:04.620779", "level": "INFO", "message": "env env run once episode done, process_run_count is 171856", "file": "remote_env_server.py", "line": "298", "module": "env", "process": "remote_env_server", "function": "run_once", "stack": "", "pid": 112}
{"time": "2026-04-18 12:17:04.635863", "level": "INFO", "message": "env env recv reset message", "file": "remote_env_server.py", "line": "282", "module": "env", "process": "remote_env_server", "function": "run_once", "stack": "", "pid": 112}
{"time": "2026-04-18 12:17:04.636669", "level": "INFO", "message": "env Select map in order: episode=214, map_id=5 from map_list=[1, 2, 3, 4, 5, 6, 7, 8, 9, 10]", "file": "data_handler.py", "line": "148", "module": "env", "process": "data_handler", "function": "handle_usr_conf", "stack": "", "pid": 112}
{"time": "2026-04-18 12:17:07.309817", "level": "INFO", "message": "env data_handler finish success", "file": "data_handler.py", "line": "189", "module": "env", "process": "data_handler", "function": "finish", "stack": "", "pid": 112}
{"time": "2026-04-18 12:17:07.310469", "level": "INFO", "message": "env env run once episode done, process_run_count is 172402", "file": "remote_env_server.py", "line": "298", "module": "env", "process": "remote_env_server", "function": "run_once", "stack": "", "pid": 112}
{"time": "2026-04-18 12:17:07.331717", "level": "INFO", "message": "env env recv reset message", "file": "remote_env_server.py", "line": "282", "module": "env", "process": "remote_env_server", "function": "run_once", "stack": "", "pid": 112}
{"time": "2026-04-18 12:17:07.332317", "level": "INFO", "message": "env Select map in order: episode=215, map_id=6 from map_list=[1, 2, 3, 4, 5, 6, 7, 8, 9, 10]", "file": "data_handler.py", "line": "148", "module": "env", "process": "data_handler", "function": "handle_usr_conf", "stack": "", "pid": 112}
{"time": "2026-04-18 12:17:10.755080", "level": "INFO", "message": "env data_handler finish success", "file": "data_handler.py", "line": "189", "module": "env", "process": "data_handler", "function": "finish", "stack": "", "pid": 112}
{"time": "2026-04-18 12:17:10.755740", "level": "INFO", "message": "env env run once episode done, process_run_count is 172917", "file": "remote_env_server.py", "line": "298", "module": "env", "process": "remote_env_server", "function": "run_once", "stack": "", "pid": 112}
{"time": "2026-04-18 12:17:10.777133", "level": "INFO", "message": "env env recv reset message", "file": "remote_env_server.py", "line": "282", "module": "env", "process": "remote_env_server", "function": "run_once", "stack": "", "pid": 112}
{"time": "2026-04-18 12:17:10.777770", "level": "INFO", "message": "env Select map in order: episode=216, map_id=7 from map_list=[1, 2, 3, 4, 5, 6, 7, 8, 9, 10]", "file": "data_handler.py", "line": "148", "module": "env", "process": "data_handler", "function": "handle_usr_conf", "stack": "", "pid": 112}
{"time": "2026-04-18 12:17:15.091623", "level": "INFO", "message": "env finish monitor_data is {'total_score': 410, 'clean_score': 410, 'total_map': 10, 'map_random': 0, 'map_code': 7, 'max_steps': 1000, 'finished_steps': 653, 'total_charger': 4, 'charge_count': 4, 'remaining_charge': 0}", "file": "monitor_helper.py", "line": "95", "module": "env", "process": "monitor_helper", "function": "finish", "stack": "", "pid": 112}
{"time": "2026-04-18 12:17:15.092132", "level": "INFO", "message": "env data_handler finish success", "file": "data_handler.py", "line": "189", "module": "env", "process": "data_handler", "function": "finish", "stack": "", "pid": 112}
{"time": "2026-04-18 12:17:15.092636", "level": "INFO", "message": "env env run once episode done, process_run_count is 173571", "file": "remote_env_server.py", "line": "298", "module": "env", "process": "remote_env_server", "function": "run_once", "stack": "", "pid": 112}
{"time": "2026-04-18 12:17:15.118673", "level": "INFO", "message": "env env recv reset message", "file": "remote_env_server.py", "line": "282", "module": "env", "process": "remote_env_server", "function": "run_once", "stack": "", "pid": 112}
{"time": "2026-04-18 12:17:15.119276", "level": "INFO", "message": "env Select map in order: episode=217, map_id=8 from map_list=[1, 2, 3, 4, 5, 6, 7, 8, 9, 10]", "file": "data_handler.py", "line": "148", "module": "env", "process": "data_handler", "function": "handle_usr_conf", "stack": "", "pid": 112}
{"time": "2026-04-18 12:17:18.825028", "level": "INFO", "message": "env data_handler finish success", "file": "data_handler.py", "line": "189", "module": "env", "process": "data_handler", "function": "finish", "stack": "", "pid": 112}
{"time": "2026-04-18 12:17:18.825813", "level": "INFO", "message": "env env run once episode done, process_run_count is 174115", "file": "remote_env_server.py", "line": "298", "module": "env", "process": "remote_env_server", "function": "run_once", "stack": "", "pid": 112}
{"time": "2026-04-18 12:17:18.848518", "level": "INFO", "message": "env env recv reset message", "file": "remote_env_server.py", "line": "282", "module": "env", "process": "remote_env_server", "function": "run_once", "stack": "", "pid": 112}
{"time": "2026-04-18 12:17:18.849312", "level": "INFO", "message": "env Select map in order: episode=218, map_id=9 from map_list=[1, 2, 3, 4, 5, 6, 7, 8, 9, 10]", "file": "data_handler.py", "line": "148", "module": "env", "process": "data_handler", "function": "handle_usr_conf", "stack": "", "pid": 112}
{"time": "2026-04-18 12:17:25.467089", "level": "INFO", "message": "env data_handler finish success", "file": "data_handler.py", "line": "189", "module": "env", "process": "data_handler", "function": "finish", "stack": "", "pid": 112}
{"time": "2026-04-18 12:17:25.467601", "level": "INFO", "message": "env env run once episode done, process_run_count is 175116", "file": "remote_env_server.py", "line": "298", "module": "env", "process": "remote_env_server", "function": "run_once", "stack": "", "pid": 112}
{"time": "2026-04-18 12:17:25.502029", "level": "INFO", "message": "env env recv reset message", "file": "remote_env_server.py", "line": "282", "module": "env", "process": "remote_env_server", "function": "run_once", "stack": "", "pid": 112}
{"time": "2026-04-18 12:17:25.504541", "level": "INFO", "message": "env Select map in order: episode=219, map_id=10 from map_list=[1, 2, 3, 4, 5, 6, 7, 8, 9, 10]", "file": "data_handler.py", "line": "148", "module": "env", "process": "data_handler", "function": "handle_usr_conf", "stack": "", "pid": 112}
{"time": "2026-04-18 12:17:31.989598", "level": "INFO", "message": "env data_handler finish success", "file": "data_handler.py", "line": "189", "module": "env", "process": "data_handler", "function": "finish", "stack": "", "pid": 112}
{"time": "2026-04-18 12:17:31.990112", "level": "INFO", "message": "env env run once episode done, process_run_count is 176117", "file": "remote_env_server.py", "line": "298", "module": "env", "process": "remote_env_server", "function": "run_once", "stack": "", "pid": 112}
{"time": "2026-04-18 12:17:32.025068", "level": "INFO", "message": "env env recv reset message", "file": "remote_env_server.py", "line": "282", "module": "env", "process": "remote_env_server", "function": "run_once", "stack": "", "pid": 112}
{"time": "2026-04-18 12:17:32.025620", "level": "INFO", "message": "env Select map in order: episode=220, map_id=1 from map_list=[1, 2, 3, 4, 5, 6, 7, 8, 9, 10]", "file": "data_handler.py", "line": "148", "module": "env", "process": "data_handler", "function": "handle_usr_conf", "stack": "", "pid": 112}
{"time": "2026-04-18 12:17:34.393532", "level": "INFO", "message": "env data_handler finish success", "file": "data_handler.py", "line": "189", "module": "env", "process": "data_handler", "function": "finish", "stack": "", "pid": 112}
{"time": "2026-04-18 12:17:34.394104", "level": "INFO", "message": "env env run once episode done, process_run_count is 176469", "file": "remote_env_server.py", "line": "298", "module": "env", "process": "remote_env_server", "function": "run_once", "stack": "", "pid": 112}
{"time": "2026-04-18 12:17:34.409998", "level": "INFO", "message": "env env recv reset message", "file": "remote_env_server.py", "line": "282", "module": "env", "process": "remote_env_server", "function": "run_once", "stack": "", "pid": 112}
{"time": "2026-04-18 12:17:34.410725", "level": "INFO", "message": "env Select map in order: episode=221, map_id=2 from map_list=[1, 2, 3, 4, 5, 6, 7, 8, 9, 10]", "file": "data_handler.py", "line": "148", "module": "env", "process": "data_handler", "function": "handle_usr_conf", "stack": "", "pid": 112}
{"time": "2026-04-18 12:17:34.810553", "level": "INFO", "message": "env data_handler finish success", "file": "data_handler.py", "line": "189", "module": "env", "process": "data_handler", "function": "finish", "stack": "", "pid": 112}
{"time": "2026-04-18 12:17:34.811161", "level": "INFO", "message": "env env run once episode done, process_run_count is 176670", "file": "remote_env_server.py", "line": "298", "module": "env", "process": "remote_env_server", "function": "run_once", "stack": "", "pid": 112}
{"time": "2026-04-18 12:17:34.819706", "level": "INFO", "message": "env env recv reset message", "file": "remote_env_server.py", "line": "282", "module": "env", "process": "remote_env_server", "function": "run_once", "stack": "", "pid": 112}
{"time": "2026-04-18 12:17:34.820494", "level": "INFO", "message": "env Select map in order: episode=222, map_id=3 from map_list=[1, 2, 3, 4, 5, 6, 7, 8, 9, 10]", "file": "data_handler.py", "line": "148", "module": "env", "process": "data_handler", "function": "handle_usr_conf", "stack": "", "pid": 112}
{"time": "2026-04-18 12:17:41.384529", "level": "INFO", "message": "env data_handler finish success", "file": "data_handler.py", "line": "189", "module": "env", "process": "data_handler", "function": "finish", "stack": "", "pid": 112}
{"time": "2026-04-18 12:17:41.385265", "level": "INFO", "message": "env env run once episode done, process_run_count is 177671", "file": "remote_env_server.py", "line": "298", "module": "env", "process": "remote_env_server", "function": "run_once", "stack": "", "pid": 112}
{"time": "2026-04-18 12:17:41.420827", "level": "INFO", "message": "env env recv reset message", "file": "remote_env_server.py", "line": "282", "module": "env", "process": "remote_env_server", "function": "run_once", "stack": "", "pid": 112}
{"time": "2026-04-18 12:17:41.421414", "level": "INFO", "message": "env Select map in order: episode=223, map_id=4 from map_list=[1, 2, 3, 4, 5, 6, 7, 8, 9, 10]", "file": "data_handler.py", "line": "148", "module": "env", "process": "data_handler", "function": "handle_usr_conf", "stack": "", "pid": 112}
{"time": "2026-04-18 12:17:43.257575", "level": "INFO", "message": "env data_handler finish success", "file": "data_handler.py", "line": "189", "module": "env", "process": "data_handler", "function": "finish", "stack": "", "pid": 112}
{"time": "2026-04-18 12:17:43.258023", "level": "INFO", "message": "env env run once episode done, process_run_count is 177939", "file": "remote_env_server.py", "line": "298", "module": "env", "process": "remote_env_server", "function": "run_once", "stack": "", "pid": 112}
{"time": "2026-04-18 12:17:43.275366", "level": "INFO", "message": "env env recv reset message", "file": "remote_env_server.py", "line": "282", "module": "env", "process": "remote_env_server", "function": "run_once", "stack": "", "pid": 112}
{"time": "2026-04-18 12:17:43.276013", "level": "INFO", "message": "env Select map in order: episode=224, map_id=5 from map_list=[1, 2, 3, 4, 5, 6, 7, 8, 9, 10]", "file": "data_handler.py", "line": "148", "module": "env", "process": "data_handler", "function": "handle_usr_conf", "stack": "", "pid": 112}
{"time": "2026-04-18 12:17:49.731061", "level": "INFO", "message": "env data_handler finish success", "file": "data_handler.py", "line": "189", "module": "env", "process": "data_handler", "function": "finish", "stack": "", "pid": 112}
{"time": "2026-04-18 12:17:49.731739", "level": "INFO", "message": "env env run once episode done, process_run_count is 178940", "file": "remote_env_server.py", "line": "298", "module": "env", "process": "remote_env_server", "function": "run_once", "stack": "", "pid": 112}
{"time": "2026-04-18 12:17:49.766707", "level": "INFO", "message": "env env recv reset message", "file": "remote_env_server.py", "line": "282", "module": "env", "process": "remote_env_server", "function": "run_once", "stack": "", "pid": 112}
{"time": "2026-04-18 12:17:51.223697", "level": "INFO", "message": "env data_handler finish success", "file": "data_handler.py", "line": "189", "module": "env", "process": "data_handler", "function": "finish", "stack": "", "pid": 112}
{"time": "2026-04-18 12:17:51.224360", "level": "INFO", "message": "env env run once episode done, process_run_count is 179141", "file": "remote_env_server.py", "line": "298", "module": "env", "process": "remote_env_server", "function": "run_once", "stack": "", "pid": 112}
{"time": "2026-04-18 12:17:51.238852", "level": "INFO", "message": "env env recv reset message", "file": "remote_env_server.py", "line": "282", "module": "env", "process": "remote_env_server", "function": "run_once", "stack": "", "pid": 112}
{"time": "2026-04-18 12:17:51.239629", "level": "INFO", "message": "env Select map in order: episode=226, map_id=7 from map_list=[1, 2, 3, 4, 5, 6, 7, 8, 9, 10]", "file": "data_handler.py", "line": "148", "module": "env", "process": "data_handler", "function": "handle_usr_conf", "stack": "", "pid": 112}
{"time": "2026-04-18 12:17:56.272174", "level": "INFO", "message": "env data_handler finish success", "file": "data_handler.py", "line": "189", "module": "env", "process": "data_handler", "function": "finish", "stack": "", "pid": 112}
{"time": "2026-04-18 12:17:56.272871", "level": "INFO", "message": "env env run once episode done, process_run_count is 179917", "file": "remote_env_server.py", "line": "298", "module": "env", "process": "remote_env_server", "function": "run_once", "stack": "", "pid": 112}
{"time": "2026-04-18 12:17:56.298382", "level": "INFO", "message": "env env recv reset message", "file": "remote_env_server.py", "line": "282", "module": "env", "process": "remote_env_server", "function": "run_once", "stack": "", "pid": 112}
{"time": "2026-04-18 12:17:56.299125", "level": "INFO", "message": "env Select map in order: episode=227, map_id=8 from map_list=[1, 2, 3, 4, 5, 6, 7, 8, 9, 10]", "file": "data_handler.py", "line": "148", "module": "env", "process": "data_handler", "function": "handle_usr_conf", "stack": "", "pid": 112}
{"time": "2026-04-18 12:18:02.266698", "level": "INFO", "message": "env data_handler finish success", "file": "data_handler.py", "line": "189", "module": "env", "process": "data_handler", "function": "finish", "stack": "", "pid": 112}
{"time": "2026-04-18 12:18:02.267354", "level": "INFO", "message": "env env run once episode done, process_run_count is 180831", "file": "remote_env_server.py", "line": "298", "module": "env", "process": "remote_env_server", "function": "run_once", "stack": "", "pid": 112}
{"time": "2026-04-18 12:18:02.298814", "level": "INFO", "message": "env env recv reset message", "file": "remote_env_server.py", "line": "282", "module": "env", "process": "remote_env_server", "function": "run_once", "stack": "", "pid": 112}
{"time": "2026-04-18 12:18:02.299687", "level": "INFO", "message": "env Select map in order: episode=228, map_id=9 from map_list=[1, 2, 3, 4, 5, 6, 7, 8, 9, 10]", "file": "data_handler.py", "line": "148", "module": "env", "process": "data_handler", "function": "handle_usr_conf", "stack": "", "pid": 112}
{"time": "2026-04-18 12:18:06.136138", "level": "INFO", "message": "env data_handler finish success", "file": "data_handler.py", "line": "189", "module": "env", "process": "data_handler", "function": "finish", "stack": "", "pid": 112}
{"time": "2026-04-18 12:18:06.140478", "level": "INFO", "message": "env env run once episode done, process_run_count is 181475", "file": "remote_env_server.py", "line": "298", "module": "env", "process": "remote_env_server", "function": "run_once", "stack": "", "pid": 112}
{"time": "2026-04-18 12:18:06.161576", "level": "INFO", "message": "env env recv reset message", "file": "remote_env_server.py", "line": "282", "module": "env", "process": "remote_env_server", "function": "run_once", "stack": "", "pid": 112}
{"time": "2026-04-18 12:18:06.162140", "level": "INFO", "message": "env Select map in order: episode=229, map_id=10 from map_list=[1, 2, 3, 4, 5, 6, 7, 8, 9, 10]", "file": "data_handler.py", "line": "148", "module": "env", "process": "data_handler", "function": "handle_usr_conf", "stack": "", "pid": 112}
{"time": "2026-04-18 12:18:12.715952", "level": "INFO", "message": "env data_handler finish success", "file": "data_handler.py", "line": "189", "module": "env", "process": "data_handler", "function": "finish", "stack": "", "pid": 112}
{"time": "2026-04-18 12:18:12.716606", "level": "INFO", "message": "env env run once episode done, process_run_count is 182476", "file": "remote_env_server.py", "line": "298", "module": "env", "process": "remote_env_server", "function": "run_once", "stack": "", "pid": 112}
{"time": "2026-04-18 12:18:12.754328", "level": "INFO", "message": "env env recv reset message", "file": "remote_env_server.py", "line": "282", "module": "env", "process": "remote_env_server", "function": "run_once", "stack": "", "pid": 112}
{"time": "2026-04-18 12:18:12.755095", "level": "INFO", "message": "env Select map in order: episode=230, map_id=1 from map_list=[1, 2, 3, 4, 5, 6, 7, 8, 9, 10]", "file": "data_handler.py", "line": "148", "module": "env", "process": "data_handler", "function": "handle_usr_conf", "stack": "", "pid": 112}
{"time": "2026-04-18 12:18:18.285857", "level": "INFO", "message": "env finish monitor_data is {'total_score': 911, 'clean_score': 911, 'total_map': 10, 'map_random': 0, 'map_code': 1, 'max_steps': 1000, 'finished_steps': 1000, 'total_charger': 4, 'charge_count': 8, 'remaining_charge': 82}", "file": "monitor_helper.py", "line": "95", "module": "env", "process": "monitor_helper", "function": "finish", "stack": "", "pid": 112}
{"time": "2026-04-18 12:18:18.286416", "level": "INFO", "message": "env data_handler finish success", "file": "data_handler.py", "line": "189", "module": "env", "process": "data_handler", "function": "finish", "stack": "", "pid": 112}
{"time": "2026-04-18 12:18:18.286948", "level": "INFO", "message": "env env run once episode done, process_run_count is 183477", "file": "remote_env_server.py", "line": "298", "module": "env", "process": "remote_env_server", "function": "run_once", "stack": "", "pid": 112}
{"time": "2026-04-18 12:18:18.322143", "level": "INFO", "message": "env env recv reset message", "file": "remote_env_server.py", "line": "282", "module": "env", "process": "remote_env_server", "function": "run_once", "stack": "", "pid": 112}
{"time": "2026-04-18 12:18:18.322759", "level": "INFO", "message": "env Select map in order: episode=231, map_id=2 from map_list=[1, 2, 3, 4, 5, 6, 7, 8, 9, 10]", "file": "data_handler.py", "line": "148", "module": "env", "process": "data_handler", "function": "handle_usr_conf", "stack": "", "pid": 112}
{"time": "2026-04-18 12:18:24.818225", "level": "INFO", "message": "env data_handler finish success", "file": "data_handler.py", "line": "189", "module": "env", "process": "data_handler", "function": "finish", "stack": "", "pid": 112}
{"time": "2026-04-18 12:18:24.818718", "level": "INFO", "message": "env env run once episode done, process_run_count is 184478", "file": "remote_env_server.py", "line": "298", "module": "env", "process": "remote_env_server", "function": "run_once", "stack": "", "pid": 112}
{"time": "2026-04-18 12:18:24.854348", "level": "INFO", "message": "env env recv reset message", "file": "remote_env_server.py", "line": "282", "module": "env", "process": "remote_env_server", "function": "run_once", "stack": "", "pid": 112}
{"time": "2026-04-18 12:18:24.855048", "level": "INFO", "message": "env Select map in order: episode=232, map_id=3 from map_list=[1, 2, 3, 4, 5, 6, 7, 8, 9, 10]", "file": "data_handler.py", "line": "148", "module": "env", "process": "data_handler", "function": "handle_usr_conf", "stack": "", "pid": 112}
{"time": "2026-04-18 12:18:30.950216", "level": "INFO", "message": "env data_handler finish success", "file": "data_handler.py", "line": "189", "module": "env", "process": "data_handler", "function": "finish", "stack": "", "pid": 112}
{"time": "2026-04-18 12:18:30.952247", "level": "INFO", "message": "env env run once episode done, process_run_count is 185412", "file": "remote_env_server.py", "line": "298", "module": "env", "process": "remote_env_server", "function": "run_once", "stack": "", "pid": 112}
{"time": "2026-04-18 12:18:30.985038", "level": "INFO", "message": "env env recv reset message", "file": "remote_env_server.py", "line": "282", "module": "env", "process": "remote_env_server", "function": "run_once", "stack": "", "pid": 112}
{"time": "2026-04-18 12:18:30.985680", "level": "INFO", "message": "env Select map in order: episode=233, map_id=4 from map_list=[1, 2, 3, 4, 5, 6, 7, 8, 9, 10]", "file": "data_handler.py", "line": "148", "module": "env", "process": "data_handler", "function": "handle_usr_conf", "stack": "", "pid": 112}
{"time": "2026-04-18 12:18:37.059637", "level": "INFO", "message": "env data_handler finish success", "file": "data_handler.py", "line": "189", "module": "env", "process": "data_handler", "function": "finish", "stack": "", "pid": 112}
{"time": "2026-04-18 12:18:37.060250", "level": "INFO", "message": "env env run once episode done, process_run_count is 186413", "file": "remote_env_server.py", "line": "298", "module": "env", "process": "remote_env_server", "function": "run_once", "stack": "", "pid": 112}
{"time": "2026-04-18 12:18:37.095726", "level": "INFO", "message": "env env recv reset message", "file": "remote_env_server.py", "line": "282", "module": "env", "process": "remote_env_server", "function": "run_once", "stack": "", "pid": 112}
{"time": "2026-04-18 12:18:37.096441", "level": "INFO", "message": "env Select map in order: episode=234, map_id=5 from map_list=[1, 2, 3, 4, 5, 6, 7, 8, 9, 10]", "file": "data_handler.py", "line": "148", "module": "env", "process": "data_handler", "function": "handle_usr_conf", "stack": "", "pid": 112}
{"time": "2026-04-18 12:18:43.827904", "level": "INFO", "message": "env data_handler finish success", "file": "data_handler.py", "line": "189", "module": "env", "process": "data_handler", "function": "finish", "stack": "", "pid": 112}
{"time": "2026-04-18 12:18:43.828731", "level": "INFO", "message": "env env run once episode done, process_run_count is 187414", "file": "remote_env_server.py", "line": "298", "module": "env", "process": "remote_env_server", "function": "run_once", "stack": "", "pid": 112}
{"time": "2026-04-18 12:18:43.864501", "level": "INFO", "message": "env env recv reset message", "file": "remote_env_server.py", "line": "282", "module": "env", "process": "remote_env_server", "function": "run_once", "stack": "", "pid": 112}
{"time": "2026-04-18 12:18:43.865334", "level": "INFO", "message": "env Select map in order: episode=235, map_id=6 from map_list=[1, 2, 3, 4, 5, 6, 7, 8, 9, 10]", "file": "data_handler.py", "line": "148", "module": "env", "process": "data_handler", "function": "handle_usr_conf", "stack": "", "pid": 112}
{"time": "2026-04-18 12:18:47.246223", "level": "INFO", "message": "env data_handler finish success", "file": "data_handler.py", "line": "189", "module": "env", "process": "data_handler", "function": "finish", "stack": "", "pid": 112}
{"time": "2026-04-18 12:18:47.246884", "level": "INFO", "message": "env env run once episode done, process_run_count is 187921", "file": "remote_env_server.py", "line": "298", "module": "env", "process": "remote_env_server", "function": "run_once", "stack": "", "pid": 112}
{"time": "2026-04-18 12:18:47.267230", "level": "INFO", "message": "env env recv reset message", "file": "remote_env_server.py", "line": "282", "module": "env", "process": "remote_env_server", "function": "run_once", "stack": "", "pid": 112}
{"time": "2026-04-18 12:18:47.268094", "level": "INFO", "message": "env Select map in order: episode=236, map_id=7 from map_list=[1, 2, 3, 4, 5, 6, 7, 8, 9, 10]", "file": "data_handler.py", "line": "148", "module": "env", "process": "data_handler", "function": "handle_usr_conf", "stack": "", "pid": 112}
{"time": "2026-04-18 12:18:53.819462", "level": "INFO", "message": "env data_handler finish success", "file": "data_handler.py", "line": "189", "module": "env", "process": "data_handler", "function": "finish", "stack": "", "pid": 112}
{"time": "2026-04-18 12:18:53.820103", "level": "INFO", "message": "env env run once episode done, process_run_count is 188922", "file": "remote_env_server.py", "line": "298", "module": "env", "process": "remote_env_server", "function": "run_once", "stack": "", "pid": 112}
{"time": "2026-04-18 12:18:53.857303", "level": "INFO", "message": "env env recv reset message", "file": "remote_env_server.py", "line": "282", "module": "env", "process": "remote_env_server", "function": "run_once", "stack": "", "pid": 112}
{"time": "2026-04-18 12:18:53.858104", "level": "INFO", "message": "env Select map in order: episode=237, map_id=8 from map_list=[1, 2, 3, 4, 5, 6, 7, 8, 9, 10]", "file": "data_handler.py", "line": "148", "module": "env", "process": "data_handler", "function": "handle_usr_conf", "stack": "", "pid": 112}
{"time": "2026-04-18 12:18:57.969877", "level": "INFO", "message": "env data_handler finish success", "file": "data_handler.py", "line": "189", "module": "env", "process": "data_handler", "function": "finish", "stack": "", "pid": 112}
{"time": "2026-04-18 12:18:57.970498", "level": "INFO", "message": "env env run once episode done, process_run_count is 189549", "file": "remote_env_server.py", "line": "298", "module": "env", "process": "remote_env_server", "function": "run_once", "stack": "", "pid": 112}
{"time": "2026-04-18 12:18:57.993652", "level": "INFO", "message": "env env recv reset message", "file": "remote_env_server.py", "line": "282", "module": "env", "process": "remote_env_server", "function": "run_once", "stack": "", "pid": 112}
{"time": "2026-04-18 12:18:57.994450", "level": "INFO", "message": "env Select map in order: episode=238, map_id=9 from map_list=[1, 2, 3, 4, 5, 6, 7, 8, 9, 10]", "file": "data_handler.py", "line": "148", "module": "env", "process": "data_handler", "function": "handle_usr_conf", "stack": "", "pid": 112}
{"time": "2026-04-18 12:19:04.012912", "level": "INFO", "message": "env data_handler finish success", "file": "data_handler.py", "line": "189", "module": "env", "process": "data_handler", "function": "finish", "stack": "", "pid": 112}
{"time": "2026-04-18 12:19:04.013586", "level": "INFO", "message": "env env run once episode done, process_run_count is 190550", "file": "remote_env_server.py", "line": "298", "module": "env", "process": "remote_env_server", "function": "run_once", "stack": "", "pid": 112}
{"time": "2026-04-18 12:19:04.048259", "level": "INFO", "message": "env env recv reset message", "file": "remote_env_server.py", "line": "282", "module": "env", "process": "remote_env_server", "function": "run_once", "stack": "", "pid": 112}
{"time": "2026-04-18 12:19:04.048927", "level": "INFO", "message": "env Select map in order: episode=239, map_id=10 from map_list=[1, 2, 3, 4, 5, 6, 7, 8, 9, 10]", "file": "data_handler.py", "line": "148", "module": "env", "process": "data_handler", "function": "handle_usr_conf", "stack": "", "pid": 112}
{"time": "2026-04-18 12:19:10.598330", "level": "INFO", "message": "env data_handler finish success", "file": "data_handler.py", "line": "189", "module": "env", "process": "data_handler", "function": "finish", "stack": "", "pid": 112}
{"time": "2026-04-18 12:19:10.598832", "level": "INFO", "message": "env env run once episode done, process_run_count is 191551", "file": "remote_env_server.py", "line": "298", "module": "env", "process": "remote_env_server", "function": "run_once", "stack": "", "pid": 112}
{"time": "2026-04-18 12:19:10.635415", "level": "INFO", "message": "env env recv reset message", "file": "remote_env_server.py", "line": "282", "module": "env", "process": "remote_env_server", "function": "run_once", "stack": "", "pid": 112}
{"time": "2026-04-18 12:19:10.636026", "level": "INFO", "message": "env Select map in order: episode=240, map_id=1 from map_list=[1, 2, 3, 4, 5, 6, 7, 8, 9, 10]", "file": "data_handler.py", "line": "148", "module": "env", "process": "data_handler", "function": "handle_usr_conf", "stack": "", "pid": 112}
{"time": "2026-04-18 12:19:13.809931", "level": "INFO", "message": "env data_handler finish success", "file": "data_handler.py", "line": "189", "module": "env", "process": "data_handler", "function": "finish", "stack": "", "pid": 112}
{"time": "2026-04-18 12:19:13.810457", "level": "INFO", "message": "env env run once episode done, process_run_count is 192011", "file": "remote_env_server.py", "line": "298", "module": "env", "process": "remote_env_server", "function": "run_once", "stack": "", "pid": 112}
{"time": "2026-04-18 12:19:13.829048", "level": "INFO", "message": "env env recv reset message", "file": "remote_env_server.py", "line": "282", "module": "env", "process": "remote_env_server", "function": "run_once", "stack": "", "pid": 112}
{"time": "2026-04-18 12:19:13.829583", "level": "INFO", "message": "env Select map in order: episode=241, map_id=2 from map_list=[1, 2, 3, 4, 5, 6, 7, 8, 9, 10]", "file": "data_handler.py", "line": "148", "module": "env", "process": "data_handler", "function": "handle_usr_conf", "stack": "", "pid": 112}
{"time": "2026-04-18 12:19:17.262373", "level": "INFO", "message": "env data_handler finish success", "file": "data_handler.py", "line": "189", "module": "env", "process": "data_handler", "function": "finish", "stack": "", "pid": 112}
{"time": "2026-04-18 12:19:17.262959", "level": "INFO", "message": "env env run once episode done, process_run_count is 192528", "file": "remote_env_server.py", "line": "298", "module": "env", "process": "remote_env_server", "function": "run_once", "stack": "", "pid": 112}
{"time": "2026-04-18 12:19:17.282581", "level": "INFO", "message": "env env recv reset message", "file": "remote_env_server.py", "line": "282", "module": "env", "process": "remote_env_server", "function": "run_once", "stack": "", "pid": 112}
{"time": "2026-04-18 12:19:17.283116", "level": "INFO", "message": "env Select map in order: episode=242, map_id=3 from map_list=[1, 2, 3, 4, 5, 6, 7, 8, 9, 10]", "file": "data_handler.py", "line": "148", "module": "env", "process": "data_handler", "function": "handle_usr_conf", "stack": "", "pid": 112}
{"time": "2026-04-18 12:19:23.893251", "level": "INFO", "message": "env finish monitor_data is {'total_score': 889, 'clean_score': 889, 'total_map': 10, 'map_random': 0, 'map_code': 3, 'max_steps': 1000, 'finished_steps': 1000, 'total_charger': 4, 'charge_count': 8, 'remaining_charge': 86}", "file": "monitor_helper.py", "line": "95", "module": "env", "process": "monitor_helper", "function": "finish", "stack": "", "pid": 112}
{"time": "2026-04-18 12:19:23.894064", "level": "INFO", "message": "env data_handler finish success", "file": "data_handler.py", "line": "189", "module": "env", "process": "data_handler", "function": "finish", "stack": "", "pid": 112}
{"time": "2026-04-18 12:19:23.894621", "level": "INFO", "message": "env env run once episode done, process_run_count is 193529", "file": "remote_env_server.py", "line": "298", "module": "env", "process": "remote_env_server", "function": "run_once", "stack": "", "pid": 112}
{"time": "2026-04-18 12:19:23.933264", "level": "INFO", "message": "env env recv reset message", "file": "remote_env_server.py", "line": "282", "module": "env", "process": "remote_env_server", "function": "run_once", "stack": "", "pid": 112}
{"time": "2026-04-18 12:19:23.934106", "level": "INFO", "message": "env Select map in order: episode=243, map_id=4 from map_list=[1, 2, 3, 4, 5, 6, 7, 8, 9, 10]", "file": "data_handler.py", "line": "148", "module": "env", "process": "data_handler", "function": "handle_usr_conf", "stack": "", "pid": 112}
{"time": "2026-04-18 12:19:28.640316", "level": "INFO", "message": "env data_handler finish success", "file": "data_handler.py", "line": "189", "module": "env", "process": "data_handler", "function": "finish", "stack": "", "pid": 112}
{"time": "2026-04-18 12:19:28.640933", "level": "INFO", "message": "env env run once episode done, process_run_count is 194236", "file": "remote_env_server.py", "line": "298", "module": "env", "process": "remote_env_server", "function": "run_once", "stack": "", "pid": 112}
{"time": "2026-04-18 12:19:28.665699", "level": "INFO", "message": "env env recv reset message", "file": "remote_env_server.py", "line": "282", "module": "env", "process": "remote_env_server", "function": "run_once", "stack": "", "pid": 112}
{"time": "2026-04-18 12:19:28.666379", "level": "INFO", "message": "env Select map in order: episode=244, map_id=5 from map_list=[1, 2, 3, 4, 5, 6, 7, 8, 9, 10]", "file": "data_handler.py", "line": "148", "module": "env", "process": "data_handler", "function": "handle_usr_conf", "stack": "", "pid": 112}
{"time": "2026-04-18 12:19:32.006483", "level": "INFO", "message": "env data_handler finish success", "file": "data_handler.py", "line": "189", "module": "env", "process": "data_handler", "function": "finish", "stack": "", "pid": 112}
{"time": "2026-04-18 12:19:32.010158", "level": "INFO", "message": "env env run once episode done, process_run_count is 194739", "file": "remote_env_server.py", "line": "298", "module": "env", "process": "remote_env_server", "function": "run_once", "stack": "", "pid": 112}
{"time": "2026-04-18 12:19:31.125078", "level": "INFO", "message": "env env recv reset message", "file": "remote_env_server.py", "line": "282", "module": "env", "process": "remote_env_server", "function": "run_once", "stack": "", "pid": 112}
{"time": "2026-04-18 12:19:31.125689", "level": "INFO", "message": "env Select map in order: episode=245, map_id=6 from map_list=[1, 2, 3, 4, 5, 6, 7, 8, 9, 10]", "file": "data_handler.py", "line": "148", "module": "env", "process": "data_handler", "function": "handle_usr_conf", "stack": "", "pid": 112}
{"time": "2026-04-18 12:19:37.087069", "level": "INFO", "message": "env data_handler finish success", "file": "data_handler.py", "line": "189", "module": "env", "process": "data_handler", "function": "finish", "stack": "", "pid": 112}
{"time": "2026-04-18 12:19:37.087743", "level": "INFO", "message": "env env run once episode done, process_run_count is 195740", "file": "remote_env_server.py", "line": "298", "module": "env", "process": "remote_env_server", "function": "run_once", "stack": "", "pid": 112}
{"time": "2026-04-18 12:19:37.119690", "level": "INFO", "message": "env env recv reset message", "file": "remote_env_server.py", "line": "282", "module": "env", "process": "remote_env_server", "function": "run_once", "stack": "", "pid": 112}
{"time": "2026-04-18 12:19:37.120546", "level": "INFO", "message": "env Select map in order: episode=246, map_id=7 from map_list=[1, 2, 3, 4, 5, 6, 7, 8, 9, 10]", "file": "data_handler.py", "line": "148", "module": "env", "process": "data_handler", "function": "handle_usr_conf", "stack": "", "pid": 112}
{"time": "2026-04-18 12:19:41.585670", "level": "INFO", "message": "env data_handler finish success", "file": "data_handler.py", "line": "189", "module": "env", "process": "data_handler", "function": "finish", "stack": "", "pid": 112}
{"time": "2026-04-18 12:19:41.586152", "level": "INFO", "message": "env env run once episode done, process_run_count is 196386", "file": "remote_env_server.py", "line": "298", "module": "env", "process": "remote_env_server", "function": "run_once", "stack": "", "pid": 112}
{"time": "2026-04-18 12:19:41.609838", "level": "INFO", "message": "env env recv reset message", "file": "remote_env_server.py", "line": "282", "module": "env", "process": "remote_env_server", "function": "run_once", "stack": "", "pid": 112}
{"time": "2026-04-18 12:19:41.610481", "level": "INFO", "message": "env Select map in order: episode=247, map_id=8 from map_list=[1, 2, 3, 4, 5, 6, 7, 8, 9, 10]", "file": "data_handler.py", "line": "148", "module": "env", "process": "data_handler", "function": "handle_usr_conf", "stack": "", "pid": 112}
{"time": "2026-04-18 12:19:48.417771", "level": "INFO", "message": "env data_handler finish success", "file": "data_handler.py", "line": "189", "module": "env", "process": "data_handler", "function": "finish", "stack": "", "pid": 112}
{"time": "2026-04-18 12:19:48.418406", "level": "INFO", "message": "env env run once episode done, process_run_count is 197387", "file": "remote_env_server.py", "line": "298", "module": "env", "process": "remote_env_server", "function": "run_once", "stack": "", "pid": 112}
{"time": "2026-04-18 12:19:48.453484", "level": "INFO", "message": "env env recv reset message", "file": "remote_env_server.py", "line": "282", "module": "env", "process": "remote_env_server", "function": "run_once", "stack": "", "pid": 112}
{"time": "2026-04-18 12:19:48.454306", "level": "INFO", "message": "env Select map in order: episode=248, map_id=9 from map_list=[1, 2, 3, 4, 5, 6, 7, 8, 9, 10]", "file": "data_handler.py", "line": "148", "module": "env", "process": "data_handler", "function": "handle_usr_conf", "stack": "", "pid": 112}
{"time": "2026-04-18 12:19:54.994477", "level": "INFO", "message": "env data_handler finish success", "file": "data_handler.py", "line": "189", "module": "env", "process": "data_handler", "function": "finish", "stack": "", "pid": 112}
{"time": "2026-04-18 12:19:54.995233", "level": "INFO", "message": "env env run once episode done, process_run_count is 198388", "file": "remote_env_server.py", "line": "298", "module": "env", "process": "remote_env_server", "function": "run_once", "stack": "", "pid": 112}
{"time": "2026-04-18 12:19:55.034486", "level": "INFO", "message": "env env recv reset message", "file": "remote_env_server.py", "line": "282", "module": "env", "process": "remote_env_server", "function": "run_once", "stack": "", "pid": 112}
{"time": "2026-04-18 12:19:55.035242", "level": "INFO", "message": "env Select map in order: episode=249, map_id=10 from map_list=[1, 2, 3, 4, 5, 6, 7, 8, 9, 10]", "file": "data_handler.py", "line": "148", "module": "env", "process": "data_handler", "function": "handle_usr_conf", "stack": "", "pid": 112}
{"time": "2026-04-18 12:20:00.638441", "level": "INFO", "message": "env data_handler finish success", "file": "data_handler.py", "line": "189", "module": "env", "process": "data_handler", "function": "finish", "stack": "", "pid": 112}
{"time": "2026-04-18 12:20:00.639118", "level": "INFO", "message": "env env run once episode done, process_run_count is 199389", "file": "remote_env_server.py", "line": "298", "module": "env", "process": "remote_env_server", "function": "run_once", "stack": "", "pid": 112}
{"time": "2026-04-18 12:20:00.673475", "level": "INFO", "message": "env env recv reset message", "file": "remote_env_server.py", "line": "282", "module": "env", "process": "remote_env_server", "function": "run_once", "stack": "", "pid": 112}
{"time": "2026-04-18 12:20:00.674286", "level": "INFO", "message": "env Select map in order: episode=250, map_id=1 from map_list=[1, 2, 3, 4, 5, 6, 7, 8, 9, 10]", "file": "data_handler.py", "line": "148", "module": "env", "process": "data_handler", "function": "handle_usr_conf", "stack": "", "pid": 112}
{"time": "2026-04-18 12:20:07.263588", "level": "INFO", "message": "env data_handler finish success", "file": "data_handler.py", "line": "189", "module": "env", "process": "data_handler", "function": "finish", "stack": "", "pid": 112}
{"time": "2026-04-18 12:20:07.264169", "level": "INFO", "message": "env env run once episode done, process_run_count is 200390", "file": "remote_env_server.py", "line": "298", "module": "env", "process": "remote_env_server", "function": "run_once", "stack": "", "pid": 112}
{"time": "2026-04-18 12:20:07.300870", "level": "INFO", "message": "env env recv reset message", "file": "remote_env_server.py", "line": "282", "module": "env", "process": "remote_env_server", "function": "run_once", "stack": "", "pid": 112}
{"time": "2026-04-18 12:20:07.301527", "level": "INFO", "message": "env Select map in order: episode=251, map_id=2 from map_list=[1, 2, 3, 4, 5, 6, 7, 8, 9, 10]", "file": "data_handler.py", "line": "148", "module": "env", "process": "data_handler", "function": "handle_usr_conf", "stack": "", "pid": 112}
{"time": "2026-04-18 12:20:13.771833", "level": "INFO", "message": "env data_handler finish success", "file": "data_handler.py", "line": "189", "module": "env", "process": "data_handler", "function": "finish", "stack": "", "pid": 112}
{"time": "2026-04-18 12:20:13.772398", "level": "INFO", "message": "env env run once episode done, process_run_count is 201391", "file": "remote_env_server.py", "line": "298", "module": "env", "process": "remote_env_server", "function": "run_once", "stack": "", "pid": 112}
{"time": "2026-04-18 12:20:13.807926", "level": "INFO", "message": "env env recv reset message", "file": "remote_env_server.py", "line": "282", "module": "env", "process": "remote_env_server", "function": "run_once", "stack": "", "pid": 112}
{"time": "2026-04-18 12:20:13.808440", "level": "INFO", "message": "env Select map in order: episode=252, map_id=3 from map_list=[1, 2, 3, 4, 5, 6, 7, 8, 9, 10]", "file": "data_handler.py", "line": "148", "module": "env", "process": "data_handler", "function": "handle_usr_conf", "stack": "", "pid": 112}
{"time": "2026-04-18 12:20:19.332774", "level": "INFO", "message": "env data_handler finish success", "file": "data_handler.py", "line": "189", "module": "env", "process": "data_handler", "function": "finish", "stack": "", "pid": 112}
{"time": "2026-04-18 12:20:19.333355", "level": "INFO", "message": "env env run once episode done, process_run_count is 202237", "file": "remote_env_server.py", "line": "298", "module": "env", "process": "remote_env_server", "function": "run_once", "stack": "", "pid": 112}
{"time": "2026-04-18 12:20:19.362894", "level": "INFO", "message": "env env recv reset message", "file": "remote_env_server.py", "line": "282", "module": "env", "process": "remote_env_server", "function": "run_once", "stack": "", "pid": 112}
{"time": "2026-04-18 12:20:19.363533", "level": "INFO", "message": "env Select map in order: episode=253, map_id=4 from map_list=[1, 2, 3, 4, 5, 6, 7, 8, 9, 10]", "file": "data_handler.py", "line": "148", "module": "env", "process": "data_handler", "function": "handle_usr_conf", "stack": "", "pid": 112}
{"time": "2026-04-18 12:20:21.520227", "level": "INFO", "message": "env data_handler finish success", "file": "data_handler.py", "line": "189", "module": "env", "process": "data_handler", "function": "finish", "stack": "", "pid": 112}
{"time": "2026-04-18 12:20:21.520795", "level": "INFO", "message": "env env run once episode done, process_run_count is 202552", "file": "remote_env_server.py", "line": "298", "module": "env", "process": "remote_env_server", "function": "run_once", "stack": "", "pid": 112}
{"time": "2026-04-18 12:20:21.534231", "level": "INFO", "message": "env env recv reset message", "file": "remote_env_server.py", "line": "282", "module": "env", "process": "remote_env_server", "function": "run_once", "stack": "", "pid": 112}
{"time": "2026-04-18 12:20:21.534797", "level": "INFO", "message": "env Select map in order: episode=254, map_id=5 from map_list=[1, 2, 3, 4, 5, 6, 7, 8, 9, 10]", "file": "data_handler.py", "line": "148", "module": "env", "process": "data_handler", "function": "handle_usr_conf", "stack": "", "pid": 112}
{"time": "2026-04-18 12:20:28.055375", "level": "INFO", "message": "env finish monitor_data is {'total_score': 884, 'clean_score': 884, 'total_map': 10, 'map_random': 0, 'map_code': 5, 'max_steps': 1000, 'finished_steps': 1000, 'total_charger': 4, 'charge_count': 9, 'remaining_charge': 171}", "file": "monitor_helper.py", "line": "95", "module": "env", "process": "monitor_helper", "function": "finish", "stack": "", "pid": 112}
{"time": "2026-04-18 12:20:28.055942", "level": "INFO", "message": "env data_handler finish success", "file": "data_handler.py", "line": "189", "module": "env", "process": "data_handler", "function": "finish", "stack": "", "pid": 112}
{"time": "2026-04-18 12:20:28.056471", "level": "INFO", "message": "env env run once episode done, process_run_count is 203553", "file": "remote_env_server.py", "line": "298", "module": "env", "process": "remote_env_server", "function": "run_once", "stack": "", "pid": 112}
{"time": "2026-04-18 12:20:28.090293", "level": "INFO", "message": "env env recv reset message", "file": "remote_env_server.py", "line": "282", "module": "env", "process": "remote_env_server", "function": "run_once", "stack": "", "pid": 112}
{"time": "2026-04-18 12:20:28.090982", "level": "INFO", "message": "env Select map in order: episode=255, map_id=6 from map_list=[1, 2, 3, 4, 5, 6, 7, 8, 9, 10]", "file": "data_handler.py", "line": "148", "module": "env", "process": "data_handler", "function": "handle_usr_conf", "stack": "", "pid": 112}
{"time": "2026-04-18 12:20:32.718250", "level": "INFO", "message": "env data_handler finish success", "file": "data_handler.py", "line": "189", "module": "env", "process": "data_handler", "function": "finish", "stack": "", "pid": 112}
{"time": "2026-04-18 12:20:32.718958", "level": "INFO", "message": "env env run once episode done, process_run_count is 204403", "file": "remote_env_server.py", "line": "298", "module": "env", "process": "remote_env_server", "function": "run_once", "stack": "", "pid": 112}
{"time": "2026-04-18 12:20:32.748963", "level": "INFO", "message": "env env recv reset message", "file": "remote_env_server.py", "line": "282", "module": "env", "process": "remote_env_server", "function": "run_once", "stack": "", "pid": 112}
{"time": "2026-04-18 12:20:32.749694", "level": "INFO", "message": "env Select map in order: episode=256, map_id=7 from map_list=[1, 2, 3, 4, 5, 6, 7, 8, 9, 10]", "file": "data_handler.py", "line": "148", "module": "env", "process": "data_handler", "function": "handle_usr_conf", "stack": "", "pid": 112}
{"time": "2026-04-18 12:20:37.943630", "level": "INFO", "message": "env data_handler finish success", "file": "data_handler.py", "line": "189", "module": "env", "process": "data_handler", "function": "finish", "stack": "", "pid": 112}
{"time": "2026-04-18 12:20:37.944424", "level": "INFO", "message": "env env run once episode done, process_run_count is 205191", "file": "remote_env_server.py", "line": "298", "module": "env", "process": "remote_env_server", "function": "run_once", "stack": "", "pid": 112}
{"time": "2026-04-18 12:20:37.972516", "level": "INFO", "message": "env env recv reset message", "file": "remote_env_server.py", "line": "282", "module": "env", "process": "remote_env_server", "function": "run_once", "stack": "", "pid": 112}
{"time": "2026-04-18 12:20:37.973437", "level": "INFO", "message": "env Select map in order: episode=257, map_id=8 from map_list=[1, 2, 3, 4, 5, 6, 7, 8, 9, 10]", "file": "data_handler.py", "line": "148", "module": "env", "process": "data_handler", "function": "handle_usr_conf", "stack": "", "pid": 112}
{"time": "2026-04-18 12:20:40.438246", "level": "INFO", "message": "env data_handler finish success", "file": "data_handler.py", "line": "189", "module": "env", "process": "data_handler", "function": "finish", "stack": "", "pid": 112}
{"time": "2026-04-18 12:20:40.438865", "level": "INFO", "message": "env env run once episode done, process_run_count is 205546", "file": "remote_env_server.py", "line": "298", "module": "env", "process": "remote_env_server", "function": "run_once", "stack": "", "pid": 112}
{"time": "2026-04-18 12:20:40.452500", "level": "INFO", "message": "env env recv reset message", "file": "remote_env_server.py", "line": "282", "module": "env", "process": "remote_env_server", "function": "run_once", "stack": "", "pid": 112}
{"time": "2026-04-18 12:20:40.453329", "level": "INFO", "message": "env Select map in order: episode=258, map_id=9 from map_list=[1, 2, 3, 4, 5, 6, 7, 8, 9, 10]", "file": "data_handler.py", "line": "148", "module": "env", "process": "data_handler", "function": "handle_usr_conf", "stack": "", "pid": 112}
{"time": "2026-04-18 12:20:47.082209", "level": "INFO", "message": "env data_handler finish success", "file": "data_handler.py", "line": "189", "module": "env", "process": "data_handler", "function": "finish", "stack": "", "pid": 112}
{"time": "2026-04-18 12:20:47.082971", "level": "INFO", "message": "env env run once episode done, process_run_count is 206547", "file": "remote_env_server.py", "line": "298", "module": "env", "process": "remote_env_server", "function": "run_once", "stack": "", "pid": 112}
{"time": "2026-04-18 12:20:47.118416", "level": "INFO", "message": "env env recv reset message", "file": "remote_env_server.py", "line": "282", "module": "env", "process": "remote_env_server", "function": "run_once", "stack": "", "pid": 112}
{"time": "2026-04-18 12:20:47.119046", "level": "INFO", "message": "env Select map in order: episode=259, map_id=10 from map_list=[1, 2, 3, 4, 5, 6, 7, 8, 9, 10]", "file": "data_handler.py", "line": "148", "module": "env", "process": "data_handler", "function": "handle_usr_conf", "stack": "", "pid": 112}
{"time": "2026-04-18 12:20:53.708967", "level": "INFO", "message": "env data_handler finish success", "file": "data_handler.py", "line": "189", "module": "env", "process": "data_handler", "function": "finish", "stack": "", "pid": 112}
{"time": "2026-04-18 12:20:53.709441", "level": "INFO", "message": "env env run once episode done, process_run_count is 207548", "file": "remote_env_server.py", "line": "298", "module": "env", "process": "remote_env_server", "function": "run_once", "stack": "", "pid": 112}
{"time": "2026-04-18 12:20:53.747057", "level": "INFO", "message": "env env recv reset message", "file": "remote_env_server.py", "line": "282", "module": "env", "process": "remote_env_server", "function": "run_once", "stack": "", "pid": 112}
{"time": "2026-04-18 12:20:53.747833", "level": "INFO", "message": "env Select map in order: episode=260, map_id=1 from map_list=[1, 2, 3, 4, 5, 6, 7, 8, 9, 10]", "file": "data_handler.py", "line": "148", "module": "env", "process": "data_handler", "function": "handle_usr_conf", "stack": "", "pid": 112}
{"time": "2026-04-18 12:20:59.354753", "level": "INFO", "message": "env data_handler finish success", "file": "data_handler.py", "line": "189", "module": "env", "process": "data_handler", "function": "finish", "stack": "", "pid": 112}
{"time": "2026-04-18 12:20:59.355388", "level": "INFO", "message": "env env run once episode done, process_run_count is 208549", "file": "remote_env_server.py", "line": "298", "module": "env", "process": "remote_env_server", "function": "run_once", "stack": "", "pid": 112}
{"time": "2026-04-18 12:20:59.395221", "level": "INFO", "message": "env env recv reset message", "file": "remote_env_server.py", "line": "282", "module": "env", "process": "remote_env_server", "function": "run_once", "stack": "", "pid": 112}
{"time": "2026-04-18 12:20:59.397859", "level": "INFO", "message": "env Select map in order: episode=261, map_id=2 from map_list=[1, 2, 3, 4, 5, 6, 7, 8, 9, 10]", "file": "data_handler.py", "line": "148", "module": "env", "process": "data_handler", "function": "handle_usr_conf", "stack": "", "pid": 112}
{"time": "2026-04-18 12:21:05.910691", "level": "INFO", "message": "env data_handler finish success", "file": "data_handler.py", "line": "189", "module": "env", "process": "data_handler", "function": "finish", "stack": "", "pid": 112}
{"time": "2026-04-18 12:21:05.911168", "level": "INFO", "message": "env env run once episode done, process_run_count is 209550", "file": "remote_env_server.py", "line": "298", "module": "env", "process": "remote_env_server", "function": "run_once", "stack": "", "pid": 112}
{"time": "2026-04-18 12:21:05.945870", "level": "INFO", "message": "env env recv reset message", "file": "remote_env_server.py", "line": "282", "module": "env", "process": "remote_env_server", "function": "run_once", "stack": "", "pid": 112}
{"time": "2026-04-18 12:21:05.946436", "level": "INFO", "message": "env Select map in order: episode=262, map_id=3 from map_list=[1, 2, 3, 4, 5, 6, 7, 8, 9, 10]", "file": "data_handler.py", "line": "148", "module": "env", "process": "data_handler", "function": "handle_usr_conf", "stack": "", "pid": 112}
{"time": "2026-04-18 12:21:12.437447", "level": "INFO", "message": "env data_handler finish success", "file": "data_handler.py", "line": "189", "module": "env", "process": "data_handler", "function": "finish", "stack": "", "pid": 112}
{"time": "2026-04-18 12:21:12.438011", "level": "INFO", "message": "env env run once episode done, process_run_count is 210551", "file": "remote_env_server.py", "line": "298", "module": "env", "process": "remote_env_server", "function": "run_once", "stack": "", "pid": 112}
{"time": "2026-04-18 12:21:12.474923", "level": "INFO", "message": "env env recv reset message", "file": "remote_env_server.py", "line": "282", "module": "env", "process": "remote_env_server", "function": "run_once", "stack": "", "pid": 112}
{"time": "2026-04-18 12:21:12.475594", "level": "INFO", "message": "env Select map in order: episode=263, map_id=4 from map_list=[1, 2, 3, 4, 5, 6, 7, 8, 9, 10]", "file": "data_handler.py", "line": "148", "module": "env", "process": "data_handler", "function": "handle_usr_conf", "stack": "", "pid": 112}
{"time": "2026-04-18 12:21:14.589474", "level": "INFO", "message": "env data_handler finish success", "file": "data_handler.py", "line": "189", "module": "env", "process": "data_handler", "function": "finish", "stack": "", "pid": 112}
{"time": "2026-04-18 12:21:14.589929", "level": "INFO", "message": "env env run once episode done, process_run_count is 210861", "file": "remote_env_server.py", "line": "298", "module": "env", "process": "remote_env_server", "function": "run_once", "stack": "", "pid": 112}
{"time": "2026-04-18 12:21:14.603243", "level": "INFO", "message": "env env recv reset message", "file": "remote_env_server.py", "line": "282", "module": "env", "process": "remote_env_server", "function": "run_once", "stack": "", "pid": 112}
{"time": "2026-04-18 12:21:14.603805", "level": "INFO", "message": "env Select map in order: episode=264, map_id=5 from map_list=[1, 2, 3, 4, 5, 6, 7, 8, 9, 10]", "file": "data_handler.py", "line": "148", "module": "env", "process": "data_handler", "function": "handle_usr_conf", "stack": "", "pid": 112}
{"time": "2026-04-18 12:21:19.009879", "level": "INFO", "message": "env data_handler finish success", "file": "data_handler.py", "line": "189", "module": "env", "process": "data_handler", "function": "finish", "stack": "", "pid": 112}
{"time": "2026-04-18 12:21:19.010544", "level": "INFO", "message": "env env run once episode done, process_run_count is 211529", "file": "remote_env_server.py", "line": "298", "module": "env", "process": "remote_env_server", "function": "run_once", "stack": "", "pid": 112}
{"time": "2026-04-18 12:21:19.035265", "level": "INFO", "message": "env env recv reset message", "file": "remote_env_server.py", "line": "282", "module": "env", "process": "remote_env_server", "function": "run_once", "stack": "", "pid": 112}
{"time": "2026-04-18 12:21:19.039134", "level": "INFO", "message": "env Select map in order: episode=265, map_id=6 from map_list=[1, 2, 3, 4, 5, 6, 7, 8, 9, 10]", "file": "data_handler.py", "line": "148", "module": "env", "process": "data_handler", "function": "handle_usr_conf", "stack": "", "pid": 112}
{"time": "2026-04-18 12:21:25.537026", "level": "INFO", "message": "env data_handler finish success", "file": "data_handler.py", "line": "189", "module": "env", "process": "data_handler", "function": "finish", "stack": "", "pid": 112}
{"time": "2026-04-18 12:21:25.537550", "level": "INFO", "message": "env env run once episode done, process_run_count is 212530", "file": "remote_env_server.py", "line": "298", "module": "env", "process": "remote_env_server", "function": "run_once", "stack": "", "pid": 112}
{"time": "2026-04-18 12:21:25.576056", "level": "INFO", "message": "env env recv reset message", "file": "remote_env_server.py", "line": "282", "module": "env", "process": "remote_env_server", "function": "run_once", "stack": "", "pid": 112}
{"time": "2026-04-18 12:21:25.576787", "level": "INFO", "message": "env Select map in order: episode=266, map_id=7 from map_list=[1, 2, 3, 4, 5, 6, 7, 8, 9, 10]", "file": "data_handler.py", "line": "148", "module": "env", "process": "data_handler", "function": "handle_usr_conf", "stack": "", "pid": 112}
{"time": "2026-04-18 12:21:26.986753", "level": "INFO", "message": "env data_handler finish success", "file": "data_handler.py", "line": "189", "module": "env", "process": "data_handler", "function": "finish", "stack": "", "pid": 112}
{"time": "2026-04-18 12:21:26.987327", "level": "INFO", "message": "env env run once episode done, process_run_count is 212731", "file": "remote_env_server.py", "line": "298", "module": "env", "process": "remote_env_server", "function": "run_once", "stack": "", "pid": 112}
{"time": "2026-04-18 12:21:26.996268", "level": "INFO", "message": "env env recv reset message", "file": "remote_env_server.py", "line": "282", "module": "env", "process": "remote_env_server", "function": "run_once", "stack": "", "pid": 112}
{"time": "2026-04-18 12:21:26.996846", "level": "INFO", "message": "env Select map in order: episode=267, map_id=8 from map_list=[1, 2, 3, 4, 5, 6, 7, 8, 9, 10]", "file": "data_handler.py", "line": "148", "module": "env", "process": "data_handler", "function": "handle_usr_conf", "stack": "", "pid": 112}
{"time": "2026-04-18 12:21:32.204952", "level": "INFO", "message": "env finish monitor_data is {'total_score': 802, 'clean_score': 802, 'total_map': 10, 'map_random': 0, 'map_code': 8, 'max_steps': 1000, 'finished_steps': 954, 'total_charger': 4, 'charge_count': 8, 'remaining_charge': 0}", "file": "monitor_helper.py", "line": "95", "module": "env", "process": "monitor_helper", "function": "finish", "stack": "", "pid": 112}
{"time": "2026-04-18 12:21:32.205576", "level": "INFO", "message": "env data_handler finish success", "file": "data_handler.py", "line": "189", "module": "env", "process": "data_handler", "function": "finish", "stack": "", "pid": 112}
{"time": "2026-04-18 12:21:32.206235", "level": "INFO", "message": "env env run once episode done, process_run_count is 213686", "file": "remote_env_server.py", "line": "298", "module": "env", "process": "remote_env_server", "function": "run_once", "stack": "", "pid": 112}
{"time": "2026-04-18 12:21:32.242129", "level": "INFO", "message": "env env recv reset message", "file": "remote_env_server.py", "line": "282", "module": "env", "process": "remote_env_server", "function": "run_once", "stack": "", "pid": 112}
{"time": "2026-04-18 12:21:32.242826", "level": "INFO", "message": "env Select map in order: episode=268, map_id=9 from map_list=[1, 2, 3, 4, 5, 6, 7, 8, 9, 10]", "file": "data_handler.py", "line": "148", "module": "env", "process": "data_handler", "function": "handle_usr_conf", "stack": "", "pid": 112}
{"time": "2026-04-18 12:21:38.777470", "level": "INFO", "message": "env data_handler finish success", "file": "data_handler.py", "line": "189", "module": "env", "process": "data_handler", "function": "finish", "stack": "", "pid": 112}
{"time": "2026-04-18 12:21:38.778137", "level": "INFO", "message": "env env run once episode done, process_run_count is 214687", "file": "remote_env_server.py", "line": "298", "module": "env", "process": "remote_env_server", "function": "run_once", "stack": "", "pid": 112}
{"time": "2026-04-18 12:21:38.812411", "level": "INFO", "message": "env env recv reset message", "file": "remote_env_server.py", "line": "282", "module": "env", "process": "remote_env_server", "function": "run_once", "stack": "", "pid": 112}
{"time": "2026-04-18 12:21:38.813082", "level": "INFO", "message": "env Select map in order: episode=269, map_id=10 from map_list=[1, 2, 3, 4, 5, 6, 7, 8, 9, 10]", "file": "data_handler.py", "line": "148", "module": "env", "process": "data_handler", "function": "handle_usr_conf", "stack": "", "pid": 112}
{"time": "2026-04-18 12:21:45.384864", "level": "INFO", "message": "env data_handler finish success", "file": "data_handler.py", "line": "189", "module": "env", "process": "data_handler", "function": "finish", "stack": "", "pid": 112}
{"time": "2026-04-18 12:21:45.385415", "level": "INFO", "message": "env env run once episode done, process_run_count is 215688", "file": "remote_env_server.py", "line": "298", "module": "env", "process": "remote_env_server", "function": "run_once", "stack": "", "pid": 112}
{"time": "2026-04-18 12:21:45.422845", "level": "INFO", "message": "env env recv reset message", "file": "remote_env_server.py", "line": "282", "module": "env", "process": "remote_env_server", "function": "run_once", "stack": "", "pid": 112}
{"time": "2026-04-18 12:21:45.423477", "level": "INFO", "message": "env Select map in order: episode=270, map_id=1 from map_list=[1, 2, 3, 4, 5, 6, 7, 8, 9, 10]", "file": "data_handler.py", "line": "148", "module": "env", "process": "data_handler", "function": "handle_usr_conf", "stack": "", "pid": 112}
{"time": "2026-04-18 12:21:51.957415", "level": "INFO", "message": "env data_handler finish success", "file": "data_handler.py", "line": "189", "module": "env", "process": "data_handler", "function": "finish", "stack": "", "pid": 112}
{"time": "2026-04-18 12:21:51.958005", "level": "INFO", "message": "env env run once episode done, process_run_count is 216689", "file": "remote_env_server.py", "line": "298", "module": "env", "process": "remote_env_server", "function": "run_once", "stack": "", "pid": 112}
{"time": "2026-04-18 12:21:51.993037", "level": "INFO", "message": "env env recv reset message", "file": "remote_env_server.py", "line": "282", "module": "env", "process": "remote_env_server", "function": "run_once", "stack": "", "pid": 112}
{"time": "2026-04-18 12:21:51.994084", "level": "INFO", "message": "env Select map in order: episode=271, map_id=2 from map_list=[1, 2, 3, 4, 5, 6, 7, 8, 9, 10]", "file": "data_handler.py", "line": "148", "module": "env", "process": "data_handler", "function": "handle_usr_conf", "stack": "", "pid": 112}
{"time": "2026-04-18 12:21:56.022290", "level": "INFO", "message": "env data_handler finish success", "file": "data_handler.py", "line": "189", "module": "env", "process": "data_handler", "function": "finish", "stack": "", "pid": 112}
{"time": "2026-04-18 12:21:56.022746", "level": "INFO", "message": "env env run once episode done, process_run_count is 217293", "file": "remote_env_server.py", "line": "298", "module": "env", "process": "remote_env_server", "function": "run_once", "stack": "", "pid": 112}
{"time": "2026-04-18 12:21:56.045009", "level": "INFO", "message": "env env recv reset message", "file": "remote_env_server.py", "line": "282", "module": "env", "process": "remote_env_server", "function": "run_once", "stack": "", "pid": 112}
{"time": "2026-04-18 12:21:56.045614", "level": "INFO", "message": "env Select map in order: episode=272, map_id=3 from map_list=[1, 2, 3, 4, 5, 6, 7, 8, 9, 10]", "file": "data_handler.py", "line": "148", "module": "env", "process": "data_handler", "function": "handle_usr_conf", "stack": "", "pid": 112}
{"time": "2026-04-18 12:22:00.475266", "level": "INFO", "message": "env data_handler finish success", "file": "data_handler.py", "line": "189", "module": "env", "process": "data_handler", "function": "finish", "stack": "", "pid": 112}
{"time": "2026-04-18 12:22:00.476040", "level": "INFO", "message": "env env run once episode done, process_run_count is 218028", "file": "remote_env_server.py", "line": "298", "module": "env", "process": "remote_env_server", "function": "run_once", "stack": "", "pid": 112}
{"time": "2026-04-18 12:22:00.506187", "level": "INFO", "message": "env env recv reset message", "file": "remote_env_server.py", "line": "282", "module": "env", "process": "remote_env_server", "function": "run_once", "stack": "", "pid": 112}
{"time": "2026-04-18 12:22:00.507062", "level": "INFO", "message": "env Select map in order: episode=273, map_id=4 from map_list=[1, 2, 3, 4, 5, 6, 7, 8, 9, 10]", "file": "data_handler.py", "line": "148", "module": "env", "process": "data_handler", "function": "handle_usr_conf", "stack": "", "pid": 112}
